# WaveFront *.obj file (generated by Autodesk ATF)

mtllib Follower_Shoulder_Rotation.mtl

g Körper1

v -1.245000 12.460435 -5.618671
v -1.245000 12.422906 -5.623612
v -1.245000 12.387935 -5.638097
v -1.245000 12.357904 -5.661140
v -1.245000 12.334861 -5.691171
v -1.245000 12.320375 -5.726142
v -1.245000 12.315435 -5.763671
v -1.245000 12.320375 -5.801200
v -1.245000 12.334861 -5.836171
v -1.245000 12.357904 -5.866201
v -1.245000 12.387935 -5.889245
v -1.245000 12.422906 -5.903730
v -1.245000 12.460435 -5.908671
v -1.245000 12.497963 -5.903730
v -1.245000 12.532935 -5.889245
v -1.245000 12.562965 -5.866201
v -1.245000 12.586008 -5.836171
v -1.245000 12.600494 -5.801200
v -1.245000 12.605435 -5.763671
v -1.245000 12.600494 -5.726142
v -1.245000 12.586008 -5.691171
v -1.245000 12.562965 -5.661140
v -1.245000 12.532935 -5.638097
v -1.245000 12.497963 -5.623612
v -1.305000 12.460435 -5.558671
v -1.305000 12.513493 -5.565656
v -1.305000 12.562935 -5.586136
v -1.305000 12.605392 -5.618714
v -1.305000 12.637970 -5.661171
v -1.305000 12.658449 -5.710613
v -1.305000 12.665435 -5.763671
v -1.305000 12.658449 -5.816729
v -1.305000 12.637970 -5.866171
v -1.305000 12.605392 -5.908628
v -1.305000 12.562935 -5.941206
v -1.305000 12.513493 -5.961686
v -1.305000 12.460435 -5.968671
v -1.305000 12.407377 -5.961686
v -1.305000 12.357935 -5.941206
v -1.305000 12.315478 -5.908628
v -1.305000 12.282899 -5.866171
v -1.305000 12.262420 -5.816729
v -1.305000 12.255435 -5.763671
v -1.305000 12.262420 -5.710613
v -1.305000 12.282899 -5.661171
v -1.305000 12.315478 -5.618714
v -1.305000 12.357935 -5.586136
v -1.305000 12.407377 -5.565656
v 2.335000 12.460435 -5.908671
v 2.335000 12.422906 -5.903730
v 2.335000 12.387935 -5.889245
v 2.335000 12.357904 -5.866201
v 2.335000 12.334861 -5.836171
v 2.335000 12.320375 -5.801200
v 2.335000 12.315435 -5.763671
v 2.335000 12.320375 -5.726142
v 2.335000 12.334861 -5.691171
v 2.335000 12.357904 -5.661140
v 2.335000 12.387935 -5.638097
v 2.335000 12.422906 -5.623612
v 2.335000 12.460435 -5.618671
v 2.335000 12.497963 -5.623612
v 2.335000 12.532935 -5.638097
v 2.335000 12.562965 -5.661140
v 2.335000 12.586008 -5.691171
v 2.335000 12.600494 -5.726142
v 2.335000 12.605435 -5.763671
v 2.335000 12.600494 -5.801200
v 2.335000 12.586008 -5.836171
v 2.335000 12.562965 -5.866201
v 2.335000 12.532935 -5.889245
v 2.335000 12.497963 -5.903730
v 2.395000 12.460435 -5.968671
v 2.395000 12.513493 -5.961686
v 2.395000 12.562935 -5.941206
v 2.395000 12.605392 -5.908628
v 2.395000 12.637970 -5.866171
v 2.395000 12.658449 -5.816729
v 2.395000 12.665435 -5.763671
v 2.395000 12.658449 -5.710613
v 2.395000 12.637970 -5.661171
v 2.395000 12.605392 -5.618714
v 2.395000 12.562935 -5.586136
v 2.395000 12.513493 -5.565656
v 2.395000 12.460435 -5.558671
v 2.395000 12.407377 -5.565656
v 2.395000 12.357935 -5.586136
v 2.395000 12.315478 -5.618714
v 2.395000 12.282899 -5.661171
v 2.395000 12.262420 -5.710613
v 2.395000 12.255435 -5.763671
v 2.395000 12.262420 -5.816729
v 2.395000 12.282899 -5.866171
v 2.395000 12.315478 -5.908628
v 2.395000 12.357935 -5.941206
v 2.395000 12.407377 -5.961686
v 1.045000 11.660435 -6.393671
v 1.027963 11.531025 -6.393671
v 0.978013 11.410435 -6.393671
v 0.898553 11.306881 -6.393671
v 0.795000 11.227422 -6.393671
v 0.674410 11.177472 -6.393671
v 0.545000 11.160435 -6.393671
v 0.415590 11.177472 -6.393671
v 0.295000 11.227422 -6.393671
v 0.191447 11.306881 -6.393671
v 0.111987 11.410435 -6.393671
v 0.062037 11.531025 -6.393671
v 0.045000 11.660435 -6.393671
v 0.062037 11.789844 -6.393671
v 0.111987 11.910435 -6.393671
v 0.191447 12.013988 -6.393671
v 0.295000 12.093447 -6.393671
v 0.415590 12.143398 -6.393671
v 0.545000 12.160435 -6.393671
v 0.674410 12.143398 -6.393671
v 0.795000 12.093447 -6.393671
v 0.898553 12.013988 -6.393671
v 0.978013 11.910435 -6.393671
v 1.027963 11.789844 -6.393671
v 1.045000 11.660435 -6.203671
v 1.027963 11.789844 -6.203671
v 0.978013 11.910435 -6.203671
v 0.898553 12.013988 -6.203671
v 0.795000 12.093447 -6.203671
v 0.674410 12.143398 -6.203671
v 0.545000 12.160435 -6.203671
v 0.415590 12.143398 -6.203671
v 0.295000 12.093447 -6.203671
v 0.191447 12.013988 -6.203671
v 0.111987 11.910435 -6.203671
v 0.062037 11.789844 -6.203671
v 0.045000 11.660435 -6.203671
v 0.062037 11.531025 -6.203671
v 0.111987 11.410435 -6.203671
v 0.191447 11.306881 -6.203671
v 0.295000 11.227422 -6.203671
v 0.415590 11.177472 -6.203671
v 0.545000 11.160435 -6.203671
v 0.674410 11.177472 -6.203671
v 0.795000 11.227422 -6.203671
v 0.898553 11.306881 -6.203671
v 0.978013 11.410435 -6.203671
v 1.027963 11.531025 -6.203671
v -1.175000 12.460435 -5.618671
v -1.175000 12.422906 -5.623612
v -1.175000 12.387935 -5.638097
v -1.175000 12.357904 -5.661140
v -1.175000 12.334861 -5.691171
v -1.175000 12.320375 -5.726142
v -1.175000 12.315435 -5.763671
v -1.175000 12.320375 -5.801200
v -1.175000 12.334861 -5.836171
v -1.175000 12.357904 -5.866201
v -1.175000 12.387935 -5.889245
v -1.175000 12.422906 -5.903730
v -1.175000 12.460435 -5.908671
v -1.175000 12.497963 -5.903730
v -1.175000 12.532935 -5.889245
v -1.175000 12.562965 -5.866201
v -1.175000 12.586008 -5.836171
v -1.175000 12.600494 -5.801200
v -1.175000 12.605435 -5.763671
v -1.175000 12.600494 -5.726142
v -1.175000 12.586008 -5.691171
v -1.175000 12.562965 -5.661140
v -1.175000 12.532935 -5.638097
v -1.175000 12.497963 -5.623612
v 2.265000 12.460435 -5.618671
v 2.265000 12.497963 -5.623612
v 2.265000 12.532935 -5.638097
v 2.265000 12.562965 -5.661140
v 2.265000 12.586008 -5.691171
v 2.265000 12.600494 -5.726142
v 2.265000 12.605435 -5.763671
v 2.265000 12.600494 -5.801200
v 2.265000 12.586008 -5.836171
v 2.265000 12.562965 -5.866201
v 2.265000 12.532935 -5.889245
v 2.265000 12.497963 -5.903730
v 2.265000 12.460435 -5.908671
v 2.265000 12.422906 -5.903730
v 2.265000 12.387935 -5.889245
v 2.265000 12.357904 -5.866201
v 2.265000 12.334861 -5.836171
v 2.265000 12.320375 -5.801200
v 2.265000 12.315435 -5.763671
v 2.265000 12.320375 -5.726142
v 2.265000 12.334861 -5.691171
v 2.265000 12.357904 -5.661140
v 2.265000 12.387935 -5.638097
v 2.265000 12.422906 -5.623612
v -0.135000 11.660435 -6.393671
v -0.139089 11.629376 -6.393671
v -0.151077 11.600435 -6.393671
v -0.170147 11.575582 -6.393671
v -0.195000 11.556512 -6.393671
v -0.223942 11.544524 -6.393671
v -0.255000 11.540435 -6.393671
v -0.286058 11.544524 -6.393671
v -0.315000 11.556512 -6.393671
v -0.339853 11.575582 -6.393671
v -0.358923 11.600435 -6.393671
v -0.370911 11.629376 -6.393671
v -0.375000 11.660435 -6.393671
v -0.370911 11.691493 -6.393671
v -0.358923 11.720435 -6.393671
v -0.339853 11.745287 -6.393671
v -0.315000 11.764358 -6.393671
v -0.286058 11.776346 -6.393671
v -0.255000 11.780435 -6.393671
v -0.223942 11.776346 -6.393671
v -0.195000 11.764358 -6.393671
v -0.170147 11.745287 -6.393671
v -0.151077 11.720435 -6.393671
v -0.139089 11.691493 -6.393671
v -0.135000 11.660435 -6.203671
v -0.139089 11.691493 -6.203671
v -0.151077 11.720435 -6.203671
v -0.170147 11.745287 -6.203671
v -0.195000 11.764358 -6.203671
v -0.223942 11.776346 -6.203671
v -0.255000 11.780435 -6.203671
v -0.286058 11.776346 -6.203671
v -0.315000 11.764358 -6.203671
v -0.339853 11.745287 -6.203671
v -0.358923 11.720435 -6.203671
v -0.370911 11.691493 -6.203671
v -0.375000 11.660435 -6.203671
v -0.370911 11.629376 -6.203671
v -0.358923 11.600435 -6.203671
v -0.339853 11.575582 -6.203671
v -0.315000 11.556512 -6.203671
v -0.286058 11.544524 -6.203671
v -0.255000 11.540435 -6.203671
v -0.223942 11.544524 -6.203671
v -0.195000 11.556512 -6.203671
v -0.170147 11.575582 -6.203671
v -0.151077 11.600435 -6.203671
v -0.139089 11.629376 -6.203671
v 0.665000 12.460435 -6.393671
v 0.660911 12.429376 -6.393671
v 0.648923 12.400435 -6.393671
v 0.629853 12.375582 -6.393671
v 0.605000 12.356512 -6.393671
v 0.576058 12.344524 -6.393671
v 0.545000 12.340435 -6.393671
v 0.513942 12.344524 -6.393671
v 0.485000 12.356512 -6.393671
v 0.460147 12.375582 -6.393671
v 0.441077 12.400435 -6.393671
v 0.429089 12.429376 -6.393671
v 0.425000 12.460435 -6.393671
v 0.429089 12.491493 -6.393671
v 0.441077 12.520435 -6.393671
v 0.460147 12.545287 -6.393671
v 0.485000 12.564358 -6.393671
v 0.513942 12.576346 -6.393671
v 0.545000 12.580435 -6.393671
v 0.576058 12.576346 -6.393671
v 0.605000 12.564358 -6.393671
v 0.629853 12.545287 -6.393671
v 0.648923 12.520435 -6.393671
v 0.660911 12.491493 -6.393671
v 0.665000 12.460435 -6.203671
v 0.660911 12.491493 -6.203671
v 0.648923 12.520435 -6.203671
v 0.629853 12.545287 -6.203671
v 0.605000 12.564358 -6.203671
v 0.576058 12.576346 -6.203671
v 0.545000 12.580435 -6.203671
v 0.513942 12.576346 -6.203671
v 0.485000 12.564358 -6.203671
v 0.460147 12.545287 -6.203671
v 0.441077 12.520435 -6.203671
v 0.429089 12.491493 -6.203671
v 0.425000 12.460435 -6.203671
v 0.429089 12.429376 -6.203671
v 0.441077 12.400435 -6.203671
v 0.460147 12.375582 -6.203671
v 0.485000 12.356512 -6.203671
v 0.513942 12.344524 -6.203671
v 0.545000 12.340435 -6.203671
v 0.576058 12.344524 -6.203671
v 0.605000 12.356512 -6.203671
v 0.629853 12.375582 -6.203671
v 0.648923 12.400435 -6.203671
v 0.660911 12.429376 -6.203671
v 1.465000 11.660435 -6.393671
v 1.460911 11.629376 -6.393671
v 1.448923 11.600435 -6.393671
v 1.429853 11.575582 -6.393671
v 1.405000 11.556512 -6.393671
v 1.376058 11.544524 -6.393671
v 1.345000 11.540435 -6.393671
v 1.313942 11.544524 -6.393671
v 1.285000 11.556512 -6.393671
v 1.260147 11.575582 -6.393671
v 1.241077 11.600435 -6.393671
v 1.229089 11.629376 -6.393671
v 1.225000 11.660435 -6.393671
v 1.229089 11.691493 -6.393671
v 1.241077 11.720435 -6.393671
v 1.260147 11.745287 -6.393671
v 1.285000 11.764358 -6.393671
v 1.313942 11.776346 -6.393671
v 1.345000 11.780435 -6.393671
v 1.376058 11.776346 -6.393671
v 1.405000 11.764358 -6.393671
v 1.429853 11.745287 -6.393671
v 1.448923 11.720435 -6.393671
v 1.460911 11.691493 -6.393671
v 1.465000 11.660435 -6.203671
v 1.460911 11.691493 -6.203671
v 1.448923 11.720435 -6.203671
v 1.429853 11.745287 -6.203671
v 1.405000 11.764358 -6.203671
v 1.376058 11.776346 -6.203671
v 1.345000 11.780435 -6.203671
v 1.313942 11.776346 -6.203671
v 1.285000 11.764358 -6.203671
v 1.260147 11.745287 -6.203671
v 1.241077 11.720435 -6.203671
v 1.229089 11.691493 -6.203671
v 1.225000 11.660435 -6.203671
v 1.229089 11.629376 -6.203671
v 1.241077 11.600435 -6.203671
v 1.260147 11.575582 -6.203671
v 1.285000 11.556512 -6.203671
v 1.313942 11.544524 -6.203671
v 1.345000 11.540435 -6.203671
v 1.376058 11.544524 -6.203671
v 1.405000 11.556512 -6.203671
v 1.429853 11.575582 -6.203671
v 1.448923 11.600435 -6.203671
v 1.460911 11.629376 -6.203671
v 0.665000 10.860435 -6.393671
v 0.660911 10.829376 -6.393671
v 0.648923 10.800435 -6.393671
v 0.629853 10.775582 -6.393671
v 0.605000 10.756512 -6.393671
v 0.576058 10.744524 -6.393671
v 0.545000 10.740435 -6.393671
v 0.513942 10.744524 -6.393671
v 0.485000 10.756512 -6.393671
v 0.460147 10.775582 -6.393671
v 0.441077 10.800435 -6.393671
v 0.429089 10.829376 -6.393671
v 0.425000 10.860435 -6.393671
v 0.429089 10.891493 -6.393671
v 0.441077 10.920435 -6.393671
v 0.460147 10.945287 -6.393671
v 0.485000 10.964358 -6.393671
v 0.513942 10.976346 -6.393671
v 0.545000 10.980435 -6.393671
v 0.576058 10.976346 -6.393671
v 0.605000 10.964358 -6.393671
v 0.629853 10.945287 -6.393671
v 0.648923 10.920435 -6.393671
v 0.660911 10.891493 -6.393671
v 0.665000 10.860435 -6.203671
v 0.660911 10.891493 -6.203671
v 0.648923 10.920435 -6.203671
v 0.629853 10.945287 -6.203671
v 0.605000 10.964358 -6.203671
v 0.576058 10.976346 -6.203671
v 0.545000 10.980435 -6.203671
v 0.513942 10.976346 -6.203671
v 0.485000 10.964358 -6.203671
v 0.460147 10.945287 -6.203671
v 0.441077 10.920435 -6.203671
v 0.429089 10.891493 -6.203671
v 0.425000 10.860435 -6.203671
v 0.429089 10.829376 -6.203671
v 0.441077 10.800435 -6.203671
v 0.460147 10.775582 -6.203671
v 0.485000 10.756512 -6.203671
v 0.513942 10.744524 -6.203671
v 0.545000 10.740435 -6.203671
v 0.576058 10.744524 -6.203671
v 0.605000 10.756512 -6.203671
v 0.629853 10.775582 -6.203671
v 0.648923 10.800435 -6.203671
v 0.660911 10.829376 -6.203671
v -1.175000 8.460435 -5.618671
v -1.175000 8.422906 -5.623612
v -1.175000 8.387935 -5.638097
v -1.175000 8.357904 -5.661140
v -1.175000 8.334861 -5.691171
v -1.175000 8.320375 -5.726142
v -1.175000 8.315435 -5.763671
v -1.175000 8.320375 -5.801200
v -1.175000 8.334861 -5.836171
v -1.175000 8.357904 -5.866201
v -1.175000 8.387935 -5.889245
v -1.175000 8.422906 -5.903730
v -1.175000 8.460435 -5.908671
v -1.175000 8.497963 -5.903730
v -1.175000 8.532935 -5.889245
v -1.175000 8.562965 -5.866201
v -1.175000 8.586008 -5.836171
v -1.175000 8.600494 -5.801200
v -1.175000 8.605435 -5.763671
v -1.175000 8.600494 -5.726142
v -1.175000 8.586008 -5.691171
v -1.175000 8.562965 -5.661140
v -1.175000 8.532935 -5.638097
v -1.175000 8.497963 -5.623612
v -1.455000 8.460435 -5.618671
v -1.455000 8.497963 -5.623612
v -1.455000 8.532935 -5.638097
v -1.455000 8.562965 -5.661140
v -1.455000 8.586008 -5.691171
v -1.455000 8.600494 -5.726142
v -1.455000 8.605435 -5.763671
v -1.455000 8.600494 -5.801200
v -1.455000 8.586008 -5.836171
v -1.455000 8.562965 -5.866201
v -1.455000 8.532935 -5.889245
v -1.455000 8.497963 -5.903730
v -1.455000 8.460435 -5.908671
v -1.455000 8.422906 -5.903730
v -1.455000 8.387935 -5.889245
v -1.455000 8.357904 -5.866201
v -1.455000 8.334861 -5.836171
v -1.455000 8.320375 -5.801200
v -1.455000 8.315435 -5.763671
v -1.455000 8.320375 -5.726142
v -1.455000 8.334861 -5.691171
v -1.455000 8.357904 -5.661140
v -1.455000 8.387935 -5.638097
v -1.455000 8.422906 -5.623612
v 2.265000 8.460435 -5.908671
v 2.265000 8.422906 -5.903730
v 2.265000 8.387935 -5.889245
v 2.265000 8.357904 -5.866201
v 2.265000 8.334861 -5.836171
v 2.265000 8.320375 -5.801200
v 2.265000 8.315435 -5.763671
v 2.265000 8.320375 -5.726142
v 2.265000 8.334861 -5.691171
v 2.265000 8.357904 -5.661140
v 2.265000 8.387935 -5.638097
v 2.265000 8.422906 -5.623612
v 2.265000 8.460435 -5.618671
v 2.265000 8.497963 -5.623612
v 2.265000 8.532935 -5.638097
v 2.265000 8.562965 -5.661140
v 2.265000 8.586008 -5.691171
v 2.265000 8.600494 -5.726142
v 2.265000 8.605435 -5.763671
v 2.265000 8.600494 -5.801200
v 2.265000 8.586008 -5.836171
v 2.265000 8.562965 -5.866201
v 2.265000 8.532935 -5.889245
v 2.265000 8.497963 -5.903730
v 2.545000 8.460435 -5.908671
v 2.545000 8.497963 -5.903730
v 2.545000 8.532935 -5.889245
v 2.545000 8.562965 -5.866201
v 2.545000 8.586008 -5.836171
v 2.545000 8.600494 -5.801200
v 2.545000 8.605435 -5.763671
v 2.545000 8.600494 -5.726142
v 2.545000 8.586008 -5.691171
v 2.545000 8.562965 -5.661140
v 2.545000 8.532935 -5.638097
v 2.545000 8.497963 -5.623612
v 2.545000 8.460435 -5.618671
v 2.545000 8.422906 -5.623612
v 2.545000 8.387935 -5.638097
v 2.545000 8.357904 -5.661140
v 2.545000 8.334861 -5.691171
v 2.545000 8.320375 -5.726142
v 2.545000 8.315435 -5.763671
v 2.545000 8.320375 -5.801200
v 2.545000 8.334861 -5.836171
v 2.545000 8.357904 -5.866201
v 2.545000 8.387935 -5.889245
v 2.545000 8.422906 -5.903730
v -1.305000 12.572349 -6.246537
v -1.305000 12.743294 -6.239630
v -1.305000 12.914354 -6.236753
v -1.305000 13.085435 -6.237908
v -1.455000 13.085435 -6.237908
v -1.455000 12.914354 -6.236753
v -1.455000 12.743294 -6.239630
v -1.455000 12.572349 -6.246537
v 2.395000 10.028695 -5.913820
v 2.395000 9.797995 -5.877739
v 2.395000 9.587330 -5.825316
v 2.395000 9.413401 -5.756759
v 2.395000 9.345432 -5.716495
v 2.395000 9.292910 -5.672276
v 2.395000 9.276097 -5.653592
v 2.395000 9.242343 -5.607940
v 2.395000 9.227268 -5.582858
v 2.395000 9.207120 -5.543420
v 2.395000 9.155770 -5.424629
v 2.395000 9.126171 -5.375761
v 2.395000 9.117583 -5.365496
v 2.395000 9.107444 -5.355140
v 2.395000 9.094762 -5.344406
v 2.395000 9.084977 -5.337511
v 2.395000 9.066765 -5.327226
v 2.395000 9.057926 -5.323213
v 2.395000 9.032511 -5.314423
v 2.395000 9.025451 -5.312581
v 2.395000 8.990912 -5.306430
v 2.395000 8.940859 -5.303671
v 2.395000 8.990910 -5.306450
v 2.395000 9.032495 -5.314481
v 2.395000 9.066727 -5.327305
v 2.395000 9.094718 -5.344464
v 2.395000 9.117581 -5.365498
v 2.395000 9.126204 -5.375736
v 2.395000 9.136429 -5.389950
v 2.395000 9.155989 -5.424522
v 2.395000 9.166529 -5.447269
v 2.395000 9.227500 -5.582728
v 2.395000 9.276172 -5.653528
v 2.395000 9.292970 -5.672219
v 2.395000 9.348837 -5.721481
v 2.395000 9.473198 -5.789876
v 2.395000 9.635573 -5.844213
v 2.395000 9.824545 -5.885269
v 2.395000 13.085435 -5.303671
v -1.305000 13.085435 -5.303671
v -1.305000 12.524249 -5.303671
v -1.175000 12.524249 -5.303671
v -1.175000 12.805435 -5.303671
v 2.265000 12.805435 -5.303671
v 2.265000 12.524249 -5.303671
v 2.395000 12.524249 -5.303671
v -1.305000 11.799405 -5.730474
v -1.305000 11.420618 -5.805814
v -1.305000 11.040174 -5.872278
v -1.305000 10.658280 -5.929828
v -1.175000 10.658280 -5.929828
v -1.175000 11.040174 -5.872278
v -1.175000 11.420618 -5.805814
v -1.175000 11.799405 -5.730474
v -1.305000 12.379259 -5.463372
v -1.305000 12.205305 -5.590912
v -1.305000 12.009391 -5.681157
v -1.175000 12.009391 -5.681157
v -1.175000 12.205305 -5.590912
v -1.175000 12.379259 -5.463372
v 2.395000 13.085435 -6.191266
v 2.545000 13.085435 -6.191266
v 2.545000 13.085435 -6.393671
v -1.455000 13.085435 -6.393671
v 2.265000 12.379259 -5.463372
v 2.265000 12.205305 -5.590912
v 2.265000 12.009391 -5.681157
v 2.265000 11.799405 -5.730474
v 2.395000 11.799405 -5.730474
v 2.395000 12.009391 -5.681157
v 2.395000 12.205305 -5.590912
v 2.395000 12.379259 -5.463372
v 2.265000 11.615329 -5.758865
v 2.265000 11.453760 -5.790738
v 2.265000 11.164021 -5.856482
v 2.265000 10.861948 -5.910805
v 2.265000 10.684961 -5.928400
v 2.265000 10.479300 -5.936802
v 2.395000 10.479299 -5.936601
v 2.395000 10.601681 -5.933123
v 2.395000 10.604853 -5.933034
v 2.395000 10.605802 -5.933021
v 2.395000 10.780294 -5.920238
v 2.395000 10.934036 -5.900524
v 2.395000 11.206316 -5.847001
v 2.395000 11.476740 -5.785851
v 2.395000 11.628161 -5.756603
v 2.265000 10.443744 -5.937128
v 2.265000 10.408187 -5.937128
v 2.265000 10.372630 -5.936802
v 2.395000 10.372630 -5.936802
v 2.395000 10.408187 -5.937128
v 2.395000 10.443745 -5.937128
v 2.265000 10.055603 -5.916895
v 2.265000 9.741252 -5.865814
v 2.265000 9.598544 -5.828750
v 2.265000 9.472660 -5.784095
v 2.265000 9.368987 -5.731914
v 2.265000 9.292910 -5.672276
v 2.265000 9.242343 -5.607940
v 2.265000 9.207120 -5.543420
v 2.265000 9.155770 -5.424629
v 2.265000 9.126171 -5.375761
v 2.265000 9.107444 -5.355140
v 2.265000 9.084977 -5.337511
v 2.265000 9.057926 -5.323213
v 2.265000 9.025451 -5.312581
v 2.265000 8.940859 -5.303671
v 2.265000 8.115435 -5.303671
v -1.175000 8.115435 -5.303671
v -1.175000 8.940859 -5.303671
v -1.455000 8.940859 -5.303671
v -1.455000 7.835435 -5.303671
v 2.545000 7.835435 -5.303671
v 2.545000 8.940859 -5.303671
v -1.455000 7.835435 -6.393671
v 2.545000 7.835435 -6.393671
v 2.395000 11.031844 -5.947113
v 2.395000 11.436372 -5.985735
v 2.395000 11.813560 -6.039222
v 2.395000 12.157580 -6.097905
v 2.395000 12.462605 -6.152119
v 2.395000 12.722807 -6.192194
v 2.395000 12.834279 -6.203910
v 2.395000 12.932359 -6.208466
v 2.395000 13.016321 -6.204654
v 2.265000 12.805435 -6.203671
v 2.265000 8.115435 -6.203671
v -1.175000 8.115435 -6.203671
v -1.175000 12.805435 -6.203671
v -1.175000 10.502034 -5.935832
v -1.175000 10.328974 -5.934443
v -1.175000 9.963059 -5.906860
v -1.175000 9.785528 -5.879356
v -1.175000 9.621829 -5.841836
v -1.175000 9.479625 -5.793644
v -1.175000 9.366577 -5.734124
v -1.175000 9.287098 -5.665556
v -1.175000 9.234148 -5.593290
v -1.175000 9.169787 -5.453496
v -1.175000 9.139350 -5.393884
v -1.175000 9.120405 -5.368380
v -1.175000 9.097391 -5.346404
v -1.175000 9.069119 -5.328450
v -1.175000 9.034399 -5.315014
v -1.175000 8.992042 -5.306589
v -1.455000 10.658280 -5.929828
v -1.455000 10.502034 -5.935832
v -1.455000 10.328974 -5.934443
v -1.455000 9.963059 -5.906860
v -1.455000 9.785528 -5.879356
v -1.455000 9.621829 -5.841836
v -1.455000 9.479625 -5.793644
v -1.455000 9.366577 -5.734124
v -1.455000 9.287098 -5.665556
v -1.455000 9.234148 -5.593290
v -1.455000 9.169787 -5.453496
v -1.455000 9.139350 -5.393884
v -1.455000 9.120405 -5.368380
v -1.455000 9.097391 -5.346404
v -1.455000 9.069119 -5.328450
v -1.455000 9.034399 -5.315014
v -1.455000 8.992042 -5.306589
v -1.455000 10.929108 -5.943392
v -1.455000 11.193104 -5.979162
v -1.455000 11.695202 -6.087777
v -1.455000 11.930605 -6.145853
v -1.455000 12.153777 -6.196595
v -1.455000 12.363370 -6.232618
v -1.455000 12.558033 -6.246537
v -1.305000 10.929108 -5.943392
v -1.305000 11.193104 -5.979162
v -1.305000 11.695202 -6.087777
v -1.305000 11.930605 -6.145853
v -1.305000 12.153777 -6.196595
v -1.305000 12.363370 -6.232618
v -1.305000 12.558033 -6.246537
v 2.545000 10.601675 -5.933035
v 2.545000 11.028387 -5.946881
v 2.545000 11.433583 -5.985397
v 2.545000 11.811415 -6.038880
v 2.545000 12.156035 -6.097630
v 2.545000 12.461595 -6.151945
v 2.545000 12.722247 -6.192124
v 2.545000 12.833905 -6.203880
v 2.545000 12.932143 -6.208464
v 2.545000 13.016230 -6.204664
v 2.395000 10.372652 -5.935741
v 2.545000 8.990910 -5.306450
v 2.545000 9.032495 -5.314481
v 2.545000 9.066727 -5.327305
v 2.545000 9.094718 -5.344464
v 2.545000 9.117581 -5.365498
v 2.545000 9.136429 -5.389950
v 2.545000 9.166529 -5.447269
v 2.545000 9.227500 -5.582728
v 2.545000 9.276172 -5.653528
v 2.545000 9.348837 -5.721481
v 2.545000 9.453646 -5.781349
v 2.545000 9.587927 -5.830670
v 2.545000 9.744343 -5.869943
v 2.545000 9.915558 -5.899667
v 2.545000 10.273038 -5.932459
v 2.545000 10.444630 -5.936525
vt -0.183848 -0.045815 0.000000
vt -0.098995 -0.045815 0.000000
vt -0.183848 0.000000 0.000000
vt -0.098995 0.000000 0.000000
vt -0.183848 0.045815 0.000000
vt -0.098995 0.045815 0.000000
vt -0.183848 0.091630 0.000000
vt -0.098995 0.091630 0.000000
vt -0.183848 0.137445 0.000000
vt -0.098995 0.137445 0.000000
vt -0.183848 0.183260 0.000000
vt -0.098995 0.183260 0.000000
vt -0.183848 0.229074 0.000000
vt -0.098995 0.229074 0.000000
vt -0.183848 0.274889 0.000000
vt -0.098995 0.274889 0.000000
vt -0.183848 0.320704 0.000000
vt -0.098995 0.320704 0.000000
vt -0.183848 0.366519 0.000000
vt -0.098995 0.366519 0.000000
vt -0.183848 0.412334 0.000000
vt -0.098995 0.412334 0.000000
vt -0.183848 0.458149 0.000000
vt -0.098995 0.458149 0.000000
vt -0.183848 0.503964 0.000000
vt -0.098995 0.503964 0.000000
vt -0.183848 0.549779 0.000000
vt -0.098995 0.549779 0.000000
vt -0.183848 -0.549779 0.000000
vt -0.098995 -0.549779 0.000000
vt -0.183848 -0.503964 0.000000
vt -0.098995 -0.503964 0.000000
vt -0.183848 -0.458149 0.000000
vt -0.098995 -0.458149 0.000000
vt -0.183848 -0.412334 0.000000
vt -0.098995 -0.412334 0.000000
vt -0.183848 -0.366519 0.000000
vt -0.098995 -0.366519 0.000000
vt -0.183848 -0.320704 0.000000
vt -0.098995 -0.320704 0.000000
vt -0.183848 -0.274889 0.000000
vt -0.098995 -0.274889 0.000000
vt -0.183848 -0.229074 0.000000
vt -0.098995 -0.229074 0.000000
vt -0.183848 -0.183260 0.000000
vt -0.098995 -0.183260 0.000000
vt -0.183848 -0.137445 0.000000
vt -0.098995 -0.137445 0.000000
vt -0.183848 -0.091630 0.000000
vt -0.098995 -0.091630 0.000000
vt -0.183848 -0.045815 0.000000
vt -0.098995 -0.045815 0.000000
vt -0.183848 0.000000 0.000000
vt -0.098995 0.000000 0.000000
vt -0.183848 0.045815 0.000000
vt -0.098995 0.045815 0.000000
vt -0.183848 0.091630 0.000000
vt -0.098995 0.091630 0.000000
vt -0.183848 0.137445 0.000000
vt -0.098995 0.137445 0.000000
vt -0.183848 0.183260 0.000000
vt -0.098995 0.183260 0.000000
vt -0.183848 0.229074 0.000000
vt -0.098995 0.229074 0.000000
vt -0.183848 0.274889 0.000000
vt -0.098995 0.274889 0.000000
vt -0.183848 0.320704 0.000000
vt -0.098995 0.320704 0.000000
vt -0.183848 0.366519 0.000000
vt -0.098995 0.366519 0.000000
vt -0.183848 0.412334 0.000000
vt -0.098995 0.412334 0.000000
vt -0.183848 0.458149 0.000000
vt -0.098995 0.458149 0.000000
vt -0.183848 0.503964 0.000000
vt -0.098995 0.503964 0.000000
vt -0.183848 0.549779 0.000000
vt -0.098995 0.549779 0.000000
vt -0.183848 -0.549779 0.000000
vt -0.098995 -0.549779 0.000000
vt -0.183848 -0.503964 0.000000
vt -0.098995 -0.503964 0.000000
vt -0.183848 -0.458149 0.000000
vt -0.098995 -0.458149 0.000000
vt -0.183848 -0.412334 0.000000
vt -0.098995 -0.412334 0.000000
vt -0.183848 -0.366519 0.000000
vt -0.098995 -0.366519 0.000000
vt -0.183848 -0.320704 0.000000
vt -0.098995 -0.320704 0.000000
vt -0.183848 -0.274889 0.000000
vt -0.098995 -0.274889 0.000000
vt -0.183848 -0.229074 0.000000
vt -0.098995 -0.229074 0.000000
vt -0.183848 -0.183260 0.000000
vt -0.098995 -0.183260 0.000000
vt -0.183848 -0.137445 0.000000
vt -0.098995 -0.137445 0.000000
vt -0.183848 -0.091630 0.000000
vt -0.098995 -0.091630 0.000000
vt -0.190000 -0.130900 0.000000
vt 0.000000 -0.130900 0.000000
vt -0.190000 0.000000 0.000000
vt 0.000000 0.000000 0.000000
vt -0.190000 0.130900 0.000000
vt 0.000000 0.130900 0.000000
vt -0.190000 0.261799 0.000000
vt 0.000000 0.261799 0.000000
vt -0.190000 0.392699 0.000000
vt 0.000000 0.392699 0.000000
vt -0.190000 0.523599 0.000000
vt 0.000000 0.523599 0.000000
vt -0.190000 0.654498 0.000000
vt 0.000000 0.654498 0.000000
vt -0.190000 0.785398 0.000000
vt 0.000000 0.785398 0.000000
vt -0.190000 0.916298 0.000000
vt 0.000000 0.916298 0.000000
vt -0.190000 1.047198 0.000000
vt 0.000000 1.047198 0.000000
vt -0.190000 1.178097 0.000000
vt 0.000000 1.178097 0.000000
vt -0.190000 1.308997 0.000000
vt 0.000000 1.308997 0.000000
vt -0.190000 1.439897 0.000000
vt 0.000000 1.439897 0.000000
vt -0.190000 1.570796 0.000000
vt 0.000000 1.570796 0.000000
vt -0.190000 -1.570796 0.000000
vt 0.000000 -1.570796 0.000000
vt -0.190000 -1.439897 0.000000
vt 0.000000 -1.439897 0.000000
vt -0.190000 -1.308997 0.000000
vt 0.000000 -1.308997 0.000000
vt -0.190000 -1.178097 0.000000
vt 0.000000 -1.178097 0.000000
vt -0.190000 -1.047198 0.000000
vt 0.000000 -1.047198 0.000000
vt -0.190000 -0.916298 0.000000
vt 0.000000 -0.916298 0.000000
vt -0.190000 -0.785398 0.000000
vt 0.000000 -0.785398 0.000000
vt -0.190000 -0.654498 0.000000
vt 0.000000 -0.654498 0.000000
vt -0.190000 -0.523599 0.000000
vt 0.000000 -0.523599 0.000000
vt -0.190000 -0.392699 0.000000
vt 0.000000 -0.392699 0.000000
vt -0.190000 -0.261799 0.000000
vt 0.000000 -0.261799 0.000000
vt -0.130000 -0.037961 0.000000
vt -0.060000 -0.037961 0.000000
vt -0.130000 0.000000 0.000000
vt -0.060000 0.000000 0.000000
vt -0.130000 0.037961 0.000000
vt -0.060000 0.037961 0.000000
vt -0.130000 0.075922 0.000000
vt -0.060000 0.075922 0.000000
vt -0.130000 0.113883 0.000000
vt -0.060000 0.113883 0.000000
vt -0.130000 0.151844 0.000000
vt -0.060000 0.151844 0.000000
vt -0.130000 0.189805 0.000000
vt -0.060000 0.189805 0.000000
vt -0.130000 0.227765 0.000000
vt -0.060000 0.227765 0.000000
vt -0.130000 0.265726 0.000000
vt -0.060000 0.265726 0.000000
vt -0.130000 0.303687 0.000000
vt -0.060000 0.303687 0.000000
vt -0.130000 0.341648 0.000000
vt -0.060000 0.341648 0.000000
vt -0.130000 0.379609 0.000000
vt -0.060000 0.379609 0.000000
vt -0.130000 0.417570 0.000000
vt -0.060000 0.417570 0.000000
vt -0.130000 0.455531 0.000000
vt -0.060000 0.455531 0.000000
vt -0.130000 -0.455531 0.000000
vt -0.060000 -0.455531 0.000000
vt -0.130000 -0.417570 0.000000
vt -0.060000 -0.417570 0.000000
vt -0.130000 -0.379609 0.000000
vt -0.060000 -0.379609 0.000000
vt -0.130000 -0.341648 0.000000
vt -0.060000 -0.341648 0.000000
vt -0.130000 -0.303687 0.000000
vt -0.060000 -0.303687 0.000000
vt -0.130000 -0.265726 0.000000
vt -0.060000 -0.265726 0.000000
vt -0.130000 -0.227765 0.000000
vt -0.060000 -0.227765 0.000000
vt -0.130000 -0.189805 0.000000
vt -0.060000 -0.189805 0.000000
vt -0.130000 -0.151844 0.000000
vt -0.060000 -0.151844 0.000000
vt -0.130000 -0.113883 0.000000
vt -0.060000 -0.113883 0.000000
vt -0.130000 -0.075922 0.000000
vt -0.060000 -0.075922 0.000000
vt -0.070000 0.417570 0.000000
vt 0.000000 0.417570 0.000000
vt -0.070000 0.455531 0.000000
vt 0.000000 0.455531 0.000000
vt -0.070000 -0.455531 0.000000
vt 0.000000 -0.455531 0.000000
vt -0.070000 -0.417570 0.000000
vt 0.000000 -0.417570 0.000000
vt -0.070000 -0.379609 0.000000
vt 0.000000 -0.379609 0.000000
vt -0.070000 -0.341648 0.000000
vt 0.000000 -0.341648 0.000000
vt -0.070000 -0.303687 0.000000
vt 0.000000 -0.303687 0.000000
vt -0.070000 -0.265726 0.000000
vt 0.000000 -0.265726 0.000000
vt -0.070000 -0.227765 0.000000
vt 0.000000 -0.227765 0.000000
vt -0.070000 -0.189805 0.000000
vt 0.000000 -0.189805 0.000000
vt -0.070000 -0.151844 0.000000
vt 0.000000 -0.151844 0.000000
vt -0.070000 -0.113883 0.000000
vt 0.000000 -0.113883 0.000000
vt -0.070000 -0.075922 0.000000
vt 0.000000 -0.075922 0.000000
vt -0.070000 -0.037961 0.000000
vt 0.000000 -0.037961 0.000000
vt -0.070000 0.000000 0.000000
vt -0.000000 0.000000 0.000000
vt -0.070000 0.037961 0.000000
vt 0.000000 0.037961 0.000000
vt -0.070000 0.075922 0.000000
vt -0.000000 0.075922 0.000000
vt -0.070000 0.113883 0.000000
vt -0.000000 0.113883 0.000000
vt -0.070000 0.151844 0.000000
vt -0.000000 0.151844 0.000000
vt -0.070000 0.189805 0.000000
vt 0.000000 0.189805 0.000000
vt -0.070000 0.227765 0.000000
vt 0.000000 0.227765 0.000000
vt -0.070000 0.265726 0.000000
vt 0.000000 0.265726 0.000000
vt -0.070000 0.303687 0.000000
vt 0.000000 0.303687 0.000000
vt -0.070000 0.341648 0.000000
vt 0.000000 0.341648 0.000000
vt -0.070000 0.379609 0.000000
vt 0.000000 0.379609 0.000000
vt -0.190000 -0.031416 0.000000
vt 0.000000 -0.031416 0.000000
vt -0.190000 0.000000 0.000000
vt 0.000000 0.000000 0.000000
vt -0.190000 0.031416 0.000000
vt 0.000000 0.031416 0.000000
vt -0.190000 0.062832 0.000000
vt 0.000000 0.062832 0.000000
vt -0.190000 0.094248 0.000000
vt 0.000000 0.094248 0.000000
vt -0.190000 0.125664 0.000000
vt 0.000000 0.125664 0.000000
vt -0.190000 0.157080 0.000000
vt 0.000000 0.157080 0.000000
vt -0.190000 0.188496 0.000000
vt 0.000000 0.188496 0.000000
vt -0.190000 0.219911 0.000000
vt 0.000000 0.219911 0.000000
vt -0.190000 0.251327 0.000000
vt 0.000000 0.251327 0.000000
vt -0.190000 0.282743 0.000000
vt 0.000000 0.282743 0.000000
vt -0.190000 0.314159 0.000000
vt 0.000000 0.314159 0.000000
vt -0.190000 0.345575 0.000000
vt 0.000000 0.345575 0.000000
vt -0.190000 0.376991 0.000000
vt 0.000000 0.376991 0.000000
vt -0.190000 -0.376991 0.000000
vt 0.000000 -0.376991 0.000000
vt -0.190000 -0.345575 0.000000
vt 0.000000 -0.345575 0.000000
vt -0.190000 -0.314159 0.000000
vt 0.000000 -0.314159 0.000000
vt -0.190000 -0.282743 0.000000
vt 0.000000 -0.282743 0.000000
vt -0.190000 -0.251327 0.000000
vt 0.000000 -0.251327 0.000000
vt -0.190000 -0.219911 0.000000
vt 0.000000 -0.219911 0.000000
vt -0.190000 -0.188496 0.000000
vt 0.000000 -0.188496 0.000000
vt -0.190000 -0.157080 0.000000
vt 0.000000 -0.157080 0.000000
vt -0.190000 -0.125664 0.000000
vt 0.000000 -0.125664 0.000000
vt -0.190000 -0.094248 0.000000
vt 0.000000 -0.094248 0.000000
vt -0.190000 -0.062832 0.000000
vt 0.000000 -0.062832 0.000000
vt -0.190000 -0.031416 0.000000
vt 0.000000 -0.031416 0.000000
vt -0.190000 0.000000 0.000000
vt 0.000000 0.000000 0.000000
vt -0.190000 0.031416 0.000000
vt 0.000000 0.031416 0.000000
vt -0.190000 0.062832 0.000000
vt 0.000000 0.062832 0.000000
vt -0.190000 0.094248 0.000000
vt 0.000000 0.094248 0.000000
vt -0.190000 0.125664 0.000000
vt 0.000000 0.125664 0.000000
vt -0.190000 0.157080 0.000000
vt 0.000000 0.157080 0.000000
vt -0.190000 0.188496 0.000000
vt 0.000000 0.188496 0.000000
vt -0.190000 0.219911 0.000000
vt 0.000000 0.219911 0.000000
vt -0.190000 0.251327 0.000000
vt 0.000000 0.251327 0.000000
vt -0.190000 0.282743 0.000000
vt 0.000000 0.282743 0.000000
vt -0.190000 0.314159 0.000000
vt 0.000000 0.314159 0.000000
vt -0.190000 0.345575 0.000000
vt 0.000000 0.345575 0.000000
vt -0.190000 0.376991 0.000000
vt 0.000000 0.376991 0.000000
vt -0.190000 -0.376991 0.000000
vt 0.000000 -0.376991 0.000000
vt -0.190000 -0.345575 0.000000
vt 0.000000 -0.345575 0.000000
vt -0.190000 -0.314159 0.000000
vt 0.000000 -0.314159 0.000000
vt -0.190000 -0.282743 0.000000
vt 0.000000 -0.282743 0.000000
vt -0.190000 -0.251327 0.000000
vt 0.000000 -0.251327 0.000000
vt -0.190000 -0.219911 0.000000
vt 0.000000 -0.219911 0.000000
vt -0.190000 -0.188496 0.000000
vt 0.000000 -0.188496 0.000000
vt -0.190000 -0.157080 0.000000
vt 0.000000 -0.157080 0.000000
vt -0.190000 -0.125664 0.000000
vt 0.000000 -0.125664 0.000000
vt -0.190000 -0.094248 0.000000
vt 0.000000 -0.094248 0.000000
vt -0.190000 -0.062832 0.000000
vt 0.000000 -0.062832 0.000000
vt -0.190000 -0.031416 0.000000
vt 0.000000 -0.031416 0.000000
vt -0.190000 0.000000 0.000000
vt 0.000000 0.000000 0.000000
vt -0.190000 0.031416 0.000000
vt 0.000000 0.031416 0.000000
vt -0.190000 0.062832 0.000000
vt 0.000000 0.062832 0.000000
vt -0.190000 0.094248 0.000000
vt 0.000000 0.094248 0.000000
vt -0.190000 0.125664 0.000000
vt 0.000000 0.125664 0.000000
vt -0.190000 0.157080 0.000000
vt 0.000000 0.157080 0.000000
vt -0.190000 0.188496 0.000000
vt 0.000000 0.188496 0.000000
vt -0.190000 0.219911 0.000000
vt 0.000000 0.219911 0.000000
vt -0.190000 0.251327 0.000000
vt 0.000000 0.251327 0.000000
vt -0.190000 0.282743 0.000000
vt 0.000000 0.282743 0.000000
vt -0.190000 0.314159 0.000000
vt 0.000000 0.314159 0.000000
vt -0.190000 0.345575 0.000000
vt 0.000000 0.345575 0.000000
vt -0.190000 0.376991 0.000000
vt 0.000000 0.376991 0.000000
vt -0.190000 -0.376991 0.000000
vt 0.000000 -0.376991 0.000000
vt -0.190000 -0.345575 0.000000
vt 0.000000 -0.345575 0.000000
vt -0.190000 -0.314159 0.000000
vt 0.000000 -0.314159 0.000000
vt -0.190000 -0.282743 0.000000
vt 0.000000 -0.282743 0.000000
vt -0.190000 -0.251327 0.000000
vt 0.000000 -0.251327 0.000000
vt -0.190000 -0.219911 0.000000
vt 0.000000 -0.219911 0.000000
vt -0.190000 -0.188496 0.000000
vt 0.000000 -0.188496 0.000000
vt -0.190000 -0.157080 0.000000
vt 0.000000 -0.157080 0.000000
vt -0.190000 -0.125664 0.000000
vt 0.000000 -0.125664 0.000000
vt -0.190000 -0.094248 0.000000
vt 0.000000 -0.094248 0.000000
vt -0.190000 -0.062832 0.000000
vt 0.000000 -0.062832 0.000000
vt -0.190000 -0.031416 0.000000
vt 0.000000 -0.031416 0.000000
vt -0.190000 0.000000 0.000000
vt 0.000000 0.000000 0.000000
vt -0.190000 0.031416 0.000000
vt 0.000000 0.031416 0.000000
vt -0.190000 0.062832 0.000000
vt 0.000000 0.062832 0.000000
vt -0.190000 0.094248 0.000000
vt 0.000000 0.094248 0.000000
vt -0.190000 0.125664 0.000000
vt 0.000000 0.125664 0.000000
vt -0.190000 0.157080 0.000000
vt 0.000000 0.157080 0.000000
vt -0.190000 0.188496 0.000000
vt 0.000000 0.188496 0.000000
vt -0.190000 0.219911 0.000000
vt 0.000000 0.219911 0.000000
vt -0.190000 0.251327 0.000000
vt 0.000000 0.251327 0.000000
vt -0.190000 0.282743 0.000000
vt 0.000000 0.282743 0.000000
vt -0.190000 0.314159 0.000000
vt 0.000000 0.314159 0.000000
vt -0.190000 0.345575 0.000000
vt 0.000000 0.345575 0.000000
vt -0.190000 0.376991 0.000000
vt 0.000000 0.376991 0.000000
vt -0.190000 -0.376991 0.000000
vt 0.000000 -0.376991 0.000000
vt -0.190000 -0.345575 0.000000
vt 0.000000 -0.345575 0.000000
vt -0.190000 -0.314159 0.000000
vt 0.000000 -0.314159 0.000000
vt -0.190000 -0.282743 0.000000
vt 0.000000 -0.282743 0.000000
vt -0.190000 -0.251327 0.000000
vt 0.000000 -0.251327 0.000000
vt -0.190000 -0.219911 0.000000
vt 0.000000 -0.219911 0.000000
vt -0.190000 -0.188496 0.000000
vt 0.000000 -0.188496 0.000000
vt -0.190000 -0.157080 0.000000
vt 0.000000 -0.157080 0.000000
vt -0.190000 -0.125664 0.000000
vt 0.000000 -0.125664 0.000000
vt -0.190000 -0.094248 0.000000
vt 0.000000 -0.094248 0.000000
vt -0.190000 -0.062832 0.000000
vt 0.000000 -0.062832 0.000000
vt -0.280000 -0.037961 0.000000
vt 0.000000 -0.037961 0.000000
vt -0.280000 0.000000 0.000000
vt -0.000000 0.000000 0.000000
vt -0.280000 0.037961 0.000000
vt 0.000000 0.037961 0.000000
vt -0.280000 0.075922 0.000000
vt 0.000000 0.075922 0.000000
vt -0.280000 0.113883 0.000000
vt 0.000000 0.113883 0.000000
vt -0.280000 0.151844 0.000000
vt -0.000000 0.151844 0.000000
vt -0.280000 0.189805 0.000000
vt -0.000000 0.189805 0.000000
vt -0.280000 0.227765 0.000000
vt 0.000000 0.227765 0.000000
vt -0.280000 0.265726 0.000000
vt 0.000000 0.265726 0.000000
vt -0.280000 0.303687 0.000000
vt 0.000000 0.303687 0.000000
vt -0.280000 0.341648 0.000000
vt 0.000000 0.341648 0.000000
vt -0.280000 0.379609 0.000000
vt 0.000000 0.379609 0.000000
vt -0.280000 0.417570 0.000000
vt 0.000000 0.417570 0.000000
vt -0.280000 0.455531 0.000000
vt 0.000000 0.455531 0.000000
vt -0.280000 -0.455531 0.000000
vt 0.000000 -0.455531 0.000000
vt -0.280000 -0.417570 0.000000
vt 0.000000 -0.417570 0.000000
vt -0.280000 -0.379609 0.000000
vt 0.000000 -0.379609 0.000000
vt -0.280000 -0.341648 0.000000
vt 0.000000 -0.341648 0.000000
vt -0.280000 -0.303687 0.000000
vt 0.000000 -0.303687 0.000000
vt -0.280000 -0.265726 0.000000
vt 0.000000 -0.265726 0.000000
vt -0.280000 -0.227765 0.000000
vt 0.000000 -0.227765 0.000000
vt -0.280000 -0.189805 0.000000
vt 0.000000 -0.189805 0.000000
vt -0.280000 -0.151844 0.000000
vt 0.000000 -0.151844 0.000000
vt -0.280000 -0.113883 0.000000
vt 0.000000 -0.113883 0.000000
vt -0.280000 -0.075922 0.000000
vt 0.000000 -0.075922 0.000000
vt -0.280000 -0.037961 0.000000
vt 0.000000 -0.037961 0.000000
vt -0.280000 0.000000 0.000000
vt 0.000000 0.000000 0.000000
vt -0.280000 0.037961 0.000000
vt 0.000000 0.037961 0.000000
vt -0.280000 0.075922 0.000000
vt 0.000000 0.075922 0.000000
vt -0.280000 0.113883 0.000000
vt 0.000000 0.113883 0.000000
vt -0.280000 0.151844 0.000000
vt 0.000000 0.151844 0.000000
vt -0.280000 0.189805 0.000000
vt 0.000000 0.189805 0.000000
vt -0.280000 0.227765 0.000000
vt 0.000000 0.227765 0.000000
vt -0.280000 0.265726 0.000000
vt 0.000000 0.265726 0.000000
vt -0.280000 0.303687 0.000000
vt 0.000000 0.303687 0.000000
vt -0.280000 0.341648 0.000000
vt 0.000000 0.341648 0.000000
vt -0.280000 0.379609 0.000000
vt 0.000000 0.379609 0.000000
vt -0.280000 0.417570 0.000000
vt 0.000000 0.417570 0.000000
vt -0.280000 0.455531 0.000000
vt 0.000000 0.455531 0.000000
vt -0.280000 -0.455531 0.000000
vt 0.000000 -0.455531 0.000000
vt -0.280000 -0.417570 0.000000
vt 0.000000 -0.417570 0.000000
vt -0.280000 -0.379609 0.000000
vt 0.000000 -0.379609 0.000000
vt -0.280000 -0.341648 0.000000
vt 0.000000 -0.341648 0.000000
vt -0.280000 -0.303687 0.000000
vt 0.000000 -0.303687 0.000000
vt -0.280000 -0.265726 0.000000
vt 0.000000 -0.265726 0.000000
vt -0.280000 -0.227765 0.000000
vt 0.000000 -0.227765 0.000000
vt -0.280000 -0.189805 0.000000
vt 0.000000 -0.189805 0.000000
vt -0.280000 -0.151844 0.000000
vt 0.000000 -0.151844 0.000000
vt -0.280000 -0.113883 0.000000
vt 0.000000 -0.113883 0.000000
vt -0.280000 -0.075922 0.000000
vt 0.000000 -0.075922 0.000000
vt -0.150000 -0.378731 0.000000
vt -0.000000 -0.378731 0.000000
vt -0.150000 -0.207643 0.000000
vt -0.000000 -0.207643 0.000000
vt -0.150000 -0.036554 0.000000
vt -0.000000 -0.036554 0.000000
vt -0.150000 0.134534 0.000000
vt 0.000000 0.134534 0.000000
vt 0.241543 0.735785 0.000000
vt 0.205463 0.505085 0.000000
vt 0.212993 0.531635 0.000000
vt 0.171937 0.342664 0.000000
vt 0.153039 0.294420 0.000000
vt 0.117599 0.180289 0.000000
vt 0.084482 0.120491 0.000000
vt 0.049205 0.055927 0.000000
vt 0.044219 0.052522 0.000000
vt -0.000000 0.000000 0.000000
vt -0.018685 -0.016813 0.000000
vt -0.018749 -0.016738 0.000000
vt -0.000058 0.000060 0.000000
vt -0.064336 -0.050567 0.000000
vt -0.089419 -0.065641 0.000000
vt -0.089549 -0.065410 0.000000
vt -0.128857 -0.085789 0.000000
vt -0.247647 -0.137139 0.000000
vt -0.247755 -0.136921 0.000000
vt -0.225008 -0.126380 0.000000
vt -0.296541 -0.166706 0.000000
vt -0.296515 -0.166738 0.000000
vt -0.306780 -0.175326 0.000000
vt -0.306778 -0.175328 0.000000
vt -0.317136 -0.185465 0.000000
vt -0.327813 -0.198192 0.000000
vt -0.327870 -0.198148 0.000000
vt -0.334765 -0.207933 0.000000
vt -0.344972 -0.226183 0.000000
vt -0.345050 -0.226144 0.000000
vt -0.349064 -0.234983 0.000000
vt -0.357796 -0.260415 0.000000
vt -0.357854 -0.260399 0.000000
vt -0.359695 -0.267459 0.000000
vt -0.365827 -0.302000 0.000000
vt -0.365846 -0.301998 0.000000
vt -0.368606 -0.352051 0.000000
vt -0.282327 -0.156480 0.000000
vt 0.000000 0.000000 0.000000
vt 0.000000 0.561186 0.000000
vt -0.130000 0.281186 0.000000
vt -3.700000 0.561186 0.000000
vt -3.570000 0.281186 0.000000
vt -3.700000 0.000000 0.000000
vt -3.570000 -0.000000 0.000000
vt -0.130000 0.000000 0.000000
vt 0.130000 3.435959 0.000000
vt -0.000000 3.435959 0.000000
vt 0.130000 3.049744 0.000000
vt -0.000000 3.049744 0.000000
vt -0.000000 2.663529 0.000000
vt -0.000000 2.277314 0.000000
vt 0.130000 2.277314 0.000000
vt 0.130000 2.663529 0.000000
vt 0.130000 1.004197 0.000000
vt -0.000000 1.004197 0.000000
vt 0.130000 0.788134 0.000000
vt -0.000000 0.788134 0.000000
vt 0.130000 0.572071 0.000000
vt -0.000000 0.572071 0.000000
vt 0.130000 0.356007 0.000000
vt -0.000000 0.356007 0.000000
vt 0.130000 0.139944 0.000000
vt -0.000000 0.139944 0.000000
vt -0.934237 -3.850000 0.000000
vt -0.934237 -3.700000 0.000000
vt -1.090000 -3.850000 0.000000
vt -1.090000 0.150000 0.000000
vt -0.887595 0.000000 0.000000
vt -0.887595 0.150000 0.000000
vt 0.000000 -3.700000 0.000000
vt 0.000000 0.000000 0.000000
vt 0.000000 2.373015 0.000000
vt 0.130000 2.373015 0.000000
vt 0.000000 2.589078 0.000000
vt 0.130000 2.589078 0.000000
vt 0.000000 2.805141 0.000000
vt 0.130000 2.805141 0.000000
vt 0.000000 3.021205 0.000000
vt 0.130000 3.021205 0.000000
vt 0.000000 3.237268 0.000000
vt 0.130000 3.237268 0.000000
vt 1.165558 0.000000 0.000000
vt 1.165558 0.130000 0.000000
vt 1.030717 0.000000 0.000000
vt 1.019863 0.130000 0.000000
vt 0.895876 0.000000 0.000000
vt 0.874168 0.130000 0.000000
vt 0.626194 0.000000 0.000000
vt 0.582779 0.130000 0.000000
vt 0.356513 0.000000 0.000000
vt 0.291389 0.130000 0.000000
vt 0.221672 0.000000 0.000000
vt 0.145695 0.130000 0.000000
vt 0.086831 0.000000 0.000000
vt 0.086148 0.000000 0.000000
vt 0.083869 0.000000 0.000000
vt 0.000000 0.130000 0.000000
vt 0.000001 0.000000 0.000000
vt 0.000000 12.134015 0.000000
vt 0.130000 12.134016 0.000000
vt 0.000000 12.169573 0.000000
vt 0.130000 12.169573 0.000000
vt 0.000000 12.205131 0.000000
vt 0.130000 12.205131 0.000000
vt 0.000000 12.240689 0.000000
vt 0.130000 12.240689 0.000000
vt 1.401560 0.130000 0.000000
vt 1.226365 0.130000 0.000000
vt 1.401560 0.000000 0.000000
vt 1.211756 0.000000 0.000000
vt 1.084012 0.000000 0.000000
vt 1.051170 0.130000 0.000000
vt 0.956268 0.000000 0.000000
vt 0.963572 0.130000 0.000000
vt 0.875975 0.130000 0.000000
vt 0.828524 0.000000 0.000000
vt 0.788377 0.130000 0.000000
vt 0.764652 0.000000 0.000000
vt 0.700780 0.130000 0.000000
vt 0.700780 0.000000 0.000000
vt 0.675097 0.000000 0.000000
vt 0.613182 0.130000 0.000000
vt 0.613182 0.000000 0.000000
vt 0.579300 0.000000 0.000000
vt 0.525585 0.130000 0.000000
vt 0.525585 0.000000 0.000000
vt 0.350390 0.130000 0.000000
vt 0.350390 0.000000 0.000000
vt 0.262792 0.130000 0.000000
vt 0.262792 0.000000 0.000000
vt 0.241739 0.000000 0.000000
vt 0.218994 0.130000 0.000000
vt 0.218994 0.000000 0.000000
vt 0.193281 0.000000 0.000000
vt 0.175195 0.130000 0.000000
vt 0.175195 0.000000 0.000000
vt 0.144837 0.000000 0.000000
vt 0.131396 0.130000 0.000000
vt 0.131396 0.000000 0.000000
vt 0.096473 0.000000 0.000000
vt 0.087597 0.130000 0.000000
vt 0.087597 0.000000 0.000000
vt 0.048203 0.000000 0.000000
vt 0.000000 0.130000 0.000000
vt 0.000000 0.000000 0.000000
vt -0.130000 1.105424 0.000000
vt -0.130000 0.280000 0.000000
vt 0.000000 1.105424 0.000000
vt 0.150000 1.105424 0.000000
vt 0.150000 0.000000 0.000000
vt -3.570000 0.280000 0.000000
vt -3.850000 0.000000 0.000000
vt -3.850000 1.105424 0.000000
vt -3.570000 1.105424 0.000000
vt -0.942866 -3.850000 0.000000
vt 0.147134 -3.850000 0.000000
vt -0.942866 0.150000 0.000000
vt 0.147134 0.150000 0.000000
vt 0.084327 2.335251 0.000000
vt 0.193894 2.989990 0.000000
vt 0.058197 2.506495 0.000000
vt 0.144452 2.969510 0.000000
vt 0.091394 2.962525 0.000000
vt 0.366946 2.520650 0.000000
vt 0.113574 2.183830 0.000000
vt 0.313459 2.143462 0.000000
vt 0.174724 1.913406 0.000000
vt 0.274836 1.738934 0.000000
vt 0.228247 1.641126 0.000000
vt 0.247961 1.487385 0.000000
vt 0.260744 1.312893 0.000000
vt 0.425629 2.864670 0.000000
vt 0.268930 3.065025 0.000000
vt 0.236351 3.022568 0.000000
vt 0.479842 3.169695 0.000000
vt 0.296394 3.167525 0.000000
vt 0.289409 3.114467 0.000000
vt 0.289409 3.220583 0.000000
vt 0.519918 3.429897 0.000000
vt 0.268930 3.270025 0.000000
vt 0.531633 3.541369 0.000000
vt 0.518989 3.792525 0.000000
vt 0.536189 3.639450 0.000000
vt 0.532378 3.723411 0.000000
vt -0.368606 3.792525 0.000000
vt 0.091394 3.372525 0.000000
vt 0.144452 3.365540 0.000000
vt 0.193894 3.345060 0.000000
vt -0.368606 3.231339 0.000000
vt -0.208905 3.086349 0.000000
vt -0.106620 3.220583 0.000000
vt -0.086141 3.270025 0.000000
vt -0.081364 2.912396 0.000000
vt -0.106620 3.114467 0.000000
vt -0.113606 3.167525 0.000000
vt 0.008881 2.716482 0.000000
vt -0.011106 2.989990 0.000000
vt -0.053562 3.022568 0.000000
vt -0.086141 3.065025 0.000000
vt 0.038337 2.969510 0.000000
vt -0.053562 3.312482 0.000000
vt -0.011106 3.345060 0.000000
vt 0.038337 3.365540 0.000000
vt 0.236351 3.312482 0.000000
vt 0.359695 -0.267459 0.000000
vt 0.349064 -0.234983 0.000000
vt 0.368606 -0.352051 0.000000
vt 0.334765 -0.207933 0.000000
vt 0.317136 -0.185465 0.000000
vt 0.368606 -1.177475 0.000000
vt 0.296515 -0.166738 0.000000
vt 0.247647 -0.137139 0.000000
vt 0.053606 -0.832475 0.000000
vt 0.128857 -0.085789 0.000000
vt 0.048665 -0.794946 0.000000
vt 0.064336 -0.050567 0.000000
vt 0.034179 -0.759975 0.000000
vt 0.011136 -0.729944 0.000000
vt 0.000000 0.000000 0.000000
vt -0.018894 -0.706901 0.000000
vt -0.053866 -0.692416 0.000000
vt -0.059638 0.076077 0.000000
vt -0.091394 -0.687475 0.000000
vt -0.128923 -0.692416 0.000000
vt -0.111818 0.179751 0.000000
vt -0.163894 -0.706901 0.000000
vt -0.156474 0.305634 0.000000
vt -0.193925 -0.729944 0.000000
vt -0.216968 -0.759975 0.000000
vt -0.193537 0.448343 0.000000
vt -0.231454 -0.794946 0.000000
vt -0.244619 0.762694 0.000000
vt -0.531394 -1.177475 0.000000
vt -0.264525 1.079721 0.000000
vt -0.264851 1.115277 0.000000
vt -0.264851 1.150835 0.000000
vt -0.531394 3.512525 0.000000
vt -0.264525 1.186391 0.000000
vt -0.256124 1.392051 0.000000
vt -0.238528 1.569038 0.000000
vt -0.231454 3.129996 0.000000
vt -0.236394 3.167525 0.000000
vt -0.184206 1.871111 0.000000
vt -0.216968 3.095025 0.000000
vt -0.193925 3.064995 0.000000
vt -0.118462 2.160850 0.000000
vt -0.163894 3.041951 0.000000
vt -0.086588 2.322419 0.000000
vt -0.128923 3.027466 0.000000
vt -0.058197 2.506495 0.000000
vt -0.091394 3.022525 0.000000
vt -0.053866 3.027466 0.000000
vt -0.008881 2.716482 0.000000
vt -0.018894 3.041951 0.000000
vt 0.011136 3.064995 0.000000
vt 0.034179 3.095025 0.000000
vt 0.081364 2.912396 0.000000
vt 0.048665 3.129996 0.000000
vt 0.053606 3.167525 0.000000
vt 0.208905 3.086349 0.000000
vt 0.048665 3.205054 0.000000
vt 0.368606 3.512525 0.000000
vt 0.034179 3.240025 0.000000
vt 0.011136 3.270056 0.000000
vt -0.018894 3.293099 0.000000
vt -0.053866 3.307584 0.000000
vt -0.091394 3.312525 0.000000
vt -0.128923 3.307584 0.000000
vt -0.163894 3.293099 0.000000
vt -0.193925 3.270056 0.000000
vt -0.216968 3.240025 0.000000
vt -0.231454 3.205054 0.000000
vt 0.368606 3.231339 0.000000
vt -0.091394 -0.977475 0.000000
vt -0.128923 -0.972534 0.000000
vt -0.163894 -0.958049 0.000000
vt -0.231454 -0.870004 0.000000
vt -0.236394 -0.832475 0.000000
vt 0.048665 -0.870004 0.000000
vt 0.034179 -0.904975 0.000000
vt 0.011136 -0.935005 0.000000
vt -0.018894 -0.958049 0.000000
vt -0.053866 -0.972534 0.000000
vt -0.193925 -0.935005 0.000000
vt -0.216968 -0.904975 0.000000
vt 0.633131 3.440000 0.000000
vt -0.266869 3.440000 0.000000
vt 0.633131 0.000000 0.000000
vt -0.266869 0.000000 0.000000
vt 0.900000 3.440000 0.000000
vt -0.000000 3.440000 0.000000
vt 0.900000 0.000000 0.000000
vt -0.000000 0.000000 0.000000
vt 0.639101 -3.544421 0.000000
vt 0.703810 -2.539450 0.000000
vt 0.639101 -2.718997 0.000000
vt 0.681834 -2.562464 0.000000
vt 0.663880 -2.590737 0.000000
vt 1.539101 -3.544421 0.000000
vt 1.099101 -3.344421 0.000000
vt 1.061572 -3.339480 0.000000
vt 1.026601 -3.324995 0.000000
vt 1.539101 1.145579 0.000000
vt 1.271262 -1.157822 0.000000
vt 1.269873 -1.330882 0.000000
vt 1.242290 -1.696797 0.000000
vt 0.639101 1.145579 0.000000
vt 1.099101 0.945579 0.000000
vt 1.136630 0.940638 0.000000
vt 1.171601 0.926152 0.000000
vt 0.639101 0.864393 0.000000
vt 0.798802 0.719403 0.000000
vt 0.959042 0.838108 0.000000
vt 0.973527 0.873079 0.000000
vt 0.954101 0.800579 0.000000
vt 0.926342 0.545449 0.000000
vt 0.959042 0.763050 0.000000
vt 0.973527 0.728079 0.000000
vt 1.016587 0.349535 0.000000
vt 0.996570 0.698048 0.000000
vt 1.026601 0.675005 0.000000
vt 1.061572 0.660520 0.000000
vt 1.065904 0.139549 0.000000
vt 1.099101 0.655579 0.000000
vt 1.136630 0.660520 0.000000
vt 1.141244 -0.239237 0.000000
vt 1.171601 0.675005 0.000000
vt 1.201631 0.698048 0.000000
vt 1.224675 0.728079 0.000000
vt 1.207708 -0.619682 0.000000
vt 1.239160 0.763050 0.000000
vt 1.244101 0.800579 0.000000
vt 1.239160 0.838108 0.000000
vt 1.224675 0.873079 0.000000
vt 1.201631 0.903109 0.000000
vt 1.265258 -1.001576 0.000000
vt 1.239160 -3.161892 0.000000
vt 1.214786 -1.874328 0.000000
vt 1.224675 -3.126921 0.000000
vt 1.177266 -2.038027 0.000000
vt 1.201631 -3.096891 0.000000
vt 1.171601 -3.073848 0.000000
vt 1.129074 -2.180231 0.000000
vt 1.136630 -3.059362 0.000000
vt 1.069554 -2.293278 0.000000
vt 1.099101 -3.054421 0.000000
vt 1.061572 -3.059362 0.000000
vt 1.000985 -2.372758 0.000000
vt 1.026601 -3.073848 0.000000
vt 0.996570 -3.096891 0.000000
vt 0.928720 -2.425708 0.000000
vt 0.973527 -3.126921 0.000000
vt 0.959042 -3.161892 0.000000
vt 0.954101 -3.199421 0.000000
vt 0.788926 -2.490069 0.000000
vt 0.729314 -2.520506 0.000000
vt 0.650444 -2.625457 0.000000
vt 0.642019 -2.667814 0.000000
vt 0.996570 0.903109 0.000000
vt 1.026601 0.926152 0.000000
vt 1.061572 0.940638 0.000000
vt 1.244101 -3.199421 0.000000
vt 1.239160 -3.236950 0.000000
vt 1.224675 -3.271921 0.000000
vt 1.201631 -3.301952 0.000000
vt 1.171601 -3.324995 0.000000
vt 1.136630 -3.339480 0.000000
vt 0.996570 -3.301952 0.000000
vt 0.973527 -3.271921 0.000000
vt 0.959042 -3.236950 0.000000
vt -0.000000 0.280000 0.000000
vt -0.058055 0.280000 0.000000
vt -0.000000 0.000000 0.000000
vt -0.058055 0.000000 0.000000
vt -0.116110 0.280000 0.000000
vt -0.116110 0.000000 0.000000
vt -0.174165 0.280000 0.000000
vt -0.174165 0.000000 0.000000
vt -0.232220 0.280000 0.000000
vt -0.232220 0.000000 0.000000
vt -0.290275 0.280000 0.000000
vt -0.290275 0.000000 0.000000
vt -0.348330 0.280000 0.000000
vt -0.348330 0.000000 0.000000
vt -0.464441 0.280000 0.000000
vt -0.464441 0.000000 0.000000
vt -0.696661 0.280000 0.000000
vt -0.696661 0.000000 0.000000
vt -0.812771 0.280000 0.000000
vt -0.812771 0.000000 0.000000
vt -0.928881 0.280000 0.000000
vt -0.928881 0.000000 0.000000
vt -1.044991 0.280000 0.000000
vt -1.044991 0.000000 0.000000
vt -1.161101 0.280000 0.000000
vt -1.161101 0.000000 0.000000
vt -1.277212 0.280000 0.000000
vt -1.277212 0.000000 0.000000
vt -1.393322 0.280000 0.000000
vt -1.393322 0.000000 0.000000
vt -1.625542 0.280000 0.000000
vt -1.625542 0.000000 0.000000
vt -1.741652 0.280000 0.000000
vt -1.741652 0.000000 0.000000
vt -1.857762 0.150000 0.000000
vt -1.857762 0.000000 0.000000
vt -1.857762 0.280000 0.000000
vt -1.265258 -1.001576 0.000000
vt -1.278822 -0.730748 0.000000
vt -1.271262 -1.157822 0.000000
vt -1.314592 -0.466752 0.000000
vt -1.423207 0.035346 0.000000
vt -1.481283 0.270749 0.000000
vt -1.729101 -3.824421 0.000000
vt -1.269873 -1.330882 0.000000
vt -1.532025 0.493921 0.000000
vt -1.568048 0.703514 0.000000
vt -1.729101 1.425579 0.000000
vt -1.581967 0.898177 0.000000
vt -1.581967 0.912493 0.000000
vt -1.575060 1.083438 0.000000
vt -1.572183 1.254498 0.000000
vt -1.573338 1.425579 0.000000
vt -0.639101 -3.824421 0.000000
vt -1.136630 -3.339480 0.000000
vt -1.171601 -3.324995 0.000000
vt -1.201631 -3.301952 0.000000
vt -0.639101 -2.718997 0.000000
vt -0.729314 -2.520506 0.000000
vt -0.788926 -2.490069 0.000000
vt -0.954101 -3.199421 0.000000
vt -0.959042 -3.161892 0.000000
vt -0.928720 -2.425708 0.000000
vt -0.973527 -3.126921 0.000000
vt -0.996570 -3.096891 0.000000
vt -1.000985 -2.372758 0.000000
vt -1.026601 -3.073848 0.000000
vt -1.061572 -3.059362 0.000000
vt -1.069554 -2.293278 0.000000
vt -1.099101 -3.054421 0.000000
vt -1.136630 -3.059362 0.000000
vt -1.129074 -2.180231 0.000000
vt -1.171601 -3.073848 0.000000
vt -1.201631 -3.096891 0.000000
vt -1.177266 -2.038027 0.000000
vt -1.224675 -3.126921 0.000000
vt -1.214786 -1.874328 0.000000
vt -1.239160 -3.161892 0.000000
vt -1.242290 -1.696797 0.000000
vt -1.244101 -3.199421 0.000000
vt -1.239160 -3.236950 0.000000
vt -1.224675 -3.271921 0.000000
vt -0.642019 -2.667814 0.000000
vt -0.650444 -2.625457 0.000000
vt -0.663880 -2.590737 0.000000
vt -0.681834 -2.562464 0.000000
vt -0.703810 -2.539450 0.000000
vt -0.959042 -3.236950 0.000000
vt -0.973527 -3.271921 0.000000
vt -0.996570 -3.301952 0.000000
vt -1.026601 -3.324995 0.000000
vt -1.061572 -3.339480 0.000000
vt -1.099101 -3.344421 0.000000
vt -0.000000 0.150000 0.000000
vt -0.248254 0.150000 0.000000
vt -0.000000 0.000000 0.000000
vt -0.248254 0.000000 0.000000
vt -0.496509 0.150000 0.000000
vt -0.496509 0.000000 0.000000
vt -0.744763 0.150000 0.000000
vt -0.744763 0.000000 0.000000
vt -0.993018 0.150000 0.000000
vt -0.993018 0.000000 0.000000
vt -1.489527 0.150000 0.000000
vt -1.489527 0.000000 0.000000
vt -1.737781 0.150000 0.000000
vt -1.737781 0.000000 0.000000
vt -1.986036 0.150000 0.000000
vt -1.986036 0.000000 0.000000
vt 7.260469 -0.036554 0.000000
vt 7.556016 -0.387974 0.000000
vt 7.259315 0.134526 0.000000
vt 7.588595 -0.345517 0.000000
vt 7.631052 -0.312938 0.000000
vt 7.535537 -0.437416 0.000000
vt 7.257592 -0.207614 0.000000
vt 7.250686 -0.378559 0.000000
vt 7.528552 -0.490474 0.000000
vt 7.250686 -0.392875 0.000000
vt 7.264604 -0.587538 0.000000
vt 7.300627 -0.797131 0.000000
vt 7.535537 -0.543532 0.000000
vt 7.351369 -1.020304 0.000000
vt 7.556016 -0.592974 0.000000
vt 7.409445 -1.255707 0.000000
vt 7.588595 -0.635431 0.000000
vt 7.631052 -0.668009 0.000000
vt 7.766749 -1.151504 0.000000
vt 7.680494 -0.688488 0.000000
vt 7.733552 -0.695474 0.000000
vt 7.816065 -0.941517 0.000000
vt 7.786610 -0.688488 0.000000
vt 7.836052 -0.668009 0.000000
vt 7.906310 -0.745603 0.000000
vt 7.878509 -0.635431 0.000000
vt 7.911087 -0.592974 0.000000
vt 7.931566 -0.543532 0.000000
vt 8.033851 -0.571649 0.000000
vt 7.938552 -0.490474 0.000000
vt 7.931566 -0.437416 0.000000
vt 8.193552 0.134526 0.000000
vt 7.911087 -0.387974 0.000000
vt 7.878509 -0.345517 0.000000
vt 7.836052 -0.312938 0.000000
vt 7.786610 -0.292459 0.000000
vt 7.733552 -0.285474 0.000000
vt 7.680494 -0.292459 0.000000
vt 7.691408 -1.530290 0.000000
vt 7.518061 -1.757805 0.000000
vt 7.624945 -1.910734 0.000000
vt 7.553831 -2.021801 0.000000
vt 7.567395 -2.292628 0.000000
vt 8.193552 -0.426660 0.000000
vt -1.305000 12.572349 0.000000
vt -1.455000 12.572349 0.000000
vt -1.305000 12.558033 0.000000
vt -1.455000 12.558033 0.000000
vt 1.455000 7.835435 0.000000
vt -0.545000 10.740435 0.000000
vt -2.545000 7.835435 0.000000
vt -0.576058 10.744524 0.000000
vt -0.605000 10.756512 0.000000
vt 1.455000 13.085435 0.000000
vt 0.370911 11.629376 0.000000
vt 0.358923 11.600435 0.000000
vt 0.339853 11.575582 0.000000
vt -2.545000 13.085435 0.000000
vt -0.545000 12.580435 0.000000
vt -0.513942 12.576346 0.000000
vt -0.485000 12.564358 0.000000
vt -1.460911 11.629376 0.000000
vt -1.465000 11.660435 0.000000
vt -1.460911 11.691493 0.000000
vt -1.027963 11.789844 0.000000
vt -1.229089 11.691493 0.000000
vt -1.045000 11.660435 0.000000
vt -1.225000 11.660435 0.000000
vt -1.229089 11.629376 0.000000
vt -0.978013 11.910435 0.000000
vt -1.260147 11.745287 0.000000
vt -1.241077 11.720435 0.000000
vt -0.898553 12.013988 0.000000
vt -1.313942 11.776346 0.000000
vt -1.285000 11.764358 0.000000
vt -0.795000 12.093447 0.000000
vt -0.665000 12.460435 0.000000
vt -0.660911 12.491493 0.000000
vt -0.648923 12.520435 0.000000
vt -0.629853 12.545287 0.000000
vt -0.674410 12.143398 0.000000
vt -0.648923 12.400435 0.000000
vt -0.660911 12.429376 0.000000
vt -0.545000 12.160435 0.000000
vt -0.576058 12.344524 0.000000
vt -0.605000 12.356512 0.000000
vt -0.629853 12.375582 0.000000
vt -0.415590 12.143398 0.000000
vt -0.513942 12.344524 0.000000
vt -0.545000 12.340435 0.000000
vt -0.295000 12.093447 0.000000
vt -0.441077 12.400435 0.000000
vt -0.460147 12.375582 0.000000
vt -0.485000 12.356512 0.000000
vt -0.191447 12.013988 0.000000
vt -0.425000 12.460435 0.000000
vt -0.429089 12.429376 0.000000
vt -0.111987 11.910435 0.000000
vt 0.223942 11.776346 0.000000
vt 0.255000 11.780435 0.000000
vt 0.286058 11.776346 0.000000
vt -0.062037 11.789844 0.000000
vt 0.170147 11.745287 0.000000
vt 0.195000 11.764358 0.000000
vt -0.045000 11.660435 0.000000
vt 0.139089 11.691493 0.000000
vt 0.151077 11.720435 0.000000
vt -0.062037 11.531025 0.000000
vt 0.139089 11.629376 0.000000
vt 0.135000 11.660435 0.000000
vt -0.111987 11.410435 0.000000
vt 0.170147 11.575582 0.000000
vt 0.151077 11.600435 0.000000
vt -0.191447 11.306881 0.000000
vt 0.223942 11.544524 0.000000
vt 0.195000 11.556512 0.000000
vt -0.295000 11.227422 0.000000
vt -0.425000 10.860435 0.000000
vt -0.429089 10.829376 0.000000
vt 0.255000 11.540435 0.000000
vt 0.286058 11.544524 0.000000
vt -0.441077 10.800435 0.000000
vt 0.315000 11.556512 0.000000
vt -0.415590 11.177472 0.000000
vt -0.441077 10.920435 0.000000
vt -0.429089 10.891493 0.000000
vt -0.545000 11.160435 0.000000
vt -0.513942 10.976346 0.000000
vt -0.485000 10.964358 0.000000
vt -0.460147 10.945287 0.000000
vt -0.674410 11.177472 0.000000
vt -0.576058 10.976346 0.000000
vt -0.545000 10.980435 0.000000
vt -0.795000 11.227422 0.000000
vt -0.648923 10.920435 0.000000
vt -0.629853 10.945287 0.000000
vt -0.605000 10.964358 0.000000
vt -0.898553 11.306881 0.000000
vt -0.665000 10.860435 0.000000
vt -0.660911 10.891493 0.000000
vt -0.978013 11.410435 0.000000
vt -1.313942 11.544524 0.000000
vt -1.345000 11.540435 0.000000
vt -0.660911 10.829376 0.000000
vt -1.376058 11.544524 0.000000
vt -0.648923 10.800435 0.000000
vt -1.405000 11.556512 0.000000
vt -1.429853 11.575582 0.000000
vt -1.448923 11.600435 0.000000
vt -1.027963 11.531025 0.000000
vt -1.260147 11.575582 0.000000
vt -1.285000 11.556512 0.000000
vt -1.241077 11.600435 0.000000
vt 0.315000 11.764358 0.000000
vt 0.339853 11.745287 0.000000
vt 0.358923 11.720435 0.000000
vt 0.370911 11.691493 0.000000
vt 0.375000 11.660435 0.000000
vt -0.605000 12.564358 0.000000
vt -0.576058 12.576346 0.000000
vt -0.460147 12.545287 0.000000
vt -0.441077 12.520435 0.000000
vt -0.429089 12.491493 0.000000
vt -1.448923 11.720435 0.000000
vt -1.429853 11.745287 0.000000
vt -1.405000 11.764358 0.000000
vt -1.376058 11.776346 0.000000
vt -1.345000 11.780435 0.000000
vt -0.460147 10.775582 0.000000
vt -0.485000 10.756512 0.000000
vt -0.513942 10.744524 0.000000
vt -0.629853 10.775582 0.000000
vt -1.175000 12.805435 0.000000
vt 0.545000 12.580435 0.000000
vt 2.265000 12.805435 0.000000
vt 0.576058 12.576346 0.000000
vt 0.605000 12.564358 0.000000
vt -1.175000 8.115435 0.000000
vt -0.370911 11.629376 0.000000
vt -0.375000 11.660435 0.000000
vt -0.370911 11.691493 0.000000
vt 2.265000 8.115435 0.000000
vt 0.545000 10.740435 0.000000
vt 0.513942 10.744524 0.000000
vt 0.485000 10.756512 0.000000
vt 1.460911 11.629376 0.000000
vt 1.448923 11.600435 0.000000
vt 1.429853 11.575582 0.000000
vt 1.027963 11.531025 0.000000
vt 1.229089 11.629376 0.000000
vt 1.045000 11.660435 0.000000
vt 1.225000 11.660435 0.000000
vt 1.229089 11.691493 0.000000
vt 0.978013 11.410435 0.000000
vt 1.260147 11.575582 0.000000
vt 1.241077 11.600435 0.000000
vt 0.898553 11.306881 0.000000
vt 1.313942 11.544524 0.000000
vt 1.285000 11.556512 0.000000
vt 0.795000 11.227422 0.000000
vt 0.665000 10.860435 0.000000
vt 0.660911 10.829376 0.000000
vt 1.345000 11.540435 0.000000
vt 1.376058 11.544524 0.000000
vt 0.648923 10.800435 0.000000
vt 0.629853 10.775582 0.000000
vt 0.605000 10.756512 0.000000
vt 0.674410 11.177472 0.000000
vt 0.648923 10.920435 0.000000
vt 0.660911 10.891493 0.000000
vt 0.545000 11.160435 0.000000
vt 0.576058 10.976346 0.000000
vt 0.605000 10.964358 0.000000
vt 0.629853 10.945287 0.000000
vt 0.415590 11.177472 0.000000
vt 0.513942 10.976346 0.000000
vt 0.545000 10.980435 0.000000
vt 0.295000 11.227422 0.000000
vt 0.441077 10.920435 0.000000
vt 0.460147 10.945287 0.000000
vt 0.485000 10.964358 0.000000
vt 0.191447 11.306881 0.000000
vt 0.425000 10.860435 0.000000
vt 0.429089 10.891493 0.000000
vt 0.111987 11.410435 0.000000
vt -0.223942 11.544524 0.000000
vt -0.255000 11.540435 0.000000
vt 0.429089 10.829376 0.000000
vt -0.286058 11.544524 0.000000
vt 0.441077 10.800435 0.000000
vt 0.460147 10.775582 0.000000
vt 0.062037 11.531025 0.000000
vt -0.170147 11.575582 0.000000
vt -0.195000 11.556512 0.000000
vt 0.045000 11.660435 0.000000
vt -0.139089 11.629376 0.000000
vt -0.151077 11.600435 0.000000
vt 0.062037 11.789844 0.000000
vt -0.139089 11.691493 0.000000
vt -0.135000 11.660435 0.000000
vt 0.111987 11.910435 0.000000
vt -0.170147 11.745287 0.000000
vt -0.151077 11.720435 0.000000
vt 0.191447 12.013988 0.000000
vt -0.223942 11.776346 0.000000
vt -0.195000 11.764358 0.000000
vt 0.295000 12.093447 0.000000
vt 0.425000 12.460435 0.000000
vt 0.429089 12.491493 0.000000
vt 0.441077 12.520435 0.000000
vt 0.460147 12.545287 0.000000
vt 0.415590 12.143398 0.000000
vt 0.441077 12.400435 0.000000
vt 0.429089 12.429376 0.000000
vt 0.545000 12.160435 0.000000
vt 0.513942 12.344524 0.000000
vt 0.485000 12.356512 0.000000
vt 0.460147 12.375582 0.000000
vt 0.674410 12.143398 0.000000
vt 0.576058 12.344524 0.000000
vt 0.545000 12.340435 0.000000
vt 0.795000 12.093447 0.000000
vt 0.648923 12.400435 0.000000
vt 0.629853 12.375582 0.000000
vt 0.605000 12.356512 0.000000
vt 0.898553 12.013988 0.000000
vt 0.665000 12.460435 0.000000
vt 0.660911 12.429376 0.000000
vt 0.978013 11.910435 0.000000
vt 1.313942 11.776346 0.000000
vt 1.345000 11.780435 0.000000
vt 1.376058 11.776346 0.000000
vt 1.405000 11.764358 0.000000
vt 1.027963 11.789844 0.000000
vt 1.260147 11.745287 0.000000
vt 1.285000 11.764358 0.000000
vt 1.241077 11.720435 0.000000
vt -0.315000 11.556512 0.000000
vt -0.339853 11.575582 0.000000
vt -0.358923 11.600435 0.000000
vt -0.358923 11.720435 0.000000
vt -0.339853 11.745287 0.000000
vt -0.315000 11.764358 0.000000
vt -0.286058 11.776346 0.000000
vt -0.255000 11.780435 0.000000
vt 0.485000 12.564358 0.000000
vt 0.513942 12.576346 0.000000
vt 0.629853 12.545287 0.000000
vt 0.648923 12.520435 0.000000
vt 0.660911 12.491493 0.000000
vt 1.460911 11.691493 0.000000
vt 1.465000 11.660435 0.000000
vt 1.405000 11.556512 0.000000
vt 1.429853 11.745287 0.000000
vt 1.448923 11.720435 0.000000
vt 0.576058 10.744524 0.000000
vt -2.647384 0.150000 0.000000
vt -2.649801 0.000000 0.000000
vt -2.646662 0.150000 0.000000
vt -2.318576 0.000000 0.000000
vt -2.315829 0.150000 0.000000
vt -1.987351 0.000000 0.000000
vt -1.984996 0.150000 0.000000
vt -1.656126 0.000000 0.000000
vt -1.654163 0.150000 0.000000
vt -1.324900 0.000000 0.000000
vt -1.323331 0.150000 0.000000
vt -0.993675 0.000000 0.000000
vt -0.992498 0.150000 0.000000
vt -0.662450 0.000000 0.000000
vt -0.661665 0.150000 0.000000
vt -0.496838 0.000000 0.000000
vt -0.496249 0.150000 0.000000
vt -0.331225 0.000000 0.000000
vt -0.330833 0.150000 0.000000
vt -0.165613 0.000000 0.000000
vt -0.165416 0.150000 0.000000
vt -0.000000 0.000000 0.000000
vt -0.000000 0.150000 0.000000
vt -2.649797 0.150000 0.000000
vt -0.000000 0.150000 0.000000
vt -0.086164 0.150000 0.000000
vt -0.000000 0.000000 0.000000
vt -0.109269 0.000000 0.000000
vt -0.155966 0.150000 0.000000
vt -0.218538 0.000000 0.000000
vt -0.367643 0.150000 0.000000
vt -0.437077 0.000000 0.000000
vt -0.494271 0.150000 0.000000
vt -0.546346 0.000000 0.000000
vt -0.620898 0.150000 0.000000
vt -0.655615 0.000000 0.000000
vt -0.747526 0.150000 0.000000
vt -0.764884 0.000000 0.000000
vt -0.874153 0.150000 0.000000
vt -0.874153 0.000000 0.000000
vt -0.954062 0.150000 0.000000
vt -0.983422 0.000000 0.000000
vt -0.983422 0.150000 0.000000
vt -1.092691 0.150000 0.000000
vt -1.092691 0.000000 0.000000
vt -1.311230 0.150000 0.000000
vt -1.311230 0.000000 0.000000
vt -1.352390 0.150000 0.000000
vt -1.420499 0.000000 0.000000
vt -1.420499 0.150000 0.000000
vt -1.451381 0.150000 0.000000
vt -1.475134 0.000000 0.000000
vt -1.475134 0.150000 0.000000
vt -1.529768 0.150000 0.000000
vt -1.529768 0.000000 0.000000
vt -1.584403 0.150000 0.000000
vt -1.584403 0.000000 0.000000
vt -1.639037 0.150000 0.000000
vt -1.639037 0.000000 0.000000
vt -1.693672 0.150000 0.000000
vt -1.693672 0.000000 0.000000
vt -1.748306 0.150000 0.000000
vt -1.748306 0.000000 0.000000
vt 0.093636 0.929400 0.000000
vt 0.107034 0.860195 0.000000
vt 0.296041 0.929400 0.000000
vt 0.110835 0.776108 0.000000
vt 0.106250 0.677870 0.000000
vt 0.094494 0.566212 0.000000
vt 0.054315 0.305560 0.000000
vt -0.000000 0.000000 0.000000
vt 0.296041 -4.320600 0.000000
vt -0.058750 -0.344620 0.000000
vt -0.161105 -1.711405 0.000000
vt -0.112233 -0.722452 0.000000
vt -0.150749 -1.127648 0.000000
vt -0.164595 -1.554360 0.000000
vt -0.165171 -1.882997 0.000000
vt -0.197963 -2.240477 0.000000
vt -0.188959 -3.695600 0.000000
vt -0.193900 -3.658072 0.000000
vt -0.227687 -2.411692 0.000000
vt -0.208385 -3.623100 0.000000
vt -0.266960 -2.568108 0.000000
vt -0.231429 -3.593070 0.000000
vt -0.261459 -3.570027 0.000000
vt -0.316281 -2.702389 0.000000
vt -0.296430 -3.555541 0.000000
vt -0.333959 -3.550600 0.000000
vt -0.376149 -2.807198 0.000000
vt -0.371488 -3.555541 0.000000
vt -0.444102 -2.879863 0.000000
vt -0.406459 -3.570027 0.000000
vt -0.436490 -3.593070 0.000000
vt -0.459533 -3.623100 0.000000
vt -0.514902 -2.928535 0.000000
vt -0.474018 -3.658072 0.000000
vt -0.478959 -3.695600 0.000000
vt -0.650361 -2.989506 0.000000
vt -0.793959 -4.320600 0.000000
vt -0.707680 -3.019606 0.000000
vt -0.793959 -3.215176 0.000000
vt -0.732132 -3.038454 0.000000
vt -0.753166 -3.061317 0.000000
vt -0.770325 -3.089308 0.000000
vt -0.783149 -3.123540 0.000000
vt -0.791180 -3.165125 0.000000
vt -0.296430 -3.835660 0.000000
vt -0.333959 -3.840600 0.000000
vt -0.371488 -3.835660 0.000000
vt -0.193900 -3.733129 0.000000
vt -0.208385 -3.768100 0.000000
vt -0.231429 -3.798131 0.000000
vt -0.261459 -3.821174 0.000000
vt -0.406459 -3.821174 0.000000
vt -0.436490 -3.798131 0.000000
vt -0.459533 -3.768100 0.000000
vt -0.474018 -3.733129 0.000000
vt 0.161029 -1.676737 0.000000
vt 0.160502 -1.712290 0.000000
vt 0.161889 -1.783383 0.000000
vt 0.160502 -1.747848 0.000000
vt 0.160828 -1.783405 0.000000
vt 0.183810 -2.127341 0.000000
vn -0.707107 0.183013 -0.683013
vn -0.707107 0.183013 -0.683013
vn -0.707107 0.000000 -0.707107
vn -0.707107 0.000000 -0.707107
vn -0.707107 -0.183013 -0.683013
vn -0.707107 -0.183013 -0.683013
vn -0.707107 -0.353553 -0.612372
vn -0.707107 -0.353553 -0.612372
vn -0.707107 -0.500000 -0.500000
vn -0.707107 -0.500000 -0.500000
vn -0.707107 -0.612372 -0.353553
vn -0.707107 -0.612372 -0.353553
vn -0.707107 -0.683013 -0.183013
vn -0.707107 -0.683013 -0.183013
vn -0.707107 -0.707107 -0.000000
vn -0.707107 -0.707107 -0.000000
vn -0.707107 -0.683013 0.183013
vn -0.707107 -0.683013 0.183013
vn -0.707107 -0.612372 0.353553
vn -0.707107 -0.612372 0.353553
vn -0.707107 -0.500000 0.500000
vn -0.707107 -0.500000 0.500000
vn -0.707107 -0.353553 0.612372
vn -0.707107 -0.353553 0.612372
vn -0.707107 -0.183013 0.683013
vn -0.707107 -0.183013 0.683013
vn -0.707107 -0.000000 0.707107
vn -0.707107 -0.000000 0.707107
vn -0.707107 0.183013 0.683013
vn -0.707107 0.183013 0.683013
vn -0.707107 0.353553 0.612372
vn -0.707107 0.353553 0.612372
vn -0.707107 0.500000 0.500000
vn -0.707107 0.500000 0.500000
vn -0.707107 0.612372 0.353553
vn -0.707107 0.612372 0.353553
vn -0.707107 0.683013 0.183013
vn -0.707107 0.683013 0.183013
vn -0.707107 0.707107 -0.000000
vn -0.707107 0.707107 -0.000000
vn -0.707107 0.683013 -0.183013
vn -0.707107 0.683013 -0.183013
vn -0.707107 0.612372 -0.353553
vn -0.707107 0.612372 -0.353553
vn -0.707107 0.500000 -0.500000
vn -0.707107 0.500000 -0.500000
vn -0.707107 0.353553 -0.612372
vn -0.707107 0.353553 -0.612372
vn 0.707107 0.183013 0.683013
vn 0.707107 0.183013 0.683013
vn 0.707107 -0.000000 0.707107
vn 0.707107 -0.000000 0.707107
vn 0.707107 -0.183013 0.683013
vn 0.707107 -0.183013 0.683013
vn 0.707107 -0.353553 0.612372
vn 0.707107 -0.353553 0.612372
vn 0.707107 -0.500000 0.500000
vn 0.707107 -0.500000 0.500000
vn 0.707107 -0.612372 0.353553
vn 0.707107 -0.612372 0.353553
vn 0.707107 -0.683013 0.183013
vn 0.707107 -0.683013 0.183013
vn 0.707107 -0.707107 0.000000
vn 0.707107 -0.707107 0.000000
vn 0.707107 -0.683013 -0.183013
vn 0.707107 -0.683013 -0.183013
vn 0.707107 -0.612372 -0.353553
vn 0.707107 -0.612372 -0.353553
vn 0.707107 -0.500000 -0.500000
vn 0.707107 -0.500000 -0.500000
vn 0.707107 -0.353553 -0.612372
vn 0.707107 -0.353553 -0.612372
vn 0.707107 -0.183013 -0.683013
vn 0.707107 -0.183013 -0.683013
vn 0.707107 -0.000000 -0.707107
vn 0.707107 -0.000000 -0.707107
vn 0.707107 0.183013 -0.683013
vn 0.707107 0.183013 -0.683013
vn 0.707107 0.353553 -0.612372
vn 0.707107 0.353553 -0.612372
vn 0.707107 0.500000 -0.500000
vn 0.707107 0.500000 -0.500000
vn 0.707107 0.612372 -0.353553
vn 0.707107 0.612372 -0.353553
vn 0.707107 0.683013 -0.183013
vn 0.707107 0.683013 -0.183013
vn 0.707107 0.707107 0.000000
vn 0.707107 0.707107 0.000000
vn 0.707107 0.683013 0.183013
vn 0.707107 0.683013 0.183013
vn 0.707107 0.612372 0.353553
vn 0.707107 0.612372 0.353553
vn 0.707107 0.500000 0.500000
vn 0.707107 0.500000 0.500000
vn 0.707107 0.353553 0.612372
vn 0.707107 0.353553 0.612372
vn -0.965926 0.258819 0.000000
vn -0.965926 0.258819 0.000000
vn -1.000000 -0.000000 0.000000
vn -1.000000 -0.000000 0.000000
vn -0.965926 -0.258819 0.000000
vn -0.965926 -0.258819 0.000000
vn -0.866025 -0.500000 0.000000
vn -0.866025 -0.500000 0.000000
vn -0.707107 -0.707107 0.000000
vn -0.707107 -0.707107 0.000000
vn -0.500000 -0.866025 0.000000
vn -0.500000 -0.866025 0.000000
vn -0.258819 -0.965926 0.000000
vn -0.258819 -0.965926 0.000000
vn 0.000000 -1.000000 0.000000
vn 0.000000 -1.000000 0.000000
vn 0.258819 -0.965926 0.000000
vn 0.258819 -0.965926 0.000000
vn 0.500000 -0.866025 0.000000
vn 0.500000 -0.866025 0.000000
vn 0.707107 -0.707107 0.000000
vn 0.707107 -0.707107 0.000000
vn 0.866025 -0.500000 0.000000
vn 0.866025 -0.500000 0.000000
vn 0.965926 -0.258819 0.000000
vn 0.965926 -0.258819 0.000000
vn 1.000000 -0.000000 0.000000
vn 1.000000 -0.000000 0.000000
vn 0.965926 0.258819 0.000000
vn 0.965926 0.258819 0.000000
vn 0.866025 0.500000 0.000000
vn 0.866025 0.500000 0.000000
vn 0.707107 0.707107 0.000000
vn 0.707107 0.707107 0.000000
vn 0.500000 0.866025 0.000000
vn 0.500000 0.866025 0.000000
vn 0.258819 0.965926 0.000000
vn 0.258819 0.965926 0.000000
vn -0.000000 1.000000 0.000000
vn -0.000000 1.000000 0.000000
vn -0.258819 0.965926 0.000000
vn -0.258819 0.965926 0.000000
vn -0.500000 0.866025 0.000000
vn -0.500000 0.866025 0.000000
vn -0.707107 0.707107 0.000000
vn -0.707107 0.707107 0.000000
vn -0.866025 0.500000 0.000000
vn -0.866025 0.500000 0.000000
vn -0.000000 0.258819 -0.965926
vn -0.000000 0.258819 -0.965926
vn 0.000000 0.000000 -1.000000
vn 0.000000 0.000000 -1.000000
vn -0.000000 -0.258819 -0.965926
vn -0.000000 -0.258819 -0.965926
vn -0.000000 -0.500000 -0.866025
vn -0.000000 -0.500000 -0.866025
vn -0.000000 -0.707107 -0.707107
vn -0.000000 -0.707107 -0.707107
vn -0.000000 -0.866025 -0.500000
vn -0.000000 -0.866025 -0.500000
vn -0.000000 -0.965926 -0.258819
vn -0.000000 -0.965926 -0.258819
vn -0.000000 -1.000000 -0.000000
vn -0.000000 -1.000000 -0.000000
vn -0.000000 -0.965926 0.258819
vn -0.000000 -0.965926 0.258819
vn -0.000000 -0.866025 0.500000
vn -0.000000 -0.866025 0.500000
vn -0.000000 -0.707107 0.707107
vn -0.000000 -0.707107 0.707107
vn -0.000000 -0.500000 0.866025
vn -0.000000 -0.500000 0.866025
vn -0.000000 -0.258819 0.965926
vn -0.000000 -0.258819 0.965926
vn -0.000000 -0.000000 1.000000
vn -0.000000 -0.000000 1.000000
vn -0.000000 0.258819 0.965926
vn -0.000000 0.258819 0.965926
vn -0.000000 0.500000 0.866025
vn -0.000000 0.500000 0.866025
vn -0.000000 0.707107 0.707107
vn -0.000000 0.707107 0.707107
vn -0.000000 0.866025 0.500000
vn -0.000000 0.866025 0.500000
vn -0.000000 0.965926 0.258819
vn -0.000000 0.965926 0.258819
vn -0.000000 1.000000 -0.000000
vn -0.000000 1.000000 -0.000000
vn -0.000000 0.965926 -0.258819
vn -0.000000 0.965926 -0.258819
vn -0.000000 0.866025 -0.500000
vn -0.000000 0.866025 -0.500000
vn -0.000000 0.707107 -0.707107
vn -0.000000 0.707107 -0.707107
vn -0.000000 0.500000 -0.866025
vn -0.000000 0.500000 -0.866025
vn -0.000000 -0.258819 0.965926
vn -0.000000 -0.258819 0.965926
vn -0.000000 -0.000000 1.000000
vn -0.000000 -0.000000 1.000000
vn -0.000000 0.258819 0.965926
vn -0.000000 0.258819 0.965926
vn -0.000000 0.500000 0.866025
vn -0.000000 0.500000 0.866025
vn -0.000000 0.707107 0.707107
vn -0.000000 0.707107 0.707107
vn -0.000000 0.866025 0.500000
vn -0.000000 0.866025 0.500000
vn -0.000000 0.965926 0.258819
vn -0.000000 0.965926 0.258819
vn -0.000000 1.000000 -0.000000
vn -0.000000 1.000000 -0.000000
vn -0.000000 0.965926 -0.258819
vn -0.000000 0.965926 -0.258819
vn -0.000000 0.866025 -0.500000
vn -0.000000 0.866025 -0.500000
vn -0.000000 0.707107 -0.707107
vn -0.000000 0.707107 -0.707107
vn -0.000000 0.500000 -0.866025
vn -0.000000 0.500000 -0.866025
vn -0.000000 0.258819 -0.965926
vn -0.000000 0.258819 -0.965926
vn 0.000000 0.000000 -1.000000
vn 0.000000 0.000000 -1.000000
vn -0.000000 -0.258819 -0.965926
vn -0.000000 -0.258819 -0.965926
vn -0.000000 -0.500000 -0.866025
vn -0.000000 -0.500000 -0.866025
vn -0.000000 -0.707107 -0.707107
vn -0.000000 -0.707107 -0.707107
vn -0.000000 -0.866025 -0.500000
vn -0.000000 -0.866025 -0.500000
vn -0.000000 -0.965926 -0.258819
vn -0.000000 -0.965926 -0.258819
vn -0.000000 -1.000000 -0.000000
vn -0.000000 -1.000000 -0.000000
vn -0.000000 -0.965926 0.258819
vn -0.000000 -0.965926 0.258819
vn -0.000000 -0.866025 0.500000
vn -0.000000 -0.866025 0.500000
vn -0.000000 -0.707107 0.707107
vn -0.000000 -0.707107 0.707107
vn -0.000000 -0.500000 0.866025
vn -0.000000 -0.500000 0.866025
vn -0.965926 0.258819 0.000000
vn -0.965926 0.258819 0.000000
vn -1.000000 -0.000000 0.000000
vn -1.000000 -0.000000 0.000000
vn -0.965926 -0.258819 0.000000
vn -0.965926 -0.258819 0.000000
vn -0.866025 -0.500000 0.000000
vn -0.866025 -0.500000 0.000000
vn -0.707107 -0.707107 0.000000
vn -0.707107 -0.707107 0.000000
vn -0.500000 -0.866025 0.000000
vn -0.500000 -0.866025 0.000000
vn -0.258819 -0.965926 0.000000
vn -0.258819 -0.965926 0.000000
vn -0.000000 -1.000000 0.000000
vn -0.000000 -1.000000 0.000000
vn 0.258819 -0.965926 0.000000
vn 0.258819 -0.965926 0.000000
vn 0.500000 -0.866025 0.000000
vn 0.500000 -0.866025 0.000000
vn 0.707107 -0.707107 0.000000
vn 0.707107 -0.707107 0.000000
vn 0.866025 -0.500000 0.000000
vn 0.866025 -0.500000 0.000000
vn 0.965926 -0.258819 0.000000
vn 0.965926 -0.258819 0.000000
vn 1.000000 -0.000000 0.000000
vn 1.000000 -0.000000 0.000000
vn 0.965926 0.258819 0.000000
vn 0.965926 0.258819 0.000000
vn 0.866025 0.500000 0.000000
vn 0.866025 0.500000 0.000000
vn 0.707107 0.707107 0.000000
vn 0.707107 0.707107 0.000000
vn 0.500000 0.866025 0.000000
vn 0.500000 0.866025 0.000000
vn 0.258819 0.965926 0.000000
vn 0.258819 0.965926 0.000000
vn -0.000000 1.000000 0.000000
vn -0.000000 1.000000 0.000000
vn -0.258819 0.965926 0.000000
vn -0.258819 0.965926 0.000000
vn -0.500000 0.866025 0.000000
vn -0.500000 0.866025 0.000000
vn -0.707107 0.707107 0.000000
vn -0.707107 0.707107 0.000000
vn -0.866025 0.500000 0.000000
vn -0.866025 0.500000 0.000000
vn -0.965926 0.258819 0.000000
vn -0.965926 0.258819 0.000000
vn -1.000000 -0.000000 0.000000
vn -1.000000 -0.000000 0.000000
vn -0.965926 -0.258819 0.000000
vn -0.965926 -0.258819 0.000000
vn -0.866025 -0.500000 0.000000
vn -0.866025 -0.500000 0.000000
vn -0.707107 -0.707107 0.000000
vn -0.707107 -0.707107 0.000000
vn -0.500000 -0.866025 0.000000
vn -0.500000 -0.866025 0.000000
vn -0.258819 -0.965926 0.000000
vn -0.258819 -0.965926 0.000000
vn -0.000000 -1.000000 0.000000
vn -0.000000 -1.000000 0.000000
vn 0.258819 -0.965926 0.000000
vn 0.258819 -0.965926 0.000000
vn 0.500000 -0.866025 0.000000
vn 0.500000 -0.866025 0.000000
vn 0.707107 -0.707107 0.000000
vn 0.707107 -0.707107 0.000000
vn 0.866025 -0.500000 0.000000
vn 0.866025 -0.500000 0.000000
vn 0.965926 -0.258819 0.000000
vn 0.965926 -0.258819 0.000000
vn 1.000000 -0.000000 0.000000
vn 1.000000 -0.000000 0.000000
vn 0.965926 0.258819 0.000000
vn 0.965926 0.258819 0.000000
vn 0.866025 0.500000 0.000000
vn 0.866025 0.500000 0.000000
vn 0.707107 0.707107 0.000000
vn 0.707107 0.707107 0.000000
vn 0.500000 0.866025 0.000000
vn 0.500000 0.866025 0.000000
vn 0.258819 0.965926 0.000000
vn 0.258819 0.965926 0.000000
vn -0.000000 1.000000 0.000000
vn -0.000000 1.000000 0.000000
vn -0.258819 0.965926 0.000000
vn -0.258819 0.965926 0.000000
vn -0.500000 0.866025 0.000000
vn -0.500000 0.866025 0.000000
vn -0.707107 0.707107 0.000000
vn -0.707107 0.707107 0.000000
vn -0.866025 0.500000 0.000000
vn -0.866025 0.500000 0.000000
vn -0.965926 0.258819 0.000000
vn -0.965926 0.258819 0.000000
vn -1.000000 -0.000000 0.000000
vn -1.000000 -0.000000 0.000000
vn -0.965926 -0.258819 0.000000
vn -0.965926 -0.258819 0.000000
vn -0.866025 -0.500000 0.000000
vn -0.866025 -0.500000 0.000000
vn -0.707107 -0.707107 0.000000
vn -0.707107 -0.707107 0.000000
vn -0.500000 -0.866025 0.000000
vn -0.500000 -0.866025 0.000000
vn -0.258819 -0.965926 0.000000
vn -0.258819 -0.965926 0.000000
vn -0.000000 -1.000000 0.000000
vn -0.000000 -1.000000 0.000000
vn 0.258819 -0.965926 0.000000
vn 0.258819 -0.965926 0.000000
vn 0.500000 -0.866025 0.000000
vn 0.500000 -0.866025 0.000000
vn 0.707107 -0.707107 0.000000
vn 0.707107 -0.707107 0.000000
vn 0.866025 -0.500000 0.000000
vn 0.866025 -0.500000 0.000000
vn 0.965926 -0.258819 0.000000
vn 0.965926 -0.258819 0.000000
vn 1.000000 -0.000000 0.000000
vn 1.000000 -0.000000 0.000000
vn 0.965926 0.258819 0.000000
vn 0.965926 0.258819 0.000000
vn 0.866025 0.500000 0.000000
vn 0.866025 0.500000 0.000000
vn 0.707107 0.707107 0.000000
vn 0.707107 0.707107 0.000000
vn 0.500000 0.866025 0.000000
vn 0.500000 0.866025 0.000000
vn 0.258819 0.965926 0.000000
vn 0.258819 0.965926 0.000000
vn -0.000000 1.000000 0.000000
vn -0.000000 1.000000 0.000000
vn -0.258819 0.965926 0.000000
vn -0.258819 0.965926 0.000000
vn -0.500000 0.866025 0.000000
vn -0.500000 0.866025 0.000000
vn -0.707107 0.707107 0.000000
vn -0.707107 0.707107 0.000000
vn -0.866025 0.500000 0.000000
vn -0.866025 0.500000 0.000000
vn -0.965926 0.258819 0.000000
vn -0.965926 0.258819 0.000000
vn -1.000000 -0.000000 0.000000
vn -1.000000 -0.000000 0.000000
vn -0.965926 -0.258819 0.000000
vn -0.965926 -0.258819 0.000000
vn -0.866025 -0.500000 0.000000
vn -0.866025 -0.500000 0.000000
vn -0.707107 -0.707107 0.000000
vn -0.707107 -0.707107 0.000000
vn -0.500000 -0.866025 0.000000
vn -0.500000 -0.866025 0.000000
vn -0.258819 -0.965926 0.000000
vn -0.258819 -0.965926 0.000000
vn -0.000000 -1.000000 0.000000
vn -0.000000 -1.000000 0.000000
vn 0.258819 -0.965926 0.000000
vn 0.258819 -0.965926 0.000000
vn 0.500000 -0.866025 0.000000
vn 0.500000 -0.866025 0.000000
vn 0.707107 -0.707107 0.000000
vn 0.707107 -0.707107 0.000000
vn 0.866025 -0.500000 0.000000
vn 0.866025 -0.500000 0.000000
vn 0.965926 -0.258819 0.000000
vn 0.965926 -0.258819 0.000000
vn 1.000000 -0.000000 0.000000
vn 1.000000 -0.000000 0.000000
vn 0.965926 0.258819 0.000000
vn 0.965926 0.258819 0.000000
vn 0.866025 0.500000 0.000000
vn 0.866025 0.500000 0.000000
vn 0.707107 0.707107 0.000000
vn 0.707107 0.707107 0.000000
vn 0.500000 0.866025 0.000000
vn 0.500000 0.866025 0.000000
vn 0.258819 0.965926 0.000000
vn 0.258819 0.965926 0.000000
vn -0.000000 1.000000 0.000000
vn -0.000000 1.000000 0.000000
vn -0.258819 0.965926 0.000000
vn -0.258819 0.965926 0.000000
vn -0.500000 0.866025 0.000000
vn -0.500000 0.866025 0.000000
vn -0.707107 0.707107 0.000000
vn -0.707107 0.707107 0.000000
vn -0.866025 0.500000 0.000000
vn -0.866025 0.500000 0.000000
vn -0.000000 0.258819 -0.965926
vn -0.000000 0.258819 -0.965926
vn 0.000000 0.000000 -1.000000
vn 0.000000 0.000000 -1.000000
vn -0.000000 -0.258819 -0.965926
vn -0.000000 -0.258819 -0.965926
vn -0.000000 -0.500000 -0.866025
vn -0.000000 -0.500000 -0.866025
vn -0.000000 -0.707107 -0.707107
vn -0.000000 -0.707107 -0.707107
vn -0.000000 -0.866025 -0.500000
vn -0.000000 -0.866025 -0.500000
vn -0.000000 -0.965926 -0.258819
vn -0.000000 -0.965926 -0.258819
vn -0.000000 -1.000000 -0.000000
vn -0.000000 -1.000000 -0.000000
vn -0.000000 -0.965926 0.258819
vn -0.000000 -0.965926 0.258819
vn -0.000000 -0.866025 0.500000
vn -0.000000 -0.866025 0.500000
vn -0.000000 -0.707107 0.707107
vn -0.000000 -0.707107 0.707107
vn -0.000000 -0.500000 0.866025
vn -0.000000 -0.500000 0.866025
vn -0.000000 -0.258819 0.965926
vn -0.000000 -0.258819 0.965926
vn -0.000000 -0.000000 1.000000
vn -0.000000 -0.000000 1.000000
vn -0.000000 0.258819 0.965926
vn -0.000000 0.258819 0.965926
vn -0.000000 0.500000 0.866025
vn -0.000000 0.500000 0.866025
vn -0.000000 0.707107 0.707107
vn -0.000000 0.707107 0.707107
vn -0.000000 0.866025 0.500000
vn -0.000000 0.866025 0.500000
vn -0.000000 0.965926 0.258819
vn -0.000000 0.965926 0.258819
vn -0.000000 1.000000 -0.000000
vn -0.000000 1.000000 -0.000000
vn -0.000000 0.965926 -0.258819
vn -0.000000 0.965926 -0.258819
vn -0.000000 0.866025 -0.500000
vn -0.000000 0.866025 -0.500000
vn -0.000000 0.707107 -0.707107
vn -0.000000 0.707107 -0.707107
vn -0.000000 0.500000 -0.866025
vn -0.000000 0.500000 -0.866025
vn 0.000000 0.258819 0.965926
vn 0.000000 0.258819 0.965926
vn 0.000000 -0.000000 1.000000
vn 0.000000 -0.000000 1.000000
vn 0.000000 -0.258819 0.965926
vn 0.000000 -0.258819 0.965926
vn 0.000000 -0.500000 0.866025
vn 0.000000 -0.500000 0.866025
vn 0.000000 -0.707107 0.707107
vn 0.000000 -0.707107 0.707107
vn 0.000000 -0.866025 0.500000
vn 0.000000 -0.866025 0.500000
vn 0.000000 -0.965926 0.258819
vn 0.000000 -0.965926 0.258819
vn 0.000000 -1.000000 0.000000
vn 0.000000 -1.000000 0.000000
vn 0.000000 -0.965926 -0.258819
vn 0.000000 -0.965926 -0.258819
vn 0.000000 -0.866025 -0.500000
vn 0.000000 -0.866025 -0.500000
vn 0.000000 -0.707107 -0.707107
vn 0.000000 -0.707107 -0.707107
vn 0.000000 -0.500000 -0.866025
vn 0.000000 -0.500000 -0.866025
vn 0.000000 -0.258819 -0.965926
vn 0.000000 -0.258819 -0.965926
vn 0.000000 -0.000000 -1.000000
vn 0.000000 -0.000000 -1.000000
vn 0.000000 0.258819 -0.965926
vn 0.000000 0.258819 -0.965926
vn 0.000000 0.500000 -0.866025
vn 0.000000 0.500000 -0.866025
vn 0.000000 0.707107 -0.707107
vn 0.000000 0.707107 -0.707107
vn 0.000000 0.866025 -0.500000
vn 0.000000 0.866025 -0.500000
vn 0.000000 0.965926 -0.258819
vn 0.000000 0.965926 -0.258819
vn 0.000000 1.000000 0.000000
vn 0.000000 1.000000 0.000000
vn 0.000000 0.965926 0.258819
vn 0.000000 0.965926 0.258819
vn 0.000000 0.866025 0.500000
vn 0.000000 0.866025 0.500000
vn 0.000000 0.707107 0.707107
vn 0.000000 0.707107 0.707107
vn 0.000000 0.500000 0.866025
vn 0.000000 0.500000 0.866025
vn 0.000000 -0.052139 0.998640
vn 0.000000 -0.052139 0.998640
vn 0.000000 -0.028595 0.999591
vn 0.000000 -0.028595 0.999591
vn 0.000000 -0.005035 0.999987
vn 0.000000 -0.005035 0.999987
vn 0.000000 0.018528 0.999828
vn 0.000000 0.018528 0.999828
vn 1.000000 -0.000000 0.000000
vn 1.000000 -0.000000 0.000000
vn 1.000000 -0.000000 0.000000
vn 1.000000 -0.000000 0.000000
vn 1.000000 -0.000000 0.000000
vn 1.000000 -0.000000 0.000000
vn 1.000000 -0.000000 0.000000
vn 1.000000 -0.000000 0.000000
vn 1.000000 -0.000000 0.000000
vn 1.000000 -0.000000 0.000000
vn 1.000000 -0.000000 0.000000
vn 1.000000 -0.000000 0.000000
vn 1.000000 -0.000000 0.000000
vn 1.000000 -0.000000 0.000000
vn 1.000000 -0.000000 0.000000
vn 1.000000 -0.000000 0.000000
vn 1.000000 -0.000000 0.000000
vn 1.000000 -0.000000 0.000000
vn 1.000000 -0.000000 0.000000
vn 1.000000 -0.000000 0.000000
vn 1.000000 -0.000000 0.000000
vn 1.000000 -0.000000 0.000000
vn 1.000000 -0.000000 0.000000
vn 1.000000 -0.000000 0.000000
vn 1.000000 -0.000000 0.000000
vn 1.000000 -0.000000 0.000000
vn 1.000000 -0.000000 0.000000
vn 1.000000 -0.000000 0.000000
vn 1.000000 -0.000000 0.000000
vn 1.000000 -0.000000 0.000000
vn 1.000000 -0.000000 0.000000
vn 1.000000 -0.000000 0.000000
vn 1.000000 -0.000000 0.000000
vn 1.000000 -0.000000 0.000000
vn 1.000000 -0.000000 0.000000
vn 1.000000 -0.000000 0.000000
vn 1.000000 -0.000000 0.000000
vn 1.000000 -0.000000 0.000000
vn 0.000000 -0.000000 1.000000
vn 0.000000 -0.000000 1.000000
vn 0.000000 -0.000000 1.000000
vn 0.000000 -0.000000 1.000000
vn 0.000000 -0.000000 1.000000
vn 0.000000 -0.000000 1.000000
vn 0.000000 -0.000000 1.000000
vn 0.000000 -0.000000 1.000000
vn 0.000000 -0.206532 0.978440
vn 0.000000 -0.206532 0.978440
vn 0.000000 -0.183598 0.983001
vn 0.000000 -0.183598 0.983001
vn 0.000000 -0.160564 0.987025
vn 0.000000 -0.137443 0.990510
vn 0.000000 -0.137443 0.990510
vn 0.000000 -0.160564 0.987025
vn 0.000000 -0.804086 0.594512
vn 0.000000 -0.804086 0.594512
vn 0.000000 -0.669212 0.743071
vn 0.000000 -0.669212 0.743071
vn 0.000000 -0.507395 0.861714
vn 0.000000 -0.507395 0.861714
vn 0.000000 -0.325149 0.945663
vn 0.000000 -0.325149 0.945663
vn 0.000000 -0.129813 0.991539
vn 0.000000 -0.129813 0.991539
vn 0.000000 1.000000 0.000000
vn 0.000000 1.000000 0.000000
vn 0.000000 1.000000 0.000000
vn 0.000000 1.000000 0.000000
vn 0.000000 1.000000 0.000000
vn 0.000000 1.000000 0.000000
vn 0.000000 1.000000 0.000000
vn 0.000000 1.000000 0.000000
vn 0.000000 -0.804086 0.594512
vn 0.000000 -0.804086 0.594512
vn 0.000000 -0.669212 0.743071
vn 0.000000 -0.669212 0.743071
vn 0.000000 -0.507395 0.861714
vn 0.000000 -0.507395 0.861714
vn 0.000000 -0.325149 0.945663
vn 0.000000 -0.325149 0.945663
vn 0.000000 -0.129813 0.991539
vn 0.000000 -0.129813 0.991539
vn 0.000000 -0.171973 0.985102
vn 0.000000 -0.175105 0.984550
vn 0.000000 -0.205894 0.978574
vn 0.000000 -0.210084 0.977683
vn 0.000000 -0.221437 0.975175
vn 0.000000 -0.215691 0.976462
vn 0.000000 -0.153505 0.988148
vn 0.000000 -0.128763 0.991675
vn 0.000000 -0.100885 0.994898
vn 0.000000 -0.070130 0.997538
vn 0.000000 -0.046756 0.998906
vn 0.000000 -0.046489 0.998919
vn 0.000000 -0.045600 0.998960
vn 0.000000 -0.013911 0.999903
vn 0.000000 -0.013911 0.999903
vn 0.000000 -0.013749 0.999905
vn 0.000000 -0.013748 0.999905
vn 0.000000 -0.004583 0.999989
vn 0.000000 -0.004583 0.999989
vn 0.000000 0.004583 0.999989
vn 0.000000 0.004583 0.999989
vn 0.000000 0.013748 0.999905
vn 0.000000 0.013748 0.999905
vn 0.000000 0.013616 0.999907
vn 0.000000 0.109548 0.993982
vn 0.000000 0.013616 0.999907
vn 0.000000 0.117572 0.993064
vn 0.000000 0.194400 0.980922
vn 0.000000 0.217313 0.976102
vn 0.000000 0.296321 0.955088
vn 0.000000 0.289378 0.957215
vn 0.000000 0.386183 0.922422
vn 0.000000 0.454598 0.890697
vn 0.000000 0.524506 0.851407
vn 0.000000 0.571917 0.820311
vn 0.000000 0.723244 0.690592
vn 0.000000 0.723244 0.690592
vn 0.000000 0.762894 0.646523
vn 0.000000 0.840799 0.541348
vn 0.000000 0.840799 0.541348
vn 0.000000 0.872036 0.489442
vn 0.000000 0.905843 0.423613
vn 0.000000 0.905843 0.423613
vn 0.000000 0.898391 0.439197
vn 0.000000 0.898391 0.439197
vn 0.000000 0.788962 0.614441
vn 0.000000 0.788962 0.614441
vn 0.000000 0.743163 0.669111
vn 0.000000 0.683991 0.729490
vn 0.000000 0.683991 0.729490
vn 0.000000 0.605957 0.795497
vn 0.000000 0.545414 0.838167
vn 0.000000 0.545414 0.838167
vn 0.000000 0.437738 0.899102
vn 0.000000 0.389344 0.921093
vn 0.000000 0.389344 0.921093
vn 0.000000 0.267265 0.963623
vn 0.000000 0.237845 0.971303
vn 0.000000 0.237845 0.971303
vn 0.000000 0.118505 0.992953
vn 0.000000 -0.000000 1.000000
vn 0.000000 -0.000000 1.000000
vn 0.000000 -0.000000 1.000000
vn 0.000000 -0.000000 1.000000
vn 0.000000 -0.000000 1.000000
vn 0.000000 -0.000000 1.000000
vn 0.000000 -0.000000 1.000000
vn 0.000000 -0.000000 1.000000
vn 0.000000 -0.000000 1.000000
vn 0.000000 -1.000000 0.000000
vn 0.000000 -1.000000 0.000000
vn 0.000000 -1.000000 0.000000
vn 0.000000 -1.000000 0.000000
vn 1.000000 -0.000000 0.000000
vn 1.000000 -0.000000 0.000000
vn 1.000000 -0.000000 0.000000
vn 1.000000 -0.000000 0.000000
vn 1.000000 -0.000000 0.000000
vn 1.000000 -0.000000 0.000000
vn 1.000000 -0.000000 0.000000
vn 1.000000 -0.000000 0.000000
vn 1.000000 -0.000000 0.000000
vn 1.000000 -0.000000 0.000000
vn 1.000000 -0.000000 0.000000
vn 1.000000 -0.000000 0.000000
vn 1.000000 -0.000000 0.000000
vn 1.000000 -0.000000 0.000000
vn 1.000000 -0.000000 0.000000
vn 1.000000 -0.000000 0.000000
vn 1.000000 -0.000000 0.000000
vn 1.000000 -0.000000 0.000000
vn 1.000000 -0.000000 0.000000
vn 1.000000 -0.000000 0.000000
vn 1.000000 -0.000000 0.000000
vn 1.000000 -0.000000 0.000000
vn 1.000000 -0.000000 0.000000
vn 1.000000 -0.000000 0.000000
vn 1.000000 -0.000000 0.000000
vn 1.000000 -0.000000 0.000000
vn 1.000000 -0.000000 0.000000
vn 1.000000 -0.000000 0.000000
vn 1.000000 -0.000000 0.000000
vn 1.000000 -0.000000 0.000000
vn 1.000000 -0.000000 0.000000
vn 1.000000 -0.000000 0.000000
vn 1.000000 -0.000000 0.000000
vn 1.000000 -0.000000 0.000000
vn 1.000000 -0.000000 0.000000
vn 1.000000 -0.000000 0.000000
vn 1.000000 -0.000000 0.000000
vn 1.000000 -0.000000 0.000000
vn 1.000000 -0.000000 0.000000
vn 1.000000 -0.000000 0.000000
vn 1.000000 -0.000000 0.000000
vn 1.000000 -0.000000 0.000000
vn 1.000000 -0.000000 0.000000
vn 1.000000 -0.000000 0.000000
vn 1.000000 -0.000000 0.000000
vn 1.000000 -0.000000 0.000000
vn -1.000000 0.000000 -0.000000
vn -1.000000 0.000000 -0.000000
vn -1.000000 0.000000 -0.000000
vn -1.000000 0.000000 -0.000000
vn -1.000000 0.000000 -0.000000
vn -1.000000 0.000000 -0.000000
vn -1.000000 0.000000 -0.000000
vn -1.000000 0.000000 -0.000000
vn -1.000000 0.000000 -0.000000
vn -1.000000 0.000000 -0.000000
vn -1.000000 0.000000 -0.000000
vn -1.000000 0.000000 -0.000000
vn -1.000000 0.000000 -0.000000
vn -1.000000 0.000000 -0.000000
vn -1.000000 0.000000 -0.000000
vn -1.000000 0.000000 -0.000000
vn -1.000000 0.000000 -0.000000
vn -1.000000 0.000000 -0.000000
vn -1.000000 0.000000 -0.000000
vn -1.000000 0.000000 -0.000000
vn -1.000000 0.000000 -0.000000
vn -1.000000 0.000000 -0.000000
vn -1.000000 0.000000 -0.000000
vn -1.000000 0.000000 -0.000000
vn -1.000000 0.000000 -0.000000
vn -1.000000 0.000000 -0.000000
vn -1.000000 0.000000 -0.000000
vn -1.000000 0.000000 -0.000000
vn -1.000000 0.000000 -0.000000
vn -1.000000 0.000000 -0.000000
vn -1.000000 0.000000 -0.000000
vn -1.000000 0.000000 -0.000000
vn -1.000000 0.000000 -0.000000
vn -1.000000 0.000000 -0.000000
vn -1.000000 0.000000 -0.000000
vn -1.000000 0.000000 -0.000000
vn -1.000000 0.000000 -0.000000
vn -1.000000 0.000000 -0.000000
vn -1.000000 0.000000 -0.000000
vn -1.000000 0.000000 -0.000000
vn -1.000000 0.000000 -0.000000
vn -1.000000 0.000000 -0.000000
vn -1.000000 0.000000 -0.000000
vn -1.000000 0.000000 -0.000000
vn -1.000000 0.000000 -0.000000
vn -1.000000 0.000000 -0.000000
vn -1.000000 0.000000 -0.000000
vn -1.000000 0.000000 -0.000000
vn -1.000000 0.000000 -0.000000
vn -1.000000 0.000000 -0.000000
vn -1.000000 0.000000 -0.000000
vn -1.000000 0.000000 -0.000000
vn -1.000000 0.000000 -0.000000
vn -1.000000 0.000000 -0.000000
vn -1.000000 0.000000 -0.000000
vn -1.000000 0.000000 -0.000000
vn -1.000000 0.000000 -0.000000
vn -1.000000 0.000000 -0.000000
vn -1.000000 0.000000 -0.000000
vn -1.000000 0.000000 -0.000000
vn -1.000000 0.000000 -0.000000
vn -1.000000 0.000000 -0.000000
vn -1.000000 0.000000 -0.000000
vn -1.000000 0.000000 -0.000000
vn -1.000000 0.000000 -0.000000
vn -1.000000 0.000000 -0.000000
vn -1.000000 0.000000 -0.000000
vn -1.000000 0.000000 -0.000000
vn -1.000000 0.000000 -0.000000
vn -1.000000 0.000000 -0.000000
vn -1.000000 0.000000 -0.000000
vn -1.000000 0.000000 -0.000000
vn -1.000000 0.000000 -0.000000
vn -1.000000 0.000000 -0.000000
vn -1.000000 0.000000 -0.000000
vn -1.000000 0.000000 -0.000000
vn -1.000000 0.000000 -0.000000
vn -1.000000 0.000000 -0.000000
vn -1.000000 0.000000 -0.000000
vn -1.000000 0.000000 -0.000000
vn -1.000000 0.000000 -0.000000
vn -0.000000 1.000000 -0.000000
vn -0.000000 1.000000 -0.000000
vn -0.000000 1.000000 -0.000000
vn -0.000000 1.000000 -0.000000
vn -0.000000 -1.000000 -0.000000
vn -0.000000 -1.000000 -0.000000
vn -0.000000 -1.000000 -0.000000
vn -0.000000 -1.000000 -0.000000
vn 1.000000 -0.000000 -0.000000
vn 1.000000 -0.000000 -0.000000
vn 1.000000 -0.000000 -0.000000
vn 1.000000 -0.000000 -0.000000
vn 1.000000 -0.000000 -0.000000
vn 1.000000 -0.000000 -0.000000
vn 1.000000 -0.000000 -0.000000
vn 1.000000 -0.000000 -0.000000
vn 1.000000 -0.000000 -0.000000
vn 1.000000 -0.000000 -0.000000
vn 1.000000 -0.000000 -0.000000
vn 1.000000 -0.000000 -0.000000
vn 1.000000 -0.000000 -0.000000
vn 1.000000 -0.000000 -0.000000
vn 1.000000 -0.000000 -0.000000
vn 1.000000 -0.000000 -0.000000
vn 1.000000 -0.000000 -0.000000
vn 1.000000 -0.000000 -0.000000
vn 1.000000 -0.000000 -0.000000
vn 1.000000 -0.000000 -0.000000
vn 1.000000 -0.000000 -0.000000
vn 1.000000 -0.000000 -0.000000
vn 1.000000 -0.000000 -0.000000
vn 1.000000 -0.000000 -0.000000
vn 1.000000 -0.000000 -0.000000
vn 1.000000 -0.000000 -0.000000
vn 1.000000 -0.000000 -0.000000
vn 1.000000 -0.000000 -0.000000
vn 1.000000 -0.000000 -0.000000
vn 1.000000 -0.000000 -0.000000
vn 1.000000 -0.000000 -0.000000
vn 1.000000 -0.000000 -0.000000
vn 1.000000 -0.000000 -0.000000
vn 1.000000 -0.000000 -0.000000
vn 1.000000 -0.000000 -0.000000
vn 1.000000 -0.000000 -0.000000
vn 1.000000 -0.000000 -0.000000
vn 1.000000 -0.000000 -0.000000
vn 1.000000 -0.000000 -0.000000
vn 1.000000 -0.000000 -0.000000
vn 1.000000 -0.000000 -0.000000
vn 1.000000 -0.000000 -0.000000
vn 1.000000 -0.000000 -0.000000
vn 1.000000 -0.000000 -0.000000
vn 1.000000 -0.000000 -0.000000
vn 1.000000 -0.000000 -0.000000
vn 1.000000 -0.000000 -0.000000
vn 1.000000 -0.000000 -0.000000
vn 1.000000 -0.000000 -0.000000
vn 1.000000 -0.000000 -0.000000
vn 1.000000 -0.000000 -0.000000
vn 1.000000 -0.000000 -0.000000
vn 1.000000 -0.000000 -0.000000
vn 1.000000 -0.000000 -0.000000
vn 1.000000 -0.000000 -0.000000
vn 1.000000 -0.000000 -0.000000
vn 1.000000 -0.000000 -0.000000
vn 1.000000 -0.000000 -0.000000
vn 1.000000 -0.000000 -0.000000
vn 1.000000 -0.000000 -0.000000
vn 1.000000 -0.000000 -0.000000
vn 1.000000 -0.000000 -0.000000
vn 1.000000 -0.000000 -0.000000
vn 1.000000 -0.000000 -0.000000
vn 1.000000 -0.000000 -0.000000
vn 1.000000 -0.000000 -0.000000
vn 1.000000 -0.000000 -0.000000
vn 1.000000 -0.000000 -0.000000
vn 1.000000 -0.000000 -0.000000
vn 1.000000 -0.000000 -0.000000
vn 1.000000 -0.000000 -0.000000
vn 1.000000 -0.000000 -0.000000
vn 1.000000 -0.000000 -0.000000
vn 1.000000 -0.000000 -0.000000
vn 1.000000 -0.000000 -0.000000
vn 1.000000 -0.000000 -0.000000
vn 1.000000 -0.000000 -0.000000
vn -0.000000 0.122615 0.992454
vn -0.000000 0.122615 0.992454
vn -0.000000 0.276079 0.961135
vn -0.000000 0.276079 0.961135
vn -0.000000 0.450141 0.892957
vn -0.000000 0.450141 0.892957
vn -0.000000 0.618866 0.785497
vn -0.000000 0.618866 0.785497
vn -0.000000 0.753573 0.657364
vn -0.000000 0.753573 0.657364
vn -0.000000 0.842832 0.538176
vn -0.000000 0.842832 0.538176
vn -0.000000 0.917774 0.397103
vn -0.000000 0.917774 0.397103
vn -0.000000 0.861753 0.507328
vn -0.000000 0.861753 0.507328
vn -0.000000 0.739868 0.672752
vn -0.000000 0.739868 0.672752
vn -0.000000 0.563362 0.826210
vn -0.000000 0.563362 0.826210
vn -0.000000 0.384840 0.922983
vn -0.000000 0.384840 0.922983
vn -0.000000 0.267097 0.963670
vn -0.000000 0.267097 0.963670
vn -0.000000 0.185246 0.982692
vn -0.000000 0.185246 0.982692
vn -0.000000 0.123917 0.992293
vn -0.000000 0.123917 0.992293
vn -0.000000 0.029637 0.999561
vn -0.000000 0.029637 0.999561
vn -0.000000 -0.014564 0.999894
vn -0.000000 -0.014564 0.999894
vn -0.000000 -0.065133 0.997877
vn -0.000000 -0.065133 0.997877
vn -0.000000 -0.065133 0.997877
vn -1.000000 0.000000 0.000000
vn -1.000000 0.000000 0.000000
vn -1.000000 0.000000 0.000000
vn -1.000000 0.000000 0.000000
vn -1.000000 0.000000 0.000000
vn -1.000000 0.000000 0.000000
vn -1.000000 0.000000 0.000000
vn -1.000000 0.000000 0.000000
vn -1.000000 0.000000 0.000000
vn -1.000000 0.000000 0.000000
vn -1.000000 0.000000 0.000000
vn -1.000000 0.000000 0.000000
vn -1.000000 0.000000 0.000000
vn -1.000000 0.000000 0.000000
vn -1.000000 0.000000 0.000000
vn -1.000000 0.000000 0.000000
vn -1.000000 0.000000 0.000000
vn -1.000000 0.000000 0.000000
vn -1.000000 0.000000 0.000000
vn -1.000000 0.000000 0.000000
vn -1.000000 0.000000 0.000000
vn -1.000000 0.000000 0.000000
vn -1.000000 0.000000 0.000000
vn -1.000000 0.000000 0.000000
vn -1.000000 0.000000 0.000000
vn -1.000000 0.000000 0.000000
vn -1.000000 0.000000 0.000000
vn -1.000000 0.000000 0.000000
vn -1.000000 0.000000 0.000000
vn -1.000000 0.000000 0.000000
vn -1.000000 0.000000 0.000000
vn -1.000000 0.000000 0.000000
vn -1.000000 0.000000 0.000000
vn -1.000000 0.000000 0.000000
vn -1.000000 0.000000 0.000000
vn -1.000000 0.000000 0.000000
vn -1.000000 0.000000 0.000000
vn -1.000000 0.000000 0.000000
vn -1.000000 0.000000 0.000000
vn -1.000000 0.000000 0.000000
vn -1.000000 0.000000 0.000000
vn -1.000000 0.000000 0.000000
vn -1.000000 0.000000 0.000000
vn -1.000000 0.000000 0.000000
vn -1.000000 0.000000 0.000000
vn -1.000000 0.000000 0.000000
vn -1.000000 0.000000 0.000000
vn -1.000000 0.000000 0.000000
vn -1.000000 0.000000 0.000000
vn -1.000000 0.000000 0.000000
vn -1.000000 0.000000 0.000000
vn -1.000000 0.000000 0.000000
vn -1.000000 0.000000 0.000000
vn -1.000000 0.000000 0.000000
vn -1.000000 0.000000 0.000000
vn -1.000000 0.000000 0.000000
vn 0.000000 0.002169 0.999998
vn 0.000000 0.128413 0.991721
vn 0.000000 0.002169 0.999998
vn 0.000000 0.128413 0.991721
vn 0.000000 0.201729 0.979441
vn 0.000000 0.201729 0.979441
vn 0.000000 0.235602 0.971850
vn 0.000000 0.235602 0.971850
vn 0.000000 0.238798 0.971069
vn 0.000000 0.238798 0.971069
vn 0.000000 0.168290 0.985738
vn 0.000000 0.168290 0.985738
vn 0.000000 0.096315 0.995351
vn 0.000000 0.096315 0.995351
vn 0.000000 0.000000 1.000000
vn 0.000000 0.000000 1.000000
vn -1.000000 0.000000 0.000000
vn -1.000000 0.000000 0.000000
vn -1.000000 0.000000 0.000000
vn -1.000000 0.000000 0.000000
vn -1.000000 0.000000 0.000000
vn -1.000000 0.000000 0.000000
vn -1.000000 0.000000 0.000000
vn -1.000000 0.000000 0.000000
vn -1.000000 0.000000 0.000000
vn -1.000000 0.000000 0.000000
vn -1.000000 0.000000 0.000000
vn -1.000000 0.000000 0.000000
vn -1.000000 0.000000 0.000000
vn -1.000000 0.000000 0.000000
vn -1.000000 0.000000 0.000000
vn -1.000000 0.000000 0.000000
vn -1.000000 0.000000 0.000000
vn -1.000000 0.000000 0.000000
vn -1.000000 0.000000 0.000000
vn -1.000000 0.000000 0.000000
vn -1.000000 0.000000 0.000000
vn -1.000000 0.000000 0.000000
vn -1.000000 0.000000 0.000000
vn -1.000000 0.000000 0.000000
vn -1.000000 0.000000 0.000000
vn -1.000000 0.000000 0.000000
vn -1.000000 0.000000 0.000000
vn -1.000000 0.000000 0.000000
vn -1.000000 0.000000 0.000000
vn -1.000000 0.000000 0.000000
vn -1.000000 0.000000 0.000000
vn -1.000000 0.000000 0.000000
vn -1.000000 0.000000 0.000000
vn -1.000000 0.000000 0.000000
vn -1.000000 0.000000 0.000000
vn -1.000000 0.000000 0.000000
vn -1.000000 0.000000 0.000000
vn -1.000000 0.000000 0.000000
vn -1.000000 0.000000 0.000000
vn -1.000000 0.000000 0.000000
vn -1.000000 0.000000 0.000000
vn -1.000000 0.000000 0.000000
vn -1.000000 0.000000 0.000000
vn -1.000000 0.000000 0.000000
vn 0.000000 0.000000 1.000000
vn 0.000000 0.000000 1.000000
vn 0.000000 0.000000 1.000000
vn 0.000000 0.000000 1.000000
vn -0.000000 -0.000000 -1.000000
vn -0.000000 -0.000000 -1.000000
vn -0.000000 -0.000000 -1.000000
vn -0.000000 -0.000000 -1.000000
vn -0.000000 -0.000000 -1.000000
vn -0.000000 -0.000000 -1.000000
vn -0.000000 -0.000000 -1.000000
vn -0.000000 -0.000000 -1.000000
vn -0.000000 -0.000000 -1.000000
vn -0.000000 -0.000000 -1.000000
vn -0.000000 -0.000000 -1.000000
vn -0.000000 -0.000000 -1.000000
vn -0.000000 -0.000000 -1.000000
vn -0.000000 -0.000000 -1.000000
vn -0.000000 -0.000000 -1.000000
vn -0.000000 -0.000000 -1.000000
vn -0.000000 -0.000000 -1.000000
vn -0.000000 -0.000000 -1.000000
vn -0.000000 -0.000000 -1.000000
vn -0.000000 -0.000000 -1.000000
vn -0.000000 -0.000000 -1.000000
vn -0.000000 -0.000000 -1.000000
vn -0.000000 -0.000000 -1.000000
vn -0.000000 -0.000000 -1.000000
vn -0.000000 -0.000000 -1.000000
vn -0.000000 -0.000000 -1.000000
vn -0.000000 -0.000000 -1.000000
vn -0.000000 -0.000000 -1.000000
vn -0.000000 -0.000000 -1.000000
vn -0.000000 -0.000000 -1.000000
vn -0.000000 -0.000000 -1.000000
vn -0.000000 -0.000000 -1.000000
vn -0.000000 -0.000000 -1.000000
vn -0.000000 -0.000000 -1.000000
vn -0.000000 -0.000000 -1.000000
vn -0.000000 -0.000000 -1.000000
vn -0.000000 -0.000000 -1.000000
vn -0.000000 -0.000000 -1.000000
vn -0.000000 -0.000000 -1.000000
vn -0.000000 -0.000000 -1.000000
vn -0.000000 -0.000000 -1.000000
vn -0.000000 -0.000000 -1.000000
vn -0.000000 -0.000000 -1.000000
vn -0.000000 -0.000000 -1.000000
vn -0.000000 -0.000000 -1.000000
vn -0.000000 -0.000000 -1.000000
vn -0.000000 -0.000000 -1.000000
vn -0.000000 -0.000000 -1.000000
vn -0.000000 -0.000000 -1.000000
vn -0.000000 -0.000000 -1.000000
vn -0.000000 -0.000000 -1.000000
vn -0.000000 -0.000000 -1.000000
vn -0.000000 -0.000000 -1.000000
vn -0.000000 -0.000000 -1.000000
vn -0.000000 -0.000000 -1.000000
vn -0.000000 -0.000000 -1.000000
vn -0.000000 -0.000000 -1.000000
vn -0.000000 -0.000000 -1.000000
vn -0.000000 -0.000000 -1.000000
vn -0.000000 -0.000000 -1.000000
vn -0.000000 -0.000000 -1.000000
vn -0.000000 -0.000000 -1.000000
vn -0.000000 -0.000000 -1.000000
vn -0.000000 -0.000000 -1.000000
vn -0.000000 -0.000000 -1.000000
vn -0.000000 -0.000000 -1.000000
vn -0.000000 -0.000000 -1.000000
vn -0.000000 -0.000000 -1.000000
vn -0.000000 -0.000000 -1.000000
vn -0.000000 -0.000000 -1.000000
vn -0.000000 -0.000000 -1.000000
vn -0.000000 -0.000000 -1.000000
vn -0.000000 -0.000000 -1.000000
vn -0.000000 -0.000000 -1.000000
vn -0.000000 -0.000000 -1.000000
vn -0.000000 -0.000000 -1.000000
vn -0.000000 -0.000000 -1.000000
vn -0.000000 -0.000000 -1.000000
vn -0.000000 -0.000000 -1.000000
vn -0.000000 -0.000000 -1.000000
vn -0.000000 -0.000000 -1.000000
vn -0.000000 -0.000000 -1.000000
vn -0.000000 -0.000000 -1.000000
vn -0.000000 -0.000000 -1.000000
vn -0.000000 -0.000000 -1.000000
vn -0.000000 -0.000000 -1.000000
vn -0.000000 -0.000000 -1.000000
vn -0.000000 -0.000000 -1.000000
vn -0.000000 -0.000000 -1.000000
vn -0.000000 -0.000000 -1.000000
vn -0.000000 -0.000000 -1.000000
vn -0.000000 -0.000000 -1.000000
vn -0.000000 -0.000000 -1.000000
vn -0.000000 -0.000000 -1.000000
vn -0.000000 -0.000000 -1.000000
vn -0.000000 -0.000000 -1.000000
vn -0.000000 -0.000000 -1.000000
vn -0.000000 -0.000000 -1.000000
vn -0.000000 -0.000000 -1.000000
vn -0.000000 -0.000000 -1.000000
vn -0.000000 -0.000000 -1.000000
vn -0.000000 -0.000000 -1.000000
vn -0.000000 -0.000000 -1.000000
vn -0.000000 -0.000000 -1.000000
vn -0.000000 -0.000000 -1.000000
vn -0.000000 -0.000000 -1.000000
vn -0.000000 -0.000000 -1.000000
vn -0.000000 -0.000000 -1.000000
vn -0.000000 -0.000000 -1.000000
vn -0.000000 -0.000000 -1.000000
vn -0.000000 -0.000000 -1.000000
vn -0.000000 -0.000000 -1.000000
vn -0.000000 -0.000000 -1.000000
vn -0.000000 -0.000000 -1.000000
vn -0.000000 -0.000000 -1.000000
vn -0.000000 -0.000000 -1.000000
vn -0.000000 -0.000000 -1.000000
vn -0.000000 -0.000000 -1.000000
vn -0.000000 -0.000000 -1.000000
vn -0.000000 -0.000000 -1.000000
vn -0.000000 -0.000000 -1.000000
vn -0.000000 -0.000000 -1.000000
vn -0.000000 -0.000000 -1.000000
vn -0.000000 -0.000000 -1.000000
vn 0.000000 0.000000 1.000000
vn 0.000000 0.000000 1.000000
vn 0.000000 0.000000 1.000000
vn 0.000000 0.000000 1.000000
vn 0.000000 0.000000 1.000000
vn 0.000000 0.000000 1.000000
vn 0.000000 0.000000 1.000000
vn 0.000000 0.000000 1.000000
vn 0.000000 0.000000 1.000000
vn 0.000000 0.000000 1.000000
vn 0.000000 0.000000 1.000000
vn 0.000000 0.000000 1.000000
vn 0.000000 0.000000 1.000000
vn 0.000000 0.000000 1.000000
vn 0.000000 0.000000 1.000000
vn 0.000000 0.000000 1.000000
vn 0.000000 0.000000 1.000000
vn 0.000000 0.000000 1.000000
vn 0.000000 0.000000 1.000000
vn 0.000000 0.000000 1.000000
vn 0.000000 0.000000 1.000000
vn 0.000000 0.000000 1.000000
vn 0.000000 0.000000 1.000000
vn 0.000000 0.000000 1.000000
vn 0.000000 0.000000 1.000000
vn 0.000000 0.000000 1.000000
vn 0.000000 0.000000 1.000000
vn 0.000000 0.000000 1.000000
vn 0.000000 0.000000 1.000000
vn 0.000000 0.000000 1.000000
vn 0.000000 0.000000 1.000000
vn 0.000000 0.000000 1.000000
vn 0.000000 0.000000 1.000000
vn 0.000000 0.000000 1.000000
vn 0.000000 0.000000 1.000000
vn 0.000000 0.000000 1.000000
vn 0.000000 0.000000 1.000000
vn 0.000000 0.000000 1.000000
vn 0.000000 0.000000 1.000000
vn 0.000000 0.000000 1.000000
vn 0.000000 0.000000 1.000000
vn 0.000000 0.000000 1.000000
vn 0.000000 0.000000 1.000000
vn 0.000000 0.000000 1.000000
vn 0.000000 0.000000 1.000000
vn 0.000000 0.000000 1.000000
vn 0.000000 0.000000 1.000000
vn 0.000000 0.000000 1.000000
vn 0.000000 0.000000 1.000000
vn 0.000000 0.000000 1.000000
vn 0.000000 0.000000 1.000000
vn 0.000000 0.000000 1.000000
vn 0.000000 0.000000 1.000000
vn 0.000000 0.000000 1.000000
vn 0.000000 0.000000 1.000000
vn 0.000000 0.000000 1.000000
vn 0.000000 0.000000 1.000000
vn 0.000000 0.000000 1.000000
vn 0.000000 0.000000 1.000000
vn 0.000000 0.000000 1.000000
vn 0.000000 0.000000 1.000000
vn 0.000000 0.000000 1.000000
vn 0.000000 0.000000 1.000000
vn 0.000000 0.000000 1.000000
vn 0.000000 0.000000 1.000000
vn 0.000000 0.000000 1.000000
vn 0.000000 0.000000 1.000000
vn 0.000000 0.000000 1.000000
vn 0.000000 0.000000 1.000000
vn 0.000000 0.000000 1.000000
vn 0.000000 0.000000 1.000000
vn 0.000000 0.000000 1.000000
vn 0.000000 0.000000 1.000000
vn 0.000000 0.000000 1.000000
vn 0.000000 0.000000 1.000000
vn 0.000000 0.000000 1.000000
vn 0.000000 0.000000 1.000000
vn 0.000000 0.000000 1.000000
vn 0.000000 0.000000 1.000000
vn 0.000000 0.000000 1.000000
vn 0.000000 0.000000 1.000000
vn 0.000000 0.000000 1.000000
vn 0.000000 0.000000 1.000000
vn 0.000000 0.000000 1.000000
vn 0.000000 0.000000 1.000000
vn 0.000000 0.000000 1.000000
vn 0.000000 0.000000 1.000000
vn 0.000000 0.000000 1.000000
vn 0.000000 0.000000 1.000000
vn 0.000000 0.000000 1.000000
vn 0.000000 0.000000 1.000000
vn 0.000000 0.000000 1.000000
vn 0.000000 0.000000 1.000000
vn 0.000000 0.000000 1.000000
vn 0.000000 0.000000 1.000000
vn 0.000000 0.000000 1.000000
vn 0.000000 0.000000 1.000000
vn 0.000000 0.000000 1.000000
vn 0.000000 0.000000 1.000000
vn 0.000000 0.000000 1.000000
vn 0.000000 0.000000 1.000000
vn 0.000000 0.000000 1.000000
vn 0.000000 0.000000 1.000000
vn 0.000000 0.000000 1.000000
vn 0.000000 0.000000 1.000000
vn 0.000000 0.000000 1.000000
vn 0.000000 0.000000 1.000000
vn 0.000000 0.000000 1.000000
vn 0.000000 0.000000 1.000000
vn 0.000000 0.000000 1.000000
vn 0.000000 0.000000 1.000000
vn 0.000000 0.000000 1.000000
vn 0.000000 0.000000 1.000000
vn 0.000000 0.000000 1.000000
vn 0.000000 0.000000 1.000000
vn 0.000000 0.000000 1.000000
vn 0.000000 0.000000 1.000000
vn 0.000000 0.000000 1.000000
vn 0.000000 0.000000 1.000000
vn 0.000000 0.000000 1.000000
vn 0.000000 0.000000 1.000000
vn 0.000000 0.000000 1.000000
vn 0.000000 0.000000 1.000000
vn 0.000000 0.000000 1.000000
vn -0.000000 -0.003381 0.999994
vn -0.000000 -0.003955 0.999992
vn -0.000000 -0.003210 0.999995
vn 0.000000 0.066525 0.997785
vn 0.000000 0.067040 0.997750
vn 0.000000 0.120436 0.992721
vn 0.000000 0.120759 0.992682
vn 0.000000 0.157409 0.987533
vn 0.000000 0.157575 0.987507
vn 0.000000 0.175567 0.984468
vn 0.000000 0.175602 0.984461
vn 0.000000 0.169517 0.985527
vn 0.000000 0.169440 0.985540
vn 0.000000 0.125463 0.992098
vn 0.000000 0.125293 0.992120
vn 0.000000 0.079434 0.996840
vn 0.000000 0.079229 0.996856
vn 0.000000 0.006507 0.999979
vn 0.000000 0.006292 0.999980
vn -0.000000 -0.108735 0.994071
vn -0.000000 -0.108905 0.994052
vn -0.000000 -0.289417 0.957203
vn -0.000000 -0.289417 0.957203
vn -0.000000 -0.003954 0.999992
vn -0.000000 -0.048147 0.998840
vn -0.000000 -0.008512 0.999964
vn -0.000000 -0.048147 0.998840
vn 0.000000 0.001238 0.999999
vn 0.000000 0.020333 0.999793
vn 0.000000 0.045355 0.998971
vn 0.000000 0.107846 0.994168
vn 0.000000 0.141135 0.989990
vn 0.000000 0.172105 0.985079
vn 0.000000 0.204138 0.978942
vn 0.000000 0.258748 0.965945
vn 0.000000 0.288802 0.957389
vn 0.000000 0.388434 0.921477
vn 0.000000 0.411405 0.911453
vn 0.000000 0.597573 0.801814
vn 0.000000 0.597573 0.801814
vn 0.000000 0.723342 0.690490
vn 0.000000 0.763579 0.645714
vn 0.000000 0.763579 0.645714
vn 0.000000 0.873118 0.487509
vn 0.000000 0.873118 0.487509
vn 0.000000 0.915446 0.402441
vn 0.000000 0.915446 0.402441
vn 0.000000 0.897009 0.442011
vn 0.000000 0.833925 0.551877
vn 0.000000 0.833925 0.551877
vn 0.000000 0.786841 0.617156
vn 0.000000 0.741148 0.671341
vn 0.000000 0.741148 0.671341
vn 0.000000 0.604868 0.796326
vn 0.000000 0.604868 0.796326
vn 0.000000 0.438000 0.898975
vn 0.000000 0.438000 0.898975
vn 0.000000 0.268245 0.963351
vn 0.000000 0.268245 0.963351
vn 0.000000 0.119262 0.992863
vn 0.000000 0.119262 0.992863
vn 1.000000 0.000000 0.000000
vn 1.000000 0.000000 0.000000
vn 1.000000 0.000000 0.000000
vn 1.000000 0.000000 0.000000
vn 1.000000 0.000000 0.000000
vn 1.000000 0.000000 0.000000
vn 1.000000 0.000000 0.000000
vn 1.000000 0.000000 0.000000
vn 1.000000 0.000000 0.000000
vn 1.000000 0.000000 0.000000
vn 1.000000 0.000000 0.000000
vn 1.000000 0.000000 0.000000
vn 1.000000 0.000000 0.000000
vn 1.000000 0.000000 0.000000
vn 1.000000 0.000000 0.000000
vn 1.000000 0.000000 0.000000
vn 1.000000 0.000000 0.000000
vn 1.000000 0.000000 0.000000
vn 1.000000 0.000000 0.000000
vn 1.000000 0.000000 0.000000
vn 1.000000 0.000000 0.000000
vn 1.000000 0.000000 0.000000
vn 1.000000 0.000000 0.000000
vn 1.000000 0.000000 0.000000
vn 1.000000 0.000000 0.000000
vn 1.000000 0.000000 0.000000
vn 1.000000 0.000000 0.000000
vn 1.000000 0.000000 0.000000
vn 1.000000 0.000000 0.000000
vn 1.000000 0.000000 0.000000
vn 1.000000 0.000000 0.000000
vn 1.000000 0.000000 0.000000
vn 1.000000 0.000000 0.000000
vn 1.000000 0.000000 0.000000
vn 1.000000 0.000000 0.000000
vn 1.000000 0.000000 0.000000
vn 1.000000 0.000000 0.000000
vn 1.000000 0.000000 0.000000
vn 1.000000 0.000000 0.000000
vn 1.000000 0.000000 0.000000
vn 1.000000 0.000000 0.000000
vn 1.000000 0.000000 0.000000
vn 1.000000 0.000000 0.000000
vn 1.000000 0.000000 0.000000
vn 1.000000 0.000000 0.000000
vn 1.000000 0.000000 0.000000
vn 1.000000 0.000000 0.000000
vn 1.000000 0.000000 0.000000
vn 1.000000 0.000000 0.000000
vn 1.000000 0.000000 0.000000
vn 1.000000 0.000000 0.000000
vn 1.000000 0.000000 0.000000
vn 1.000000 0.000000 0.000000
vn 1.000000 0.000000 0.000000
vn 1.000000 0.000000 0.000000
vn -1.000000 -0.000000 -0.000000
vn -1.000000 -0.000000 -0.000000
vn -1.000000 -0.000000 -0.000000
vn -1.000000 -0.000000 -0.000000
vn -1.000000 -0.000000 -0.000000
vn -1.000000 -0.000000 -0.000000
usemtl Stahl_-_satiniert
f 2/1/1 48/2/2 1/3/3
f 1/3/3 48/2/2 25/4/4
f 1/3/3 25/4/4 24/5/5
f 24/5/5 25/4/4 26/6/6
f 24/5/5 26/6/6 23/7/7
f 23/7/7 26/6/6 27/8/8
f 23/7/7 27/8/8 22/9/9
f 22/9/9 27/8/8 28/10/10
f 22/9/9 28/10/10 21/11/11
f 21/11/11 28/10/10 29/12/12
f 21/11/11 29/12/12 20/13/13
f 20/13/13 29/12/12 30/14/14
f 20/13/13 30/14/14 19/15/15
f 19/15/15 30/14/14 31/16/16
f 19/15/15 31/16/16 18/17/17
f 18/17/17 31/16/16 32/18/18
f 18/17/17 32/18/18 17/19/19
f 17/19/19 32/18/18 33/20/20
f 17/19/19 33/20/20 16/21/21
f 16/21/21 33/20/20 34/22/22
f 16/21/21 34/22/22 15/23/23
f 15/23/23 34/22/22 35/24/24
f 15/23/23 35/24/24 14/25/25
f 14/25/25 35/24/24 36/26/26
f 14/25/25 36/26/26 13/27/27
f 13/27/27 36/26/26 37/28/28
f 13/29/27 37/30/28 12/31/29
f 12/31/29 37/30/28 38/32/30
f 12/31/29 38/32/30 11/33/31
f 11/33/31 38/32/30 39/34/32
f 11/33/31 39/34/32 10/35/33
f 10/35/33 39/34/32 40/36/34
f 10/35/33 40/36/34 9/37/35
f 9/37/35 40/36/34 41/38/36
f 9/37/35 41/38/36 8/39/37
f 8/39/37 41/38/36 42/40/38
f 8/39/37 42/40/38 7/41/39
f 7/41/39 42/40/38 43/42/40
f 7/41/39 43/42/40 6/43/41
f 6/43/41 43/42/40 44/44/42
f 6/43/41 44/44/42 5/45/43
f 5/45/43 44/44/42 45/46/44
f 5/45/43 45/46/44 4/47/45
f 4/47/45 45/46/44 46/48/46
f 4/47/45 46/48/46 3/49/47
f 3/49/47 46/48/46 47/50/48
f 3/49/47 47/50/48 2/1/1
f 2/1/1 47/50/48 48/2/2
f 50/51/49 96/52/50 49/53/51
f 49/53/51 96/52/50 73/54/52
f 49/53/51 73/54/52 72/55/53
f 72/55/53 73/54/52 74/56/54
f 72/55/53 74/56/54 71/57/55
f 71/57/55 74/56/54 75/58/56
f 71/57/55 75/58/56 70/59/57
f 70/59/57 75/58/56 76/60/58
f 70/59/57 76/60/58 69/61/59
f 69/61/59 76/60/58 77/62/60
f 69/61/59 77/62/60 68/63/61
f 68/63/61 77/62/60 78/64/62
f 68/63/61 78/64/62 67/65/63
f 67/65/63 78/64/62 79/66/64
f 67/65/63 79/66/64 66/67/65
f 66/67/65 79/66/64 80/68/66
f 66/67/65 80/68/66 65/69/67
f 65/69/67 80/68/66 81/70/68
f 65/69/67 81/70/68 64/71/69
f 64/71/69 81/70/68 82/72/70
f 64/71/69 82/72/70 63/73/71
f 63/73/71 82/72/70 83/74/72
f 63/73/71 83/74/72 62/75/73
f 62/75/73 83/74/72 84/76/74
f 62/75/73 84/76/74 61/77/75
f 61/77/75 84/76/74 85/78/76
f 61/79/75 85/80/76 60/81/77
f 60/81/77 85/80/76 86/82/78
f 60/81/77 86/82/78 59/83/79
f 59/83/79 86/82/78 87/84/80
f 59/83/79 87/84/80 58/85/81
f 58/85/81 87/84/80 88/86/82
f 58/85/81 88/86/82 57/87/83
f 57/87/83 88/86/82 89/88/84
f 57/87/83 89/88/84 56/89/85
f 56/89/85 89/88/84 90/90/86
f 56/89/85 90/90/86 55/91/87
f 55/91/87 90/90/86 91/92/88
f 55/91/87 91/92/88 54/93/89
f 54/93/89 91/92/88 92/94/90
f 54/93/89 92/94/90 53/95/91
f 53/95/91 92/94/90 93/96/92
f 53/95/91 93/96/92 52/97/93
f 52/97/93 93/96/92 94/98/94
f 52/97/93 94/98/94 51/99/95
f 51/99/95 94/98/94 95/100/96
f 51/99/95 95/100/96 50/51/49
f 50/51/49 95/100/96 96/52/50
f 98/101/97 144/102/98 97/103/99
f 97/103/99 144/102/98 121/104/100
f 97/103/99 121/104/100 120/105/101
f 120/105/101 121/104/100 122/106/102
f 120/105/101 122/106/102 119/107/103
f 119/107/103 122/106/102 123/108/104
f 119/107/103 123/108/104 118/109/105
f 118/109/105 123/108/104 124/110/106
f 118/109/105 124/110/106 117/111/107
f 117/111/107 124/110/106 125/112/108
f 117/111/107 125/112/108 116/113/109
f 116/113/109 125/112/108 126/114/110
f 116/113/109 126/114/110 115/115/111
f 115/115/111 126/114/110 127/116/112
f 115/115/111 127/116/112 114/117/113
f 114/117/113 127/116/112 128/118/114
f 114/117/113 128/118/114 113/119/115
f 113/119/115 128/118/114 129/120/116
f 113/119/115 129/120/116 112/121/117
f 112/121/117 129/120/116 130/122/118
f 112/121/117 130/122/118 111/123/119
f 111/123/119 130/122/118 131/124/120
f 111/123/119 131/124/120 110/125/121
f 110/125/121 131/124/120 132/126/122
f 110/125/121 132/126/122 109/127/123
f 109/127/123 132/126/122 133/128/124
f 109/129/123 133/130/124 108/131/125
f 108/131/125 133/130/124 134/132/126
f 108/131/125 134/132/126 107/133/127
f 107/133/127 134/132/126 135/134/128
f 107/133/127 135/134/128 106/135/129
f 106/135/129 135/134/128 136/136/130
f 106/135/129 136/136/130 105/137/131
f 105/137/131 136/136/130 137/138/132
f 105/137/131 137/138/132 104/139/133
f 104/139/133 137/138/132 138/140/134
f 104/139/133 138/140/134 103/141/135
f 103/141/135 138/140/134 139/142/136
f 103/141/135 139/142/136 102/143/137
f 102/143/137 139/142/136 140/144/138
f 102/143/137 140/144/138 101/145/139
f 101/145/139 140/144/138 141/146/140
f 101/145/139 141/146/140 100/147/141
f 100/147/141 141/146/140 142/148/142
f 100/147/141 142/148/142 99/149/143
f 99/149/143 142/148/142 143/150/144
f 99/149/143 143/150/144 98/101/97
f 98/101/97 143/150/144 144/102/98
f 146/151/145 2/152/146 145/153/147
f 145/153/147 2/152/146 1/154/148
f 145/153/147 1/154/148 168/155/149
f 168/155/149 1/154/148 24/156/150
f 168/155/149 24/156/150 167/157/151
f 167/157/151 24/156/150 23/158/152
f 167/157/151 23/158/152 166/159/153
f 166/159/153 23/158/152 22/160/154
f 166/159/153 22/160/154 165/161/155
f 165/161/155 22/160/154 21/162/156
f 165/161/155 21/162/156 164/163/157
f 164/163/157 21/162/156 20/164/158
f 164/163/157 20/164/158 163/165/159
f 163/165/159 20/164/158 19/166/160
f 163/165/159 19/166/160 162/167/161
f 162/167/161 19/166/160 18/168/162
f 162/167/161 18/168/162 161/169/163
f 161/169/163 18/168/162 17/170/164
f 161/169/163 17/170/164 160/171/165
f 160/171/165 17/170/164 16/172/166
f 160/171/165 16/172/166 159/173/167
f 159/173/167 16/172/166 15/174/168
f 159/173/167 15/174/168 158/175/169
f 158/175/169 15/174/168 14/176/170
f 158/175/169 14/176/170 157/177/171
f 157/177/171 14/176/170 13/178/172
f 157/179/171 13/180/172 156/181/173
f 156/181/173 13/180/172 12/182/174
f 156/181/173 12/182/174 155/183/175
f 155/183/175 12/182/174 11/184/176
f 155/183/175 11/184/176 154/185/177
f 154/185/177 11/184/176 10/186/178
f 154/185/177 10/186/178 153/187/179
f 153/187/179 10/186/178 9/188/180
f 153/187/179 9/188/180 152/189/181
f 152/189/181 9/188/180 8/190/182
f 152/189/181 8/190/182 151/191/183
f 151/191/183 8/190/182 7/192/184
f 151/191/183 7/192/184 150/193/185
f 150/193/185 7/192/184 6/194/186
f 150/193/185 6/194/186 149/195/187
f 149/195/187 6/194/186 5/196/188
f 149/195/187 5/196/188 148/197/189
f 148/197/189 5/196/188 4/198/190
f 148/197/189 4/198/190 147/199/191
f 147/199/191 4/198/190 3/200/192
f 147/199/191 3/200/192 146/151/145
f 146/151/145 3/200/192 2/152/146
f 72/201/193 180/202/194 49/203/195
f 49/203/195 180/202/194 181/204/196
f 49/205/195 181/206/196 50/207/197
f 50/207/197 181/206/196 182/208/198
f 50/207/197 182/208/198 51/209/199
f 51/209/199 182/208/198 183/210/200
f 51/209/199 183/210/200 52/211/201
f 52/211/201 183/210/200 184/212/202
f 52/211/201 184/212/202 53/213/203
f 53/213/203 184/212/202 185/214/204
f 53/213/203 185/214/204 54/215/205
f 54/215/205 185/214/204 186/216/206
f 54/215/205 186/216/206 55/217/207
f 55/217/207 186/216/206 187/218/208
f 55/217/207 187/218/208 56/219/209
f 56/219/209 187/218/208 188/220/210
f 56/219/209 188/220/210 57/221/211
f 57/221/211 188/220/210 189/222/212
f 57/221/211 189/222/212 58/223/213
f 58/223/213 189/222/212 190/224/214
f 58/223/213 190/224/214 59/225/215
f 59/225/215 190/224/214 191/226/216
f 59/225/215 191/226/216 60/227/217
f 60/227/217 191/226/216 192/228/218
f 60/227/217 192/228/218 61/229/219
f 61/229/219 192/228/218 169/230/220
f 61/229/219 169/230/220 62/231/221
f 62/231/221 169/230/220 170/232/222
f 62/231/221 170/232/222 63/233/223
f 63/233/223 170/232/222 171/234/224
f 63/233/223 171/234/224 64/235/225
f 64/235/225 171/234/224 172/236/226
f 64/235/225 172/236/226 65/237/227
f 65/237/227 172/236/226 173/238/228
f 65/237/227 173/238/228 66/239/229
f 66/239/229 173/238/228 174/240/230
f 66/239/229 174/240/230 67/241/231
f 67/241/231 174/240/230 175/242/232
f 67/241/231 175/242/232 68/243/233
f 68/243/233 175/242/232 176/244/234
f 68/243/233 176/244/234 69/245/235
f 69/245/235 176/244/234 177/246/236
f 69/245/235 177/246/236 70/247/237
f 70/247/237 177/246/236 178/248/238
f 70/247/237 178/248/238 71/249/239
f 71/249/239 178/248/238 179/250/240
f 71/249/239 179/250/240 72/201/193
f 72/201/193 179/250/240 180/202/194
f 194/251/241 240/252/242 193/253/243
f 193/253/243 240/252/242 217/254/244
f 193/253/243 217/254/244 216/255/245
f 216/255/245 217/254/244 218/256/246
f 216/255/245 218/256/246 215/257/247
f 215/257/247 218/256/246 219/258/248
f 215/257/247 219/258/248 214/259/249
f 214/259/249 219/258/248 220/260/250
f 214/259/249 220/260/250 213/261/251
f 213/261/251 220/260/250 221/262/252
f 213/261/251 221/262/252 212/263/253
f 212/263/253 221/262/252 222/264/254
f 212/263/253 222/264/254 211/265/255
f 211/265/255 222/264/254 223/266/256
f 211/265/255 223/266/256 210/267/257
f 210/267/257 223/266/256 224/268/258
f 210/267/257 224/268/258 209/269/259
f 209/269/259 224/268/258 225/270/260
f 209/269/259 225/270/260 208/271/261
f 208/271/261 225/270/260 226/272/262
f 208/271/261 226/272/262 207/273/263
f 207/273/263 226/272/262 227/274/264
f 207/273/263 227/274/264 206/275/265
f 206/275/265 227/274/264 228/276/266
f 206/275/265 228/276/266 205/277/267
f 205/277/267 228/276/266 229/278/268
f 205/279/267 229/280/268 204/281/269
f 204/281/269 229/280/268 230/282/270
f 204/281/269 230/282/270 203/283/271
f 203/283/271 230/282/270 231/284/272
f 203/283/271 231/284/272 202/285/273
f 202/285/273 231/284/272 232/286/274
f 202/285/273 232/286/274 201/287/275
f 201/287/275 232/286/274 233/288/276
f 201/287/275 233/288/276 200/289/277
f 200/289/277 233/288/276 234/290/278
f 200/289/277 234/290/278 199/291/279
f 199/291/279 234/290/278 235/292/280
f 199/291/279 235/292/280 198/293/281
f 198/293/281 235/292/280 236/294/282
f 198/293/281 236/294/282 197/295/283
f 197/295/283 236/294/282 237/296/284
f 197/295/283 237/296/284 196/297/285
f 196/297/285 237/296/284 238/298/286
f 196/297/285 238/298/286 195/299/287
f 195/299/287 238/298/286 239/300/288
f 195/299/287 239/300/288 194/251/241
f 194/251/241 239/300/288 240/252/242
f 242/301/289 288/302/290 241/303/291
f 241/303/291 288/302/290 265/304/292
f 241/303/291 265/304/292 264/305/293
f 264/305/293 265/304/292 266/306/294
f 264/305/293 266/306/294 263/307/295
f 263/307/295 266/306/294 267/308/296
f 263/307/295 267/308/296 262/309/297
f 262/309/297 267/308/296 268/310/298
f 262/309/297 268/310/298 261/311/299
f 261/311/299 268/310/298 269/312/300
f 261/311/299 269/312/300 260/313/301
f 260/313/301 269/312/300 270/314/302
f 260/313/301 270/314/302 259/315/303
f 259/315/303 270/314/302 271/316/304
f 259/315/303 271/316/304 258/317/305
f 258/317/305 271/316/304 272/318/306
f 258/317/305 272/318/306 257/319/307
f 257/319/307 272/318/306 273/320/308
f 257/319/307 273/320/308 256/321/309
f 256/321/309 273/320/308 274/322/310
f 256/321/309 274/322/310 255/323/311
f 255/323/311 274/322/310 275/324/312
f 255/323/311 275/324/312 254/325/313
f 254/325/313 275/324/312 276/326/314
f 254/325/313 276/326/314 253/327/315
f 253/327/315 276/326/314 277/328/316
f 253/329/315 277/330/316 252/331/317
f 252/331/317 277/330/316 278/332/318
f 252/331/317 278/332/318 251/333/319
f 251/333/319 278/332/318 279/334/320
f 251/333/319 279/334/320 250/335/321
f 250/335/321 279/334/320 280/336/322
f 250/335/321 280/336/322 249/337/323
f 249/337/323 280/336/322 281/338/324
f 249/337/323 281/338/324 248/339/325
f 248/339/325 281/338/324 282/340/326
f 248/339/325 282/340/326 247/341/327
f 247/341/327 282/340/326 283/342/328
f 247/341/327 283/342/328 246/343/329
f 246/343/329 283/342/328 284/344/330
f 246/343/329 284/344/330 245/345/331
f 245/345/331 284/344/330 285/346/332
f 245/345/331 285/346/332 244/347/333
f 244/347/333 285/346/332 286/348/334
f 244/347/333 286/348/334 243/349/335
f 243/349/335 286/348/334 287/350/336
f 243/349/335 287/350/336 242/301/289
f 242/301/289 287/350/336 288/302/290
f 290/351/337 336/352/338 289/353/339
f 289/353/339 336/352/338 313/354/340
f 289/353/339 313/354/340 312/355/341
f 312/355/341 313/354/340 314/356/342
f 312/355/341 314/356/342 311/357/343
f 311/357/343 314/356/342 315/358/344
f 311/357/343 315/358/344 310/359/345
f 310/359/345 315/358/344 316/360/346
f 310/359/345 316/360/346 309/361/347
f 309/361/347 316/360/346 317/362/348
f 309/361/347 317/362/348 308/363/349
f 308/363/349 317/362/348 318/364/350
f 308/363/349 318/364/350 307/365/351
f 307/365/351 318/364/350 319/366/352
f 307/365/351 319/366/352 306/367/353
f 306/367/353 319/366/352 320/368/354
f 306/367/353 320/368/354 305/369/355
f 305/369/355 320/368/354 321/370/356
f 305/369/355 321/370/356 304/371/357
f 304/371/357 321/370/356 322/372/358
f 304/371/357 322/372/358 303/373/359
f 303/373/359 322/372/358 323/374/360
f 303/373/359 323/374/360 302/375/361
f 302/375/361 323/374/360 324/376/362
f 302/375/361 324/376/362 301/377/363
f 301/377/363 324/376/362 325/378/364
f 301/379/363 325/380/364 300/381/365
f 300/381/365 325/380/364 326/382/366
f 300/381/365 326/382/366 299/383/367
f 299/383/367 326/382/366 327/384/368
f 299/383/367 327/384/368 298/385/369
f 298/385/369 327/384/368 328/386/370
f 298/385/369 328/386/370 297/387/371
f 297/387/371 328/386/370 329/388/372
f 297/387/371 329/388/372 296/389/373
f 296/389/373 329/388/372 330/390/374
f 296/389/373 330/390/374 295/391/375
f 295/391/375 330/390/374 331/392/376
f 295/391/375 331/392/376 294/393/377
f 294/393/377 331/392/376 332/394/378
f 294/393/377 332/394/378 293/395/379
f 293/395/379 332/394/378 333/396/380
f 293/395/379 333/396/380 292/397/381
f 292/397/381 333/396/380 334/398/382
f 292/397/381 334/398/382 291/399/383
f 291/399/383 334/398/382 335/400/384
f 291/399/383 335/400/384 290/351/337
f 290/351/337 335/400/384 336/352/338
f 338/401/385 384/402/386 337/403/387
f 337/403/387 384/402/386 361/404/388
f 337/403/387 361/404/388 360/405/389
f 360/405/389 361/404/388 362/406/390
f 360/405/389 362/406/390 359/407/391
f 359/407/391 362/406/390 363/408/392
f 359/407/391 363/408/392 358/409/393
f 358/409/393 363/408/392 364/410/394
f 358/409/393 364/410/394 357/411/395
f 357/411/395 364/410/394 365/412/396
f 357/411/395 365/412/396 356/413/397
f 356/413/397 365/412/396 366/414/398
f 356/413/397 366/414/398 355/415/399
f 355/415/399 366/414/398 367/416/400
f 355/415/399 367/416/400 354/417/401
f 354/417/401 367/416/400 368/418/402
f 354/417/401 368/418/402 353/419/403
f 353/419/403 368/418/402 369/420/404
f 353/419/403 369/420/404 352/421/405
f 352/421/405 369/420/404 370/422/406
f 352/421/405 370/422/406 351/423/407
f 351/423/407 370/422/406 371/424/408
f 351/423/407 371/424/408 350/425/409
f 350/425/409 371/424/408 372/426/410
f 350/425/409 372/426/410 349/427/411
f 349/427/411 372/426/410 373/428/412
f 349/429/411 373/430/412 348/431/413
f 348/431/413 373/430/412 374/432/414
f 348/431/413 374/432/414 347/433/415
f 347/433/415 374/432/414 375/434/416
f 347/433/415 375/434/416 346/435/417
f 346/435/417 375/434/416 376/436/418
f 346/435/417 376/436/418 345/437/419
f 345/437/419 376/436/418 377/438/420
f 345/437/419 377/438/420 344/439/421
f 344/439/421 377/438/420 378/440/422
f 344/439/421 378/440/422 343/441/423
f 343/441/423 378/440/422 379/442/424
f 343/441/423 379/442/424 342/443/425
f 342/443/425 379/442/424 380/444/426
f 342/443/425 380/444/426 341/445/427
f 341/445/427 380/444/426 381/446/428
f 341/445/427 381/446/428 340/447/429
f 340/447/429 381/446/428 382/448/430
f 340/447/429 382/448/430 339/449/431
f 339/449/431 382/448/430 383/450/432
f 339/449/431 383/450/432 338/401/385
f 338/401/385 383/450/432 384/402/386
f 386/451/433 432/452/434 385/453/435
f 385/453/435 432/452/434 409/454/436
f 385/453/435 409/454/436 408/455/437
f 408/455/437 409/454/436 410/456/438
f 408/455/437 410/456/438 407/457/439
f 407/457/439 410/456/438 411/458/440
f 407/457/439 411/458/440 406/459/441
f 406/459/441 411/458/440 412/460/442
f 406/459/441 412/460/442 405/461/443
f 405/461/443 412/460/442 413/462/444
f 405/461/443 413/462/444 404/463/445
f 404/463/445 413/462/444 414/464/446
f 404/463/445 414/464/446 403/465/447
f 403/465/447 414/464/446 415/466/448
f 403/465/447 415/466/448 402/467/449
f 402/467/449 415/466/448 416/468/450
f 402/467/449 416/468/450 401/469/451
f 401/469/451 416/468/450 417/470/452
f 401/469/451 417/470/452 400/471/453
f 400/471/453 417/470/452 418/472/454
f 400/471/453 418/472/454 399/473/455
f 399/473/455 418/472/454 419/474/456
f 399/473/455 419/474/456 398/475/457
f 398/475/457 419/474/456 420/476/458
f 398/475/457 420/476/458 397/477/459
f 397/477/459 420/476/458 421/478/460
f 397/479/459 421/480/460 396/481/461
f 396/481/461 421/480/460 422/482/462
f 396/481/461 422/482/462 395/483/463
f 395/483/463 422/482/462 423/484/464
f 395/483/463 423/484/464 394/485/465
f 394/485/465 423/484/464 424/486/466
f 394/485/465 424/486/466 393/487/467
f 393/487/467 424/486/466 425/488/468
f 393/487/467 425/488/468 392/489/469
f 392/489/469 425/488/468 426/490/470
f 392/489/469 426/490/470 391/491/471
f 391/491/471 426/490/470 427/492/472
f 391/491/471 427/492/472 390/493/473
f 390/493/473 427/492/472 428/494/474
f 390/493/473 428/494/474 389/495/475
f 389/495/475 428/494/474 429/496/476
f 389/495/475 429/496/476 388/497/477
f 388/497/477 429/496/476 430/498/478
f 388/497/477 430/498/478 387/499/479
f 387/499/479 430/498/478 431/500/480
f 387/499/479 431/500/480 386/451/433
f 386/451/433 431/500/480 432/452/434
f 434/501/481 480/502/482 433/503/483
f 433/503/483 480/502/482 457/504/484
f 433/503/483 457/504/484 456/505/485
f 456/505/485 457/504/484 458/506/486
f 456/505/485 458/506/486 455/507/487
f 455/507/487 458/506/486 459/508/488
f 455/507/487 459/508/488 454/509/489
f 454/509/489 459/508/488 460/510/490
f 454/509/489 460/510/490 453/511/491
f 453/511/491 460/510/490 461/512/492
f 453/511/491 461/512/492 452/513/493
f 452/513/493 461/512/492 462/514/494
f 452/513/493 462/514/494 451/515/495
f 451/515/495 462/514/494 463/516/496
f 451/515/495 463/516/496 450/517/497
f 450/517/497 463/516/496 464/518/498
f 450/517/497 464/518/498 449/519/499
f 449/519/499 464/518/498 465/520/500
f 449/519/499 465/520/500 448/521/501
f 448/521/501 465/520/500 466/522/502
f 448/521/501 466/522/502 447/523/503
f 447/523/503 466/522/502 467/524/504
f 447/523/503 467/524/504 446/525/505
f 446/525/505 467/524/504 468/526/506
f 446/525/505 468/526/506 445/527/507
f 445/527/507 468/526/506 469/528/508
f 445/529/507 469/530/508 444/531/509
f 444/531/509 469/530/508 470/532/510
f 444/531/509 470/532/510 443/533/511
f 443/533/511 470/532/510 471/534/512
f 443/533/511 471/534/512 442/535/513
f 442/535/513 471/534/512 472/536/514
f 442/535/513 472/536/514 441/537/515
f 441/537/515 472/536/514 473/538/516
f 441/537/515 473/538/516 440/539/517
f 440/539/517 473/538/516 474/540/518
f 440/539/517 474/540/518 439/541/519
f 439/541/519 474/540/518 475/542/520
f 439/541/519 475/542/520 438/543/521
f 438/543/521 475/542/520 476/544/522
f 438/543/521 476/544/522 437/545/523
f 437/545/523 476/544/522 477/546/524
f 437/545/523 477/546/524 436/547/525
f 436/547/525 477/546/524 478/548/526
f 436/547/525 478/548/526 435/549/527
f 435/549/527 478/548/526 479/550/528
f 435/549/527 479/550/528 434/501/481
f 434/501/481 479/550/528 480/502/482
f 488/551/529 481/552/530 487/553/531
f 487/553/531 481/552/530 482/554/532
f 487/553/531 482/554/532 486/555/533
f 486/555/533 482/554/532 483/556/534
f 486/555/533 483/556/534 485/557/535
f 485/557/535 483/556/534 484/558/536
f 489/559/537 490/560/538 526/561/539
f 526/561/539 490/560/538 525/562/540
f 525/562/540 490/560/538 491/563/541
f 525/562/540 491/563/541 524/564/542
f 524/564/542 491/563/541 492/565/543
f 524/564/542 492/565/543 523/566/544
f 523/566/544 492/565/543 493/567/545
f 523/566/544 493/567/545 494/568/546
f 495/569/547 521/570/548 494/568/546
f 494/568/546 521/570/548 522/571/549
f 494/568/546 522/571/549 523/566/544
f 496/572/550 497/573/551 495/569/547
f 495/569/547 497/573/551 520/574/552
f 495/569/547 520/574/552 521/570/548
f 498/575/553 499/576/554 497/573/551
f 497/573/551 499/576/554 518/577/555
f 497/573/551 518/577/555 520/574/552
f 520/574/552 518/577/555 519/578/556
f 518/577/555 499/576/554 516/579/557
f 516/579/557 499/576/554 500/580/558
f 516/579/557 500/580/558 501/581/559
f 516/579/557 501/581/559 515/582/560
f 515/582/560 501/581/559 502/583/561
f 515/582/560 502/583/561 514/584/562
f 514/584/562 502/583/561 503/585/563
f 514/584/562 503/585/563 504/586/564
f 514/584/562 504/586/564 513/587/565
f 513/587/565 504/586/564 505/588/566
f 513/587/565 505/588/566 506/589/567
f 513/587/565 506/589/567 512/590/568
f 512/590/568 506/589/567 507/591/569
f 512/590/568 507/591/569 508/592/570
f 512/590/568 508/592/570 511/593/571
f 511/593/571 508/592/570 509/594/572
f 511/593/571 509/594/572 510/595/573
f 516/579/557 517/596/574 518/577/555
f 534/597/575 527/598/576 532/599/577
f 532/599/577 527/598/576 528/600/578
f 532/599/577 528/600/578 531/601/579
f 531/601/579 528/600/578 529/602/580
f 531/601/579 529/602/580 530/603/581
f 532/599/577 533/604/582 534/597/575
f 542/605/583 535/606/584 541/607/585
f 541/607/585 535/606/584 536/608/586
f 541/607/585 536/608/586 537/609/587
f 538/610/588 539/611/589 537/609/587
f 537/609/587 539/611/589 540/612/590
f 537/609/587 540/612/590 541/607/585
f 530/613/591 529/614/592 548/615/593
f 548/615/593 529/614/592 543/616/594
f 548/615/593 543/616/594 547/617/595
f 547/617/595 543/616/594 544/618/596
f 547/617/595 544/618/596 546/619/597
f 546/619/597 544/618/596 545/620/598
f 546/619/597 545/620/598 542/621/599
f 542/621/599 545/620/598 535/622/600
f 485/623/601 484/624/602 552/625/603
f 552/625/603 484/624/602 551/626/604
f 551/626/604 484/624/602 549/627/605
f 551/626/604 549/627/605 550/628/606
f 484/624/602 528/629/607 549/627/605
f 549/627/605 528/629/607 527/630/608
f 534/631/609 533/632/610 560/633/611
f 560/633/611 533/632/610 553/634/612
f 560/633/611 553/634/612 559/635/613
f 559/635/613 553/634/612 554/636/614
f 559/635/613 554/636/614 558/637/615
f 558/637/615 554/636/614 555/638/616
f 558/637/615 555/638/616 557/639/617
f 557/639/617 555/638/616 556/640/618
f 557/641/617 556/642/618 575/643/619
f 575/643/619 556/642/618 561/644/620
f 575/643/619 561/644/620 574/645/621
f 574/645/621 561/644/620 562/646/622
f 574/645/621 562/646/622 573/647/623
f 573/647/623 562/646/622 563/648/624
f 573/647/623 563/648/624 572/649/625
f 572/649/625 563/648/624 564/650/626
f 572/649/625 564/650/626 571/651/627
f 571/651/627 564/650/626 565/652/628
f 571/651/627 565/652/628 570/653/629
f 570/653/629 565/652/628 569/654/630
f 569/654/630 565/652/628 568/655/631
f 568/655/631 565/652/628 566/656/632
f 568/655/631 566/656/632 567/657/633
f 567/658/634 566/659/635 581/660/636
f 581/660/636 566/659/635 576/661/637
f 581/660/636 576/661/637 580/662/638
f 580/662/638 576/661/637 577/663/639
f 580/662/638 577/663/639 579/664/640
f 579/664/640 577/663/639 578/665/641
f 578/666/642 582/667/643 579/668/644
f 579/668/644 582/667/643 489/669/645
f 489/669/645 582/667/643 490/670/646
f 490/670/646 582/667/643 583/671/647
f 490/670/646 583/671/647 491/672/648
f 491/672/648 583/671/647 584/673/649
f 491/672/648 584/673/649 585/674/650
f 491/672/648 585/674/650 492/675/651
f 492/675/651 585/674/650 586/676/652
f 492/675/651 586/676/652 493/677/653
f 493/677/653 586/676/652 587/678/654
f 493/677/653 587/678/654 494/679/655
f 494/679/655 587/678/654 495/680/656
f 495/680/656 587/678/654 588/681/657
f 495/680/656 588/681/657 496/682/658
f 496/682/658 588/681/657 497/683/659
f 497/683/659 588/681/657 589/684/660
f 497/683/659 589/684/660 498/685/661
f 498/685/661 589/684/660 590/686/662
f 498/685/661 590/686/662 499/687/663
f 499/687/663 590/686/662 591/688/664
f 499/687/663 591/688/664 500/689/665
f 500/689/665 591/688/664 501/690/666
f 501/690/666 591/688/664 592/691/667
f 501/690/666 592/691/667 502/692/668
f 502/692/668 592/691/667 503/693/669
f 503/693/669 592/691/667 593/694/670
f 503/693/669 593/694/670 504/695/671
f 504/695/671 593/694/670 505/696/672
f 505/696/672 593/694/670 594/697/673
f 505/696/672 594/697/673 506/698/674
f 506/698/674 594/697/673 507/699/675
f 507/699/675 594/697/673 595/700/676
f 507/699/675 595/700/676 508/701/677
f 508/701/677 595/700/676 509/702/678
f 509/702/678 595/700/676 596/703/679
f 509/702/678 596/703/679 510/704/680
f 596/705/679 597/706/681 510/707/680
f 510/707/680 597/706/681 603/708/682
f 603/708/682 597/706/681 602/709/683
f 602/709/683 597/706/681 598/710/684
f 602/709/683 598/710/684 601/711/685
f 601/711/685 598/710/684 600/712/686
f 600/712/686 598/710/684 599/713/687
f 601/714/688 604/715/689 602/716/690
f 602/716/690 604/715/689 605/717/691
f 575/718/692 93/719/693 557/720/694
f 557/720/694 93/719/693 92/721/695
f 557/720/694 92/721/695 91/722/696
f 93/719/693 575/718/692 608/723/697
f 608/723/697 575/718/692 574/724/698
f 608/723/697 574/724/698 607/725/699
f 607/725/699 574/724/698 573/726/700
f 607/725/699 573/726/700 606/727/701
f 606/727/701 573/726/700 572/728/702
f 606/727/701 572/728/702 571/729/703
f 571/729/703 570/730/704 606/727/701
f 609/731/705 95/732/706 608/723/697
f 608/723/697 95/732/706 94/733/707
f 608/723/697 94/733/707 93/719/693
f 610/734/708 73/735/709 609/731/705
f 609/731/705 73/735/709 96/736/710
f 609/731/705 96/736/710 95/732/706
f 73/735/709 610/734/708 74/737/711
f 74/737/711 610/734/708 611/738/712
f 74/737/711 611/738/712 75/739/713
f 75/739/713 611/738/712 612/740/714
f 75/739/713 612/740/714 549/741/715
f 549/741/715 612/740/714 613/742/716
f 549/741/715 613/742/716 614/743/717
f 527/744/718 79/745/719 549/741/715
f 549/741/715 79/745/719 78/746/720
f 549/741/715 78/746/720 77/747/721
f 534/748/722 560/749/723 527/744/718
f 527/744/718 560/749/723 84/750/724
f 527/744/718 84/750/724 83/751/725
f 559/752/726 86/753/727 560/749/723
f 560/749/723 86/753/727 85/754/728
f 560/749/723 85/754/728 84/750/724
f 558/755/729 89/756/730 559/752/726
f 559/752/726 89/756/730 88/757/731
f 559/752/726 88/757/731 87/758/732
f 557/720/694 91/722/696 558/755/729
f 558/755/729 91/722/696 90/759/733
f 558/755/729 90/759/733 89/756/730
f 87/758/732 86/753/727 559/752/726
f 83/751/725 82/760/734 527/744/718
f 527/744/718 82/760/734 81/761/735
f 527/744/718 81/761/735 80/762/736
f 80/762/736 79/745/719 527/744/718
f 77/747/721 76/763/737 549/741/715
f 549/741/715 76/763/737 75/739/713
f 595/764/738 594/765/739 596/766/740
f 596/766/740 594/765/739 593/767/741
f 596/766/740 593/767/741 592/768/742
f 596/766/740 592/768/742 597/769/743
f 597/769/743 592/768/742 591/770/744
f 597/769/743 591/770/744 590/771/745
f 597/769/743 590/771/745 445/772/746
f 445/772/746 590/771/745 589/773/747
f 445/772/746 589/773/747 446/774/748
f 446/774/748 589/773/747 588/775/749
f 446/774/748 588/775/749 447/776/750
f 447/776/750 588/775/749 448/777/751
f 448/777/751 588/775/749 587/778/752
f 448/777/751 587/778/752 449/779/753
f 449/779/753 587/778/752 450/780/754
f 450/780/754 587/778/752 586/781/755
f 450/780/754 586/781/755 451/782/756
f 451/782/756 586/781/755 452/783/757
f 452/783/757 586/781/755 585/784/758
f 452/783/757 585/784/758 453/785/759
f 453/785/759 585/784/758 584/786/760
f 453/785/759 584/786/760 454/787/761
f 454/787/761 584/786/760 455/788/762
f 455/788/762 584/786/760 583/789/763
f 455/788/762 583/789/763 456/790/764
f 456/790/764 583/789/763 582/791/765
f 456/790/764 582/791/765 616/792/766
f 616/792/766 582/791/765 578/793/767
f 616/792/766 578/793/767 577/794/768
f 577/794/768 576/795/769 616/792/766
f 616/792/766 576/795/769 615/796/770
f 615/796/770 576/795/769 566/797/771
f 615/796/770 566/797/771 565/798/772
f 565/798/772 564/799/773 615/796/770
f 615/796/770 564/799/773 182/800/774
f 615/796/770 182/800/774 181/801/775
f 564/799/773 563/802/776 182/800/774
f 182/800/774 563/802/776 183/803/777
f 183/803/777 563/802/776 184/804/778
f 184/804/778 563/802/776 562/805/779
f 184/804/778 562/805/779 185/806/780
f 185/806/780 562/805/779 561/807/781
f 185/806/780 561/807/781 186/808/782
f 186/808/782 561/807/781 556/809/783
f 186/808/782 556/809/783 187/810/784
f 187/810/784 556/809/783 188/811/785
f 188/811/785 556/809/783 555/812/786
f 188/811/785 555/812/786 189/813/787
f 189/813/787 555/812/786 190/814/788
f 190/814/788 555/812/786 191/815/789
f 191/815/789 555/812/786 554/816/790
f 191/815/789 554/816/790 192/817/791
f 192/817/791 554/816/790 169/818/792
f 169/818/792 554/816/790 553/819/793
f 169/818/792 553/819/793 170/820/794
f 170/820/794 553/819/793 532/821/795
f 170/820/794 532/821/795 171/822/796
f 171/822/796 532/821/795 172/823/797
f 172/823/797 532/821/795 173/824/798
f 173/824/798 532/821/795 174/825/799
f 174/825/799 532/821/795 175/826/800
f 175/826/800 532/821/795 615/796/770
f 175/826/800 615/796/770 176/827/801
f 176/827/801 615/796/770 177/828/802
f 177/828/802 615/796/770 178/829/803
f 178/829/803 615/796/770 179/830/804
f 179/830/804 615/796/770 180/831/805
f 180/831/805 615/796/770 181/801/775
f 553/819/793 533/832/806 532/821/795
f 597/769/743 439/833/807 616/792/766
f 616/792/766 439/833/807 438/834/808
f 616/792/766 438/834/808 437/835/809
f 434/836/810 433/837/811 616/792/766
f 616/792/766 433/837/811 456/790/764
f 445/772/746 444/838/812 597/769/743
f 597/769/743 444/838/812 443/839/813
f 597/769/743 443/839/813 442/840/814
f 442/840/814 441/841/815 597/769/743
f 597/769/743 441/841/815 440/842/816
f 597/769/743 440/842/816 439/833/807
f 437/835/809 436/843/817 616/792/766
f 616/792/766 436/843/817 435/844/818
f 616/792/766 435/844/818 434/836/810
f 597/845/819 616/846/820 598/847/821
f 598/847/821 616/846/820 617/848/822
f 615/849/823 532/850/824 618/851/825
f 618/851/825 532/850/824 531/852/826
f 598/853/827 630/854/828 599/855/829
f 599/855/829 630/854/828 631/856/830
f 599/855/829 631/856/830 632/857/831
f 617/858/832 391/859/833 598/853/827
f 598/853/827 391/859/833 390/860/834
f 598/853/827 390/860/834 389/861/835
f 618/862/836 619/863/837 617/858/832
f 617/858/832 619/863/837 620/864/838
f 617/858/832 620/864/838 621/865/839
f 531/866/840 163/867/841 618/862/836
f 618/862/836 163/867/841 162/868/842
f 618/862/836 162/868/842 161/869/843
f 530/870/844 548/871/845 531/866/840
f 531/866/840 548/871/845 168/872/846
f 531/866/840 168/872/846 167/873/847
f 168/872/846 548/871/845 145/874/848
f 145/874/848 548/871/845 547/875/849
f 145/874/848 547/875/849 146/876/850
f 146/876/850 547/875/849 147/877/851
f 147/877/851 547/875/849 546/878/852
f 147/877/851 546/878/852 148/879/853
f 148/879/853 546/878/852 149/880/854
f 149/880/854 546/878/852 150/881/855
f 150/881/855 546/878/852 542/882/856
f 150/881/855 542/882/856 151/883/857
f 151/883/857 542/882/856 152/884/858
f 152/884/858 542/882/856 541/885/859
f 152/884/858 541/885/859 153/886/860
f 153/886/860 541/885/859 154/887/861
f 154/887/861 541/885/859 155/888/862
f 155/888/862 541/885/859 540/889/863
f 155/888/862 540/889/863 156/890/864
f 156/890/864 540/889/863 618/862/836
f 156/890/864 618/862/836 157/891/865
f 157/891/865 618/862/836 158/892/866
f 158/892/866 618/862/836 159/893/867
f 159/893/867 618/862/836 160/894/868
f 160/894/868 618/862/836 161/869/843
f 540/889/863 539/895/869 618/862/836
f 618/862/836 539/895/869 619/863/837
f 617/858/832 621/865/839 398/896/870
f 398/896/870 621/865/839 622/897/871
f 398/896/870 622/897/871 399/898/872
f 399/898/872 622/897/871 623/899/873
f 399/898/872 623/899/873 400/900/874
f 400/900/874 623/899/873 401/901/875
f 401/901/875 623/899/873 624/902/876
f 401/901/875 624/902/876 402/903/877
f 402/903/877 624/902/876 625/904/878
f 402/903/877 625/904/878 403/905/879
f 403/905/879 625/904/878 404/906/880
f 404/906/880 625/904/878 626/907/881
f 404/906/880 626/907/881 405/908/882
f 405/908/882 626/907/881 406/909/883
f 406/909/883 626/907/881 627/910/884
f 406/909/883 627/910/884 407/911/885
f 407/911/885 627/910/884 408/912/886
f 408/912/886 627/910/884 385/913/887
f 385/913/887 627/910/884 628/914/888
f 385/913/887 628/914/888 598/853/827
f 598/853/827 628/914/888 629/915/889
f 598/853/827 629/915/889 630/854/828
f 632/857/831 633/916/890 599/855/829
f 599/855/829 633/916/890 634/917/891
f 167/873/847 166/918/892 531/866/840
f 531/866/840 166/918/892 165/919/893
f 531/866/840 165/919/893 164/920/894
f 164/920/894 163/867/841 531/866/840
f 398/896/870 397/921/895 617/858/832
f 617/858/832 397/921/895 396/922/896
f 617/858/832 396/922/896 395/923/897
f 395/923/897 394/924/898 617/858/832
f 617/858/832 394/924/898 393/925/899
f 617/858/832 393/925/899 392/926/900
f 392/926/900 391/859/833 617/858/832
f 389/861/835 388/927/901 598/853/827
f 598/853/827 388/927/901 387/928/902
f 598/853/827 387/928/902 386/929/903
f 386/929/903 385/913/887 598/853/827
f 599/930/687 634/931/904 600/932/686
f 600/932/686 634/931/904 651/933/905
f 651/933/905 634/931/904 633/934/906
f 651/933/905 633/934/906 650/935/907
f 650/935/907 633/934/906 632/936/908
f 650/935/907 632/936/908 649/937/909
f 649/937/909 632/936/908 631/938/910
f 649/937/909 631/938/910 648/939/911
f 648/939/911 631/938/910 630/940/912
f 648/939/911 630/940/912 647/941/913
f 647/941/913 630/940/912 629/942/914
f 647/941/913 629/942/914 646/943/915
f 646/943/915 629/942/914 628/944/916
f 646/943/915 628/944/916 645/945/917
f 645/945/917 628/944/916 627/946/918
f 645/945/917 627/946/918 644/947/919
f 644/947/919 627/946/918 626/948/920
f 644/947/919 626/948/920 643/949/921
f 643/949/921 626/948/920 625/950/922
f 643/949/921 625/950/922 642/951/923
f 642/951/923 625/950/922 624/952/924
f 642/951/923 624/952/924 641/953/925
f 641/953/925 624/952/924 623/954/926
f 641/953/925 623/954/926 640/955/927
f 640/955/927 623/954/926 622/956/928
f 640/955/927 622/956/928 639/957/929
f 639/957/929 622/956/928 621/958/930
f 639/957/929 621/958/930 638/959/931
f 638/959/931 621/958/930 620/960/932
f 638/959/931 620/960/932 637/961/933
f 637/961/933 620/960/932 619/962/934
f 637/961/933 619/962/934 636/963/935
f 636/963/935 619/962/934 538/964/936
f 636/963/935 538/964/936 635/965/937
f 619/962/934 539/966/938 538/964/936
f 635/967/939 652/968/940 636/969/941
f 636/969/941 652/968/940 653/970/942
f 636/969/941 653/970/942 654/971/943
f 655/972/944 604/973/945 654/971/943
f 654/971/943 604/973/945 637/974/946
f 654/971/943 637/974/946 636/969/941
f 655/972/944 656/975/947 604/973/945
f 604/973/945 656/975/947 657/976/948
f 604/973/945 657/976/948 552/977/949
f 552/977/949 657/976/948 658/978/950
f 552/977/949 658/978/950 488/979/951
f 488/979/951 487/980/952 552/977/949
f 552/977/949 487/980/952 486/981/953
f 552/977/949 486/981/953 485/982/954
f 601/983/955 426/984/956 604/973/945
f 604/973/945 426/984/956 425/985/957
f 604/973/945 425/985/957 424/986/958
f 600/987/959 646/988/960 601/983/955
f 601/983/955 646/988/960 645/989/961
f 601/983/955 645/989/961 409/990/962
f 409/990/962 645/989/961 410/991/963
f 410/991/963 645/989/961 644/992/964
f 410/991/963 644/992/964 411/993/965
f 411/993/965 644/992/964 412/994/966
f 412/994/966 644/992/964 643/995/967
f 412/994/966 643/995/967 413/996/968
f 413/996/968 643/995/967 414/997/969
f 414/997/969 643/995/967 642/998/970
f 414/997/969 642/998/970 415/999/971
f 415/999/971 642/998/970 416/1000/972
f 416/1000/972 642/998/970 641/1001/973
f 416/1000/972 641/1001/973 417/1002/974
f 417/1002/974 641/1001/973 418/1003/975
f 418/1003/975 641/1001/973 640/1004/976
f 418/1003/975 640/1004/976 419/1005/977
f 419/1005/977 640/1004/976 639/1006/978
f 419/1005/977 639/1006/978 420/1007/979
f 420/1007/979 639/1006/978 638/1008/980
f 420/1007/979 638/1008/980 421/1009/981
f 421/1009/981 638/1008/980 604/973/945
f 421/1009/981 604/973/945 422/1010/982
f 422/1010/982 604/973/945 423/1011/983
f 423/1011/983 604/973/945 424/986/958
f 651/1012/984 650/1013/985 600/987/959
f 600/987/959 650/1013/985 649/1014/986
f 600/987/959 649/1014/986 648/1015/987
f 648/1015/987 647/1016/988 600/987/959
f 600/987/959 647/1016/988 646/988/960
f 638/1008/980 637/974/946 604/973/945
f 409/990/962 432/1017/989 601/983/955
f 601/983/955 432/1017/989 431/1018/990
f 601/983/955 431/1018/990 430/1019/991
f 430/1019/991 429/1020/992 601/983/955
f 601/983/955 429/1020/992 428/1021/993
f 601/983/955 428/1021/993 427/1022/994
f 427/1022/994 426/984/956 601/983/955
f 658/1023/995 657/1024/996 665/1025/997
f 665/1025/997 657/1024/996 664/1026/998
f 664/1026/998 657/1024/996 656/1027/999
f 664/1026/998 656/1027/999 663/1028/1000
f 663/1028/1000 656/1027/999 655/1029/1001
f 663/1028/1000 655/1029/1001 662/1030/1002
f 662/1030/1002 655/1029/1001 654/1031/1003
f 662/1030/1002 654/1031/1003 661/1032/1004
f 661/1032/1004 654/1031/1003 653/1033/1005
f 661/1032/1004 653/1033/1005 660/1034/1006
f 660/1034/1006 653/1033/1005 652/1035/1007
f 660/1034/1006 652/1035/1007 659/1036/1008
f 659/1036/1008 652/1035/1007 635/1037/1009
f 659/1036/1008 635/1037/1009 538/1038/1010
f 483/1039/1011 35/1040/1012 484/1041/1013
f 484/1041/1013 35/1040/1012 34/1042/1014
f 484/1041/1013 34/1042/1014 33/1043/1015
f 35/1040/1012 483/1039/1011 36/1044/1016
f 36/1044/1016 483/1039/1011 482/1045/1017
f 36/1044/1016 482/1045/1017 481/1046/1018
f 36/1044/1016 481/1046/1018 37/1047/1019
f 37/1047/1019 481/1046/1018 665/1048/1020
f 37/1047/1019 665/1048/1020 664/1049/1021
f 664/1049/1021 663/1050/1022 37/1047/1019
f 37/1047/1019 663/1050/1022 38/1051/1023
f 38/1051/1023 663/1050/1022 662/1052/1024
f 38/1051/1023 662/1052/1024 39/1053/1025
f 39/1053/1025 662/1052/1024 661/1054/1026
f 39/1053/1025 661/1054/1026 40/1055/1027
f 40/1055/1027 661/1054/1026 41/1056/1028
f 41/1056/1028 661/1054/1026 535/1057/1029
f 41/1056/1028 535/1057/1029 42/1058/1030
f 42/1058/1030 535/1057/1029 43/1059/1031
f 43/1059/1031 535/1057/1029 545/1060/1032
f 43/1059/1031 545/1060/1032 44/1061/1033
f 44/1061/1033 545/1060/1032 45/1062/1034
f 45/1062/1034 545/1060/1032 544/1063/1035
f 45/1062/1034 544/1063/1035 46/1064/1036
f 46/1064/1036 544/1063/1035 47/1065/1037
f 47/1065/1037 544/1063/1035 48/1066/1038
f 48/1066/1038 544/1063/1035 543/1067/1039
f 48/1066/1038 543/1067/1039 25/1068/1040
f 25/1068/1040 543/1067/1039 26/1069/1041
f 26/1069/1041 543/1067/1039 528/1070/1042
f 26/1069/1041 528/1070/1042 27/1071/1043
f 27/1071/1043 528/1070/1042 28/1072/1044
f 28/1072/1044 528/1070/1042 29/1073/1045
f 29/1073/1045 528/1070/1042 30/1074/1046
f 30/1074/1046 528/1070/1042 31/1075/1047
f 31/1075/1047 528/1070/1042 484/1041/1013
f 31/1075/1047 484/1041/1013 32/1076/1048
f 32/1076/1048 484/1041/1013 33/1043/1015
f 535/1057/1029 661/1054/1026 536/1077/1049
f 536/1077/1049 661/1054/1026 660/1078/1050
f 536/1077/1049 660/1078/1050 537/1079/1051
f 537/1079/1051 660/1078/1050 659/1080/1052
f 537/1079/1051 659/1080/1052 538/1081/1053
f 543/1067/1039 529/1082/1054 528/1070/1042
f 481/1083/1055 488/1084/1056 665/1085/1057
f 665/1085/1057 488/1084/1056 658/1086/1058
f 604/1087/1059 343/1088/1060 605/1089/1061
f 605/1089/1061 343/1088/1060 342/1090/1062
f 605/1089/1061 342/1090/1062 341/1091/1063
f 552/1092/1064 204/1093/1065 604/1087/1059
f 604/1087/1059 204/1093/1065 203/1094/1066
f 604/1087/1059 203/1094/1066 202/1095/1067
f 551/1096/1068 259/1097/1069 552/1092/1064
f 552/1092/1064 259/1097/1069 258/1098/1070
f 552/1092/1064 258/1098/1070 257/1099/1071
f 605/1089/1061 290/1100/1072 551/1096/1068
f 551/1096/1068 290/1100/1072 289/1101/1073
f 551/1096/1068 289/1101/1073 312/1102/1074
f 120/1103/1075 302/1104/1076 97/1105/1077
f 97/1105/1077 302/1104/1076 301/1106/1078
f 97/1105/1077 301/1106/1078 300/1107/1079
f 119/1108/1080 304/1109/1081 120/1103/1075
f 120/1103/1075 304/1109/1081 303/1110/1082
f 120/1103/1075 303/1110/1082 302/1104/1076
f 118/1111/1083 306/1112/1084 119/1108/1080
f 119/1108/1080 306/1112/1084 305/1113/1085
f 119/1108/1080 305/1113/1085 304/1109/1081
f 117/1114/1086 241/1115/1087 118/1111/1083
f 118/1111/1083 241/1115/1087 264/1116/1088
f 118/1111/1083 264/1116/1088 551/1096/1068
f 551/1096/1068 264/1116/1088 263/1117/1089
f 551/1096/1068 263/1117/1089 262/1118/1090
f 116/1119/1091 243/1120/1092 117/1114/1086
f 117/1114/1086 243/1120/1092 242/1121/1093
f 117/1114/1086 242/1121/1093 241/1115/1087
f 115/1122/1094 246/1123/1095 116/1119/1091
f 116/1119/1091 246/1123/1095 245/1124/1096
f 116/1119/1091 245/1124/1096 244/1125/1097
f 114/1126/1098 248/1127/1099 115/1122/1094
f 115/1122/1094 248/1127/1099 247/1128/1100
f 115/1122/1094 247/1128/1100 246/1123/1095
f 113/1129/1101 251/1130/1102 114/1126/1098
f 114/1126/1098 251/1130/1102 250/1131/1103
f 114/1126/1098 250/1131/1103 249/1132/1104
f 112/1133/1105 253/1134/1106 113/1129/1101
f 113/1129/1101 253/1134/1106 252/1135/1107
f 113/1129/1101 252/1135/1107 251/1130/1102
f 111/1136/1108 212/1137/1109 112/1133/1105
f 112/1133/1105 212/1137/1109 211/1138/1110
f 112/1133/1105 211/1138/1110 210/1139/1111
f 110/1140/1112 214/1141/1113 111/1136/1108
f 111/1136/1108 214/1141/1113 213/1142/1114
f 111/1136/1108 213/1142/1114 212/1137/1109
f 109/1143/1115 216/1144/1116 110/1140/1112
f 110/1140/1112 216/1144/1116 215/1145/1117
f 110/1140/1112 215/1145/1117 214/1141/1113
f 108/1146/1118 194/1147/1119 109/1143/1115
f 109/1143/1115 194/1147/1119 193/1148/1120
f 109/1143/1115 193/1148/1120 216/1144/1116
f 107/1149/1121 196/1150/1122 108/1146/1118
f 108/1146/1118 196/1150/1122 195/1151/1123
f 108/1146/1118 195/1151/1123 194/1147/1119
f 106/1152/1124 198/1153/1125 107/1149/1121
f 107/1149/1121 198/1153/1125 197/1154/1126
f 107/1149/1121 197/1154/1126 196/1150/1122
f 105/1155/1127 349/1156/1128 106/1152/1124
f 106/1152/1124 349/1156/1128 348/1157/1129
f 106/1152/1124 348/1157/1129 199/1158/1130
f 199/1158/1130 348/1157/1129 200/1159/1131
f 200/1159/1131 348/1157/1129 347/1160/1132
f 200/1159/1131 347/1160/1132 201/1161/1133
f 201/1161/1133 347/1160/1132 604/1087/1059
f 201/1161/1133 604/1087/1059 202/1095/1067
f 104/1162/1134 351/1163/1135 105/1155/1127
f 105/1155/1127 351/1163/1135 350/1164/1136
f 105/1155/1127 350/1164/1136 349/1156/1128
f 103/1165/1137 354/1166/1138 104/1162/1134
f 104/1162/1134 354/1166/1138 353/1167/1139
f 104/1162/1134 353/1167/1139 352/1168/1140
f 102/1169/1141 356/1170/1142 103/1165/1137
f 103/1165/1137 356/1170/1142 355/1171/1143
f 103/1165/1137 355/1171/1143 354/1166/1138
f 101/1172/1144 359/1173/1145 102/1169/1141
f 102/1169/1141 359/1173/1145 358/1174/1146
f 102/1169/1141 358/1174/1146 357/1175/1147
f 100/1176/1148 337/1177/1149 101/1172/1144
f 101/1172/1144 337/1177/1149 360/1178/1150
f 101/1172/1144 360/1178/1150 359/1173/1145
f 99/1179/1151 296/1180/1152 100/1176/1148
f 100/1176/1148 296/1180/1152 295/1181/1153
f 100/1176/1148 295/1181/1153 338/1182/1154
f 338/1182/1154 295/1181/1153 294/1183/1155
f 338/1182/1154 294/1183/1155 339/1184/1156
f 339/1184/1156 294/1183/1155 293/1185/1157
f 339/1184/1156 293/1185/1157 605/1089/1061
f 605/1089/1061 293/1185/1157 292/1186/1158
f 605/1089/1061 292/1186/1158 291/1187/1159
f 98/1188/1160 298/1189/1161 99/1179/1151
f 99/1179/1151 298/1189/1161 297/1190/1162
f 99/1179/1151 297/1190/1162 296/1180/1152
f 97/1105/1077 300/1107/1079 98/1188/1160
f 98/1188/1160 300/1107/1079 299/1191/1163
f 98/1188/1160 299/1191/1163 298/1189/1161
f 112/1133/1105 210/1139/1111 552/1092/1064
f 552/1092/1064 210/1139/1111 209/1192/1164
f 552/1092/1064 209/1192/1164 208/1193/1165
f 208/1193/1165 207/1194/1166 552/1092/1064
f 552/1092/1064 207/1194/1166 206/1195/1167
f 552/1092/1064 206/1195/1167 205/1196/1168
f 205/1196/1168 204/1093/1065 552/1092/1064
f 199/1158/1130 198/1153/1125 106/1152/1124
f 262/1118/1090 261/1197/1169 551/1096/1068
f 551/1096/1068 261/1197/1169 260/1198/1170
f 551/1096/1068 260/1198/1170 259/1097/1069
f 257/1099/1071 256/1199/1171 552/1092/1064
f 552/1092/1064 256/1199/1171 255/1200/1172
f 552/1092/1064 255/1200/1172 254/1201/1173
f 552/1092/1064 254/1201/1173 112/1133/1105
f 112/1133/1105 254/1201/1173 253/1134/1106
f 249/1132/1104 248/1127/1099 114/1126/1098
f 244/1125/1097 243/1120/1092 116/1119/1091
f 312/1102/1074 311/1202/1174 551/1096/1068
f 551/1096/1068 311/1202/1174 310/1203/1175
f 551/1096/1068 310/1203/1175 309/1204/1176
f 309/1204/1176 308/1205/1177 551/1096/1068
f 551/1096/1068 308/1205/1177 118/1111/1083
f 308/1205/1177 307/1206/1178 118/1111/1083
f 118/1111/1083 307/1206/1178 306/1112/1084
f 291/1187/1159 290/1100/1072 605/1089/1061
f 357/1175/1147 356/1170/1142 102/1169/1141
f 352/1168/1140 351/1163/1135 104/1162/1134
f 347/1160/1132 346/1207/1179 604/1087/1059
f 604/1087/1059 346/1207/1179 345/1208/1180
f 604/1087/1059 345/1208/1180 344/1209/1181
f 344/1209/1181 343/1088/1060 604/1087/1059
f 341/1091/1063 340/1210/1182 605/1089/1061
f 605/1089/1061 340/1210/1182 339/1184/1156
f 338/1182/1154 337/1177/1149 100/1176/1148
f 618/1211/1183 271/1212/1184 615/1213/1185
f 615/1213/1185 271/1212/1184 270/1214/1186
f 615/1213/1185 270/1214/1186 269/1215/1187
f 617/1216/1188 230/1217/1189 618/1211/1183
f 618/1211/1183 230/1217/1189 229/1218/1190
f 618/1211/1183 229/1218/1190 228/1219/1191
f 616/1220/1192 379/1221/1193 617/1216/1188
f 617/1216/1188 379/1221/1193 378/1222/1194
f 617/1216/1188 378/1222/1194 377/1223/1195
f 615/1213/1185 336/1224/1196 616/1220/1192
f 616/1220/1192 336/1224/1196 335/1225/1197
f 616/1220/1192 335/1225/1197 334/1226/1198
f 144/1227/1199 326/1228/1200 121/1229/1201
f 121/1229/1201 326/1228/1200 325/1230/1202
f 121/1229/1201 325/1230/1202 324/1231/1203
f 143/1232/1204 328/1233/1205 144/1227/1199
f 144/1227/1199 328/1233/1205 327/1234/1206
f 144/1227/1199 327/1234/1206 326/1228/1200
f 142/1235/1207 330/1236/1208 143/1232/1204
f 143/1232/1204 330/1236/1208 329/1237/1209
f 143/1232/1204 329/1237/1209 328/1233/1205
f 141/1238/1210 361/1239/1211 142/1235/1207
f 142/1235/1207 361/1239/1211 384/1240/1212
f 142/1235/1207 384/1240/1212 331/1241/1213
f 331/1241/1213 384/1240/1212 332/1242/1214
f 332/1242/1214 384/1240/1212 383/1243/1215
f 332/1242/1214 383/1243/1215 616/1220/1192
f 616/1220/1192 383/1243/1215 382/1244/1216
f 616/1220/1192 382/1244/1216 381/1245/1217
f 140/1246/1218 363/1247/1219 141/1238/1210
f 141/1238/1210 363/1247/1219 362/1248/1220
f 141/1238/1210 362/1248/1220 361/1239/1211
f 139/1249/1221 366/1250/1222 140/1246/1218
f 140/1246/1218 366/1250/1222 365/1251/1223
f 140/1246/1218 365/1251/1223 364/1252/1224
f 138/1253/1225 368/1254/1226 139/1249/1221
f 139/1249/1221 368/1254/1226 367/1255/1227
f 139/1249/1221 367/1255/1227 366/1250/1222
f 137/1256/1228 371/1257/1229 138/1253/1225
f 138/1253/1225 371/1257/1229 370/1258/1230
f 138/1253/1225 370/1258/1230 369/1259/1231
f 136/1260/1232 373/1261/1233 137/1256/1228
f 137/1256/1228 373/1261/1233 372/1262/1234
f 137/1256/1228 372/1262/1234 371/1257/1229
f 135/1263/1235 236/1264/1236 136/1260/1232
f 136/1260/1232 236/1264/1236 235/1265/1237
f 136/1260/1232 235/1265/1237 374/1266/1238
f 374/1266/1238 235/1265/1237 234/1267/1239
f 374/1266/1238 234/1267/1239 375/1268/1240
f 375/1268/1240 234/1267/1239 617/1216/1188
f 375/1268/1240 617/1216/1188 376/1269/1241
f 376/1269/1241 617/1216/1188 377/1223/1195
f 134/1270/1242 238/1271/1243 135/1263/1235
f 135/1263/1235 238/1271/1243 237/1272/1244
f 135/1263/1235 237/1272/1244 236/1264/1236
f 133/1273/1245 240/1274/1246 134/1270/1242
f 134/1270/1242 240/1274/1246 239/1275/1247
f 134/1270/1242 239/1275/1247 238/1271/1243
f 132/1276/1248 218/1277/1249 133/1273/1245
f 133/1273/1245 218/1277/1249 217/1278/1250
f 133/1273/1245 217/1278/1250 240/1274/1246
f 131/1279/1251 220/1280/1252 132/1276/1248
f 132/1276/1248 220/1280/1252 219/1281/1253
f 132/1276/1248 219/1281/1253 218/1277/1249
f 130/1282/1254 222/1283/1255 131/1279/1251
f 131/1279/1251 222/1283/1255 221/1284/1256
f 131/1279/1251 221/1284/1256 220/1280/1252
f 129/1285/1257 277/1286/1258 130/1282/1254
f 130/1282/1254 277/1286/1258 276/1287/1259
f 130/1282/1254 276/1287/1259 618/1211/1183
f 618/1211/1183 276/1287/1259 275/1288/1260
f 618/1211/1183 275/1288/1260 274/1289/1261
f 128/1290/1262 279/1291/1263 129/1285/1257
f 129/1285/1257 279/1291/1263 278/1292/1264
f 129/1285/1257 278/1292/1264 277/1286/1258
f 127/1293/1265 282/1294/1266 128/1290/1262
f 128/1290/1262 282/1294/1266 281/1295/1267
f 128/1290/1262 281/1295/1267 280/1296/1268
f 126/1297/1269 284/1298/1270 127/1293/1265
f 127/1293/1265 284/1298/1270 283/1299/1271
f 127/1293/1265 283/1299/1271 282/1294/1266
f 125/1300/1272 287/1301/1273 126/1297/1269
f 126/1297/1269 287/1301/1273 286/1302/1274
f 126/1297/1269 286/1302/1274 285/1303/1275
f 124/1304/1276 265/1305/1277 125/1300/1272
f 125/1300/1272 265/1305/1277 288/1306/1278
f 125/1300/1272 288/1306/1278 287/1301/1273
f 123/1307/1279 320/1308/1280 124/1304/1276
f 124/1304/1276 320/1308/1280 319/1309/1281
f 124/1304/1276 319/1309/1281 615/1213/1185
f 615/1213/1185 319/1309/1281 318/1310/1282
f 615/1213/1185 318/1310/1282 317/1311/1283
f 122/1312/1284 322/1313/1285 123/1307/1279
f 123/1307/1279 322/1313/1285 321/1314/1286
f 123/1307/1279 321/1314/1286 320/1308/1280
f 121/1229/1201 324/1231/1203 122/1312/1284
f 122/1312/1284 324/1231/1203 323/1315/1287
f 122/1312/1284 323/1315/1287 322/1313/1285
f 234/1267/1239 233/1316/1288 617/1216/1188
f 617/1216/1188 233/1316/1288 232/1317/1289
f 617/1216/1188 232/1317/1289 231/1318/1290
f 231/1318/1290 230/1217/1189 617/1216/1188
f 228/1219/1191 227/1319/1291 618/1211/1183
f 618/1211/1183 227/1319/1291 226/1320/1292
f 618/1211/1183 226/1320/1292 225/1321/1293
f 225/1321/1293 224/1322/1294 618/1211/1183
f 618/1211/1183 224/1322/1294 223/1323/1295
f 618/1211/1183 223/1323/1295 130/1282/1254
f 130/1282/1254 223/1323/1295 222/1283/1255
f 285/1303/1275 284/1298/1270 126/1297/1269
f 280/1296/1268 279/1291/1263 128/1290/1262
f 274/1289/1261 273/1324/1296 618/1211/1183
f 618/1211/1183 273/1324/1296 272/1325/1297
f 618/1211/1183 272/1325/1297 271/1212/1184
f 269/1215/1187 268/1326/1298 615/1213/1185
f 615/1213/1185 268/1326/1298 267/1327/1299
f 615/1213/1185 267/1327/1299 266/1328/1300
f 615/1213/1185 266/1328/1300 124/1304/1276
f 124/1304/1276 266/1328/1300 265/1305/1277
f 314/1329/1301 313/1330/1302 615/1213/1185
f 615/1213/1185 313/1330/1302 336/1224/1196
f 334/1226/1198 333/1331/1303 616/1220/1192
f 616/1220/1192 333/1331/1303 332/1242/1214
f 331/1241/1213 330/1236/1208 142/1235/1207
f 317/1311/1283 316/1332/1304 615/1213/1185
f 615/1213/1185 316/1332/1304 315/1333/1305
f 615/1213/1185 315/1333/1305 314/1329/1301
f 381/1245/1217 380/1334/1306 616/1220/1192
f 616/1220/1192 380/1334/1306 379/1221/1193
f 374/1266/1238 373/1261/1233 136/1260/1232
f 369/1259/1231 368/1254/1226 138/1253/1225
f 364/1252/1224 363/1247/1219 140/1246/1218
f 569/1335/1307 666/1336/1308 570/1337/1309
f 570/1337/1309 666/1336/1308 667/1338/1310
f 570/1337/1309 667/1338/1310 606/1339/1311
f 606/1339/1311 667/1338/1310 668/1340/1312
f 606/1339/1311 668/1340/1312 607/1341/1313
f 607/1341/1313 668/1340/1312 669/1342/1314
f 607/1341/1313 669/1342/1314 608/1343/1315
f 608/1343/1315 669/1342/1314 670/1344/1316
f 608/1343/1315 670/1344/1316 609/1345/1317
f 609/1345/1317 670/1344/1316 671/1346/1318
f 609/1345/1317 671/1346/1318 610/1347/1319
f 610/1347/1319 671/1346/1318 672/1348/1320
f 610/1347/1319 672/1348/1320 611/1349/1321
f 611/1349/1321 672/1348/1320 673/1350/1322
f 611/1349/1321 673/1350/1322 612/1351/1323
f 612/1351/1323 673/1350/1322 674/1352/1324
f 612/1351/1323 674/1352/1324 613/1353/1325
f 613/1353/1325 674/1352/1324 675/1354/1326
f 613/1353/1325 675/1354/1326 614/1355/1327
f 614/1355/1327 675/1354/1326 550/1356/1328
f 614/1355/1327 550/1356/1328 549/1357/1329
f 569/1335/1307 568/1358/1330 666/1336/1308
f 568/1359/1331 567/1360/1332 666/1361/1333
f 666/1361/1333 567/1360/1332 692/1362/1334
f 692/1362/1334 567/1360/1332 676/1363/1335
f 692/1362/1334 676/1363/1335 691/1364/1336
f 691/1364/1336 676/1363/1335 489/1365/1337
f 691/1364/1336 489/1365/1337 690/1366/1338
f 690/1366/1338 489/1365/1337 526/1367/1339
f 690/1366/1338 526/1367/1339 689/1368/1340
f 689/1368/1340 526/1367/1339 525/1369/1341
f 689/1368/1340 525/1369/1341 688/1370/1342
f 688/1370/1342 525/1369/1341 524/1371/1343
f 688/1370/1342 524/1371/1343 687/1372/1344
f 687/1372/1344 524/1371/1343 523/1373/1345
f 687/1372/1344 523/1373/1345 686/1374/1346
f 686/1374/1346 523/1373/1345 522/1375/1347
f 686/1374/1346 522/1375/1347 685/1376/1348
f 685/1376/1348 522/1375/1347 521/1377/1349
f 685/1376/1348 521/1377/1349 520/1378/1350
f 685/1376/1348 520/1378/1350 684/1379/1351
f 684/1379/1351 520/1378/1350 519/1380/1352
f 684/1379/1351 519/1380/1352 683/1381/1353
f 683/1381/1353 519/1380/1352 518/1382/1354
f 683/1381/1353 518/1382/1354 682/1383/1355
f 682/1383/1355 518/1382/1354 517/1384/1356
f 682/1383/1355 517/1384/1356 516/1385/1357
f 682/1383/1355 516/1385/1357 681/1386/1358
f 681/1386/1358 516/1385/1357 515/1387/1359
f 681/1386/1358 515/1387/1359 514/1388/1360
f 681/1386/1358 514/1388/1360 680/1389/1361
f 680/1389/1361 514/1388/1360 513/1390/1362
f 680/1389/1361 513/1390/1362 679/1391/1363
f 679/1391/1363 513/1390/1362 512/1392/1364
f 679/1391/1363 512/1392/1364 678/1393/1365
f 678/1393/1365 512/1392/1364 511/1394/1366
f 678/1393/1365 511/1394/1366 677/1395/1367
f 677/1395/1367 511/1394/1366 510/1396/680
f 677/1395/1367 510/1396/680 603/1397/682
f 550/1398/1368 675/1399/1369 551/1400/1370
f 551/1400/1370 675/1399/1369 674/1401/1371
f 551/1400/1370 674/1401/1371 673/1402/1372
f 673/1402/1372 672/1403/1373 551/1400/1370
f 551/1400/1370 672/1403/1373 671/1404/1374
f 551/1400/1370 671/1404/1374 670/1405/1375
f 551/1400/1370 670/1405/1375 605/1406/1376
f 605/1406/1376 670/1405/1375 669/1407/1377
f 605/1406/1376 669/1407/1377 692/1408/1378
f 692/1408/1378 669/1407/1377 668/1409/1379
f 692/1408/1378 668/1409/1379 667/1410/1380
f 667/1410/1380 666/1411/1381 692/1408/1378
f 692/1408/1378 691/1412/1382 605/1406/1376
f 605/1406/1376 691/1412/1382 690/1413/1383
f 605/1406/1376 690/1413/1383 457/1414/1384
f 457/1414/1384 690/1413/1383 458/1415/1385
f 458/1415/1385 690/1413/1383 689/1416/1386
f 458/1415/1385 689/1416/1386 459/1417/1387
f 459/1417/1387 689/1416/1386 688/1418/1388
f 459/1417/1387 688/1418/1388 460/1419/1389
f 460/1419/1389 688/1418/1388 461/1420/1390
f 461/1420/1390 688/1418/1388 687/1421/1391
f 461/1420/1390 687/1421/1391 462/1422/1392
f 462/1422/1392 687/1421/1391 463/1423/1393
f 463/1423/1393 687/1421/1391 686/1424/1394
f 463/1423/1393 686/1424/1394 464/1425/1395
f 464/1425/1395 686/1424/1394 685/1426/1396
f 464/1425/1395 685/1426/1396 465/1427/1397
f 465/1427/1397 685/1426/1396 466/1428/1398
f 466/1428/1398 685/1426/1396 467/1429/1399
f 467/1429/1399 685/1426/1396 684/1430/1400
f 467/1429/1399 684/1430/1400 468/1431/1401
f 468/1431/1401 684/1430/1400 469/1432/1402
f 469/1432/1402 684/1430/1400 683/1433/1403
f 469/1432/1402 683/1433/1403 602/1434/1404
f 602/1434/1404 683/1433/1403 682/1435/1405
f 602/1434/1404 682/1435/1405 603/1436/1406
f 603/1436/1406 682/1435/1405 681/1437/1407
f 603/1436/1406 681/1437/1407 680/1438/1408
f 680/1438/1408 679/1439/1409 603/1436/1406
f 603/1436/1406 679/1439/1409 678/1440/1410
f 603/1436/1406 678/1440/1410 677/1441/1411
f 605/1406/1376 476/1442/1412 602/1434/1404
f 602/1434/1404 476/1442/1412 475/1443/1413
f 602/1434/1404 475/1443/1413 474/1444/1414
f 457/1414/1384 480/1445/1415 605/1406/1376
f 605/1406/1376 480/1445/1415 479/1446/1416
f 605/1406/1376 479/1446/1416 478/1447/1417
f 478/1447/1417 477/1448/1418 605/1406/1376
f 605/1406/1376 477/1448/1418 476/1442/1412
f 474/1444/1414 473/1449/1419 602/1434/1404
f 602/1434/1404 473/1449/1419 472/1450/1420
f 602/1434/1404 472/1450/1420 471/1451/1421
f 471/1451/1421 470/1452/1422 602/1434/1404
f 602/1434/1404 470/1452/1422 469/1432/1402
f 567/1453/1423 581/1454/1424 676/1455/1425
f 676/1455/1425 581/1454/1424 580/1456/1426
f 676/1455/1425 580/1456/1426 579/1457/1427
f 579/1457/1427 489/1458/1428 676/1455/1425
# 692 vertices
# 1458 texture params
# 1428 normals
# 1416 facets

# 1 groups
