# WaveFront *.obj file (generated by Autodesk ATF)

mtllib Follower_Gripper_Static_Part.mtl

g Körper1

v -1.105300 23.441498 1.398468
v -1.102984 23.441498 1.368227
v -1.108323 23.441498 1.338372
v -1.120978 23.441498 1.310808
v -1.140138 23.441498 1.287298
v -1.164582 23.441498 1.269342
v -1.192746 23.441498 1.258089
v -1.222832 23.441498 1.254256
v -1.252919 23.441498 1.258089
v -1.281083 23.441498 1.269342
v -1.305526 23.441498 1.287298
v -1.324687 23.441498 1.310808
v -1.337341 23.441498 1.338372
v -1.342681 23.441498 1.368227
v -1.340364 23.441498 1.398468
v -1.334379 23.442504 1.418497
v -1.325014 23.445282 1.437119
v -1.312950 23.449217 1.453481
v -1.298736 23.453679 1.467176
v -1.281936 23.458291 1.478669
v -1.263116 23.462297 1.487285
v -1.243067 23.464968 1.492507
v -1.222832 23.465928 1.494256
v -1.202598 23.464968 1.492507
v -1.182548 23.462297 1.487285
v -1.163728 23.458291 1.478669
v -1.146928 23.453679 1.467176
v -1.132714 23.449217 1.453481
v -1.120650 23.445282 1.437119
v -1.111286 23.442504 1.418497
v -1.257111 23.281498 1.489256
v -1.285447 23.281498 1.476625
v -1.309599 23.281498 1.457151
v -1.327951 23.281498 1.432136
v -1.339276 23.281498 1.403252
v -1.342818 23.281498 1.372431
v -1.338340 23.281498 1.341731
v -1.326142 23.281498 1.313205
v -1.307037 23.281498 1.288760
v -1.282305 23.281498 1.270030
v -1.253597 23.281498 1.258267
v -1.222832 23.281498 1.254256
v -1.192068 23.281498 1.258267
v -1.163360 23.281498 1.270030
v -1.138627 23.281498 1.288760
v -1.119523 23.281498 1.313205
v -1.107324 23.281498 1.341731
v -1.102846 23.281498 1.372431
v -1.106388 23.281498 1.403252
v -1.117714 23.281498 1.432136
v -1.136066 23.281498 1.457151
v -1.160217 23.281498 1.476625
v -1.188554 23.281498 1.489256
v -1.205512 23.281497 1.492999
v -1.222831 23.281498 1.494256
v -1.240152 23.281497 1.493000
v 1.777168 23.421498 1.624256
v 1.712463 23.421498 1.615737
v 1.652168 23.421498 1.590762
v 1.600391 23.421498 1.551033
v 1.560661 23.421498 1.499256
v 1.535686 23.421498 1.438961
v 1.527168 23.421498 1.374256
v 1.535686 23.421498 1.309551
v 1.560661 23.421498 1.249256
v 1.600391 23.421498 1.197479
v 1.652168 23.421498 1.157750
v 1.712463 23.421498 1.132775
v 1.777168 23.421498 1.124256
v 1.841872 23.421498 1.132775
v 1.902168 23.421498 1.157750
v 1.953944 23.421498 1.197479
v 1.993674 23.421498 1.249256
v 2.018649 23.421498 1.309551
v 2.027168 23.421498 1.374256
v 2.018649 23.421498 1.438961
v 1.993674 23.421498 1.499256
v 1.953944 23.421498 1.551033
v 1.902168 23.421498 1.590762
v 1.841872 23.421498 1.615737
v 1.777168 23.581498 1.624256
v 1.841872 23.581498 1.615737
v 1.902168 23.581498 1.590762
v 1.953944 23.581498 1.551033
v 1.993674 23.581498 1.499256
v 2.018649 23.581498 1.438961
v 2.027168 23.581498 1.374256
v 2.018649 23.581498 1.309551
v 1.993674 23.581498 1.249256
v 1.953944 23.581498 1.197479
v 1.902168 23.581498 1.157750
v 1.841872 23.581498 1.132775
v 1.777168 23.581498 1.124256
v 1.712463 23.581498 1.132775
v 1.652168 23.581498 1.157750
v 1.600391 23.581498 1.197479
v 1.560661 23.581498 1.249256
v 1.535686 23.581498 1.309551
v 1.527168 23.581498 1.374256
v 1.535686 23.581498 1.438961
v 1.560661 23.581498 1.499256
v 1.600391 23.581498 1.551033
v 1.652168 23.581498 1.590762
v 1.712463 23.581498 1.615737
v 1.777168 23.281498 1.494256
v 1.746109 23.281498 1.490167
v 1.717168 23.281498 1.478179
v 1.692315 23.281498 1.459109
v 1.673245 23.281498 1.434256
v 1.661257 23.281498 1.405314
v 1.657168 23.281498 1.374256
v 1.661257 23.281498 1.343198
v 1.673245 23.281498 1.314256
v 1.692315 23.281498 1.289403
v 1.717168 23.281498 1.270333
v 1.746109 23.281498 1.258345
v 1.777168 23.281498 1.254256
v 1.808226 23.281498 1.258345
v 1.837168 23.281498 1.270333
v 1.862020 23.281498 1.289403
v 1.881091 23.281498 1.314256
v 1.893079 23.281498 1.343198
v 1.897168 23.281498 1.374256
v 1.893079 23.281498 1.405314
v 1.881091 23.281498 1.434256
v 1.862020 23.281498 1.459109
v 1.837168 23.281498 1.478179
v 1.808226 23.281498 1.490167
v 1.777168 23.421498 1.494256
v 1.808226 23.421498 1.490167
v 1.837168 23.421498 1.478179
v 1.862020 23.421498 1.459109
v 1.881091 23.421498 1.434256
v 1.893079 23.421498 1.405314
v 1.897168 23.421498 1.374256
v 1.893079 23.421498 1.343198
v 1.881091 23.421498 1.314256
v 1.862020 23.421498 1.289403
v 1.837168 23.421498 1.270333
v 1.808226 23.421498 1.258345
v 1.777168 23.421498 1.254256
v 1.746109 23.421498 1.258345
v 1.717168 23.421498 1.270333
v 1.692315 23.421498 1.289403
v 1.673245 23.421498 1.314256
v 1.661257 23.421498 1.343198
v 1.657168 23.421498 1.374256
v 1.661257 23.421498 1.405314
v 1.673245 23.421498 1.434256
v 1.692315 23.421498 1.459109
v 1.717168 23.421498 1.478179
v 1.746109 23.421498 1.490167
v 1.777168 23.421498 0.024256
v 1.712463 23.421498 0.015737
v 1.652168 23.421498 -0.009238
v 1.600391 23.421498 -0.048967
v 1.560661 23.421498 -0.100744
v 1.535686 23.421498 -0.161039
v 1.527168 23.421498 -0.225744
v 1.535686 23.421498 -0.290449
v 1.560661 23.421498 -0.350744
v 1.600391 23.421498 -0.402521
v 1.652168 23.421498 -0.442250
v 1.712463 23.421498 -0.467225
v 1.777168 23.421498 -0.475744
v 1.841872 23.421498 -0.467225
v 1.902168 23.421498 -0.442250
v 1.953944 23.421498 -0.402521
v 1.993674 23.421498 -0.350744
v 2.018649 23.421498 -0.290449
v 2.027168 23.421498 -0.225744
v 2.018649 23.421498 -0.161039
v 1.993674 23.421498 -0.100744
v 1.953944 23.421498 -0.048967
v 1.902168 23.421498 -0.009238
v 1.841872 23.421498 0.015737
v 1.777168 23.581498 0.024256
v 1.841872 23.581498 0.015737
v 1.902168 23.581498 -0.009238
v 1.953944 23.581498 -0.048967
v 1.993674 23.581498 -0.100744
v 2.018649 23.581498 -0.161039
v 2.027168 23.581498 -0.225744
v 2.018649 23.581498 -0.290449
v 1.993674 23.581498 -0.350744
v 1.953944 23.581498 -0.402521
v 1.902168 23.581498 -0.442250
v 1.841872 23.581498 -0.467225
v 1.777168 23.581498 -0.475744
v 1.712463 23.581498 -0.467225
v 1.652168 23.581498 -0.442250
v 1.600391 23.581498 -0.402521
v 1.560661 23.581498 -0.350744
v 1.535686 23.581498 -0.290449
v 1.527168 23.581498 -0.225744
v 1.535686 23.581498 -0.161039
v 1.560661 23.581498 -0.100744
v 1.600391 23.581498 -0.048967
v 1.652168 23.581498 -0.009238
v 1.712463 23.581498 0.015737
v 1.777168 23.281498 -0.105744
v 1.746109 23.281498 -0.109833
v 1.717168 23.281498 -0.121821
v 1.692315 23.281498 -0.140891
v 1.673245 23.281498 -0.165744
v 1.661257 23.281498 -0.194686
v 1.657168 23.281498 -0.225744
v 1.661257 23.281498 -0.256802
v 1.673245 23.281498 -0.285744
v 1.692315 23.281498 -0.310597
v 1.717168 23.281498 -0.329667
v 1.746109 23.281498 -0.341655
v 1.777168 23.281498 -0.345744
v 1.808226 23.281498 -0.341655
v 1.837168 23.281498 -0.329667
v 1.862020 23.281498 -0.310597
v 1.881091 23.281498 -0.285744
v 1.893079 23.281498 -0.256802
v 1.897168 23.281498 -0.225744
v 1.893079 23.281498 -0.194686
v 1.881091 23.281498 -0.165744
v 1.862020 23.281498 -0.140891
v 1.837168 23.281498 -0.121821
v 1.808226 23.281498 -0.109833
v 1.777168 23.421498 -0.105744
v 1.808226 23.421498 -0.109833
v 1.837168 23.421498 -0.121821
v 1.862020 23.421498 -0.140891
v 1.881091 23.421498 -0.165744
v 1.893079 23.421498 -0.194686
v 1.897168 23.421498 -0.225744
v 1.893079 23.421498 -0.256802
v 1.881091 23.421498 -0.285744
v 1.862020 23.421498 -0.310597
v 1.837168 23.421498 -0.329667
v 1.808226 23.421498 -0.341655
v 1.777168 23.421498 -0.345744
v 1.746109 23.421498 -0.341655
v 1.717168 23.421498 -0.329667
v 1.692315 23.421498 -0.310597
v 1.673245 23.421498 -0.285744
v 1.661257 23.421498 -0.256802
v 1.657168 23.421498 -0.225744
v 1.661257 23.421498 -0.194686
v 1.673245 23.421498 -0.165744
v 1.692315 23.421498 -0.140891
v 1.717168 23.421498 -0.121821
v 1.746109 23.421498 -0.109833
v -1.472832 20.931498 1.389256
v -1.463888 20.931498 1.321316
v -1.437664 20.931498 1.258006
v -1.395948 20.931498 1.203640
v -1.341582 20.931498 1.161924
v -1.278272 20.931498 1.135700
v -1.210332 20.931498 1.126756
v -1.142392 20.931498 1.135700
v -1.079082 20.931498 1.161924
v -1.024717 20.931498 1.203640
v -0.983001 20.931498 1.258006
v -0.956777 20.931498 1.321316
v -0.947832 20.931498 1.389256
v -0.947832 20.771498 1.389256
v -0.956777 20.771498 1.321316
v -0.983001 20.771498 1.258006
v -1.024717 20.771498 1.203640
v -1.079082 20.771498 1.161924
v -1.142392 20.771498 1.135700
v -1.210332 20.771498 1.126756
v -1.278272 20.771498 1.135700
v -1.341582 20.771498 1.161924
v -1.395948 20.771498 1.203640
v -1.437664 20.771498 1.258006
v -1.463888 20.771498 1.321316
v -1.472832 20.771498 1.389256
v -1.105300 20.771498 1.398468
v -1.111286 20.770492 1.418497
v -1.120650 20.767714 1.437119
v -1.132714 20.763779 1.453481
v -1.146928 20.759317 1.467176
v -1.163728 20.754705 1.478669
v -1.182548 20.750699 1.487285
v -1.202598 20.748028 1.492507
v -1.222832 20.747068 1.494256
v -1.243067 20.748028 1.492507
v -1.263116 20.750699 1.487285
v -1.281936 20.754705 1.478669
v -1.298736 20.759317 1.467176
v -1.312950 20.763779 1.453481
v -1.325014 20.767714 1.437119
v -1.334379 20.770492 1.418497
v -1.340364 20.771498 1.398468
v -1.342681 20.771498 1.368227
v -1.337341 20.771498 1.338372
v -1.324687 20.771498 1.310808
v -1.305526 20.771498 1.287298
v -1.281083 20.771498 1.269342
v -1.252919 20.771498 1.258089
v -1.222832 20.771498 1.254256
v -1.192746 20.771498 1.258089
v -1.164582 20.771498 1.269342
v -1.140138 20.771498 1.287298
v -1.120978 20.771498 1.310808
v -1.108323 20.771498 1.338372
v -1.102984 20.771498 1.368227
v -1.257111 20.931498 1.489256
v -1.240153 20.931499 1.492999
v -1.222833 20.931498 1.494256
v -1.205513 20.931499 1.493000
v -1.188554 20.931498 1.489256
v -1.160217 20.931498 1.476625
v -1.136066 20.931498 1.457151
v -1.117714 20.931498 1.432136
v -1.106388 20.931498 1.403252
v -1.102846 20.931498 1.372431
v -1.107324 20.931498 1.341731
v -1.119523 20.931498 1.313205
v -1.138627 20.931498 1.288760
v -1.163360 20.931498 1.270030
v -1.192068 20.931498 1.258267
v -1.222832 20.931498 1.254256
v -1.253597 20.931498 1.258267
v -1.282305 20.931498 1.270030
v -1.307037 20.931498 1.288760
v -1.326142 20.931498 1.313205
v -1.338340 20.931498 1.341731
v -1.342818 20.931498 1.372431
v -1.339276 20.931498 1.403252
v -1.327951 20.931498 1.432136
v -1.309599 20.931498 1.457151
v -1.285447 20.931498 1.476625
v 1.777168 20.791498 1.124256
v 1.712463 20.791498 1.132775
v 1.652168 20.791498 1.157750
v 1.600391 20.791498 1.197479
v 1.560661 20.791498 1.249256
v 1.535686 20.791498 1.309551
v 1.527168 20.791498 1.374256
v 1.535686 20.791498 1.438961
v 1.560661 20.791498 1.499256
v 1.600391 20.791498 1.551033
v 1.652168 20.791498 1.590762
v 1.712463 20.791498 1.615737
v 1.777168 20.791498 1.624256
v 1.841872 20.791498 1.615737
v 1.902168 20.791498 1.590762
v 1.953944 20.791498 1.551033
v 1.993674 20.791498 1.499256
v 2.018649 20.791498 1.438961
v 2.027168 20.791498 1.374256
v 2.018649 20.791498 1.309551
v 1.993674 20.791498 1.249256
v 1.953944 20.791498 1.197479
v 1.902168 20.791498 1.157750
v 1.841872 20.791498 1.132775
v 1.777168 20.631498 1.124256
v 1.841872 20.631498 1.132775
v 1.902168 20.631498 1.157750
v 1.953944 20.631498 1.197479
v 1.993674 20.631498 1.249256
v 2.018649 20.631498 1.309551
v 2.027168 20.631498 1.374256
v 2.018649 20.631498 1.438961
v 1.993674 20.631498 1.499256
v 1.953944 20.631498 1.551033
v 1.902168 20.631498 1.590762
v 1.841872 20.631498 1.615737
v 1.777168 20.631498 1.624256
v 1.712463 20.631498 1.615737
v 1.652168 20.631498 1.590762
v 1.600391 20.631498 1.551033
v 1.560661 20.631498 1.499256
v 1.535686 20.631498 1.438961
v 1.527168 20.631498 1.374256
v 1.535686 20.631498 1.309551
v 1.560661 20.631498 1.249256
v 1.600391 20.631498 1.197479
v 1.652168 20.631498 1.157750
v 1.712463 20.631498 1.132775
v 1.777168 20.931498 1.254256
v 1.746109 20.931498 1.258345
v 1.717168 20.931498 1.270333
v 1.692315 20.931498 1.289403
v 1.673245 20.931498 1.314256
v 1.661257 20.931498 1.343198
v 1.657168 20.931498 1.374256
v 1.661257 20.931498 1.405314
v 1.673245 20.931498 1.434256
v 1.692315 20.931498 1.459109
v 1.717168 20.931498 1.478179
v 1.746109 20.931498 1.490167
v 1.777168 20.931498 1.494256
v 1.808226 20.931498 1.490167
v 1.837168 20.931498 1.478179
v 1.862020 20.931498 1.459109
v 1.881091 20.931498 1.434256
v 1.893079 20.931498 1.405314
v 1.897168 20.931498 1.374256
v 1.893079 20.931498 1.343198
v 1.881091 20.931498 1.314256
v 1.862020 20.931498 1.289403
v 1.837168 20.931498 1.270333
v 1.808226 20.931498 1.258345
v 1.777168 20.791498 1.254256
v 1.808226 20.791498 1.258345
v 1.837168 20.791498 1.270333
v 1.862020 20.791498 1.289403
v 1.881091 20.791498 1.314256
v 1.893079 20.791498 1.343198
v 1.897168 20.791498 1.374256
v 1.893079 20.791498 1.405314
v 1.881091 20.791498 1.434256
v 1.862020 20.791498 1.459109
v 1.837168 20.791498 1.478179
v 1.808226 20.791498 1.490167
v 1.777168 20.791498 1.494256
v 1.746109 20.791498 1.490167
v 1.717168 20.791498 1.478179
v 1.692315 20.791498 1.459109
v 1.673245 20.791498 1.434256
v 1.661257 20.791498 1.405314
v 1.657168 20.791498 1.374256
v 1.661257 20.791498 1.343198
v 1.673245 20.791498 1.314256
v 1.692315 20.791498 1.289403
v 1.717168 20.791498 1.270333
v 1.746109 20.791498 1.258345
v 1.777168 20.791498 -0.475744
v 1.712463 20.791498 -0.467225
v 1.652168 20.791498 -0.442250
v 1.600391 20.791498 -0.402521
v 1.560661 20.791498 -0.350744
v 1.535686 20.791498 -0.290449
v 1.527168 20.791498 -0.225744
v 1.535686 20.791498 -0.161039
v 1.560661 20.791498 -0.100744
v 1.600391 20.791498 -0.048967
v 1.652168 20.791498 -0.009238
v 1.712463 20.791498 0.015737
v 1.777168 20.791498 0.024256
v 1.841872 20.791498 0.015737
v 1.902168 20.791498 -0.009238
v 1.953944 20.791498 -0.048967
v 1.993674 20.791498 -0.100744
v 2.018649 20.791498 -0.161039
v 2.027168 20.791498 -0.225744
v 2.018649 20.791498 -0.290449
v 1.993674 20.791498 -0.350744
v 1.953944 20.791498 -0.402521
v 1.902168 20.791498 -0.442250
v 1.841872 20.791498 -0.467225
v 1.777168 20.631498 -0.475744
v 1.841872 20.631498 -0.467225
v 1.902168 20.631498 -0.442250
v 1.953944 20.631498 -0.402521
v 1.993674 20.631498 -0.350744
v 2.018649 20.631498 -0.290449
v 2.027168 20.631498 -0.225744
v 2.018649 20.631498 -0.161039
v 1.993674 20.631498 -0.100744
v 1.953944 20.631498 -0.048967
v 1.902168 20.631498 -0.009238
v 1.841872 20.631498 0.015737
v 1.777168 20.631498 0.024256
v 1.712463 20.631498 0.015737
v 1.652168 20.631498 -0.009238
v 1.600391 20.631498 -0.048967
v 1.560661 20.631498 -0.100744
v 1.535686 20.631498 -0.161039
v 1.527168 20.631498 -0.225744
v 1.535686 20.631498 -0.290449
v 1.560661 20.631498 -0.350744
v 1.600391 20.631498 -0.402521
v 1.652168 20.631498 -0.442250
v 1.712463 20.631498 -0.467225
v 1.777168 20.931498 -0.345744
v 1.746109 20.931498 -0.341655
v 1.717168 20.931498 -0.329667
v 1.692315 20.931498 -0.310597
v 1.673245 20.931498 -0.285744
v 1.661257 20.931498 -0.256802
v 1.657168 20.931498 -0.225744
v 1.661257 20.931498 -0.194686
v 1.673245 20.931498 -0.165744
v 1.692315 20.931498 -0.140891
v 1.717168 20.931498 -0.121821
v 1.746109 20.931498 -0.109833
v 1.777168 20.931498 -0.105744
v 1.808226 20.931498 -0.109833
v 1.837168 20.931498 -0.121821
v 1.862020 20.931498 -0.140891
v 1.881091 20.931498 -0.165744
v 1.893079 20.931498 -0.194686
v 1.897168 20.931498 -0.225744
v 1.893079 20.931498 -0.256802
v 1.881091 20.931498 -0.285744
v 1.862020 20.931498 -0.310597
v 1.837168 20.931498 -0.329667
v 1.808226 20.931498 -0.341655
v 1.777168 20.791498 -0.345744
v 1.808226 20.791498 -0.341655
v 1.837168 20.791498 -0.329667
v 1.862020 20.791498 -0.310597
v 1.881091 20.791498 -0.285744
v 1.893079 20.791498 -0.256802
v 1.897168 20.791498 -0.225744
v 1.893079 20.791498 -0.194686
v 1.881091 20.791498 -0.165744
v 1.862020 20.791498 -0.140891
v 1.837168 20.791498 -0.121821
v 1.808226 20.791498 -0.109833
v 1.777168 20.791498 -0.105744
v 1.746109 20.791498 -0.109833
v 1.717168 20.791498 -0.121821
v 1.692315 20.791498 -0.140891
v 1.673245 20.791498 -0.165744
v 1.661257 20.791498 -0.194686
v 1.657168 20.791498 -0.225744
v 1.661257 20.791498 -0.256802
v 1.673245 20.791498 -0.285744
v 1.692315 20.791498 -0.310597
v 1.717168 20.791498 -0.329667
v 1.746109 20.791498 -0.341655
v 0.277168 21.756498 1.749256
v 0.212463 21.747980 1.749256
v 0.152168 21.723004 1.749256
v 0.100391 21.683275 1.749256
v 0.060661 21.631498 1.749256
v 0.035686 21.571203 1.749256
v 0.027168 21.506498 1.749256
v 0.035686 21.441793 1.749256
v 0.060661 21.381498 1.749256
v 0.100391 21.329721 1.749256
v 0.152168 21.289992 1.749256
v 0.212463 21.265017 1.749256
v 0.277168 21.256498 1.749256
v 0.341872 21.265017 1.749256
v 0.402168 21.289992 1.749256
v 0.453944 21.329721 1.749256
v 0.493674 21.381498 1.749256
v 0.518649 21.441793 1.749256
v 0.527168 21.506498 1.749256
v 0.518649 21.571203 1.749256
v 0.493674 21.631498 1.749256
v 0.453944 21.683275 1.749256
v 0.402168 21.723004 1.749256
v 0.341872 21.747980 1.749256
v 0.277168 21.756498 1.589256
v 0.341872 21.747980 1.589256
v 0.402168 21.723004 1.589256
v 0.453944 21.683275 1.589256
v 0.493674 21.631498 1.589256
v 0.518649 21.571203 1.589256
v 0.527168 21.506498 1.589256
v 0.518649 21.441793 1.589256
v 0.493674 21.381498 1.589256
v 0.453944 21.329721 1.589256
v 0.402168 21.289992 1.589256
v 0.341872 21.265017 1.589256
v 0.277168 21.256498 1.589256
v 0.212463 21.265017 1.589256
v 0.152168 21.289992 1.589256
v 0.100391 21.329721 1.589256
v 0.060661 21.381498 1.589256
v 0.035686 21.441793 1.589256
v 0.027168 21.506498 1.589256
v 0.035686 21.571203 1.589256
v 0.060661 21.631498 1.589256
v 0.100391 21.683275 1.589256
v 0.152168 21.723004 1.589256
v 0.212463 21.747980 1.589256
v 0.277168 21.626498 1.889256
v 0.246109 21.622409 1.889256
v 0.217168 21.610421 1.889256
v 0.192315 21.591351 1.889256
v 0.173245 21.566498 1.889256
v 0.161257 21.537556 1.889256
v 0.157168 21.506498 1.889256
v 0.161257 21.475440 1.889256
v 0.173245 21.446498 1.889256
v 0.192315 21.421645 1.889256
v 0.217168 21.402575 1.889256
v 0.246109 21.390587 1.889256
v 0.277168 21.386498 1.889256
v 0.308226 21.390587 1.889256
v 0.337168 21.402575 1.889256
v 0.362020 21.421645 1.889256
v 0.381091 21.446498 1.889256
v 0.393079 21.475440 1.889256
v 0.397168 21.506498 1.889256
v 0.393079 21.537556 1.889256
v 0.381091 21.566498 1.889256
v 0.362020 21.591351 1.889256
v 0.337168 21.610421 1.889256
v 0.308226 21.622409 1.889256
v 0.277168 21.626498 1.749256
v 0.308226 21.622409 1.749256
v 0.337168 21.610421 1.749256
v 0.362020 21.591351 1.749256
v 0.381091 21.566498 1.749256
v 0.393079 21.537556 1.749256
v 0.397168 21.506498 1.749256
v 0.393079 21.475440 1.749256
v 0.381091 21.446498 1.749256
v 0.362020 21.421645 1.749256
v 0.337168 21.402575 1.749256
v 0.308226 21.390587 1.749256
v 0.277168 21.386498 1.749256
v 0.246109 21.390587 1.749256
v 0.217168 21.402575 1.749256
v 0.192315 21.421645 1.749256
v 0.173245 21.446498 1.749256
v 0.161257 21.475440 1.749256
v 0.157168 21.506498 1.749256
v 0.161257 21.537556 1.749256
v 0.173245 21.566498 1.749256
v 0.192315 21.591351 1.749256
v 0.217168 21.610421 1.749256
v 0.246109 21.622409 1.749256
v 0.877168 22.356498 1.749256
v 0.812463 22.347980 1.749256
v 0.752168 22.323004 1.749256
v 0.700391 22.283275 1.749256
v 0.660661 22.231498 1.749256
v 0.635686 22.171203 1.749256
v 0.627168 22.106498 1.749256
v 0.635686 22.041793 1.749256
v 0.660661 21.981498 1.749256
v 0.700391 21.929721 1.749256
v 0.752168 21.889992 1.749256
v 0.812463 21.865017 1.749256
v 0.877168 21.856498 1.749256
v 0.941872 21.865017 1.749256
v 1.002168 21.889992 1.749256
v 1.053944 21.929721 1.749256
v 1.093674 21.981498 1.749256
v 1.118649 22.041793 1.749256
v 1.127168 22.106498 1.749256
v 1.118649 22.171203 1.749256
v 1.093674 22.231498 1.749256
v 1.053944 22.283275 1.749256
v 1.002168 22.323004 1.749256
v 0.941872 22.347980 1.749256
v 0.877168 22.356498 1.589256
v 0.941872 22.347980 1.589256
v 1.002168 22.323004 1.589256
v 1.053944 22.283275 1.589256
v 1.093674 22.231498 1.589256
v 1.118649 22.171203 1.589256
v 1.127168 22.106498 1.589256
v 1.118649 22.041793 1.589256
v 1.093674 21.981498 1.589256
v 1.053944 21.929721 1.589256
v 1.002168 21.889992 1.589256
v 0.941872 21.865017 1.589256
v 0.877168 21.856498 1.589256
v 0.812463 21.865017 1.589256
v 0.752168 21.889992 1.589256
v 0.700391 21.929721 1.589256
v 0.660661 21.981498 1.589256
v 0.635686 22.041793 1.589256
v 0.627168 22.106498 1.589256
v 0.635686 22.171203 1.589256
v 0.660661 22.231498 1.589256
v 0.700391 22.283275 1.589256
v 0.752168 22.323004 1.589256
v 0.812463 22.347980 1.589256
v 0.877168 22.226498 1.889256
v 0.846109 22.222409 1.889256
v 0.817168 22.210421 1.889256
v 0.792315 22.191351 1.889256
v 0.773245 22.166498 1.889256
v 0.761257 22.137556 1.889256
v 0.757168 22.106498 1.889256
v 0.761257 22.075440 1.889256
v 0.773245 22.046498 1.889256
v 0.792315 22.021645 1.889256
v 0.817168 22.002575 1.889256
v 0.846109 21.990587 1.889256
v 0.877168 21.986498 1.889256
v 0.908226 21.990587 1.889256
v 0.937168 22.002575 1.889256
v 0.962020 22.021645 1.889256
v 0.981091 22.046498 1.889256
v 0.993079 22.075440 1.889256
v 0.997168 22.106498 1.889256
v 0.993079 22.137556 1.889256
v 0.981091 22.166498 1.889256
v 0.962020 22.191351 1.889256
v 0.937168 22.210421 1.889256
v 0.908226 22.222409 1.889256
v 0.877168 22.226498 1.749256
v 0.908226 22.222409 1.749256
v 0.937168 22.210421 1.749256
v 0.962020 22.191351 1.749256
v 0.981091 22.166498 1.749256
v 0.993079 22.137556 1.749256
v 0.997168 22.106498 1.749256
v 0.993079 22.075440 1.749256
v 0.981091 22.046498 1.749256
v 0.962020 22.021645 1.749256
v 0.937168 22.002575 1.749256
v 0.908226 21.990587 1.749256
v 0.877168 21.986498 1.749256
v 0.846109 21.990587 1.749256
v 0.817168 22.002575 1.749256
v 0.792315 22.021645 1.749256
v 0.773245 22.046498 1.749256
v 0.761257 22.075440 1.749256
v 0.757168 22.106498 1.749256
v 0.761257 22.137556 1.749256
v 0.773245 22.166498 1.749256
v 0.792315 22.191351 1.749256
v 0.817168 22.210421 1.749256
v 0.846109 22.222409 1.749256
v -0.322832 22.356498 1.749256
v -0.387537 22.347980 1.749256
v -0.447832 22.323004 1.749256
v -0.499609 22.283275 1.749256
v -0.539339 22.231498 1.749256
v -0.564314 22.171203 1.749256
v -0.572832 22.106498 1.749256
v -0.564314 22.041793 1.749256
v -0.539339 21.981498 1.749256
v -0.499609 21.929721 1.749256
v -0.447832 21.889992 1.749256
v -0.387537 21.865017 1.749256
v -0.322832 21.856498 1.749256
v -0.258128 21.865017 1.749256
v -0.197832 21.889992 1.749256
v -0.146056 21.929721 1.749256
v -0.106326 21.981498 1.749256
v -0.081351 22.041793 1.749256
v -0.072832 22.106498 1.749256
v -0.081351 22.171203 1.749256
v -0.106326 22.231498 1.749256
v -0.146056 22.283275 1.749256
v -0.197832 22.323004 1.749256
v -0.258128 22.347980 1.749256
v -0.322832 22.356498 1.589256
v -0.258128 22.347980 1.589256
v -0.197832 22.323004 1.589256
v -0.146056 22.283275 1.589256
v -0.106326 22.231498 1.589256
v -0.081351 22.171203 1.589256
v -0.072832 22.106498 1.589256
v -0.081351 22.041793 1.589256
v -0.106326 21.981498 1.589256
v -0.146056 21.929721 1.589256
v -0.197832 21.889992 1.589256
v -0.258128 21.865017 1.589256
v -0.322832 21.856498 1.589256
v -0.387537 21.865017 1.589256
v -0.447832 21.889992 1.589256
v -0.499609 21.929721 1.589256
v -0.539339 21.981498 1.589256
v -0.564314 22.041793 1.589256
v -0.572832 22.106498 1.589256
v -0.564314 22.171203 1.589256
v -0.539339 22.231498 1.589256
v -0.499609 22.283275 1.589256
v -0.447832 22.323004 1.589256
v -0.387537 22.347980 1.589256
v -0.322832 22.226498 1.889256
v -0.353891 22.222409 1.889256
v -0.382832 22.210421 1.889256
v -0.407685 22.191351 1.889256
v -0.426755 22.166498 1.889256
v -0.438743 22.137556 1.889256
v -0.442832 22.106498 1.889256
v -0.438743 22.075440 1.889256
v -0.426755 22.046498 1.889256
v -0.407685 22.021645 1.889256
v -0.382832 22.002575 1.889256
v -0.353891 21.990587 1.889256
v -0.322832 21.986498 1.889256
v -0.291774 21.990587 1.889256
v -0.262832 22.002575 1.889256
v -0.237980 22.021645 1.889256
v -0.218909 22.046498 1.889256
v -0.206921 22.075440 1.889256
v -0.202832 22.106498 1.889256
v -0.206921 22.137556 1.889256
v -0.218909 22.166498 1.889256
v -0.237980 22.191351 1.889256
v -0.262832 22.210421 1.889256
v -0.291774 22.222409 1.889256
v -0.322832 22.226498 1.749256
v -0.291774 22.222409 1.749256
v -0.262832 22.210421 1.749256
v -0.237980 22.191351 1.749256
v -0.218909 22.166498 1.749256
v -0.206921 22.137556 1.749256
v -0.202832 22.106498 1.749256
v -0.206921 22.075440 1.749256
v -0.218909 22.046498 1.749256
v -0.237980 22.021645 1.749256
v -0.262832 22.002575 1.749256
v -0.291774 21.990587 1.749256
v -0.322832 21.986498 1.749256
v -0.353891 21.990587 1.749256
v -0.382832 22.002575 1.749256
v -0.407685 22.021645 1.749256
v -0.426755 22.046498 1.749256
v -0.438743 22.075440 1.749256
v -0.442832 22.106498 1.749256
v -0.438743 22.137556 1.749256
v -0.426755 22.166498 1.749256
v -0.407685 22.191351 1.749256
v -0.382832 22.210421 1.749256
v -0.353891 22.222409 1.749256
v 0.277168 22.956498 1.749256
v 0.212463 22.947980 1.749256
v 0.152168 22.923004 1.749256
v 0.100391 22.883275 1.749256
v 0.060661 22.831498 1.749256
v 0.035686 22.771203 1.749256
v 0.027168 22.706498 1.749256
v 0.035686 22.641793 1.749256
v 0.060661 22.581498 1.749256
v 0.100391 22.529721 1.749256
v 0.152168 22.489992 1.749256
v 0.212463 22.465017 1.749256
v 0.277168 22.456498 1.749256
v 0.341872 22.465017 1.749256
v 0.402168 22.489992 1.749256
v 0.453944 22.529721 1.749256
v 0.493674 22.581498 1.749256
v 0.518649 22.641793 1.749256
v 0.527168 22.706498 1.749256
v 0.518649 22.771203 1.749256
v 0.493674 22.831498 1.749256
v 0.453944 22.883275 1.749256
v 0.402168 22.923004 1.749256
v 0.341872 22.947980 1.749256
v 0.277168 22.956498 1.589256
v 0.341872 22.947980 1.589256
v 0.402168 22.923004 1.589256
v 0.453944 22.883275 1.589256
v 0.493674 22.831498 1.589256
v 0.518649 22.771203 1.589256
v 0.527168 22.706498 1.589256
v 0.518649 22.641793 1.589256
v 0.493674 22.581498 1.589256
v 0.453944 22.529721 1.589256
v 0.402168 22.489992 1.589256
v 0.341872 22.465017 1.589256
v 0.277168 22.456498 1.589256
v 0.212463 22.465017 1.589256
v 0.152168 22.489992 1.589256
v 0.100391 22.529721 1.589256
v 0.060661 22.581498 1.589256
v 0.035686 22.641793 1.589256
v 0.027168 22.706498 1.589256
v 0.035686 22.771203 1.589256
v 0.060661 22.831498 1.589256
v 0.100391 22.883275 1.589256
v 0.152168 22.923004 1.589256
v 0.212463 22.947980 1.589256
v 0.277168 22.826498 1.889256
v 0.246109 22.822409 1.889256
v 0.217168 22.810421 1.889256
v 0.192315 22.791351 1.889256
v 0.173245 22.766498 1.889256
v 0.161257 22.737556 1.889256
v 0.157168 22.706498 1.889256
v 0.161257 22.675440 1.889256
v 0.173245 22.646498 1.889256
v 0.192315 22.621645 1.889256
v 0.217168 22.602575 1.889256
v 0.246109 22.590587 1.889256
v 0.277168 22.586498 1.889256
v 0.308226 22.590587 1.889256
v 0.337168 22.602575 1.889256
v 0.362020 22.621645 1.889256
v 0.381091 22.646498 1.889256
v 0.393079 22.675440 1.889256
v 0.397168 22.706498 1.889256
v 0.393079 22.737556 1.889256
v 0.381091 22.766498 1.889256
v 0.362020 22.791351 1.889256
v 0.337168 22.810421 1.889256
v 0.308226 22.822409 1.889256
v 0.277168 22.826498 1.749256
v 0.308226 22.822409 1.749256
v 0.337168 22.810421 1.749256
v 0.362020 22.791351 1.749256
v 0.381091 22.766498 1.749256
v 0.393079 22.737556 1.749256
v 0.397168 22.706498 1.749256
v 0.393079 22.675440 1.749256
v 0.381091 22.646498 1.749256
v 0.362020 22.621645 1.749256
v 0.337168 22.602575 1.749256
v 0.308226 22.590587 1.749256
v 0.277168 22.586498 1.749256
v 0.246109 22.590587 1.749256
v 0.217168 22.602575 1.749256
v 0.192315 22.621645 1.749256
v 0.173245 22.646498 1.749256
v 0.161257 22.675440 1.749256
v 0.157168 22.706498 1.749256
v 0.161257 22.737556 1.749256
v 0.173245 22.766498 1.749256
v 0.192315 22.791351 1.749256
v 0.217168 22.810421 1.749256
v 0.246109 22.822409 1.749256
v -1.472832 23.441498 1.389256
v -1.472832 23.281498 1.389256
v -1.472832 23.281498 1.489256
v -1.472832 23.278091 1.515138
v -1.472832 23.268101 1.539256
v -1.472832 23.252209 1.559967
v -1.472832 23.231498 1.575859
v -1.472832 23.207380 1.585849
v -1.472832 23.181498 1.589256
v -1.472832 21.031498 1.589256
v -1.472832 21.005616 1.585849
v -1.472832 20.981498 1.575859
v -1.472832 20.960787 1.559967
v -1.472832 20.944896 1.539256
v -1.472832 20.934905 1.515138
v -1.472832 20.931498 1.489256
v -1.472832 20.771498 1.398468
v -1.472832 20.765120 1.448573
v -1.472832 20.746393 1.495482
v -1.472832 20.716512 1.536203
v -1.472832 20.677382 1.568141
v -1.472832 20.631498 1.589256
v -1.472832 20.631498 1.889256
v -1.472832 23.581498 1.889256
v -1.472832 23.581498 1.589256
v -1.472832 23.535615 1.568141
v -1.472832 23.496484 1.536203
v -1.472832 23.466603 1.495482
v -1.472832 23.447876 1.448573
v -1.472832 23.441498 1.398468
v -1.463888 23.281498 1.321316
v -1.437664 23.281498 1.258006
v -1.395948 23.281498 1.203640
v -1.341582 23.281498 1.161924
v -1.278272 23.281498 1.135700
v -1.210332 23.281498 1.126756
v -1.142392 23.281498 1.135700
v -1.079082 23.281498 1.161924
v -1.024717 23.281498 1.203640
v -0.983001 23.281498 1.258006
v -0.956777 23.281498 1.321316
v -0.947832 23.281498 1.389256
v -0.944794 23.281498 1.423986
v -0.935771 23.281498 1.457660
v -0.921037 23.281498 1.489256
v -0.947620 23.441498 1.398468
v -0.947738 23.441498 1.395399
v -0.947809 23.441498 1.392328
v -0.947832 23.441498 1.389256
v -0.956777 23.441498 1.321316
v -0.983001 23.441498 1.258006
v -1.024717 23.441498 1.203640
v -1.079082 23.441498 1.161924
v -1.142392 23.441498 1.135700
v -1.210332 23.441498 1.126756
v -1.278272 23.441498 1.135700
v -1.341582 23.441498 1.161924
v -1.395948 23.441498 1.203640
v -1.437664 23.441498 1.258006
v -1.463888 23.441498 1.321316
v 1.202168 23.581498 -1.310744
v 1.202168 23.581498 1.389256
v 1.195353 23.581498 1.441020
v 1.175373 23.581498 1.489256
v 1.143589 23.581498 1.530677
v 1.102168 23.581498 1.562461
v 1.053931 23.581498 1.582441
v 1.002168 23.581498 1.589256
v -0.747832 23.581498 1.589256
v 2.302168 23.581498 1.889256
v 2.302168 23.581498 -1.310744
v 2.299271 23.581498 -1.804273
v 2.290624 23.581498 -2.250182
v 1.585788 23.581498 -2.250182
v 1.533480 23.581498 -2.115880
v 1.472008 23.581498 -1.997859
v 1.342702 23.581498 -1.790387
v 1.240910 23.581498 -1.577809
v 1.212105 23.581498 -1.453374
v -0.921037 20.931498 1.489256
v -0.935771 20.931498 1.457660
v -0.944794 20.931498 1.423986
v -0.947809 20.771498 1.392328
v -0.947738 20.771498 1.395399
v -0.947620 20.771498 1.398468
v 2.302168 20.631498 1.889256
v 2.002168 23.281498 1.589256
v 1.002168 23.281498 1.589256
v 1.053931 23.281498 1.582441
v 1.102168 23.281498 1.562461
v 1.143589 23.281498 1.530677
v 1.175373 23.281498 1.489256
v 1.195353 23.281498 1.441020
v 1.202168 23.281498 1.389256
v 1.202168 23.281498 -1.310744
v 2.002168 23.281498 -0.639464
v 2.302168 20.631498 -1.310744
v 1.202168 20.631498 -1.310744
v 1.202168 20.631498 1.389256
v 1.202168 20.931498 1.389256
v 1.202168 20.931498 -1.310744
v 2.002168 20.931498 -0.639464
v 1.195353 20.931498 1.441020
v 1.175373 20.931498 1.489256
v 1.143589 20.931498 1.530677
v 1.102168 20.931498 1.562461
v 1.053931 20.931498 1.582441
v 1.002168 20.931498 1.589256
v 2.002168 20.931498 1.589256
v 1.150510 22.160237 -4.997573
v 1.150510 22.059560 -4.987161
v 1.150510 21.968310 -4.959387
v 1.150510 21.885113 -4.912874
v 1.150510 21.810750 -4.847275
v 1.150510 21.752573 -4.773429
v 1.150510 21.700187 -4.683433
v 1.150510 21.624557 -4.497717
v 1.150510 22.695917 -4.497717
v 1.150510 22.610370 -4.701581
v 1.150510 22.557979 -4.786672
v 1.150510 22.497803 -4.858933
v 1.150510 22.428812 -4.917165
v 1.150510 22.349974 -4.960165
v 1.150510 22.260536 -4.987064
v 2.294363 20.631498 -2.096456
v 2.283828 20.891886 -2.469385
v 2.274998 21.026189 -2.679870
v 2.262731 21.151767 -2.909939
v 2.246277 21.257877 -3.149140
v 2.224976 21.342799 -3.389581
v 2.198585 21.408865 -3.621343
v 2.166465 21.461959 -3.841399
v 2.075771 21.556681 -4.259185
v 2.007551 21.612906 -4.462394
v 1.919452 21.682429 -4.646506
v 1.808410 21.771200 -4.799675
v 1.743116 21.824999 -4.862029
v 1.672330 21.884790 -4.912643
v 1.521246 22.017280 -4.976658
v 1.365474 22.160237 -4.997573
v 1.505769 22.289266 -4.980509
v 1.643166 22.410617 -4.929215
v 1.770253 22.517991 -4.838150
v 1.878099 22.605333 -4.711829
v 1.966593 22.675049 -4.556891
v 2.038551 22.732185 -4.378717
v 2.096518 22.781834 -4.182305
v 2.143042 22.829116 -3.972446
v 2.181063 22.880063 -3.748333
v 2.212062 22.941507 -3.510589
v 2.236929 23.020173 -3.262400
v 2.256481 23.122020 -3.008632
v 2.270542 23.237454 -2.778239
v 2.280011 23.356737 -2.577681
v 2.286251 23.473531 -2.402985
v 2.300211 20.631498 -1.719753
v 1.163600 21.570040 -4.310183
v 1.219694 21.515667 -4.082005
v 1.308302 21.468328 -3.869666
v 1.414768 21.416379 -3.649040
v 1.521473 21.345874 -3.399014
v 1.567745 21.299375 -3.259936
v 1.610697 21.232592 -3.087547
v 1.642503 21.132764 -2.873008
v 1.649002 20.992345 -2.624226
v 1.616022 20.816657 -2.361356
v 1.578870 20.723762 -2.229328
v 1.524345 20.631498 -2.096456
v 1.415297 20.631498 -1.905034
v 1.308620 20.631498 -1.731886
v 1.230778 20.631498 -1.543506
v 1.209457 20.631498 -1.433950
v 1.625384 23.470885 -2.407852
v 1.646891 23.356458 -2.579865
v 1.649351 23.244745 -2.765823
v 1.632039 23.143661 -2.961595
v 1.597593 23.063602 -3.145309
v 1.550927 23.002177 -3.312619
v 1.496976 22.955327 -3.462511
v 1.440635 22.918979 -3.594079
v 1.327910 22.861602 -3.828419
v 1.229137 22.810848 -4.055450
v 1.165711 22.754013 -4.296326
v 1.153530 22.724596 -4.404912
v 1.002168 20.631498 1.589256
v -0.747832 20.631498 1.589256
v -0.747832 21.031498 1.589256
v -1.188554 21.031498 1.589256
v -1.257111 21.031498 1.589256
v -1.257111 23.181498 1.589256
v -1.188554 23.181498 1.589256
v -0.747832 23.181498 1.589256
v 1.053931 20.631498 1.582441
v 1.102168 20.631498 1.562461
v 1.143589 20.631498 1.530677
v 1.175373 20.631498 1.489256
v 1.195353 20.631498 1.441020
v -0.945305 20.770219 1.420724
v -0.940602 20.766580 1.442541
v -0.933572 20.760654 1.463315
v -0.924669 20.752901 1.482601
v -0.903025 20.733726 1.515416
v -0.877196 20.710923 1.541789
v -0.848294 20.686350 1.562194
v -0.817635 20.662237 1.576692
v -0.785329 20.641778 1.585713
v -0.767752 20.634561 1.588266
v -0.758189 20.632329 1.588994
v -0.758189 23.580667 1.588994
v -0.767752 23.578435 1.588266
v -0.785329 23.571218 1.585713
v -0.817635 23.550759 1.576692
v -0.848294 23.526646 1.562194
v -0.877196 23.502073 1.541789
v -0.903025 23.479270 1.515416
v -0.924669 23.460095 1.482601
v -0.933572 23.452343 1.463315
v -0.940602 23.446416 1.442541
v -0.945305 23.442777 1.420724
v -0.905037 23.278650 1.512857
v -0.885759 23.270885 1.534083
v -0.864574 23.259646 1.551630
v -0.843058 23.246632 1.565087
v -0.795793 23.215149 1.583072
v -1.188554 23.207380 1.585849
v -1.188554 23.231498 1.575859
v -1.188554 23.252209 1.559967
v -1.188554 23.268101 1.539256
v -1.188554 23.278091 1.515138
v -1.257111 23.207380 1.585849
v -1.257111 23.231498 1.575859
v -1.257111 23.252209 1.559967
v -1.257111 23.268101 1.539256
v -1.257111 23.278091 1.515138
v -1.217742 23.279052 1.511760
v -1.222831 23.279035 1.511858
v -1.217754 23.273125 1.529583
v -1.222831 23.273096 1.529663
v -1.217774 23.263552 1.546586
v -1.222831 23.263516 1.546645
v -1.217833 23.234873 1.573895
v -1.222831 23.234846 1.573916
v -1.222831 23.250543 1.561713
v -1.217801 23.250578 1.561674
v -1.217869 23.217423 1.582626
v -1.222831 23.217406 1.582635
v -1.217906 23.199331 1.587674
v -1.222831 23.199327 1.587676
v -1.257111 21.005616 1.585849
v -1.257111 20.981498 1.575859
v -1.257111 20.960787 1.559967
v -1.257111 20.944896 1.539256
v -1.257111 20.934905 1.515138
v -1.188554 21.005616 1.585849
v -1.188554 20.981498 1.575859
v -1.188554 20.960787 1.559967
v -1.188554 20.944896 1.539256
v -1.188554 20.934905 1.515138
v -1.227923 20.933944 1.511760
v -1.222833 20.933961 1.511858
v -1.227911 20.939871 1.529583
v -1.222833 20.939900 1.529663
v -1.227891 20.949445 1.546586
v -1.222833 20.949480 1.546645
v -1.227832 20.978123 1.573895
v -1.222833 20.978150 1.573916
v -1.222833 20.962453 1.561713
v -1.227864 20.962418 1.561674
v -1.227796 20.995573 1.582626
v -1.222833 20.995590 1.582635
v -1.227759 21.013665 1.587674
v -1.222833 21.013669 1.587676
v -0.795670 20.997921 1.583444
v -0.843009 20.966395 1.565137
v -0.864508 20.953388 1.551691
v -0.885532 20.942221 1.534292
v -0.904950 20.934372 1.512975
vt -0.160000 0.182464 0.000000
vt 0.000000 0.186670 0.000000
vt -0.160000 0.212875 0.000000
vt -0.000000 0.217782 0.000000
vt -0.161006 0.233805 0.000000
vt 0.000000 0.248894 0.000000
vt -0.163784 0.254678 0.000000
vt 0.000000 0.280005 0.000000
vt -0.167719 0.275035 0.000000
vt -0.172181 0.294798 0.000000
vt -0.000000 0.311117 0.000000
vt -0.176793 0.315180 0.000000
vt -0.180799 0.335907 0.000000
vt -0.000000 0.342229 0.000000
vt -0.183470 0.356654 0.000000
vt 0.000001 0.359610 0.000000
vt -0.184430 0.376991 0.000000
vt -0.000000 0.376990 0.000000
vt -0.184430 -0.376991 0.000000
vt -0.000000 -0.376992 0.000000
vt 0.000001 -0.359611 0.000000
vt 0.000000 0.155558 0.000000
vt -0.160000 0.152054 0.000000
vt 0.000000 0.124447 0.000000
vt -0.160000 0.121643 0.000000
vt 0.000000 0.093335 0.000000
vt -0.160000 0.091232 0.000000
vt 0.000000 0.062223 0.000000
vt -0.160000 0.060821 0.000000
vt 0.000000 0.031112 0.000000
vt -0.160000 0.030411 0.000000
vt 0.000000 0.000000 0.000000
vt -0.160000 0.000000 0.000000
vt -0.160000 -0.030411 0.000000
vt 0.000000 -0.031112 0.000000
vt -0.160000 -0.060821 0.000000
vt 0.000000 -0.062223 0.000000
vt -0.160000 -0.091232 0.000000
vt 0.000000 -0.093335 0.000000
vt -0.160000 -0.121643 0.000000
vt 0.000000 -0.124447 0.000000
vt -0.160000 -0.152054 0.000000
vt 0.000000 -0.155558 0.000000
vt -0.160000 -0.182464 0.000000
vt 0.000000 -0.186670 0.000000
vt -0.160000 -0.212875 0.000000
vt 0.000000 -0.217782 0.000000
vt -0.161006 -0.233805 0.000000
vt 0.000000 -0.248894 0.000000
vt -0.163784 -0.254678 0.000000
vt 0.000000 -0.280005 0.000000
vt -0.167719 -0.275035 0.000000
vt -0.172181 -0.294798 0.000000
vt 0.000000 -0.311117 0.000000
vt -0.176793 -0.315180 0.000000
vt -0.180799 -0.335907 0.000000
vt 0.000000 -0.342229 0.000000
vt -0.183470 -0.356654 0.000000
vt -0.160000 -0.065450 0.000000
vt 0.000000 -0.065450 0.000000
vt -0.160000 0.000000 0.000000
vt 0.000000 0.000000 0.000000
vt -0.160000 0.065450 0.000000
vt 0.000000 0.065450 0.000000
vt -0.160000 0.130900 0.000000
vt 0.000000 0.130900 0.000000
vt -0.160000 0.196350 0.000000
vt 0.000000 0.196350 0.000000
vt -0.160000 0.261799 0.000000
vt -0.000000 0.261799 0.000000
vt -0.160000 0.327249 0.000000
vt -0.000000 0.327249 0.000000
vt -0.160000 0.392699 0.000000
vt 0.000000 0.392699 0.000000
vt -0.160000 0.458149 0.000000
vt 0.000000 0.458149 0.000000
vt -0.160000 0.523599 0.000000
vt 0.000000 0.523599 0.000000
vt -0.160000 0.589049 0.000000
vt -0.000000 0.589049 0.000000
vt -0.160000 0.654498 0.000000
vt -0.000000 0.654498 0.000000
vt -0.160000 0.719948 0.000000
vt -0.000000 0.719948 0.000000
vt -0.160000 0.785398 0.000000
vt -0.000000 0.785398 0.000000
vt -0.160000 -0.785398 0.000000
vt -0.000000 -0.785398 0.000000
vt -0.160000 -0.719948 0.000000
vt -0.000000 -0.719948 0.000000
vt -0.160000 -0.654498 0.000000
vt -0.000000 -0.654498 0.000000
vt -0.160000 -0.589049 0.000000
vt -0.000000 -0.589049 0.000000
vt -0.160000 -0.523599 0.000000
vt 0.000000 -0.523599 0.000000
vt -0.160000 -0.458149 0.000000
vt 0.000000 -0.458149 0.000000
vt -0.160000 -0.392699 0.000000
vt 0.000000 -0.392699 0.000000
vt -0.160000 -0.327249 0.000000
vt -0.000000 -0.327249 0.000000
vt -0.160000 -0.261799 0.000000
vt -0.000000 -0.261799 0.000000
vt -0.160000 -0.196350 0.000000
vt 0.000000 -0.196350 0.000000
vt -0.160000 -0.130900 0.000000
vt 0.000000 -0.130900 0.000000
vt -0.300000 -0.031416 0.000000
vt -0.160000 -0.031416 0.000000
vt -0.300000 0.000000 0.000000
vt -0.160000 0.000000 0.000000
vt -0.300000 0.031416 0.000000
vt -0.160000 0.031416 0.000000
vt -0.300000 0.062832 0.000000
vt -0.160000 0.062832 0.000000
vt -0.300000 0.094248 0.000000
vt -0.160000 0.094248 0.000000
vt -0.300000 0.125664 0.000000
vt -0.160000 0.125664 0.000000
vt -0.300000 0.157080 0.000000
vt -0.160000 0.157080 0.000000
vt -0.300000 0.188496 0.000000
vt -0.160000 0.188496 0.000000
vt -0.300000 0.219911 0.000000
vt -0.160000 0.219911 0.000000
vt -0.300000 0.251327 0.000000
vt -0.160000 0.251327 0.000000
vt -0.300000 0.282743 0.000000
vt -0.160000 0.282743 0.000000
vt -0.300000 0.314159 0.000000
vt -0.160000 0.314159 0.000000
vt -0.300000 0.345575 0.000000
vt -0.160000 0.345575 0.000000
vt -0.300000 0.376991 0.000000
vt -0.160000 0.376991 0.000000
vt -0.300000 -0.376991 0.000000
vt -0.160000 -0.376991 0.000000
vt -0.300000 -0.345575 0.000000
vt -0.160000 -0.345575 0.000000
vt -0.300000 -0.314159 0.000000
vt -0.160000 -0.314159 0.000000
vt -0.300000 -0.282743 0.000000
vt -0.160000 -0.282743 0.000000
vt -0.300000 -0.251327 0.000000
vt -0.160000 -0.251327 0.000000
vt -0.300000 -0.219911 0.000000
vt -0.160000 -0.219911 0.000000
vt -0.300000 -0.188496 0.000000
vt -0.160000 -0.188496 0.000000
vt -0.300000 -0.157080 0.000000
vt -0.160000 -0.157080 0.000000
vt -0.300000 -0.125664 0.000000
vt -0.160000 -0.125664 0.000000
vt -0.300000 -0.094248 0.000000
vt -0.160000 -0.094248 0.000000
vt -0.300000 -0.062832 0.000000
vt -0.160000 -0.062832 0.000000
vt -0.160000 -0.065450 0.000000
vt 0.000000 -0.065450 0.000000
vt -0.160000 0.000000 0.000000
vt -0.000000 0.000000 0.000000
vt -0.160000 0.065450 0.000000
vt 0.000000 0.065450 0.000000
vt -0.160000 0.130900 0.000000
vt 0.000000 0.130900 0.000000
vt -0.160000 0.196350 0.000000
vt 0.000000 0.196350 0.000000
vt -0.160000 0.261799 0.000000
vt -0.000000 0.261799 0.000000
vt -0.160000 0.327249 0.000000
vt -0.000000 0.327249 0.000000
vt -0.160000 0.392699 0.000000
vt 0.000000 0.392699 0.000000
vt -0.160000 0.458149 0.000000
vt 0.000000 0.458149 0.000000
vt -0.160000 0.523599 0.000000
vt 0.000000 0.523599 0.000000
vt -0.160000 0.589049 0.000000
vt -0.000000 0.589049 0.000000
vt -0.160000 0.654498 0.000000
vt -0.000000 0.654498 0.000000
vt -0.160000 0.719948 0.000000
vt -0.000000 0.719948 0.000000
vt -0.160000 0.785398 0.000000
vt -0.000000 0.785398 0.000000
vt -0.160000 -0.785398 0.000000
vt -0.000000 -0.785398 0.000000
vt -0.160000 -0.719948 0.000000
vt -0.000000 -0.719948 0.000000
vt -0.160000 -0.654498 0.000000
vt -0.000000 -0.654498 0.000000
vt -0.160000 -0.589049 0.000000
vt -0.000000 -0.589049 0.000000
vt -0.160000 -0.523599 0.000000
vt 0.000000 -0.523599 0.000000
vt -0.160000 -0.458149 0.000000
vt 0.000000 -0.458149 0.000000
vt -0.160000 -0.392699 0.000000
vt -0.000000 -0.392699 0.000000
vt -0.160000 -0.327249 0.000000
vt -0.000000 -0.327249 0.000000
vt -0.160000 -0.261799 0.000000
vt -0.000000 -0.261799 0.000000
vt -0.160000 -0.196350 0.000000
vt 0.000000 -0.196350 0.000000
vt -0.160000 -0.130900 0.000000
vt 0.000000 -0.130900 0.000000
vt -0.300000 -0.031416 0.000000
vt -0.160000 -0.031416 0.000000
vt -0.300000 0.000000 0.000000
vt -0.160000 0.000000 0.000000
vt -0.300000 0.031416 0.000000
vt -0.160000 0.031416 0.000000
vt -0.300000 0.062832 0.000000
vt -0.160000 0.062832 0.000000
vt -0.300000 0.094248 0.000000
vt -0.160000 0.094248 0.000000
vt -0.300000 0.125664 0.000000
vt -0.160000 0.125664 0.000000
vt -0.300000 0.157080 0.000000
vt -0.160000 0.157080 0.000000
vt -0.300000 0.188496 0.000000
vt -0.160000 0.188496 0.000000
vt -0.300000 0.219911 0.000000
vt -0.160000 0.219911 0.000000
vt -0.300000 0.251327 0.000000
vt -0.160000 0.251327 0.000000
vt -0.300000 0.282743 0.000000
vt -0.160000 0.282743 0.000000
vt -0.300000 0.314159 0.000000
vt -0.160000 0.314159 0.000000
vt -0.300000 0.345575 0.000000
vt -0.160000 0.345575 0.000000
vt -0.300000 0.376991 0.000000
vt -0.160000 0.376991 0.000000
vt -0.300000 -0.376991 0.000000
vt -0.160000 -0.376991 0.000000
vt -0.300000 -0.345575 0.000000
vt -0.160000 -0.345575 0.000000
vt -0.300000 -0.314159 0.000000
vt -0.160000 -0.314159 0.000000
vt -0.300000 -0.282743 0.000000
vt -0.160000 -0.282743 0.000000
vt -0.300000 -0.251327 0.000000
vt -0.160000 -0.251327 0.000000
vt -0.300000 -0.219911 0.000000
vt -0.160000 -0.219911 0.000000
vt -0.300000 -0.188496 0.000000
vt -0.160000 -0.188496 0.000000
vt -0.300000 -0.157080 0.000000
vt -0.160000 -0.157080 0.000000
vt -0.300000 -0.125664 0.000000
vt -0.160000 -0.125664 0.000000
vt -0.300000 -0.094248 0.000000
vt -0.160000 -0.094248 0.000000
vt -0.300000 -0.062832 0.000000
vt -0.160000 -0.062832 0.000000
vt -2.815100 -0.412334 0.000000
vt -2.655100 -0.412334 0.000000
vt -2.815100 -0.343612 0.000000
vt -2.655100 -0.343612 0.000000
vt -2.815100 -0.274889 0.000000
vt -2.655100 -0.274889 0.000000
vt -2.815100 -0.206167 0.000000
vt -2.655100 -0.206167 0.000000
vt -2.815100 -0.137445 0.000000
vt -2.655100 -0.137445 0.000000
vt -2.815100 -0.068722 0.000000
vt -2.655100 -0.068722 0.000000
vt -2.815100 -0.000000 0.000000
vt -2.655100 -0.000000 0.000000
vt -2.815100 0.068722 0.000000
vt -2.655100 0.068722 0.000000
vt -2.815100 0.137445 0.000000
vt -2.655100 0.137445 0.000000
vt -2.815100 0.206167 0.000000
vt -2.655100 0.206167 0.000000
vt -2.815100 0.274889 0.000000
vt -2.655100 0.274889 0.000000
vt -2.815100 0.343612 0.000000
vt -2.655100 0.343612 0.000000
vt -2.815100 0.412334 0.000000
vt -2.655100 0.412334 0.000000
vt -0.161006 0.143186 0.000000
vt -0.000000 0.159209 0.000000
vt -0.160000 0.164116 0.000000
vt 0.000000 0.190321 0.000000
vt -0.160000 0.194527 0.000000
vt 0.000000 0.221433 0.000000
vt -0.160000 0.224937 0.000000
vt 0.000000 0.252544 0.000000
vt -0.160000 0.255348 0.000000
vt 0.000000 0.283656 0.000000
vt -0.160000 0.285759 0.000000
vt 0.000000 0.314768 0.000000
vt -0.160000 0.316170 0.000000
vt 0.000000 0.345879 0.000000
vt -0.160000 0.346580 0.000000
vt 0.000000 0.376991 0.000000
vt -0.160000 0.376991 0.000000
vt -0.160000 -0.376991 0.000000
vt 0.000000 -0.376991 0.000000
vt -0.160000 -0.346580 0.000000
vt 0.000000 -0.345879 0.000000
vt -0.160000 -0.316170 0.000000
vt 0.000000 -0.314768 0.000000
vt -0.160000 -0.285759 0.000000
vt 0.000000 -0.283656 0.000000
vt -0.160000 -0.255348 0.000000
vt 0.000000 -0.252544 0.000000
vt -0.160000 -0.224937 0.000000
vt 0.000000 -0.221433 0.000000
vt -0.160000 -0.194527 0.000000
vt 0.000000 -0.190321 0.000000
vt -0.160000 -0.164116 0.000000
vt -0.000000 -0.159209 0.000000
vt -0.161006 -0.143186 0.000000
vt -0.000000 -0.128098 0.000000
vt -0.163784 -0.122313 0.000000
vt -0.000000 -0.096986 0.000000
vt -0.167719 -0.101956 0.000000
vt -0.172181 -0.082193 0.000000
vt -0.000000 -0.065874 0.000000
vt -0.176793 -0.061811 0.000000
vt -0.180799 -0.041084 0.000000
vt 0.000000 -0.034762 0.000000
vt -0.183470 -0.020337 0.000000
vt 0.000001 -0.017381 0.000000
vt -0.184430 -0.000000 0.000000
vt -0.000000 -0.000001 0.000000
vt 0.000001 0.017380 0.000000
vt -0.000000 0.128098 0.000000
vt -0.163784 0.122313 0.000000
vt -0.000000 0.096986 0.000000
vt -0.167719 0.101956 0.000000
vt -0.172181 0.082193 0.000000
vt -0.000000 0.065874 0.000000
vt -0.176793 0.061811 0.000000
vt -0.180799 0.041084 0.000000
vt 0.000000 0.034762 0.000000
vt -0.183470 0.020337 0.000000
vt -0.160000 -0.065450 0.000000
vt 0.000000 -0.065450 0.000000
vt -0.160000 0.000000 0.000000
vt 0.000000 0.000000 0.000000
vt -0.160000 0.065450 0.000000
vt 0.000000 0.065450 0.000000
vt -0.160000 0.130900 0.000000
vt 0.000000 0.130900 0.000000
vt -0.160000 0.196350 0.000000
vt 0.000000 0.196350 0.000000
vt -0.160000 0.261799 0.000000
vt 0.000000 0.261799 0.000000
vt -0.160000 0.327249 0.000000
vt 0.000000 0.327249 0.000000
vt -0.160000 0.392699 0.000000
vt 0.000000 0.392699 0.000000
vt -0.160000 0.458149 0.000000
vt -0.000000 0.458149 0.000000
vt -0.160000 0.523599 0.000000
vt -0.000000 0.523599 0.000000
vt -0.160000 0.589049 0.000000
vt -0.000000 0.589049 0.000000
vt -0.160000 0.654498 0.000000
vt 0.000000 0.654498 0.000000
vt -0.160000 0.719948 0.000000
vt -0.000000 0.719948 0.000000
vt -0.160000 0.785398 0.000000
vt -0.000000 0.785398 0.000000
vt -0.160000 -0.785398 0.000000
vt -0.000000 -0.785398 0.000000
vt -0.160000 -0.719948 0.000000
vt 0.000000 -0.719948 0.000000
vt -0.160000 -0.654498 0.000000
vt 0.000000 -0.654498 0.000000
vt -0.160000 -0.589049 0.000000
vt 0.000000 -0.589049 0.000000
vt -0.160000 -0.523599 0.000000
vt 0.000000 -0.523599 0.000000
vt -0.160000 -0.458149 0.000000
vt 0.000000 -0.458149 0.000000
vt -0.160000 -0.392699 0.000000
vt 0.000000 -0.392699 0.000000
vt -0.160000 -0.327249 0.000000
vt 0.000000 -0.327249 0.000000
vt -0.160000 -0.261799 0.000000
vt 0.000000 -0.261799 0.000000
vt -0.160000 -0.196350 0.000000
vt 0.000000 -0.196350 0.000000
vt -0.160000 -0.130900 0.000000
vt 0.000000 -0.130900 0.000000
vt -0.300000 -0.031416 0.000000
vt -0.160000 -0.031416 0.000000
vt -0.300000 0.000000 0.000000
vt -0.160000 0.000000 0.000000
vt -0.300000 0.031416 0.000000
vt -0.160000 0.031416 0.000000
vt -0.300000 0.062832 0.000000
vt -0.160000 0.062832 0.000000
vt -0.300000 0.094248 0.000000
vt -0.160000 0.094248 0.000000
vt -0.300000 0.125664 0.000000
vt -0.160000 0.125664 0.000000
vt -0.300000 0.157080 0.000000
vt -0.160000 0.157080 0.000000
vt -0.300000 0.188496 0.000000
vt -0.160000 0.188496 0.000000
vt -0.300000 0.219911 0.000000
vt -0.160000 0.219911 0.000000
vt -0.300000 0.251327 0.000000
vt -0.160000 0.251327 0.000000
vt -0.300000 0.282743 0.000000
vt -0.160000 0.282743 0.000000
vt -0.300000 0.314159 0.000000
vt -0.160000 0.314159 0.000000
vt -0.300000 0.345575 0.000000
vt -0.160000 0.345575 0.000000
vt -0.300000 0.376991 0.000000
vt -0.160000 0.376991 0.000000
vt -0.300000 -0.376991 0.000000
vt -0.160000 -0.376991 0.000000
vt -0.300000 -0.345575 0.000000
vt -0.160000 -0.345575 0.000000
vt -0.300000 -0.314159 0.000000
vt -0.160000 -0.314159 0.000000
vt -0.300000 -0.282743 0.000000
vt -0.160000 -0.282743 0.000000
vt -0.300000 -0.251327 0.000000
vt -0.160000 -0.251327 0.000000
vt -0.300000 -0.219911 0.000000
vt -0.160000 -0.219911 0.000000
vt -0.300000 -0.188496 0.000000
vt -0.160000 -0.188496 0.000000
vt -0.300000 -0.157080 0.000000
vt -0.160000 -0.157080 0.000000
vt -0.300000 -0.125664 0.000000
vt -0.160000 -0.125664 0.000000
vt -0.300000 -0.094248 0.000000
vt -0.160000 -0.094248 0.000000
vt -0.300000 -0.062832 0.000000
vt -0.160000 -0.062832 0.000000
vt -0.160000 -0.065450 0.000000
vt 0.000000 -0.065450 0.000000
vt -0.160000 0.000000 0.000000
vt 0.000000 0.000000 0.000000
vt -0.160000 0.065450 0.000000
vt 0.000000 0.065450 0.000000
vt -0.160000 0.130900 0.000000
vt 0.000000 0.130900 0.000000
vt -0.160000 0.196350 0.000000
vt 0.000000 0.196350 0.000000
vt -0.160000 0.261799 0.000000
vt 0.000000 0.261799 0.000000
vt -0.160000 0.327249 0.000000
vt 0.000000 0.327249 0.000000
vt -0.160000 0.392699 0.000000
vt 0.000000 0.392699 0.000000
vt -0.160000 0.458149 0.000000
vt -0.000000 0.458149 0.000000
vt -0.160000 0.523599 0.000000
vt -0.000000 0.523599 0.000000
vt -0.160000 0.589049 0.000000
vt -0.000000 0.589049 0.000000
vt -0.160000 0.654498 0.000000
vt 0.000000 0.654498 0.000000
vt -0.160000 0.719948 0.000000
vt -0.000000 0.719948 0.000000
vt -0.160000 0.785398 0.000000
vt -0.000000 0.785398 0.000000
vt -0.160000 -0.785398 0.000000
vt -0.000000 -0.785398 0.000000
vt -0.160000 -0.719948 0.000000
vt 0.000000 -0.719948 0.000000
vt -0.160000 -0.654498 0.000000
vt 0.000000 -0.654498 0.000000
vt -0.160000 -0.589049 0.000000
vt 0.000000 -0.589049 0.000000
vt -0.160000 -0.523599 0.000000
vt 0.000000 -0.523599 0.000000
vt -0.160000 -0.458149 0.000000
vt 0.000000 -0.458149 0.000000
vt -0.160000 -0.392699 0.000000
vt 0.000000 -0.392699 0.000000
vt -0.160000 -0.327249 0.000000
vt 0.000000 -0.327249 0.000000
vt -0.160000 -0.261799 0.000000
vt 0.000000 -0.261799 0.000000
vt -0.160000 -0.196350 0.000000
vt 0.000000 -0.196350 0.000000
vt -0.160000 -0.130900 0.000000
vt 0.000000 -0.130900 0.000000
vt -0.300000 -0.031416 0.000000
vt -0.160000 -0.031416 0.000000
vt -0.300000 0.000000 0.000000
vt -0.160000 0.000000 0.000000
vt -0.300000 0.031416 0.000000
vt -0.160000 0.031416 0.000000
vt -0.300000 0.062832 0.000000
vt -0.160000 0.062832 0.000000
vt -0.300000 0.094248 0.000000
vt -0.160000 0.094248 0.000000
vt -0.300000 0.125664 0.000000
vt -0.160000 0.125664 0.000000
vt -0.300000 0.157080 0.000000
vt -0.160000 0.157080 0.000000
vt -0.300000 0.188496 0.000000
vt -0.160000 0.188496 0.000000
vt -0.300000 0.219911 0.000000
vt -0.160000 0.219911 0.000000
vt -0.300000 0.251327 0.000000
vt -0.160000 0.251327 0.000000
vt -0.300000 0.282743 0.000000
vt -0.160000 0.282743 0.000000
vt -0.300000 0.314159 0.000000
vt -0.160000 0.314159 0.000000
vt -0.300000 0.345575 0.000000
vt -0.160000 0.345575 0.000000
vt -0.300000 0.376991 0.000000
vt -0.160000 0.376991 0.000000
vt -0.300000 -0.376991 0.000000
vt -0.160000 -0.376991 0.000000
vt -0.300000 -0.345575 0.000000
vt -0.160000 -0.345575 0.000000
vt -0.300000 -0.314159 0.000000
vt -0.160000 -0.314159 0.000000
vt -0.300000 -0.282743 0.000000
vt -0.160000 -0.282743 0.000000
vt -0.300000 -0.251327 0.000000
vt -0.160000 -0.251327 0.000000
vt -0.300000 -0.219911 0.000000
vt -0.160000 -0.219911 0.000000
vt -0.300000 -0.188496 0.000000
vt -0.160000 -0.188496 0.000000
vt -0.300000 -0.157080 0.000000
vt -0.160000 -0.157080 0.000000
vt -0.300000 -0.125664 0.000000
vt -0.160000 -0.125664 0.000000
vt -0.300000 -0.094248 0.000000
vt -0.160000 -0.094248 0.000000
vt -0.300000 -0.062832 0.000000
vt -0.160000 -0.062832 0.000000
vt -0.160000 -0.065450 0.000000
vt -0.000000 -0.065450 0.000000
vt -0.160000 0.000000 0.000000
vt 0.000000 0.000000 0.000000
vt -0.160000 0.065450 0.000000
vt -0.000000 0.065450 0.000000
vt -0.160000 0.130900 0.000000
vt 0.000000 0.130900 0.000000
vt -0.160000 0.196350 0.000000
vt -0.000000 0.196350 0.000000
vt -0.160000 0.261799 0.000000
vt 0.000000 0.261799 0.000000
vt -0.160000 0.327249 0.000000
vt -0.000000 0.327249 0.000000
vt -0.160000 0.392699 0.000000
vt -0.000000 0.392699 0.000000
vt -0.160000 0.458149 0.000000
vt 0.000000 0.458149 0.000000
vt -0.160000 0.523599 0.000000
vt -0.000000 0.523599 0.000000
vt -0.160000 0.589049 0.000000
vt 0.000000 0.589049 0.000000
vt -0.160000 0.654498 0.000000
vt -0.000000 0.654498 0.000000
vt -0.160000 0.719948 0.000000
vt 0.000000 0.719948 0.000000
vt -0.160000 0.785398 0.000000
vt -0.000000 0.785398 0.000000
vt -0.160000 -0.785398 0.000000
vt -0.000000 -0.785398 0.000000
vt -0.160000 -0.719948 0.000000
vt 0.000000 -0.719948 0.000000
vt -0.160000 -0.654498 0.000000
vt -0.000000 -0.654498 0.000000
vt -0.160000 -0.589049 0.000000
vt 0.000000 -0.589049 0.000000
vt -0.160000 -0.523599 0.000000
vt -0.000000 -0.523599 0.000000
vt -0.160000 -0.458149 0.000000
vt 0.000000 -0.458149 0.000000
vt -0.160000 -0.392699 0.000000
vt 0.000000 -0.392699 0.000000
vt -0.160000 -0.327249 0.000000
vt -0.000000 -0.327249 0.000000
vt -0.160000 -0.261799 0.000000
vt 0.000000 -0.261799 0.000000
vt -0.160000 -0.196350 0.000000
vt -0.000000 -0.196350 0.000000
vt -0.160000 -0.130900 0.000000
vt 0.000000 -0.130900 0.000000
vt -0.300000 -0.031416 0.000000
vt -0.160000 -0.031416 0.000000
vt -0.300000 0.000000 0.000000
vt -0.160000 0.000000 0.000000
vt -0.300000 0.031416 0.000000
vt -0.160000 0.031416 0.000000
vt -0.300000 0.062832 0.000000
vt -0.160000 0.062832 0.000000
vt -0.300000 0.094248 0.000000
vt -0.160000 0.094248 0.000000
vt -0.300000 0.125664 0.000000
vt -0.160000 0.125664 0.000000
vt -0.300000 0.157080 0.000000
vt -0.160000 0.157080 0.000000
vt -0.300000 0.188496 0.000000
vt -0.160000 0.188496 0.000000
vt -0.300000 0.219911 0.000000
vt -0.160000 0.219911 0.000000
vt -0.300000 0.251327 0.000000
vt -0.160000 0.251327 0.000000
vt -0.300000 0.282743 0.000000
vt -0.160000 0.282743 0.000000
vt -0.300000 0.314159 0.000000
vt -0.160000 0.314159 0.000000
vt -0.300000 0.345575 0.000000
vt -0.160000 0.345575 0.000000
vt -0.300000 0.376991 0.000000
vt -0.160000 0.376991 0.000000
vt -0.300000 -0.376991 0.000000
vt -0.160000 -0.376991 0.000000
vt -0.300000 -0.345575 0.000000
vt -0.160000 -0.345575 0.000000
vt -0.300000 -0.314159 0.000000
vt -0.160000 -0.314159 0.000000
vt -0.300000 -0.282743 0.000000
vt -0.160000 -0.282743 0.000000
vt -0.300000 -0.251327 0.000000
vt -0.160000 -0.251327 0.000000
vt -0.300000 -0.219911 0.000000
vt -0.160000 -0.219911 0.000000
vt -0.300000 -0.188496 0.000000
vt -0.160000 -0.188496 0.000000
vt -0.300000 -0.157080 0.000000
vt -0.160000 -0.157080 0.000000
vt -0.300000 -0.125664 0.000000
vt -0.160000 -0.125664 0.000000
vt -0.300000 -0.094248 0.000000
vt -0.160000 -0.094248 0.000000
vt -0.300000 -0.062832 0.000000
vt -0.160000 -0.062832 0.000000
vt -0.160000 -0.065450 0.000000
vt -0.000000 -0.065450 0.000000
vt -0.160000 0.000000 0.000000
vt 0.000000 0.000000 0.000000
vt -0.160000 0.065450 0.000000
vt -0.000000 0.065450 0.000000
vt -0.160000 0.130900 0.000000
vt 0.000000 0.130900 0.000000
vt -0.160000 0.196350 0.000000
vt -0.000000 0.196350 0.000000
vt -0.160000 0.261799 0.000000
vt 0.000000 0.261799 0.000000
vt -0.160000 0.327249 0.000000
vt -0.000000 0.327249 0.000000
vt -0.160000 0.392699 0.000000
vt -0.000000 0.392699 0.000000
vt -0.160000 0.458149 0.000000
vt 0.000000 0.458149 0.000000
vt -0.160000 0.523599 0.000000
vt -0.000000 0.523599 0.000000
vt -0.160000 0.589049 0.000000
vt 0.000000 0.589049 0.000000
vt -0.160000 0.654498 0.000000
vt -0.000000 0.654498 0.000000
vt -0.160000 0.719948 0.000000
vt 0.000000 0.719948 0.000000
vt -0.160000 0.785398 0.000000
vt -0.000000 0.785398 0.000000
vt -0.160000 -0.785398 0.000000
vt -0.000000 -0.785398 0.000000
vt -0.160000 -0.719948 0.000000
vt 0.000000 -0.719948 0.000000
vt -0.160000 -0.654498 0.000000
vt -0.000000 -0.654498 0.000000
vt -0.160000 -0.589049 0.000000
vt 0.000000 -0.589049 0.000000
vt -0.160000 -0.523599 0.000000
vt -0.000000 -0.523599 0.000000
vt -0.160000 -0.458149 0.000000
vt 0.000000 -0.458149 0.000000
vt -0.160000 -0.392699 0.000000
vt 0.000000 -0.392699 0.000000
vt -0.160000 -0.327249 0.000000
vt -0.000000 -0.327249 0.000000
vt -0.160000 -0.261799 0.000000
vt 0.000000 -0.261799 0.000000
vt -0.160000 -0.196350 0.000000
vt -0.000000 -0.196350 0.000000
vt -0.160000 -0.130900 0.000000
vt 0.000000 -0.130900 0.000000
vt -0.300000 -0.031416 0.000000
vt -0.160000 -0.031416 0.000000
vt -0.300000 0.000000 0.000000
vt -0.160000 0.000000 0.000000
vt -0.300000 0.031416 0.000000
vt -0.160000 0.031416 0.000000
vt -0.300000 0.062832 0.000000
vt -0.160000 0.062832 0.000000
vt -0.300000 0.094248 0.000000
vt -0.160000 0.094248 0.000000
vt -0.300000 0.125664 0.000000
vt -0.160000 0.125664 0.000000
vt -0.300000 0.157080 0.000000
vt -0.160000 0.157080 0.000000
vt -0.300000 0.188496 0.000000
vt -0.160000 0.188496 0.000000
vt -0.300000 0.219911 0.000000
vt -0.160000 0.219911 0.000000
vt -0.300000 0.251327 0.000000
vt -0.160000 0.251327 0.000000
vt -0.300000 0.282743 0.000000
vt -0.160000 0.282743 0.000000
vt -0.300000 0.314159 0.000000
vt -0.160000 0.314159 0.000000
vt -0.300000 0.345575 0.000000
vt -0.160000 0.345575 0.000000
vt -0.300000 0.376991 0.000000
vt -0.160000 0.376991 0.000000
vt -0.300000 -0.376991 0.000000
vt -0.160000 -0.376991 0.000000
vt -0.300000 -0.345575 0.000000
vt -0.160000 -0.345575 0.000000
vt -0.300000 -0.314159 0.000000
vt -0.160000 -0.314159 0.000000
vt -0.300000 -0.282743 0.000000
vt -0.160000 -0.282743 0.000000
vt -0.300000 -0.251327 0.000000
vt -0.160000 -0.251327 0.000000
vt -0.300000 -0.219911 0.000000
vt -0.160000 -0.219911 0.000000
vt -0.300000 -0.188496 0.000000
vt -0.160000 -0.188496 0.000000
vt -0.300000 -0.157080 0.000000
vt -0.160000 -0.157080 0.000000
vt -0.300000 -0.125664 0.000000
vt -0.160000 -0.125664 0.000000
vt -0.300000 -0.094248 0.000000
vt -0.160000 -0.094248 0.000000
vt -0.300000 -0.062832 0.000000
vt -0.160000 -0.062832 0.000000
vt -0.160000 -0.065450 0.000000
vt -0.000000 -0.065450 0.000000
vt -0.160000 0.000000 0.000000
vt 0.000000 0.000000 0.000000
vt -0.160000 0.065450 0.000000
vt -0.000000 0.065450 0.000000
vt -0.160000 0.130900 0.000000
vt 0.000000 0.130900 0.000000
vt -0.160000 0.196350 0.000000
vt -0.000000 0.196350 0.000000
vt -0.160000 0.261799 0.000000
vt 0.000000 0.261799 0.000000
vt -0.160000 0.327249 0.000000
vt -0.000000 0.327249 0.000000
vt -0.160000 0.392699 0.000000
vt -0.000000 0.392699 0.000000
vt -0.160000 0.458149 0.000000
vt 0.000000 0.458149 0.000000
vt -0.160000 0.523599 0.000000
vt -0.000000 0.523599 0.000000
vt -0.160000 0.589049 0.000000
vt 0.000000 0.589049 0.000000
vt -0.160000 0.654498 0.000000
vt -0.000000 0.654498 0.000000
vt -0.160000 0.719948 0.000000
vt 0.000000 0.719948 0.000000
vt -0.160000 0.785398 0.000000
vt -0.000000 0.785398 0.000000
vt -0.160000 -0.785398 0.000000
vt -0.000000 -0.785398 0.000000
vt -0.160000 -0.719948 0.000000
vt 0.000000 -0.719948 0.000000
vt -0.160000 -0.654498 0.000000
vt -0.000000 -0.654498 0.000000
vt -0.160000 -0.589049 0.000000
vt 0.000000 -0.589049 0.000000
vt -0.160000 -0.523599 0.000000
vt -0.000000 -0.523599 0.000000
vt -0.160000 -0.458149 0.000000
vt 0.000000 -0.458149 0.000000
vt -0.160000 -0.392699 0.000000
vt 0.000000 -0.392699 0.000000
vt -0.160000 -0.327249 0.000000
vt -0.000000 -0.327249 0.000000
vt -0.160000 -0.261799 0.000000
vt 0.000000 -0.261799 0.000000
vt -0.160000 -0.196350 0.000000
vt -0.000000 -0.196350 0.000000
vt -0.160000 -0.130900 0.000000
vt 0.000000 -0.130900 0.000000
vt -0.300000 -0.031416 0.000000
vt -0.160000 -0.031416 0.000000
vt -0.300000 0.000000 0.000000
vt -0.160000 0.000000 0.000000
vt -0.300000 0.031416 0.000000
vt -0.160000 0.031416 0.000000
vt -0.300000 0.062832 0.000000
vt -0.160000 0.062832 0.000000
vt -0.300000 0.094248 0.000000
vt -0.160000 0.094248 0.000000
vt -0.300000 0.125664 0.000000
vt -0.160000 0.125664 0.000000
vt -0.300000 0.157080 0.000000
vt -0.160000 0.157080 0.000000
vt -0.300000 0.188496 0.000000
vt -0.160000 0.188496 0.000000
vt -0.300000 0.219911 0.000000
vt -0.160000 0.219911 0.000000
vt -0.300000 0.251327 0.000000
vt -0.160000 0.251327 0.000000
vt -0.300000 0.282743 0.000000
vt -0.160000 0.282743 0.000000
vt -0.300000 0.314159 0.000000
vt -0.160000 0.314159 0.000000
vt -0.300000 0.345575 0.000000
vt -0.160000 0.345575 0.000000
vt -0.300000 0.376991 0.000000
vt -0.160000 0.376991 0.000000
vt -0.300000 -0.376991 0.000000
vt -0.160000 -0.376991 0.000000
vt -0.300000 -0.345575 0.000000
vt -0.160000 -0.345575 0.000000
vt -0.300000 -0.314159 0.000000
vt -0.160000 -0.314159 0.000000
vt -0.300000 -0.282743 0.000000
vt -0.160000 -0.282743 0.000000
vt -0.300000 -0.251327 0.000000
vt -0.160000 -0.251327 0.000000
vt -0.300000 -0.219911 0.000000
vt -0.160000 -0.219911 0.000000
vt -0.300000 -0.188496 0.000000
vt -0.160000 -0.188496 0.000000
vt -0.300000 -0.157080 0.000000
vt -0.160000 -0.157080 0.000000
vt -0.300000 -0.125664 0.000000
vt -0.160000 -0.125664 0.000000
vt -0.300000 -0.094248 0.000000
vt -0.160000 -0.094248 0.000000
vt -0.300000 -0.062832 0.000000
vt -0.160000 -0.062832 0.000000
vt -0.160000 -0.065450 0.000000
vt -0.000000 -0.065450 0.000000
vt -0.160000 0.000000 0.000000
vt 0.000000 0.000000 0.000000
vt -0.160000 0.065450 0.000000
vt -0.000000 0.065450 0.000000
vt -0.160000 0.130900 0.000000
vt 0.000000 0.130900 0.000000
vt -0.160000 0.196350 0.000000
vt -0.000000 0.196350 0.000000
vt -0.160000 0.261799 0.000000
vt 0.000000 0.261799 0.000000
vt -0.160000 0.327249 0.000000
vt -0.000000 0.327249 0.000000
vt -0.160000 0.392699 0.000000
vt -0.000000 0.392699 0.000000
vt -0.160000 0.458149 0.000000
vt 0.000000 0.458149 0.000000
vt -0.160000 0.523599 0.000000
vt -0.000000 0.523599 0.000000
vt -0.160000 0.589049 0.000000
vt 0.000000 0.589049 0.000000
vt -0.160000 0.654498 0.000000
vt -0.000000 0.654498 0.000000
vt -0.160000 0.719948 0.000000
vt 0.000000 0.719948 0.000000
vt -0.160000 0.785398 0.000000
vt -0.000000 0.785398 0.000000
vt -0.160000 -0.785398 0.000000
vt -0.000000 -0.785398 0.000000
vt -0.160000 -0.719948 0.000000
vt 0.000000 -0.719948 0.000000
vt -0.160000 -0.654498 0.000000
vt -0.000000 -0.654498 0.000000
vt -0.160000 -0.589049 0.000000
vt 0.000000 -0.589049 0.000000
vt -0.160000 -0.523599 0.000000
vt -0.000000 -0.523599 0.000000
vt -0.160000 -0.458149 0.000000
vt 0.000000 -0.458149 0.000000
vt -0.160000 -0.392699 0.000000
vt 0.000000 -0.392699 0.000000
vt -0.160000 -0.327249 0.000000
vt -0.000000 -0.327249 0.000000
vt -0.160000 -0.261799 0.000000
vt 0.000000 -0.261799 0.000000
vt -0.160000 -0.196350 0.000000
vt -0.000000 -0.196350 0.000000
vt -0.160000 -0.130900 0.000000
vt 0.000000 -0.130900 0.000000
vt -0.300000 -0.031416 0.000000
vt -0.160000 -0.031416 0.000000
vt -0.300000 0.000000 0.000000
vt -0.160000 0.000000 0.000000
vt -0.300000 0.031416 0.000000
vt -0.160000 0.031416 0.000000
vt -0.300000 0.062832 0.000000
vt -0.160000 0.062832 0.000000
vt -0.300000 0.094248 0.000000
vt -0.160000 0.094248 0.000000
vt -0.300000 0.125664 0.000000
vt -0.160000 0.125664 0.000000
vt -0.300000 0.157080 0.000000
vt -0.160000 0.157080 0.000000
vt -0.300000 0.188496 0.000000
vt -0.160000 0.188496 0.000000
vt -0.300000 0.219911 0.000000
vt -0.160000 0.219911 0.000000
vt -0.300000 0.251327 0.000000
vt -0.160000 0.251327 0.000000
vt -0.300000 0.282743 0.000000
vt -0.160000 0.282743 0.000000
vt -0.300000 0.314159 0.000000
vt -0.160000 0.314159 0.000000
vt -0.300000 0.345575 0.000000
vt -0.160000 0.345575 0.000000
vt -0.300000 0.376991 0.000000
vt -0.160000 0.376991 0.000000
vt -0.300000 -0.376991 0.000000
vt -0.160000 -0.376991 0.000000
vt -0.300000 -0.345575 0.000000
vt -0.160000 -0.345575 0.000000
vt -0.300000 -0.314159 0.000000
vt -0.160000 -0.314159 0.000000
vt -0.300000 -0.282743 0.000000
vt -0.160000 -0.282743 0.000000
vt -0.300000 -0.251327 0.000000
vt -0.160000 -0.251327 0.000000
vt -0.300000 -0.219911 0.000000
vt -0.160000 -0.219911 0.000000
vt -0.300000 -0.188496 0.000000
vt -0.160000 -0.188496 0.000000
vt -0.300000 -0.157080 0.000000
vt -0.160000 -0.157080 0.000000
vt -0.300000 -0.125664 0.000000
vt -0.160000 -0.125664 0.000000
vt -0.300000 -0.094248 0.000000
vt -0.160000 -0.094248 0.000000
vt -0.300000 -0.062832 0.000000
vt -0.160000 -0.062832 0.000000
vt -23.441498 1.389256 0.000000
vt -23.281498 1.389256 0.000000
vt -23.441498 1.398468 0.000000
vt -23.447876 1.448573 0.000000
vt -23.281498 1.489256 0.000000
vt -23.466603 1.495482 0.000000
vt -23.278091 1.515138 0.000000
vt -23.496484 1.536203 0.000000
vt -23.268101 1.539256 0.000000
vt -23.252209 1.559967 0.000000
vt -23.535615 1.568141 0.000000
vt -23.231498 1.575859 0.000000
vt -23.581498 1.589256 0.000000
vt -23.207380 1.585849 0.000000
vt -23.181498 1.589256 0.000000
vt -23.581498 1.889256 0.000000
vt -21.031498 1.589256 0.000000
vt -20.631498 1.889256 0.000000
vt -20.631498 1.589256 0.000000
vt -21.005616 1.585849 0.000000
vt -20.981498 1.575859 0.000000
vt -20.677382 1.568141 0.000000
vt -20.960787 1.559967 0.000000
vt -20.716512 1.536203 0.000000
vt -20.944896 1.539256 0.000000
vt -20.934905 1.515138 0.000000
vt -20.746393 1.495482 0.000000
vt -20.931498 1.489256 0.000000
vt -20.765120 1.448573 0.000000
vt -20.931498 1.389256 0.000000
vt -20.771498 1.398468 0.000000
vt -20.771498 1.389256 0.000000
vt 0.267940 -3.466056 0.000000
vt 0.216825 -3.344986 0.000000
vt 0.200000 -3.475000 0.000000
vt 0.186004 -3.341444 0.000000
vt 0.157120 -3.330119 0.000000
vt 0.331250 -3.439832 0.000000
vt 0.276051 -3.328309 0.000000
vt 0.247525 -3.340508 0.000000
vt 0.300496 -3.309205 0.000000
vt 0.385616 -3.398116 0.000000
vt 0.319226 -3.284472 0.000000
vt 0.330989 -3.255764 0.000000
vt 0.427332 -3.343750 0.000000
vt 0.453556 -3.280440 0.000000
vt 0.335000 -3.225000 0.000000
vt 0.462500 -3.212500 0.000000
vt 0.453556 -3.144560 0.000000
vt 0.330989 -3.194236 0.000000
vt 0.427332 -3.081250 0.000000
vt 0.319226 -3.165528 0.000000
vt 0.385616 -3.026884 0.000000
vt 0.300496 -3.140795 0.000000
vt 0.331250 -2.985168 0.000000
vt 0.276051 -3.121691 0.000000
vt 0.267940 -2.958944 0.000000
vt 0.247525 -3.109492 0.000000
vt 0.216825 -3.105014 0.000000
vt 0.200000 -2.950000 0.000000
vt 0.186004 -3.108556 0.000000
vt 0.165270 -2.946962 0.000000
vt 0.157120 -3.119881 0.000000
vt 0.131596 -2.937939 0.000000
vt 0.132105 -3.138233 0.000000
vt 0.100000 -2.923205 0.000000
vt 0.112631 -3.162385 0.000000
vt 0.100000 -3.190722 0.000000
vt 0.100000 -3.475000 0.000000
vt 0.132105 -3.311767 0.000000
vt 0.112631 -3.287615 0.000000
vt 0.100000 -3.259278 0.000000
vt -1.398468 0.947620 0.000000
vt -1.395399 0.947738 0.000000
vt -1.398468 1.105300 0.000000
vt -1.392328 0.947809 0.000000
vt -1.389256 0.947832 0.000000
vt -1.368227 1.102984 0.000000
vt -1.321316 0.956777 0.000000
vt -1.338372 1.108323 0.000000
vt -1.310808 1.120978 0.000000
vt -1.258006 0.983001 0.000000
vt -1.287298 1.140138 0.000000
vt -1.269342 1.164582 0.000000
vt -1.203640 1.024717 0.000000
vt -1.258089 1.192746 0.000000
vt -1.161924 1.079082 0.000000
vt -1.254256 1.222832 0.000000
vt -1.135700 1.142392 0.000000
vt -1.126756 1.210332 0.000000
vt -1.135700 1.278272 0.000000
vt -1.161924 1.341582 0.000000
vt -1.258089 1.252919 0.000000
vt -1.203640 1.395948 0.000000
vt -1.269342 1.281083 0.000000
vt -1.258006 1.437664 0.000000
vt -1.287298 1.305526 0.000000
vt -1.310808 1.324687 0.000000
vt -1.321316 1.463888 0.000000
vt -1.338372 1.337341 0.000000
vt -1.368227 1.342681 0.000000
vt -1.389256 1.472832 0.000000
vt -1.398468 1.340364 0.000000
vt -1.398468 1.472832 0.000000
vt 0.925000 -1.100000 0.000000
vt 1.250000 0.515000 0.000000
vt 0.925000 1.600000 0.000000
vt 1.258519 0.579705 0.000000
vt 1.283494 0.640000 0.000000
vt 0.918185 -1.151764 0.000000
vt 1.258519 -1.149705 0.000000
vt 1.250000 -1.085000 0.000000
vt 1.258519 -1.020295 0.000000
vt 0.898205 -1.200000 0.000000
vt 1.283494 -1.210000 0.000000
vt 0.866421 -1.241421 0.000000
vt 1.323223 -1.261777 0.000000
vt 0.825000 -1.273205 0.000000
vt 1.375000 -1.301506 0.000000
vt 0.776764 -1.293185 0.000000
vt 1.435295 -1.326481 0.000000
vt 2.025000 -1.600000 0.000000
vt 1.500000 -1.335000 0.000000
vt 1.564705 -1.326481 0.000000
vt 1.625000 -1.301506 0.000000
vt 1.676777 -1.261777 0.000000
vt 1.716506 -1.210000 0.000000
vt 1.741481 -1.149705 0.000000
vt 1.750000 -1.085000 0.000000
vt 1.741481 -1.020295 0.000000
vt 1.741481 0.450295 0.000000
vt 1.716506 -0.960000 0.000000
vt 1.716506 0.390000 0.000000
vt 1.676777 0.338223 0.000000
vt 0.725000 -1.300000 0.000000
vt -1.750000 -1.600000 0.000000
vt -1.025000 -1.300000 0.000000
vt -1.750000 -1.300000 0.000000
vt 1.750000 0.515000 0.000000
vt 2.025000 1.600000 0.000000
vt 1.741481 0.579705 0.000000
vt 1.716506 0.640000 0.000000
vt 1.676777 0.691777 0.000000
vt 1.625000 0.731506 0.000000
vt 1.564705 0.756481 0.000000
vt 1.500000 0.765000 0.000000
vt 1.435295 0.756481 0.000000
vt 1.375000 0.731506 0.000000
vt 1.323223 0.691777 0.000000
vt 2.022103 2.093529 0.000000
vt 1.065534 2.079643 0.000000
vt 0.963742 1.867065 0.000000
vt 0.934937 1.742630 0.000000
vt 2.013456 2.539438 0.000000
vt 1.308620 2.539438 0.000000
vt 1.256312 2.405136 0.000000
vt 1.194840 2.287115 0.000000
vt 1.283494 -0.960000 0.000000
vt 1.323223 -0.908223 0.000000
vt 1.323223 0.338223 0.000000
vt 1.375000 -0.868494 0.000000
vt 1.375000 0.298494 0.000000
vt 1.435295 0.273519 0.000000
vt 1.435295 -0.843519 0.000000
vt 1.500000 0.265000 0.000000
vt 1.500000 -0.835000 0.000000
vt 1.564705 -0.843519 0.000000
vt 1.564705 0.273519 0.000000
vt 1.625000 -0.868494 0.000000
vt 1.625000 0.298494 0.000000
vt 1.676777 -0.908223 0.000000
vt 1.283494 0.390000 0.000000
vt 1.258519 0.450295 0.000000
vt 0.400000 -0.025000 0.000000
vt 0.342880 0.119881 0.000000
vt 0.300000 -0.025000 0.000000
vt 0.313996 0.108556 0.000000
vt 0.283175 0.105014 0.000000
vt 0.400000 0.190722 0.000000
vt 0.387369 0.162385 0.000000
vt 0.367895 0.138233 0.000000
vt 0.232060 -0.016056 0.000000
vt 0.252475 0.109492 0.000000
vt 0.223949 0.121691 0.000000
vt 0.168750 0.010168 0.000000
vt 0.199504 0.140795 0.000000
vt 0.114384 0.051884 0.000000
vt 0.180774 0.165528 0.000000
vt 0.169011 0.194236 0.000000
vt 0.165000 0.225000 0.000000
vt 0.046444 0.169560 0.000000
vt 0.072668 0.106250 0.000000
vt 0.169011 0.255764 0.000000
vt 0.046444 0.305440 0.000000
vt 0.037500 0.237500 0.000000
vt 0.072668 0.368750 0.000000
vt 0.180774 0.284472 0.000000
vt 0.114384 0.423116 0.000000
vt 0.199504 0.309205 0.000000
vt 0.168750 0.464832 0.000000
vt 0.223949 0.328309 0.000000
vt 0.232060 0.491056 0.000000
vt 0.252475 0.340508 0.000000
vt 0.283175 0.344986 0.000000
vt 0.300000 0.500000 0.000000
vt 0.313996 0.341444 0.000000
vt 0.334730 0.503038 0.000000
vt 0.342880 0.330119 0.000000
vt 0.368404 0.512061 0.000000
vt 0.367895 0.311767 0.000000
vt 0.400000 0.526795 0.000000
vt 0.387369 0.287615 0.000000
vt 0.400000 0.259278 0.000000
vt -1.321316 -1.463888 0.000000
vt -1.368227 -1.342681 0.000000
vt -1.389256 -1.472832 0.000000
vt -1.398468 -1.340364 0.000000
vt -1.398468 -1.472832 0.000000
vt -1.258006 -1.437664 0.000000
vt -1.310808 -1.324687 0.000000
vt -1.338372 -1.337341 0.000000
vt -1.203640 -1.395948 0.000000
vt -1.269342 -1.281083 0.000000
vt -1.287298 -1.305526 0.000000
vt -1.258089 -1.252919 0.000000
vt -1.161924 -1.341582 0.000000
vt -1.254256 -1.222832 0.000000
vt -1.135700 -1.278272 0.000000
vt -1.126756 -1.210332 0.000000
vt -1.135700 -1.142392 0.000000
vt -1.161924 -1.079082 0.000000
vt -1.258089 -1.192746 0.000000
vt -1.203640 -1.024717 0.000000
vt -1.269342 -1.164582 0.000000
vt -1.258006 -0.983001 0.000000
vt -1.287298 -1.140138 0.000000
vt -1.310808 -1.120978 0.000000
vt -1.321316 -0.956777 0.000000
vt -1.338372 -1.108323 0.000000
vt -1.368227 -1.102984 0.000000
vt -1.389256 -0.947832 0.000000
vt -1.398468 -1.105300 0.000000
vt -1.392328 -0.947809 0.000000
vt -1.395399 -0.947738 0.000000
vt -1.398468 -0.947620 0.000000
vt 0.000000 -0.000000 0.000000
vt -1.475000 1.305000 0.000000
vt -2.950000 -0.000000 0.000000
vt -1.506058 1.309089 0.000000
vt -1.535000 1.321077 0.000000
vt -0.000000 3.775000 0.000000
vt -0.755000 2.025000 0.000000
vt -0.759089 1.993942 0.000000
vt -0.771077 1.965000 0.000000
vt -2.950000 3.775000 0.000000
vt -1.475000 2.745000 0.000000
vt -1.443942 2.740911 0.000000
vt -1.415000 2.728923 0.000000
vt -2.195000 2.025000 0.000000
vt -2.190911 2.056058 0.000000
vt -2.178923 2.085000 0.000000
vt -1.959089 1.993942 0.000000
vt -1.535000 1.528923 0.000000
vt -1.955000 2.025000 0.000000
vt -1.506058 1.540911 0.000000
vt -1.506058 2.509089 0.000000
vt -1.475000 1.545000 0.000000
vt -1.475000 2.505000 0.000000
vt -1.443942 2.509089 0.000000
vt -1.443942 1.540911 0.000000
vt -0.995000 2.025000 0.000000
vt -1.415000 1.528923 0.000000
vt -0.990911 1.993942 0.000000
vt -1.390147 1.509853 0.000000
vt -0.978923 1.965000 0.000000
vt -1.371077 1.485000 0.000000
vt -0.959853 1.940147 0.000000
vt -1.359089 1.456058 0.000000
vt -0.935000 1.921077 0.000000
vt -1.355000 1.425000 0.000000
vt -0.906058 1.909089 0.000000
vt -0.875000 1.905000 0.000000
vt -1.359089 1.393942 0.000000
vt -0.843942 1.909089 0.000000
vt -1.371077 1.365000 0.000000
vt -1.390147 1.340147 0.000000
vt -1.415000 1.321077 0.000000
vt -1.559853 1.509853 0.000000
vt -1.971077 1.965000 0.000000
vt -1.578923 1.485000 0.000000
vt -1.990147 1.940147 0.000000
vt -1.590911 1.456058 0.000000
vt -2.015000 1.921077 0.000000
vt -1.595000 1.425000 0.000000
vt -2.043942 1.909089 0.000000
vt -2.075000 1.905000 0.000000
vt -1.590911 1.393942 0.000000
vt -2.106058 1.909089 0.000000
vt -1.578923 1.365000 0.000000
vt -1.559853 1.340147 0.000000
vt -2.135000 1.921077 0.000000
vt -2.159853 1.940147 0.000000
vt -2.178923 1.965000 0.000000
vt -2.190911 1.993942 0.000000
vt -2.159853 2.109853 0.000000
vt -2.135000 2.128923 0.000000
vt -2.106058 2.140911 0.000000
vt -1.590911 2.656058 0.000000
vt -2.075000 2.145000 0.000000
vt -1.595000 2.625000 0.000000
vt -2.043942 2.140911 0.000000
vt -2.015000 2.128923 0.000000
vt -1.590911 2.593942 0.000000
vt -1.990147 2.109853 0.000000
vt -1.578923 2.565000 0.000000
vt -1.971077 2.085000 0.000000
vt -1.559853 2.540147 0.000000
vt -1.959089 2.056058 0.000000
vt -1.535000 2.521077 0.000000
vt -1.443942 1.309089 0.000000
vt -1.359089 2.593942 0.000000
vt -0.935000 2.128923 0.000000
vt -1.355000 2.625000 0.000000
vt -0.906058 2.140911 0.000000
vt -0.875000 2.145000 0.000000
vt -0.959853 2.109853 0.000000
vt -1.371077 2.565000 0.000000
vt -0.978923 2.085000 0.000000
vt -1.390147 2.540147 0.000000
vt -0.990911 2.056058 0.000000
vt -1.415000 2.521077 0.000000
vt -1.578923 2.685000 0.000000
vt -1.559853 2.709853 0.000000
vt -1.535000 2.728923 0.000000
vt -1.506058 2.740911 0.000000
vt -1.390147 2.709853 0.000000
vt -1.371077 2.685000 0.000000
vt -1.359089 2.656058 0.000000
vt -0.843942 2.140911 0.000000
vt -0.815000 2.128923 0.000000
vt -0.790147 2.109853 0.000000
vt -0.790147 1.940147 0.000000
vt -0.815000 1.921077 0.000000
vt -0.771077 2.085000 0.000000
vt -0.759089 2.056058 0.000000
vt 0.000000 -1.000000 0.000000
vt 0.006815 -0.948236 0.000000
vt -0.000000 0.000000 0.000000
vt 0.026795 -0.900000 0.000000
vt 0.099089 -0.256058 0.000000
vt 0.111077 -0.285000 0.000000
vt 0.058579 -0.858579 0.000000
vt 0.130147 -0.309853 0.000000
vt 0.100000 -0.826795 0.000000
vt 0.155000 -0.328923 0.000000
vt 0.148236 -0.806815 0.000000
vt 0.183942 -0.340911 0.000000
vt 0.200000 -0.800000 0.000000
vt 0.215000 -0.345000 0.000000
vt 0.246058 -0.340911 0.000000
vt 1.783942 -0.340911 0.000000
vt 0.275000 -0.328923 0.000000
vt 1.755000 -0.328923 0.000000
vt 0.299853 -0.309853 0.000000
vt 1.730147 -0.309853 0.000000
vt 0.318923 -0.285000 0.000000
vt 1.711077 -0.285000 0.000000
vt 0.330911 -0.256058 0.000000
vt 1.699089 -0.256058 0.000000
vt 0.335000 -0.225000 0.000000
vt 1.695000 -0.225000 0.000000
vt 0.330911 -0.193942 0.000000
vt 1.699089 -0.193942 0.000000
vt 0.318923 -0.165000 0.000000
vt 1.711077 -0.165000 0.000000
vt 0.299853 -0.140147 0.000000
vt 1.730147 -0.140147 0.000000
vt 0.275000 -0.121077 0.000000
vt 1.755000 -0.121077 0.000000
vt 0.246058 -0.109089 0.000000
vt 1.783942 -0.109089 0.000000
vt 2.228720 -0.000000 0.000000
vt 1.815000 -0.105000 0.000000
vt 1.846058 -0.109089 0.000000
vt 1.815000 -0.345000 0.000000
vt 2.900000 -0.800000 0.000000
vt 1.846058 -0.340911 0.000000
vt 1.875000 -0.328923 0.000000
vt 1.899853 -0.309853 0.000000
vt 1.918923 -0.285000 0.000000
vt 1.930911 -0.256058 0.000000
vt 1.935000 -0.225000 0.000000
vt 1.930911 -0.193942 0.000000
vt 1.918923 -0.165000 0.000000
vt 1.899853 -0.140147 0.000000
vt 1.875000 -0.121077 0.000000
vt 0.095000 -0.225000 0.000000
vt 0.099089 -0.193942 0.000000
vt 0.111077 -0.165000 0.000000
vt 0.130147 -0.140147 0.000000
vt 0.155000 -0.121077 0.000000
vt 0.183942 -0.109089 0.000000
vt 0.215000 -0.105000 0.000000
vt 0.000000 0.000000 0.000000
vt -3.200000 0.000000 0.000000
vt -0.000000 -2.950000 0.000000
vt -3.200000 -2.950000 0.000000
vt -1.450000 -0.150000 0.000000
vt 1.250000 -0.150000 0.000000
vt -1.450000 0.150000 0.000000
vt 1.250000 0.150000 0.000000
vt -0.150000 -1.250000 0.000000
vt 0.150000 -1.250000 0.000000
vt -0.150000 1.450000 0.000000
vt 0.150000 1.450000 0.000000
vt -2.900000 -0.800000 0.000000
vt -1.930911 -0.256058 0.000000
vt -2.228720 -0.000000 0.000000
vt -1.935000 -0.225000 0.000000
vt -1.930911 -0.193942 0.000000
vt -0.200000 -0.800000 0.000000
vt -1.815000 -0.345000 0.000000
vt -1.846058 -0.340911 0.000000
vt -1.875000 -0.328923 0.000000
vt -0.148236 -0.806815 0.000000
vt -0.183942 -0.340911 0.000000
vt -0.215000 -0.345000 0.000000
vt -0.246058 -0.340911 0.000000
vt -0.155000 -0.328923 0.000000
vt -0.100000 -0.826795 0.000000
vt -0.130147 -0.309853 0.000000
vt -0.058579 -0.858579 0.000000
vt -0.111077 -0.285000 0.000000
vt -0.026795 -0.900000 0.000000
vt -0.099089 -0.256058 0.000000
vt 0.000000 0.000000 0.000000
vt -0.095000 -0.225000 0.000000
vt -0.099089 -0.193942 0.000000
vt -0.111077 -0.165000 0.000000
vt -0.130147 -0.140147 0.000000
vt -0.155000 -0.121077 0.000000
vt -0.183942 -0.109089 0.000000
vt -0.215000 -0.105000 0.000000
vt -0.246058 -0.109089 0.000000
vt -1.783942 -0.109089 0.000000
vt -0.275000 -0.121077 0.000000
vt -1.755000 -0.121077 0.000000
vt -0.299853 -0.140147 0.000000
vt -1.730147 -0.140147 0.000000
vt -0.318923 -0.165000 0.000000
vt -1.711077 -0.165000 0.000000
vt -0.330911 -0.193942 0.000000
vt -1.699089 -0.193942 0.000000
vt -0.335000 -0.225000 0.000000
vt -1.695000 -0.225000 0.000000
vt -0.330911 -0.256058 0.000000
vt -1.699089 -0.256058 0.000000
vt -0.318923 -0.285000 0.000000
vt -1.711077 -0.285000 0.000000
vt -0.299853 -0.309853 0.000000
vt -1.730147 -0.309853 0.000000
vt -0.275000 -0.328923 0.000000
vt -1.755000 -0.328923 0.000000
vt -1.783942 -0.340911 0.000000
vt -0.006815 -0.948236 0.000000
vt -0.000000 -1.000000 0.000000
vt -1.815000 -0.105000 0.000000
vt -1.846058 -0.109089 0.000000
vt -1.875000 -0.121077 0.000000
vt -1.899853 -0.140147 0.000000
vt -1.918923 -0.165000 0.000000
vt -1.899853 -0.309853 0.000000
vt -1.918923 -0.285000 0.000000
vt 2.228720 2.650000 0.000000
vt 0.000000 2.650000 0.000000
vt 2.228720 0.300000 0.000000
vt 0.000000 0.300000 0.000000
vt -0.300000 1.435948 0.000000
vt -2.650000 1.435948 0.000000
vt -0.300000 0.391622 0.000000
vt -2.650000 0.391622 0.000000
vt 0.499855 1.421261 0.000000
vt 0.489443 1.521938 0.000000
vt 0.489347 1.320962 0.000000
vt 0.461670 1.613188 0.000000
vt 0.462447 1.231525 0.000000
vt 0.415157 1.696385 0.000000
vt 0.419447 1.152687 0.000000
vt 0.349558 1.770748 0.000000
vt 0.361216 1.083695 0.000000
vt 0.288954 1.023519 0.000000
vt 0.275712 1.828925 0.000000
vt 0.203864 0.971128 0.000000
vt 0.185716 1.881311 0.000000
vt -0.000000 0.885581 0.000000
vt -0.000000 1.956941 0.000000
vt -0.454167 2.689612 0.000000
vt -0.358454 0.000000 0.000000
vt -0.294506 2.950000 0.000000
vt -0.179227 0.000000 0.000000
vt -0.147253 2.950000 0.000000
vt 0.000000 0.000000 0.000000
vt 0.000000 2.950000 0.000000
vt -0.551801 2.555310 0.000000
vt -0.503636 0.224761 0.000000
vt -0.424570 0.107967 0.000000
vt -0.599597 0.344044 0.000000
vt -0.666037 2.429731 0.000000
vt -0.717802 0.459478 0.000000
vt -0.794752 2.323621 0.000000
vt -0.859854 0.561325 0.000000
vt -0.936637 2.238699 0.000000
vt -1.013747 0.639991 0.000000
vt -1.088250 2.172633 0.000000
vt -1.178927 0.701435 0.000000
vt -1.249446 2.119539 0.000000
vt -1.355494 0.752382 0.000000
vt -1.622985 2.024817 0.000000
vt -1.545560 0.799664 0.000000
vt -1.753894 0.849313 0.000000
vt -1.854985 1.968592 0.000000
vt -1.980895 0.906449 0.000000
vt -2.115488 1.899069 0.000000
vt -2.226094 0.976165 0.000000
vt -2.399081 1.810298 0.000000
vt -2.487657 1.063507 0.000000
vt -2.548323 1.756499 0.000000
vt -2.698449 1.696708 0.000000
vt -2.757225 1.170881 0.000000
vt -2.986540 1.564218 0.000000
vt -3.013975 1.292233 0.000000
vt -3.248481 1.421261 0.000000
vt 4.213356 0.885581 0.000000
vt 4.213356 1.956941 0.000000
vt 4.101294 0.856903 0.000000
vt 3.981325 2.011458 0.000000
vt 3.963281 0.827485 0.000000
vt 3.668967 2.065831 0.000000
vt 3.630806 0.770650 0.000000
vt 3.359645 2.113170 0.000000
vt 3.299684 0.719896 0.000000
vt 3.046771 2.165119 0.000000
vt 2.972769 0.662519 0.000000
vt 2.726849 2.235624 0.000000
vt 2.804205 0.626171 0.000000
vt 2.625756 0.579322 0.000000
vt 2.565899 2.282123 0.000000
vt 2.440775 0.517897 0.000000
vt 2.379567 2.348906 0.000000
vt 2.249797 0.437837 0.000000
vt 2.160338 2.448734 0.000000
vt 2.052873 0.336753 0.000000
vt 1.909456 2.589153 0.000000
vt 1.863579 0.225040 0.000000
vt 1.623187 2.764841 0.000000
vt 1.676981 0.110614 0.000000
vt 1.486105 0.000000 0.000000
vt 1.458855 2.857736 0.000000
vt 1.300342 0.000000 0.000000
vt 1.271295 2.950000 0.000000
vt 1.114579 0.000000 0.000000
vt 0.953472 2.950000 0.000000
vt 0.743052 0.000000 0.000000
vt 0.635648 2.950000 0.000000
vt 0.371526 0.000000 0.000000
vt 0.317824 2.950000 0.000000
vt 0.185763 0.000000 0.000000
vt 0.158912 2.950000 0.000000
vt 0.000000 0.300000 0.000000
vt 0.000000 2.650000 0.000000
vt 0.000000 2.950000 0.000000
vt 0.000000 0.000000 0.000000
vt 5.103279 1.151658 0.000000
vt 4.962560 1.151658 0.000000
vt 5.103279 0.936693 0.000000
vt 4.919154 0.796399 0.000000
vt 4.821818 1.151658 0.000000
vt 4.715419 0.659001 0.000000
vt 4.681119 1.151658 0.000000
vt 4.540271 1.151658 0.000000
vt 4.496142 0.531914 0.000000
vt 4.399377 1.151658 0.000000
vt 4.274218 0.424068 0.000000
vt 4.258639 1.151658 0.000000
vt 4.053483 0.335575 0.000000
vt 3.977434 1.151658 0.000000
vt 3.833320 0.263617 0.000000
vt 3.864241 1.148638 0.000000
vt 3.738727 1.136456 0.000000
vt 3.612674 0.205650 0.000000
vt 3.477162 1.073030 0.000000
vt 3.390398 0.159126 0.000000
vt 3.241814 0.974258 0.000000
vt 3.159836 0.121105 0.000000
vt 3.001685 0.861532 0.000000
vt 2.915638 0.090105 0.000000
vt 2.865741 0.805191 0.000000
vt 2.708140 0.751241 0.000000
vt 2.654177 0.065238 0.000000
vt 2.526757 0.704575 0.000000
vt 2.372850 0.045687 0.000000
vt 2.318610 0.670129 0.000000
vt 2.099346 0.031626 0.000000
vt 2.083805 0.652817 0.000000
vt 1.843631 0.022156 0.000000
vt 1.845850 0.655277 0.000000
vt 1.612094 0.676784 0.000000
vt 1.386606 0.716380 0.000000
vt 1.386606 0.011544 0.000000
vt 1.605755 0.015916 0.000000
vt -4.253441 1.151658 0.000000
vt -4.198911 0.382715 0.000000
vt -3.998807 1.151658 0.000000
vt -3.954630 0.294616 0.000000
vt -3.774585 1.138568 0.000000
vt -3.716868 0.226396 0.000000
vt -3.524059 1.082473 0.000000
vt -3.272650 0.135703 0.000000
vt -3.301835 0.993866 0.000000
vt -3.074698 0.887400 0.000000
vt -3.046033 0.103583 0.000000
vt -2.814394 0.780695 0.000000
vt -2.804392 0.077192 0.000000
vt -2.665755 0.734423 0.000000
vt -2.544393 0.055891 0.000000
vt -2.475431 0.691471 0.000000
vt -2.270203 0.039436 0.000000
vt -2.225895 0.659665 0.000000
vt -1.986499 0.027170 0.000000
vt -1.914469 0.653165 0.000000
vt -1.706576 0.018339 0.000000
vt -1.554532 0.686146 0.000000
vt -1.164490 0.007805 0.000000
vt -1.363025 0.723298 0.000000
vt -1.164490 0.777822 0.000000
vt -4.445993 0.493758 0.000000
vt -4.398969 1.151658 0.000000
vt -4.539071 1.151658 0.000000
vt -4.570589 0.559052 0.000000
vt -4.693913 1.151658 0.000000
vt -4.693285 0.629838 0.000000
vt -4.844122 1.151658 0.000000
vt -4.923846 0.780922 0.000000
vt -4.988710 1.151658 0.000000
vt -5.130701 0.936693 0.000000
vt -5.130701 1.151658 0.000000
vt -2.450000 0.000000 0.000000
vt -1.725000 -0.625000 0.000000
vt -0.700000 -0.000000 0.000000
vt -1.660295 -0.633519 0.000000
vt -1.600000 -0.658494 0.000000
vt -1.789705 -0.633519 0.000000
vt -2.450000 -0.300000 0.000000
vt -1.850000 -0.658494 0.000000
vt -1.901777 -0.698223 0.000000
vt -1.941506 -0.750000 0.000000
vt -1.966481 -0.810295 0.000000
vt -2.389705 -1.233519 0.000000
vt -1.975000 -0.875000 0.000000
vt -2.325000 -1.225000 0.000000
vt -1.966481 -0.939705 0.000000
vt -2.260295 -1.233519 0.000000
vt -1.941506 -1.000000 0.000000
vt -2.200000 -1.258494 0.000000
vt -1.901777 -1.051777 0.000000
vt -2.148223 -1.298223 0.000000
vt -1.850000 -1.091506 0.000000
vt -2.108494 -1.350000 0.000000
vt -1.789705 -1.116481 0.000000
vt -2.083519 -1.410295 0.000000
vt -1.725000 -1.125000 0.000000
vt -2.075000 -1.475000 0.000000
vt -1.375000 -1.475000 0.000000
vt -1.725000 -1.825000 0.000000
vt -1.366481 -1.539705 0.000000
vt -1.660295 -1.833519 0.000000
vt -1.341506 -1.600000 0.000000
vt -1.600000 -1.858494 0.000000
vt -1.301777 -1.651777 0.000000
vt -1.548223 -1.898223 0.000000
vt -1.250000 -1.691506 0.000000
vt -1.508494 -1.950000 0.000000
vt -1.189705 -1.716481 0.000000
vt -1.483519 -2.010295 0.000000
vt -1.125000 -1.725000 0.000000
vt -1.475000 -2.075000 0.000000
vt -1.060295 -1.716481 0.000000
vt -0.700000 -2.550000 0.000000
vt -1.000000 -1.691506 0.000000
vt -0.948223 -1.651777 0.000000
vt -0.259278 -2.550000 0.000000
vt -0.908494 -1.600000 0.000000
vt -0.190722 -2.550000 0.000000
vt 0.025000 -2.550000 0.000000
vt -2.450000 -1.258494 0.000000
vt -3.450000 -0.300000 0.000000
vt -2.501777 -1.298223 0.000000
vt -2.541506 -1.350000 0.000000
vt -2.566481 -1.410295 0.000000
vt -2.575000 -1.475000 0.000000
vt -3.450000 -2.650000 0.000000
vt -2.566481 -1.539705 0.000000
vt -2.541506 -1.600000 0.000000
vt -2.501777 -1.651777 0.000000
vt -2.450000 -1.691506 0.000000
vt -2.450000 -2.650000 0.000000
vt -2.389705 -1.716481 0.000000
vt -1.966481 -2.139705 0.000000
vt -1.975000 -2.075000 0.000000
vt -2.450000 -2.950000 0.000000
vt -1.789705 -2.316481 0.000000
vt -1.850000 -2.291506 0.000000
vt -1.901777 -2.251777 0.000000
vt -1.725000 -2.325000 0.000000
vt -0.700000 -2.950000 0.000000
vt -1.660295 -2.316481 0.000000
vt -1.600000 -2.291506 0.000000
vt -1.548223 -2.251777 0.000000
vt -1.508494 -2.200000 0.000000
vt -1.483519 -2.139705 0.000000
vt 0.025000 -0.400000 0.000000
vt -0.875000 -1.475000 0.000000
vt -0.883519 -1.539705 0.000000
vt -0.190722 -0.400000 0.000000
vt -0.908494 -1.350000 0.000000
vt -0.883519 -1.410295 0.000000
vt -0.259278 -0.400000 0.000000
vt -0.948223 -1.298223 0.000000
vt -0.700000 -0.400000 0.000000
vt -1.000000 -1.258494 0.000000
vt -1.060295 -1.233519 0.000000
vt -1.475000 -0.875000 0.000000
vt -1.125000 -1.225000 0.000000
vt -1.483519 -0.939705 0.000000
vt -1.189705 -1.233519 0.000000
vt -1.508494 -1.000000 0.000000
vt -1.250000 -1.258494 0.000000
vt -1.548223 -1.051777 0.000000
vt -1.301777 -1.298223 0.000000
vt -1.600000 -1.091506 0.000000
vt -1.341506 -1.350000 0.000000
vt -1.660295 -1.116481 0.000000
vt -1.366481 -1.410295 0.000000
vt -1.548223 -0.698223 0.000000
vt -1.508494 -0.750000 0.000000
vt -1.941506 -2.200000 0.000000
vt -2.325000 -1.725000 0.000000
vt -1.966481 -2.010295 0.000000
vt -2.260295 -1.716481 0.000000
vt -1.941506 -1.950000 0.000000
vt -2.200000 -1.691506 0.000000
vt -1.901777 -1.898223 0.000000
vt -2.148223 -1.651777 0.000000
vt -1.850000 -1.858494 0.000000
vt -2.108494 -1.600000 0.000000
vt -1.789705 -1.833519 0.000000
vt -2.083519 -1.539705 0.000000
vt -1.483519 -0.810295 0.000000
vt 1.750000 -1.300000 0.000000
vt 1.025000 -1.300000 0.000000
vt 1.750000 -1.600000 0.000000
vt -0.725000 -1.300000 0.000000
vt -2.025000 -1.600000 0.000000
vt -0.776764 -1.293185 0.000000
vt -1.435295 -1.326481 0.000000
vt -1.375000 -1.301506 0.000000
vt -0.825000 -1.273205 0.000000
vt -1.323223 -1.261777 0.000000
vt -0.866421 -1.241421 0.000000
vt -1.283494 -1.210000 0.000000
vt -0.898205 -1.200000 0.000000
vt -1.258519 -1.149705 0.000000
vt -0.918185 -1.151764 0.000000
vt -0.925000 -1.100000 0.000000
vt -0.925000 1.600000 0.000000
vt -1.250000 0.515000 0.000000
vt -1.258519 0.450295 0.000000
vt -1.283494 0.390000 0.000000
vt -0.932290 1.723206 0.000000
vt -2.025000 1.600000 0.000000
vt -1.500000 0.765000 0.000000
vt -1.435295 0.756481 0.000000
vt -0.953610 1.832762 0.000000
vt -1.031453 2.021142 0.000000
vt -1.138130 2.194290 0.000000
vt -2.023043 2.009009 0.000000
vt -1.247178 2.385712 0.000000
vt -2.017195 2.385712 0.000000
vt -1.750000 0.515000 0.000000
vt -1.741481 0.579705 0.000000
vt -1.716506 0.640000 0.000000
vt -1.564705 -0.843519 0.000000
vt -1.500000 -0.835000 0.000000
vt -1.500000 0.265000 0.000000
vt -1.435295 -0.843519 0.000000
vt -1.435295 0.273519 0.000000
vt -1.375000 -0.868494 0.000000
vt -1.375000 0.298494 0.000000
vt -1.323223 0.338223 0.000000
vt -1.323223 -0.908223 0.000000
vt -1.283494 -0.960000 0.000000
vt -1.258519 -1.020295 0.000000
vt -1.250000 -1.085000 0.000000
vt -1.500000 -1.335000 0.000000
vt -1.564705 -1.326481 0.000000
vt -1.625000 -1.301506 0.000000
vt -1.676777 -1.261777 0.000000
vt -1.716506 -1.210000 0.000000
vt -1.741481 -1.149705 0.000000
vt -1.750000 -1.085000 0.000000
vt -1.741481 -1.020295 0.000000
vt -1.741481 0.450295 0.000000
vt -1.716506 -0.960000 0.000000
vt -1.716506 0.390000 0.000000
vt -1.676777 0.338223 0.000000
vt -1.676777 -0.908223 0.000000
vt -1.625000 0.298494 0.000000
vt -1.625000 -0.868494 0.000000
vt -1.564705 0.273519 0.000000
vt -1.375000 0.731506 0.000000
vt -1.323223 0.691777 0.000000
vt -1.283494 0.640000 0.000000
vt -1.258519 0.579705 0.000000
vt -1.676777 0.691777 0.000000
vt -1.625000 0.731506 0.000000
vt -1.564705 0.756481 0.000000
vt 0.241481 -0.055295 0.000000
vt 0.115911 -0.088942 0.000000
vt 0.250000 -0.120000 0.000000
vt 0.120000 -0.120000 0.000000
vt 0.241481 -0.184705 0.000000
vt 0.115911 -0.151058 0.000000
vt 0.103923 -0.180000 0.000000
vt 0.103923 -0.060000 0.000000
vt 0.216506 0.005000 0.000000
vt 0.084853 -0.035147 0.000000
vt 0.176777 0.056777 0.000000
vt 0.060000 -0.016077 0.000000
vt 0.125000 0.096506 0.000000
vt 0.031058 -0.004089 0.000000
vt 0.064705 0.121481 0.000000
vt -0.000000 0.000000 0.000000
vt -0.000000 0.130000 0.000000
vt -0.064705 0.121481 0.000000
vt -0.031058 -0.004089 0.000000
vt -0.125000 0.096506 0.000000
vt -0.060000 -0.016077 0.000000
vt -0.176777 0.056777 0.000000
vt -0.084853 -0.035147 0.000000
vt -0.216506 0.005000 0.000000
vt -0.103923 -0.060000 0.000000
vt -0.241481 -0.055295 0.000000
vt -0.115911 -0.088942 0.000000
vt -0.250000 -0.120000 0.000000
vt -0.120000 -0.120000 0.000000
vt -0.115911 -0.151058 0.000000
vt -0.241481 -0.184705 0.000000
vt -0.103923 -0.180000 0.000000
vt -0.216506 -0.245000 0.000000
vt -0.084853 -0.204853 0.000000
vt -0.176777 -0.296777 0.000000
vt -0.060000 -0.223923 0.000000
vt -0.125000 -0.336506 0.000000
vt -0.031058 -0.235911 0.000000
vt -0.064705 -0.361481 0.000000
vt -0.000000 -0.240000 0.000000
vt -0.000000 -0.370000 0.000000
vt 0.064705 -0.361481 0.000000
vt 0.031058 -0.235911 0.000000
vt 0.125000 -0.336506 0.000000
vt 0.060000 -0.223923 0.000000
vt 0.176777 -0.296777 0.000000
vt 0.084853 -0.204853 0.000000
vt 0.216506 -0.245000 0.000000
vt 0.241481 -0.055295 0.000000
vt 0.115911 -0.088942 0.000000
vt 0.250000 -0.120000 0.000000
vt 0.120000 -0.120000 0.000000
vt 0.241481 -0.184705 0.000000
vt 0.115911 -0.151058 0.000000
vt 0.103923 -0.180000 0.000000
vt 0.103923 -0.060000 0.000000
vt 0.216506 0.005000 0.000000
vt 0.084853 -0.035147 0.000000
vt 0.176777 0.056777 0.000000
vt 0.060000 -0.016077 0.000000
vt 0.125000 0.096506 0.000000
vt 0.031058 -0.004089 0.000000
vt 0.064705 0.121481 0.000000
vt -0.000000 0.000000 0.000000
vt -0.000000 0.130000 0.000000
vt -0.064705 0.121481 0.000000
vt -0.031058 -0.004089 0.000000
vt -0.125000 0.096506 0.000000
vt -0.060000 -0.016077 0.000000
vt -0.176777 0.056777 0.000000
vt -0.084853 -0.035147 0.000000
vt -0.216506 0.005000 0.000000
vt -0.103923 -0.060000 0.000000
vt -0.241481 -0.055295 0.000000
vt -0.115911 -0.088942 0.000000
vt -0.250000 -0.120000 0.000000
vt -0.120000 -0.120000 0.000000
vt -0.115911 -0.151058 0.000000
vt -0.241481 -0.184705 0.000000
vt -0.103923 -0.180000 0.000000
vt -0.216506 -0.245000 0.000000
vt -0.084853 -0.204853 0.000000
vt -0.176777 -0.296777 0.000000
vt -0.060000 -0.223923 0.000000
vt -0.125000 -0.336506 0.000000
vt -0.031058 -0.235911 0.000000
vt -0.064705 -0.361481 0.000000
vt -0.000000 -0.240000 0.000000
vt -0.000000 -0.370000 0.000000
vt 0.064705 -0.361481 0.000000
vt 0.031058 -0.235911 0.000000
vt 0.125000 -0.336506 0.000000
vt 0.060000 -0.223923 0.000000
vt 0.176777 -0.296777 0.000000
vt 0.084853 -0.204853 0.000000
vt 0.216506 -0.245000 0.000000
vt 0.241481 -0.055295 0.000000
vt 0.115911 -0.088942 0.000000
vt 0.250000 -0.120000 0.000000
vt 0.120000 -0.120000 0.000000
vt 0.241481 -0.184705 0.000000
vt 0.115911 -0.151058 0.000000
vt 0.103923 -0.180000 0.000000
vt 0.103923 -0.060000 0.000000
vt 0.216506 0.005000 0.000000
vt 0.084853 -0.035147 0.000000
vt 0.176777 0.056777 0.000000
vt 0.060000 -0.016077 0.000000
vt 0.125000 0.096506 0.000000
vt 0.031058 -0.004089 0.000000
vt 0.064705 0.121481 0.000000
vt -0.000000 0.000000 0.000000
vt -0.000000 0.130000 0.000000
vt -0.064705 0.121481 0.000000
vt -0.031058 -0.004089 0.000000
vt -0.125000 0.096506 0.000000
vt -0.060000 -0.016077 0.000000
vt -0.176777 0.056777 0.000000
vt -0.084853 -0.035147 0.000000
vt -0.216506 0.005000 0.000000
vt -0.103923 -0.060000 0.000000
vt -0.241481 -0.055295 0.000000
vt -0.115911 -0.088942 0.000000
vt -0.250000 -0.120000 0.000000
vt -0.120000 -0.120000 0.000000
vt -0.115911 -0.151058 0.000000
vt -0.241481 -0.184705 0.000000
vt -0.103923 -0.180000 0.000000
vt -0.216506 -0.245000 0.000000
vt -0.084853 -0.204853 0.000000
vt -0.176777 -0.296777 0.000000
vt -0.060000 -0.223923 0.000000
vt -0.125000 -0.336506 0.000000
vt -0.031058 -0.235911 0.000000
vt -0.064705 -0.361481 0.000000
vt -0.000000 -0.240000 0.000000
vt -0.000000 -0.370000 0.000000
vt 0.064705 -0.361481 0.000000
vt 0.031058 -0.235911 0.000000
vt 0.125000 -0.336506 0.000000
vt 0.060000 -0.223923 0.000000
vt 0.176777 -0.296777 0.000000
vt 0.084853 -0.204853 0.000000
vt 0.216506 -0.245000 0.000000
vt 0.241481 -0.055295 0.000000
vt 0.115911 -0.088942 0.000000
vt 0.250000 -0.120000 0.000000
vt 0.120000 -0.120000 0.000000
vt 0.241481 -0.184705 0.000000
vt 0.115911 -0.151058 0.000000
vt 0.103923 -0.180000 0.000000
vt 0.103923 -0.060000 0.000000
vt 0.216506 0.005000 0.000000
vt 0.084853 -0.035147 0.000000
vt 0.176777 0.056777 0.000000
vt 0.060000 -0.016077 0.000000
vt 0.125000 0.096506 0.000000
vt 0.031058 -0.004089 0.000000
vt 0.064705 0.121481 0.000000
vt -0.000000 0.000000 0.000000
vt -0.000000 0.130000 0.000000
vt -0.064705 0.121481 0.000000
vt -0.031058 -0.004089 0.000000
vt -0.125000 0.096506 0.000000
vt -0.060000 -0.016077 0.000000
vt -0.176777 0.056777 0.000000
vt -0.084853 -0.035147 0.000000
vt -0.216506 0.005000 0.000000
vt -0.103923 -0.060000 0.000000
vt -0.241481 -0.055295 0.000000
vt -0.115911 -0.088942 0.000000
vt -0.250000 -0.120000 0.000000
vt -0.120000 -0.120000 0.000000
vt -0.115911 -0.151058 0.000000
vt -0.241481 -0.184705 0.000000
vt -0.103923 -0.180000 0.000000
vt -0.216506 -0.245000 0.000000
vt -0.084853 -0.204853 0.000000
vt -0.176777 -0.296777 0.000000
vt -0.060000 -0.223923 0.000000
vt -0.125000 -0.336506 0.000000
vt -0.031058 -0.235911 0.000000
vt -0.064705 -0.361481 0.000000
vt -0.000000 -0.240000 0.000000
vt -0.000000 -0.370000 0.000000
vt 0.064705 -0.361481 0.000000
vt 0.031058 -0.235911 0.000000
vt 0.125000 -0.336506 0.000000
vt 0.060000 -0.223923 0.000000
vt 0.176777 -0.296777 0.000000
vt 0.084853 -0.204853 0.000000
vt 0.216506 -0.245000 0.000000
vt 0.241481 -0.055295 0.000000
vt 0.115911 -0.088942 0.000000
vt 0.250000 -0.120000 0.000000
vt 0.120000 -0.120000 0.000000
vt 0.241481 -0.184705 0.000000
vt 0.115911 -0.151058 0.000000
vt 0.103923 -0.180000 0.000000
vt 0.103923 -0.060000 0.000000
vt 0.216506 0.005000 0.000000
vt 0.084853 -0.035147 0.000000
vt 0.176777 0.056777 0.000000
vt 0.060000 -0.016077 0.000000
vt 0.125000 0.096506 0.000000
vt 0.031058 -0.004089 0.000000
vt 0.064705 0.121481 0.000000
vt -0.000000 -0.000000 0.000000
vt -0.000000 0.130000 0.000000
vt -0.064705 0.121481 0.000000
vt -0.031058 -0.004089 0.000000
vt -0.125000 0.096506 0.000000
vt -0.060000 -0.016077 0.000000
vt -0.176777 0.056777 0.000000
vt -0.084853 -0.035147 0.000000
vt -0.216506 0.005000 0.000000
vt -0.103923 -0.060000 0.000000
vt -0.241481 -0.055295 0.000000
vt -0.115911 -0.088942 0.000000
vt -0.250000 -0.120000 0.000000
vt -0.120000 -0.120000 0.000000
vt -0.115911 -0.151058 0.000000
vt -0.241481 -0.184705 0.000000
vt -0.103923 -0.180000 0.000000
vt -0.216506 -0.245000 0.000000
vt -0.084853 -0.204853 0.000000
vt -0.176777 -0.296777 0.000000
vt -0.060000 -0.223923 0.000000
vt -0.125000 -0.336506 0.000000
vt -0.031058 -0.235911 0.000000
vt -0.064705 -0.361481 0.000000
vt -0.000000 -0.240000 0.000000
vt 0.000000 -0.370000 0.000000
vt 0.064705 -0.361481 0.000000
vt 0.031058 -0.235911 0.000000
vt 0.125000 -0.336506 0.000000
vt 0.060000 -0.223923 0.000000
vt 0.176777 -0.296777 0.000000
vt 0.084853 -0.204853 0.000000
vt 0.216506 -0.245000 0.000000
vt 0.241481 -0.055295 0.000000
vt 0.115911 -0.088942 0.000000
vt 0.250000 -0.120000 0.000000
vt 0.120000 -0.120000 0.000000
vt 0.241481 -0.184705 0.000000
vt 0.115911 -0.151058 0.000000
vt 0.103923 -0.180000 0.000000
vt 0.103923 -0.060000 0.000000
vt 0.216506 0.005000 0.000000
vt 0.084853 -0.035147 0.000000
vt 0.176777 0.056777 0.000000
vt 0.060000 -0.016077 0.000000
vt 0.125000 0.096506 0.000000
vt 0.031058 -0.004089 0.000000
vt 0.064705 0.121481 0.000000
vt -0.000000 -0.000000 0.000000
vt -0.000000 0.130000 0.000000
vt -0.064705 0.121481 0.000000
vt -0.031058 -0.004089 0.000000
vt -0.125000 0.096506 0.000000
vt -0.060000 -0.016077 0.000000
vt -0.176777 0.056777 0.000000
vt -0.084853 -0.035147 0.000000
vt -0.216506 0.005000 0.000000
vt -0.103923 -0.060000 0.000000
vt -0.241481 -0.055295 0.000000
vt -0.115911 -0.088942 0.000000
vt -0.250000 -0.120000 0.000000
vt -0.120000 -0.120000 0.000000
vt -0.115911 -0.151058 0.000000
vt -0.241481 -0.184705 0.000000
vt -0.103923 -0.180000 0.000000
vt -0.216506 -0.245000 0.000000
vt -0.084853 -0.204853 0.000000
vt -0.176777 -0.296777 0.000000
vt -0.060000 -0.223923 0.000000
vt -0.125000 -0.336506 0.000000
vt -0.031058 -0.235911 0.000000
vt -0.064705 -0.361481 0.000000
vt -0.000000 -0.240000 0.000000
vt -0.000000 -0.370000 0.000000
vt 0.064705 -0.361481 0.000000
vt 0.031058 -0.235911 0.000000
vt 0.125000 -0.336506 0.000000
vt 0.060000 -0.223923 0.000000
vt 0.176777 -0.296777 0.000000
vt 0.084853 -0.204853 0.000000
vt 0.216506 -0.245000 0.000000
vt -0.107468 -0.628319 0.000000
vt -0.113454 -0.648381 0.000000
vt 0.025000 -0.628319 0.000000
vt 0.025000 -0.678963 0.000000
vt -0.122818 -0.667216 0.000000
vt -0.134882 -0.684051 0.000000
vt -0.149096 -0.698458 0.000000
vt 0.025000 -0.729607 0.000000
vt -0.165896 -0.710845 0.000000
vt -0.184716 -0.720347 0.000000
vt -0.204765 -0.726212 0.000000
vt -0.225000 -0.728208 0.000000
vt -0.544807 -0.753240 0.000000
vt -0.245235 -0.726212 0.000000
vt -0.523163 -0.715171 0.000000
vt -0.265284 -0.720347 0.000000
vt -0.284104 -0.710845 0.000000
vt -0.300904 -0.698458 0.000000
vt -0.514260 -0.694372 0.000000
vt -0.315118 -0.684051 0.000000
vt -0.507230 -0.672756 0.000000
vt -0.327182 -0.667216 0.000000
vt -0.502528 -0.650625 0.000000
vt -0.336546 -0.648381 0.000000
vt -0.500212 -0.628319 0.000000
vt -0.342532 -0.628319 0.000000
vt 0.025000 -0.780251 0.000000
vt -0.570637 -0.788154 0.000000
vt 0.025000 -0.830895 0.000000
vt -0.599538 -0.820133 0.000000
vt -0.630197 -0.848293 0.000000
vt 0.025000 -0.881539 0.000000
vt -0.662503 -0.870665 0.000000
vt -0.680081 -0.878320 0.000000
vt -0.689643 -0.880668 0.000000
vt -0.700000 -0.881539 0.000000
vt 0.241481 -0.055295 0.000000
vt 0.115911 -0.088942 0.000000
vt 0.250000 -0.120000 0.000000
vt 0.120000 -0.120000 0.000000
vt 0.241481 -0.184705 0.000000
vt 0.115911 -0.151058 0.000000
vt 0.103923 -0.180000 0.000000
vt 0.103923 -0.060000 0.000000
vt 0.216506 0.005000 0.000000
vt 0.084853 -0.035147 0.000000
vt 0.176777 0.056777 0.000000
vt 0.060000 -0.016077 0.000000
vt 0.125000 0.096506 0.000000
vt 0.031058 -0.004089 0.000000
vt 0.064705 0.121481 0.000000
vt -0.000000 0.000000 0.000000
vt -0.000000 0.130000 0.000000
vt -0.064705 0.121481 0.000000
vt -0.031058 -0.004089 0.000000
vt -0.125000 0.096506 0.000000
vt -0.060000 -0.016077 0.000000
vt -0.176777 0.056777 0.000000
vt -0.084853 -0.035147 0.000000
vt -0.216506 0.005000 0.000000
vt -0.103923 -0.060000 0.000000
vt -0.241481 -0.055295 0.000000
vt -0.115911 -0.088942 0.000000
vt -0.250000 -0.120000 0.000000
vt -0.120000 -0.120000 0.000000
vt -0.115911 -0.151058 0.000000
vt -0.241481 -0.184705 0.000000
vt -0.103923 -0.180000 0.000000
vt -0.216506 -0.245000 0.000000
vt -0.084853 -0.204853 0.000000
vt -0.176777 -0.296777 0.000000
vt -0.060000 -0.223923 0.000000
vt -0.125000 -0.336506 0.000000
vt -0.031058 -0.235911 0.000000
vt -0.064705 -0.361481 0.000000
vt 0.000000 -0.240000 0.000000
vt 0.000000 -0.370000 0.000000
vt 0.064705 -0.361481 0.000000
vt 0.031058 -0.235911 0.000000
vt 0.125000 -0.336506 0.000000
vt 0.060000 -0.223923 0.000000
vt 0.176777 -0.296777 0.000000
vt 0.084853 -0.204853 0.000000
vt 0.216506 -0.245000 0.000000
vt 0.241481 -0.055295 0.000000
vt 0.115911 -0.088942 0.000000
vt 0.250000 -0.120000 0.000000
vt 0.120000 -0.120000 0.000000
vt 0.241481 -0.184705 0.000000
vt 0.115911 -0.151058 0.000000
vt 0.103923 -0.180000 0.000000
vt 0.103923 -0.060000 0.000000
vt 0.216506 0.005000 0.000000
vt 0.084853 -0.035147 0.000000
vt 0.176777 0.056777 0.000000
vt 0.060000 -0.016077 0.000000
vt 0.125000 0.096506 0.000000
vt 0.031058 -0.004089 0.000000
vt 0.064705 0.121481 0.000000
vt -0.000000 0.000000 0.000000
vt -0.000000 0.130000 0.000000
vt -0.064705 0.121481 0.000000
vt -0.031058 -0.004089 0.000000
vt -0.125000 0.096506 0.000000
vt -0.060000 -0.016077 0.000000
vt -0.176777 0.056777 0.000000
vt -0.084853 -0.035147 0.000000
vt -0.216506 0.005000 0.000000
vt -0.103923 -0.060000 0.000000
vt -0.241481 -0.055295 0.000000
vt -0.115911 -0.088942 0.000000
vt -0.250000 -0.120000 0.000000
vt -0.120000 -0.120000 0.000000
vt -0.115911 -0.151058 0.000000
vt -0.241481 -0.184705 0.000000
vt -0.103923 -0.180000 0.000000
vt -0.216506 -0.245000 0.000000
vt -0.084853 -0.204853 0.000000
vt -0.176777 -0.296777 0.000000
vt -0.060000 -0.223923 0.000000
vt -0.125000 -0.336506 0.000000
vt -0.031058 -0.235911 0.000000
vt -0.064705 -0.361481 0.000000
vt 0.000000 -0.240000 0.000000
vt 0.000000 -0.370000 0.000000
vt 0.064705 -0.361481 0.000000
vt 0.031058 -0.235911 0.000000
vt 0.125000 -0.336506 0.000000
vt 0.060000 -0.223923 0.000000
vt 0.176777 -0.296777 0.000000
vt 0.084853 -0.204853 0.000000
vt 0.216506 -0.245000 0.000000
vt -0.342532 0.000000 0.000000
vt -0.336546 0.020062 0.000000
vt -0.500212 0.000000 0.000000
vt -0.502528 0.022306 0.000000
vt -0.327182 0.038898 0.000000
vt -0.507230 0.044438 0.000000
vt -0.315118 0.055732 0.000000
vt -0.514260 0.066053 0.000000
vt -0.300904 0.070140 0.000000
vt -0.284104 0.082526 0.000000
vt -0.523163 0.086853 0.000000
vt -0.265284 0.092028 0.000000
vt -0.245235 0.097894 0.000000
vt -0.225000 0.099889 0.000000
vt -0.544807 0.124921 0.000000
vt 0.025000 0.101288 0.000000
vt 0.025000 0.151932 0.000000
vt -0.204765 0.097894 0.000000
vt -0.184716 0.092028 0.000000
vt -0.165896 0.082526 0.000000
vt -0.149096 0.070140 0.000000
vt 0.025000 0.050644 0.000000
vt -0.134882 0.055732 0.000000
vt -0.122818 0.038898 0.000000
vt -0.113454 0.020062 0.000000
vt 0.025000 0.000000 0.000000
vt -0.107468 0.000000 0.000000
vt 0.025000 0.202577 0.000000
vt -0.599538 0.191814 0.000000
vt -0.570637 0.159836 0.000000
vt -0.630197 0.219974 0.000000
vt 0.025000 0.253221 0.000000
vt -0.662503 0.242346 0.000000
vt -0.680081 0.250001 0.000000
vt -0.689643 0.252349 0.000000
vt -0.700000 0.253221 0.000000
vt -2.655100 -0.412334 0.000000
vt -2.815100 -0.412334 0.000000
vt -2.655100 -0.481056 0.000000
vt -2.815100 -0.481056 0.000000
vt -2.655100 -0.549779 0.000000
vt -2.815100 -0.549779 0.000000
vt -2.655100 -0.618501 0.000000
vt -2.815100 -0.618501 0.000000
vt -2.655100 -0.687223 0.000000
vt -2.815100 -0.687223 0.000000
vt -2.655100 -0.755946 0.000000
vt -2.815100 -0.755946 0.000000
vt -2.655100 -0.824668 0.000000
vt -2.815100 -0.824668 0.000000
vt -2.655100 -0.893390 0.000000
vt -2.815100 -0.893390 0.000000
vt -2.655100 -0.962113 0.000000
vt -2.815100 -0.962113 0.000000
vt -2.655100 -1.030835 0.000000
vt -2.815100 -1.030835 0.000000
vt -2.655100 -1.099557 0.000000
vt -2.815100 -1.099557 0.000000
vt -2.655100 -1.168280 0.000000
vt -2.815100 -1.168280 0.000000
vt -2.655100 -1.237002 0.000000
vt -2.815100 -1.237002 0.000000
vt 0.526795 -0.000000 0.000000
vt 0.542795 0.023831 0.000000
vt 0.259278 -0.000000 0.000000
vt 0.259278 0.026180 0.000000
vt 0.562073 0.046484 0.000000
vt 0.259278 0.052360 0.000000
vt 0.583258 0.067361 0.000000
vt 0.259278 0.078540 0.000000
vt 0.604774 0.086114 0.000000
vt 0.259278 0.104720 0.000000
vt 0.652040 0.122640 0.000000
vt 0.259278 0.130900 0.000000
vt 0.700000 0.157080 0.000000
vt 0.259278 0.157080 0.000000
vt -0.210366 0.000000 0.000000
vt -0.210366 0.028223 0.000000
vt -0.228339 0.000022 0.000000
vt -0.240553 0.019982 0.000000
vt -0.245574 -0.000000 0.000000
vt -0.245574 0.019982 0.000000
vt -0.262811 0.000022 0.000000
vt -0.280783 0.028223 0.000000
vt -0.280783 0.000000 0.000000
vt -0.240553 0.039964 0.000000
vt -0.210366 0.054524 0.000000
vt -0.240553 0.059946 0.000000
vt -0.210366 0.079928 0.000000
vt -0.240553 0.079928 0.000000
vt -0.240553 0.099909 0.000000
vt -0.245574 0.099909 0.000000
vt -0.245574 0.119891 0.000000
vt -0.280783 0.105331 0.000000
vt -0.280783 0.131632 0.000000
vt -0.245574 0.139873 0.000000
vt -0.280783 0.159855 0.000000
vt -0.210366 0.159855 0.000000
vt -0.240553 0.139873 0.000000
vt -0.210366 0.131632 0.000000
vt -0.240553 0.119891 0.000000
vt -0.210366 0.105331 0.000000
vt -0.280783 0.079928 0.000000
vt -0.245574 0.079928 0.000000
vt -0.245574 0.059946 0.000000
vt -0.280783 0.054524 0.000000
vt -0.245574 0.039964 0.000000
vt 0.190722 0.157080 0.000000
vt -0.025000 0.157080 0.000000
vt 0.190722 0.130900 0.000000
vt -0.025000 0.130900 0.000000
vt 0.190722 0.104720 0.000000
vt -0.025000 0.104720 0.000000
vt 0.190722 0.078540 0.000000
vt -0.025000 0.078540 0.000000
vt 0.190722 0.052360 0.000000
vt -0.025000 0.052360 0.000000
vt 0.190722 0.026180 0.000000
vt -0.025000 0.026180 0.000000
vt 0.190722 -0.000000 0.000000
vt -0.025000 -0.000000 0.000000
vt 0.190722 -0.314159 0.000000
vt -0.025000 -0.314159 0.000000
vt 0.190722 -0.340339 0.000000
vt -0.025000 -0.340339 0.000000
vt 0.190722 -0.366519 0.000000
vt -0.025000 -0.366519 0.000000
vt 0.190722 -0.392699 0.000000
vt -0.025000 -0.392699 0.000000
vt 0.190722 -0.418879 0.000000
vt -0.025000 -0.418879 0.000000
vt 0.190722 -0.445059 0.000000
vt -0.025000 -0.445059 0.000000
vt 0.190722 -0.471239 0.000000
vt -0.025000 -0.471239 0.000000
vt -0.210366 -0.000000 0.000000
vt -0.210366 0.028223 0.000000
vt -0.228339 0.000022 0.000000
vt -0.240553 0.019982 0.000000
vt -0.245574 -0.000000 0.000000
vt -0.245574 0.019982 0.000000
vt -0.262811 0.000022 0.000000
vt -0.280783 0.028223 0.000000
vt -0.280783 -0.000000 0.000000
vt -0.240553 0.039964 0.000000
vt -0.210366 0.054524 0.000000
vt -0.240553 0.059946 0.000000
vt -0.210366 0.079928 0.000000
vt -0.240553 0.079928 0.000000
vt -0.240553 0.099909 0.000000
vt -0.245574 0.099909 0.000000
vt -0.245574 0.119891 0.000000
vt -0.280783 0.105331 0.000000
vt -0.280783 0.131632 0.000000
vt -0.245574 0.139873 0.000000
vt -0.280783 0.159855 0.000000
vt -0.210366 0.159855 0.000000
vt -0.240553 0.139873 0.000000
vt -0.210366 0.131632 0.000000
vt -0.240553 0.119891 0.000000
vt -0.210366 0.105331 0.000000
vt -0.280783 0.079928 0.000000
vt -0.245574 0.079928 0.000000
vt -0.245574 0.059946 0.000000
vt -0.280783 0.054524 0.000000
vt -0.245574 0.039964 0.000000
vt 0.259278 0.157080 0.000000
vt 0.700000 0.157080 0.000000
vt 0.259278 0.183260 0.000000
vt 0.652162 0.191324 0.000000
vt 0.259278 0.209440 0.000000
vt 0.604824 0.227990 0.000000
vt 0.259278 0.235619 0.000000
vt 0.583324 0.246727 0.000000
vt 0.259278 0.261799 0.000000
vt 0.562301 0.267439 0.000000
vt 0.259278 0.287979 0.000000
vt 0.542882 0.290207 0.000000
vt 0.259278 0.314159 0.000000
vt 0.526795 0.314159 0.000000
vt -0.300000 -0.244346 0.000000
vt -0.121403 -0.217022 0.000000
vt -0.300000 -0.209440 0.000000
vt -0.102228 -0.177645 0.000000
vt -0.302848 -0.180900 0.000000
vt -0.310613 -0.152200 0.000000
vt -0.079425 -0.140678 0.000000
vt -0.321852 -0.124669 0.000000
vt -0.054852 -0.105254 0.000000
vt -0.334866 -0.099270 0.000000
vt -0.030739 -0.071299 0.000000
vt -0.366349 -0.048516 0.000000
vt -0.010280 -0.037720 0.000000
vt -0.003063 -0.019952 0.000000
vt -0.300000 -0.279253 0.000000
vt -0.135082 -0.260223 0.000000
vt -0.129156 -0.238278 0.000000
vt -0.300000 -0.314159 0.000000
vt -0.140000 -0.304944 0.000000
vt -0.138721 -0.282554 0.000000
vt -0.140000 -0.314159 0.000000
vt -0.140000 -0.311087 0.000000
vt -0.140000 -0.308016 0.000000
vt -0.400000 0.000000 0.000000
vt -0.000831 -0.010361 0.000000
vt -0.000000 -0.000000 0.000000
vt 2.810000 -0.320303 0.000000
vt 2.650000 -0.314159 0.000000
vt 2.810000 -0.323375 0.000000
vt 2.650000 -0.349066 0.000000
vt 2.811279 -0.345765 0.000000
vt 2.814918 -0.368096 0.000000
vt 2.650000 -0.383972 0.000000
vt 2.820844 -0.390040 0.000000
vt 2.650000 -0.418879 0.000000
vt 2.828597 -0.411297 0.000000
vt 2.847772 -0.450674 0.000000
vt 2.647126 -0.447565 0.000000
vt 2.639277 -0.476427 0.000000
vt 2.810000 -0.317231 0.000000
vt 2.810000 -0.314159 0.000000
vt 2.870575 -0.487641 0.000000
vt 2.628110 -0.503739 0.000000
vt 2.895148 -0.523065 0.000000
vt 2.615103 -0.529115 0.000000
vt 2.919261 -0.557019 0.000000
vt 2.583577 -0.580011 0.000000
vt 2.939720 -0.590599 0.000000
vt 2.946937 -0.608367 0.000000
vt 2.550000 -0.628319 0.000000
vt 2.949169 -0.617957 0.000000
vt 2.950000 -0.628319 0.000000
vt 0.150000 0.314159 0.000000
vt -0.150000 0.314159 0.000000
vt 0.150000 0.261799 0.000000
vt -0.150000 0.261799 0.000000
vt 0.150000 0.209440 0.000000
vt -0.150000 0.209440 0.000000
vt 0.150000 0.157080 0.000000
vt -0.150000 0.157080 0.000000
vt 0.150000 0.104720 0.000000
vt -0.150000 0.104720 0.000000
vt 0.150000 0.052360 0.000000
vt -0.150000 0.052360 0.000000
vt 0.150000 0.000000 0.000000
vt -0.150000 0.000000 0.000000
vt -2.950000 0.000000 0.000000
vt -2.650000 0.000000 0.000000
vt -2.950000 0.052360 0.000000
vt -2.650000 0.052360 0.000000
vt -2.950000 0.104720 0.000000
vt -2.650000 0.104720 0.000000
vt -2.950000 0.157080 0.000000
vt -2.650000 0.157080 0.000000
vt -2.950000 0.209440 0.000000
vt -2.650000 0.209440 0.000000
vt -2.950000 0.261799 0.000000
vt -2.650000 0.261799 0.000000
vt -2.950000 0.314159 0.000000
vt -2.650000 0.314159 0.000000
vn -0.998737 -0.000000 0.050239
vn -0.999884 -0.000000 0.015211
vn -0.979433 -0.000000 -0.201768
vn -0.970367 -0.000000 -0.241637
vn -0.929559 -0.000000 -0.368674
vn -0.875988 -0.000000 -0.482334
vn -0.851728 -0.000000 -0.523984
vn -0.723055 -0.000000 -0.690790
vn -0.751041 -0.000000 -0.660256
vn -0.632629 -0.000000 -0.774455
vn -0.521793 -0.000000 -0.853072
vn -0.492613 -0.000000 -0.870249
vn -0.335721 -0.000000 -0.941962
vn -0.285652 -0.000000 -0.958333
vn -0.168664 -0.000000 -0.985674
vn -0.144338 -0.000000 -0.989528
vn -0.000000 -0.000000 -1.000000
vn -0.000010 -0.000000 -1.000000
vn 0.144329 -0.000000 -0.989530
vn -0.962567 -0.000000 0.271042
vn -0.954242 -0.000000 0.299036
vn -0.860910 -0.000000 0.508756
vn -0.848789 -0.000000 0.528732
vn -0.701708 -0.000000 0.712464
vn -0.689116 -0.000000 0.724651
vn -0.495602 -0.000000 0.868549
vn -0.485422 -0.000000 0.874280
vn -0.256369 -0.000000 0.966579
vn -0.250719 -0.000000 0.968060
vn -0.000000 -0.000000 1.000000
vn -0.000000 -0.000000 1.000000
vn 0.250719 -0.000000 0.968060
vn 0.256369 -0.000000 0.966579
vn 0.485422 -0.000000 0.874280
vn 0.495602 -0.000000 0.868549
vn 0.689116 -0.000000 0.724651
vn 0.701708 -0.000000 0.712464
vn 0.848789 -0.000000 0.528732
vn 0.860910 -0.000000 0.508756
vn 0.954242 -0.000000 0.299036
vn 0.962567 -0.000000 0.271042
vn 0.998737 -0.000000 0.050239
vn 0.999884 -0.000000 0.015211
vn 0.979433 -0.000000 -0.201768
vn 0.970367 -0.000000 -0.241637
vn 0.929559 -0.000000 -0.368674
vn 0.875988 -0.000000 -0.482334
vn 0.851728 -0.000000 -0.523984
vn 0.723055 -0.000000 -0.690790
vn 0.751041 -0.000000 -0.660256
vn 0.632629 -0.000000 -0.774455
vn 0.521793 -0.000000 -0.853072
vn 0.492613 -0.000000 -0.870249
vn 0.335721 -0.000000 -0.941962
vn 0.285652 -0.000000 -0.958333
vn 0.168664 -0.000000 -0.985674
vn 0.258819 -0.000000 -0.965926
vn 0.258819 -0.000000 -0.965926
vn 0.000000 -0.000000 -1.000000
vn 0.000000 -0.000000 -1.000000
vn -0.258819 -0.000000 -0.965926
vn -0.258819 -0.000000 -0.965926
vn -0.500000 -0.000000 -0.866025
vn -0.500000 -0.000000 -0.866025
vn -0.707107 -0.000000 -0.707107
vn -0.707107 -0.000000 -0.707107
vn -0.866025 -0.000000 -0.500000
vn -0.866025 -0.000000 -0.500000
vn -0.965926 -0.000000 -0.258819
vn -0.965926 -0.000000 -0.258819
vn -1.000000 0.000000 0.000000
vn -1.000000 -0.000000 -0.000000
vn -0.965926 0.000000 0.258819
vn -0.965926 0.000000 0.258819
vn -0.866025 0.000000 0.500000
vn -0.866025 0.000000 0.500000
vn -0.707107 0.000000 0.707107
vn -0.707107 0.000000 0.707107
vn -0.500000 0.000000 0.866025
vn -0.500000 0.000000 0.866025
vn -0.258819 0.000000 0.965926
vn -0.258819 0.000000 0.965926
vn -0.000000 0.000000 1.000000
vn -0.000000 0.000000 1.000000
vn 0.258819 0.000000 0.965926
vn 0.258819 0.000000 0.965926
vn 0.500000 0.000000 0.866025
vn 0.500000 0.000000 0.866025
vn 0.707107 0.000000 0.707107
vn 0.707107 0.000000 0.707107
vn 0.866025 0.000000 0.500000
vn 0.866025 0.000000 0.500000
vn 0.965926 0.000000 0.258819
vn 0.965926 0.000000 0.258819
vn 1.000000 0.000000 0.000000
vn 1.000000 -0.000000 -0.000000
vn 0.965926 -0.000000 -0.258819
vn 0.965926 -0.000000 -0.258819
vn 0.866025 -0.000000 -0.500000
vn 0.866025 -0.000000 -0.500000
vn 0.707107 -0.000000 -0.707107
vn 0.707107 -0.000000 -0.707107
vn 0.500000 -0.000000 -0.866025
vn 0.500000 -0.000000 -0.866025
vn 0.258819 -0.000000 -0.965926
vn 0.258819 -0.000000 -0.965926
vn 0.000000 -0.000000 -1.000000
vn 0.000000 -0.000000 -1.000000
vn -0.258819 -0.000000 -0.965926
vn -0.258819 -0.000000 -0.965926
vn -0.500000 -0.000000 -0.866025
vn -0.500000 -0.000000 -0.866025
vn -0.707107 -0.000000 -0.707107
vn -0.707107 -0.000000 -0.707107
vn -0.866025 -0.000000 -0.500000
vn -0.866025 -0.000000 -0.500000
vn -0.965926 -0.000000 -0.258819
vn -0.965926 -0.000000 -0.258819
vn -1.000000 -0.000000 -0.000000
vn -1.000000 0.000000 0.000000
vn -0.965926 0.000000 0.258819
vn -0.965926 0.000000 0.258819
vn -0.866025 0.000000 0.500000
vn -0.866025 0.000000 0.500000
vn -0.707107 0.000000 0.707107
vn -0.707107 0.000000 0.707107
vn -0.500000 0.000000 0.866025
vn -0.500000 0.000000 0.866025
vn -0.258819 0.000000 0.965926
vn -0.258819 0.000000 0.965926
vn -0.000000 0.000000 1.000000
vn -0.000000 0.000000 1.000000
vn 0.258819 0.000000 0.965926
vn 0.258819 0.000000 0.965926
vn 0.500000 0.000000 0.866025
vn 0.500000 0.000000 0.866025
vn 0.707107 0.000000 0.707107
vn 0.707107 0.000000 0.707107
vn 0.866025 0.000000 0.500000
vn 0.866025 0.000000 0.500000
vn 0.965926 0.000000 0.258819
vn 0.965926 0.000000 0.258819
vn 1.000000 -0.000000 -0.000000
vn 1.000000 0.000000 0.000000
vn 0.965926 -0.000000 -0.258819
vn 0.965926 -0.000000 -0.258819
vn 0.866025 -0.000000 -0.500000
vn 0.866025 -0.000000 -0.500000
vn 0.707107 -0.000000 -0.707107
vn 0.707107 -0.000000 -0.707107
vn 0.500000 -0.000000 -0.866025
vn 0.500000 -0.000000 -0.866025
vn 0.258819 -0.000000 -0.965926
vn 0.258819 -0.000000 -0.965926
vn 0.000000 -0.000000 -1.000000
vn 0.000000 -0.000000 -1.000000
vn -0.258819 -0.000000 -0.965926
vn -0.258819 -0.000000 -0.965926
vn -0.500000 -0.000000 -0.866025
vn -0.500000 -0.000000 -0.866025
vn -0.707107 -0.000000 -0.707107
vn -0.707107 -0.000000 -0.707107
vn -0.866025 -0.000000 -0.500000
vn -0.866025 -0.000000 -0.500000
vn -0.965926 -0.000000 -0.258819
vn -0.965926 -0.000000 -0.258819
vn -1.000000 0.000000 0.000000
vn -1.000000 0.000000 0.000000
vn -0.965926 0.000000 0.258819
vn -0.965926 0.000000 0.258819
vn -0.866025 0.000000 0.500000
vn -0.866025 0.000000 0.500000
vn -0.707107 0.000000 0.707107
vn -0.707107 0.000000 0.707107
vn -0.500000 0.000000 0.866025
vn -0.500000 0.000000 0.866025
vn -0.258819 0.000000 0.965926
vn -0.258819 0.000000 0.965926
vn -0.000000 0.000000 1.000000
vn -0.000000 0.000000 1.000000
vn 0.258819 0.000000 0.965926
vn 0.258819 0.000000 0.965926
vn 0.500000 0.000000 0.866025
vn 0.500000 0.000000 0.866025
vn 0.707107 0.000000 0.707107
vn 0.707107 0.000000 0.707107
vn 0.866025 0.000000 0.500000
vn 0.866025 0.000000 0.500000
vn 0.965926 0.000000 0.258819
vn 0.965926 0.000000 0.258819
vn 1.000000 -0.000000 -0.000000
vn 1.000000 -0.000000 -0.000000
vn 0.965926 -0.000000 -0.258819
vn 0.965926 -0.000000 -0.258819
vn 0.866025 -0.000000 -0.500000
vn 0.866025 -0.000000 -0.500000
vn 0.707107 -0.000000 -0.707107
vn 0.707107 -0.000000 -0.707107
vn 0.500000 -0.000000 -0.866025
vn 0.500000 -0.000000 -0.866025
vn 0.258819 -0.000000 -0.965926
vn 0.258819 -0.000000 -0.965926
vn 0.000000 -0.000000 -1.000000
vn 0.000000 -0.000000 -1.000000
vn -0.258819 -0.000000 -0.965926
vn -0.258819 -0.000000 -0.965926
vn -0.500000 -0.000000 -0.866025
vn -0.500000 -0.000000 -0.866025
vn -0.707107 -0.000000 -0.707107
vn -0.707107 -0.000000 -0.707107
vn -0.866025 -0.000000 -0.500000
vn -0.866025 -0.000000 -0.500000
vn -0.965926 -0.000000 -0.258819
vn -0.965926 -0.000000 -0.258819
vn -1.000000 0.000000 0.000000
vn -1.000000 -0.000000 -0.000000
vn -0.965926 0.000000 0.258819
vn -0.965926 0.000000 0.258819
vn -0.866025 0.000000 0.500000
vn -0.866025 0.000000 0.500000
vn -0.707107 0.000000 0.707107
vn -0.707107 0.000000 0.707107
vn -0.500000 0.000000 0.866025
vn -0.500000 0.000000 0.866025
vn -0.258819 0.000000 0.965926
vn -0.258819 0.000000 0.965926
vn -0.000000 0.000000 1.000000
vn -0.000000 0.000000 1.000000
vn 0.258819 0.000000 0.965926
vn 0.258819 0.000000 0.965926
vn 0.500000 0.000000 0.866025
vn 0.500000 0.000000 0.866025
vn 0.707107 0.000000 0.707107
vn 0.707107 0.000000 0.707107
vn 0.866025 0.000000 0.500000
vn 0.866025 0.000000 0.500000
vn 0.965926 0.000000 0.258819
vn 0.965926 0.000000 0.258819
vn 1.000000 -0.000000 -0.000000
vn 1.000000 -0.000000 -0.000000
vn 0.965926 -0.000000 -0.258819
vn 0.965926 -0.000000 -0.258819
vn 0.866025 -0.000000 -0.500000
vn 0.866025 -0.000000 -0.500000
vn 0.707107 -0.000000 -0.707107
vn 0.707107 -0.000000 -0.707107
vn 0.500000 -0.000000 -0.866025
vn 0.500000 -0.000000 -0.866025
vn -1.000000 -0.000000 -0.000000
vn -1.000000 -0.000000 0.000000
vn -0.965926 -0.000000 -0.258819
vn -0.965926 -0.000000 -0.258819
vn -0.866025 -0.000000 -0.500000
vn -0.866025 -0.000000 -0.500000
vn -0.707107 -0.000000 -0.707107
vn -0.707107 -0.000000 -0.707107
vn -0.500000 -0.000000 -0.866025
vn -0.500000 -0.000000 -0.866025
vn -0.258819 -0.000000 -0.965926
vn -0.258819 -0.000000 -0.965926
vn -0.000000 -0.000000 -1.000000
vn -0.000000 -0.000000 -1.000000
vn 0.258819 -0.000000 -0.965926
vn 0.258819 -0.000000 -0.965926
vn 0.500000 -0.000000 -0.866025
vn 0.500000 -0.000000 -0.866025
vn 0.707107 -0.000000 -0.707107
vn 0.707107 -0.000000 -0.707107
vn 0.866025 0.000000 -0.500000
vn 0.866025 0.000000 -0.500000
vn 0.965926 0.000000 -0.258819
vn 0.965926 0.000000 -0.258819
vn 1.000000 0.000000 -0.000000
vn 1.000000 0.000000 0.000000
vn -0.929559 -0.000000 -0.368674
vn -0.970367 -0.000000 -0.241637
vn -0.979433 -0.000000 -0.201768
vn -0.999884 0.000000 0.015211
vn -0.998737 0.000000 0.050239
vn -0.962567 0.000000 0.271042
vn -0.954242 0.000000 0.299036
vn -0.860910 0.000000 0.508756
vn -0.848789 0.000000 0.528732
vn -0.701708 0.000000 0.712464
vn -0.689116 0.000000 0.724651
vn -0.495602 0.000000 0.868549
vn -0.485422 0.000000 0.874280
vn -0.256369 0.000000 0.966579
vn -0.250719 0.000000 0.968060
vn -0.000000 0.000000 1.000000
vn -0.000000 0.000000 1.000000
vn 0.250719 0.000000 0.968060
vn 0.256369 0.000000 0.966579
vn 0.485422 0.000000 0.874280
vn 0.495602 0.000000 0.868549
vn 0.689116 0.000000 0.724651
vn 0.701708 0.000000 0.712464
vn 0.848789 0.000000 0.528732
vn 0.860910 0.000000 0.508756
vn 0.954242 0.000000 0.299036
vn 0.962567 0.000000 0.271042
vn 0.998737 0.000000 0.050239
vn 0.999884 0.000000 0.015211
vn 0.979433 -0.000000 -0.201768
vn 0.970367 -0.000000 -0.241637
vn 0.929559 -0.000000 -0.368674
vn 0.875988 -0.000000 -0.482334
vn 0.851728 -0.000000 -0.523984
vn 0.723055 -0.000000 -0.690790
vn 0.751041 -0.000000 -0.660256
vn 0.632629 -0.000000 -0.774455
vn 0.521793 -0.000000 -0.853072
vn 0.492613 -0.000000 -0.870249
vn 0.335721 -0.000000 -0.941962
vn 0.285652 -0.000000 -0.958333
vn 0.168664 -0.000000 -0.985674
vn 0.144338 -0.000000 -0.989528
vn 0.000000 -0.000000 -1.000000
vn 0.000010 -0.000000 -1.000000
vn -0.144329 -0.000000 -0.989530
vn -0.875988 -0.000000 -0.482334
vn -0.851728 -0.000000 -0.523984
vn -0.723055 -0.000000 -0.690790
vn -0.751041 -0.000000 -0.660256
vn -0.632629 -0.000000 -0.774455
vn -0.521793 -0.000000 -0.853072
vn -0.492613 -0.000000 -0.870249
vn -0.335721 -0.000000 -0.941962
vn -0.285652 -0.000000 -0.958333
vn -0.168664 -0.000000 -0.985674
vn 0.258819 -0.000000 0.965926
vn 0.258819 -0.000000 0.965926
vn -0.000000 -0.000000 1.000000
vn -0.000000 -0.000000 1.000000
vn -0.258819 -0.000000 0.965926
vn -0.258819 -0.000000 0.965926
vn -0.500000 -0.000000 0.866025
vn -0.500000 -0.000000 0.866025
vn -0.707107 -0.000000 0.707107
vn -0.707107 -0.000000 0.707107
vn -0.866025 -0.000000 0.500000
vn -0.866025 -0.000000 0.500000
vn -0.965926 -0.000000 0.258819
vn -0.965926 -0.000000 0.258819
vn -1.000000 -0.000000 0.000000
vn -1.000000 -0.000000 0.000000
vn -0.965926 -0.000000 -0.258819
vn -0.965926 -0.000000 -0.258819
vn -0.866025 -0.000000 -0.500000
vn -0.866025 -0.000000 -0.500000
vn -0.707107 -0.000000 -0.707107
vn -0.707107 -0.000000 -0.707107
vn -0.500000 -0.000000 -0.866025
vn -0.500000 -0.000000 -0.866025
vn -0.258819 -0.000000 -0.965926
vn -0.258819 -0.000000 -0.965926
vn -0.000000 -0.000000 -1.000000
vn -0.000000 -0.000000 -1.000000
vn 0.258819 -0.000000 -0.965926
vn 0.258819 -0.000000 -0.965926
vn 0.500000 -0.000000 -0.866025
vn 0.500000 -0.000000 -0.866025
vn 0.707107 -0.000000 -0.707107
vn 0.707107 -0.000000 -0.707107
vn 0.866025 -0.000000 -0.500000
vn 0.866025 -0.000000 -0.500000
vn 0.965926 -0.000000 -0.258819
vn 0.965926 -0.000000 -0.258819
vn 1.000000 -0.000000 0.000000
vn 1.000000 -0.000000 0.000000
vn 0.965926 -0.000000 0.258819
vn 0.965926 -0.000000 0.258819
vn 0.866025 -0.000000 0.500000
vn 0.866025 -0.000000 0.500000
vn 0.707107 -0.000000 0.707107
vn 0.707107 -0.000000 0.707107
vn 0.500000 -0.000000 0.866025
vn 0.500000 -0.000000 0.866025
vn 0.258819 -0.000000 0.965926
vn 0.258819 -0.000000 0.965926
vn -0.000000 -0.000000 1.000000
vn -0.000000 -0.000000 1.000000
vn -0.258819 -0.000000 0.965926
vn -0.258819 -0.000000 0.965926
vn -0.500000 -0.000000 0.866025
vn -0.500000 -0.000000 0.866025
vn -0.707107 -0.000000 0.707107
vn -0.707107 -0.000000 0.707107
vn -0.866025 -0.000000 0.500000
vn -0.866025 -0.000000 0.500000
vn -0.965926 -0.000000 0.258819
vn -0.965926 -0.000000 0.258819
vn -1.000000 -0.000000 0.000000
vn -1.000000 -0.000000 0.000000
vn -0.965926 -0.000000 -0.258819
vn -0.965926 -0.000000 -0.258819
vn -0.866025 -0.000000 -0.500000
vn -0.866025 -0.000000 -0.500000
vn -0.707107 -0.000000 -0.707107
vn -0.707107 -0.000000 -0.707107
vn -0.500000 -0.000000 -0.866025
vn -0.500000 -0.000000 -0.866025
vn -0.258819 -0.000000 -0.965926
vn -0.258819 -0.000000 -0.965926
vn -0.000000 -0.000000 -1.000000
vn -0.000000 -0.000000 -1.000000
vn 0.258819 -0.000000 -0.965926
vn 0.258819 -0.000000 -0.965926
vn 0.500000 -0.000000 -0.866025
vn 0.500000 -0.000000 -0.866025
vn 0.707107 -0.000000 -0.707107
vn 0.707107 -0.000000 -0.707107
vn 0.866025 -0.000000 -0.500000
vn 0.866025 -0.000000 -0.500000
vn 0.965926 -0.000000 -0.258819
vn 0.965926 -0.000000 -0.258819
vn 1.000000 -0.000000 0.000000
vn 1.000000 -0.000000 0.000000
vn 0.965926 -0.000000 0.258819
vn 0.965926 -0.000000 0.258819
vn 0.866025 -0.000000 0.500000
vn 0.866025 -0.000000 0.500000
vn 0.707107 -0.000000 0.707107
vn 0.707107 -0.000000 0.707107
vn 0.500000 -0.000000 0.866025
vn 0.500000 -0.000000 0.866025
vn 0.258819 -0.000000 0.965926
vn 0.258819 -0.000000 0.965926
vn -0.000000 -0.000000 1.000000
vn -0.000000 -0.000000 1.000000
vn -0.258819 -0.000000 0.965926
vn -0.258819 -0.000000 0.965926
vn -0.500000 -0.000000 0.866025
vn -0.500000 -0.000000 0.866025
vn -0.707107 -0.000000 0.707107
vn -0.707107 -0.000000 0.707107
vn -0.866025 -0.000000 0.500000
vn -0.866025 -0.000000 0.500000
vn -0.965926 -0.000000 0.258819
vn -0.965926 -0.000000 0.258819
vn -1.000000 -0.000000 -0.000000
vn -1.000000 -0.000000 -0.000000
vn -0.965926 -0.000000 -0.258819
vn -0.965926 -0.000000 -0.258819
vn -0.866025 -0.000000 -0.500000
vn -0.866025 -0.000000 -0.500000
vn -0.707107 -0.000000 -0.707107
vn -0.707107 -0.000000 -0.707107
vn -0.500000 -0.000000 -0.866025
vn -0.500000 -0.000000 -0.866025
vn -0.258819 -0.000000 -0.965926
vn -0.258819 -0.000000 -0.965926
vn -0.000000 -0.000000 -1.000000
vn -0.000000 -0.000000 -1.000000
vn 0.258819 -0.000000 -0.965926
vn 0.258819 -0.000000 -0.965926
vn 0.500000 -0.000000 -0.866025
vn 0.500000 -0.000000 -0.866025
vn 0.707107 -0.000000 -0.707107
vn 0.707107 -0.000000 -0.707107
vn 0.866025 -0.000000 -0.500000
vn 0.866025 -0.000000 -0.500000
vn 0.965926 -0.000000 -0.258819
vn 0.965926 -0.000000 -0.258819
vn 1.000000 -0.000000 0.000000
vn 1.000000 -0.000000 0.000000
vn 0.965926 -0.000000 0.258819
vn 0.965926 -0.000000 0.258819
vn 0.866025 -0.000000 0.500000
vn 0.866025 -0.000000 0.500000
vn 0.707107 -0.000000 0.707107
vn 0.707107 -0.000000 0.707107
vn 0.500000 -0.000000 0.866025
vn 0.500000 -0.000000 0.866025
vn 0.258819 -0.000000 0.965926
vn 0.258819 -0.000000 0.965926
vn -0.000000 -0.000000 1.000000
vn -0.000000 -0.000000 1.000000
vn -0.258819 -0.000000 0.965926
vn -0.258819 -0.000000 0.965926
vn -0.500000 -0.000000 0.866025
vn -0.500000 -0.000000 0.866025
vn -0.707107 -0.000000 0.707107
vn -0.707107 -0.000000 0.707107
vn -0.866025 -0.000000 0.500000
vn -0.866025 -0.000000 0.500000
vn -0.965926 -0.000000 0.258819
vn -0.965926 -0.000000 0.258819
vn -1.000000 -0.000000 0.000000
vn -1.000000 -0.000000 -0.000000
vn -0.965926 -0.000000 -0.258819
vn -0.965926 -0.000000 -0.258819
vn -0.866025 -0.000000 -0.500000
vn -0.866025 -0.000000 -0.500000
vn -0.707107 -0.000000 -0.707107
vn -0.707107 -0.000000 -0.707107
vn -0.500000 -0.000000 -0.866025
vn -0.500000 -0.000000 -0.866025
vn -0.258819 -0.000000 -0.965926
vn -0.258819 -0.000000 -0.965926
vn -0.000000 -0.000000 -1.000000
vn -0.000000 -0.000000 -1.000000
vn 0.258819 -0.000000 -0.965926
vn 0.258819 -0.000000 -0.965926
vn 0.500000 -0.000000 -0.866025
vn 0.500000 -0.000000 -0.866025
vn 0.707107 -0.000000 -0.707107
vn 0.707107 -0.000000 -0.707107
vn 0.866025 -0.000000 -0.500000
vn 0.866025 -0.000000 -0.500000
vn 0.965926 -0.000000 -0.258819
vn 0.965926 -0.000000 -0.258819
vn 1.000000 -0.000000 0.000000
vn 1.000000 -0.000000 0.000000
vn 0.965926 -0.000000 0.258819
vn 0.965926 -0.000000 0.258819
vn 0.866025 -0.000000 0.500000
vn 0.866025 -0.000000 0.500000
vn 0.707107 -0.000000 0.707107
vn 0.707107 -0.000000 0.707107
vn 0.500000 -0.000000 0.866025
vn 0.500000 -0.000000 0.866025
vn 0.258819 -0.965926 0.000000
vn 0.258819 -0.965926 0.000000
vn -0.000000 -1.000000 0.000000
vn -0.000000 -1.000000 0.000000
vn -0.258819 -0.965926 0.000000
vn -0.258819 -0.965926 0.000000
vn -0.500000 -0.866025 0.000000
vn -0.500000 -0.866025 0.000000
vn -0.707107 -0.707107 0.000000
vn -0.707107 -0.707107 0.000000
vn -0.866025 -0.500000 0.000000
vn -0.866025 -0.500000 0.000000
vn -0.965926 -0.258819 0.000000
vn -0.965926 -0.258819 0.000000
vn -1.000000 -0.000000 0.000000
vn -1.000000 -0.000000 0.000000
vn -0.965926 0.258819 -0.000000
vn -0.965926 0.258819 -0.000000
vn -0.866025 0.500000 -0.000000
vn -0.866025 0.500000 -0.000000
vn -0.707107 0.707107 -0.000000
vn -0.707107 0.707107 -0.000000
vn -0.500000 0.866025 -0.000000
vn -0.500000 0.866025 -0.000000
vn -0.258819 0.965926 -0.000000
vn -0.258819 0.965926 -0.000000
vn -0.000000 1.000000 -0.000000
vn -0.000000 1.000000 -0.000000
vn 0.258819 0.965926 -0.000000
vn 0.258819 0.965926 -0.000000
vn 0.500000 0.866025 -0.000000
vn 0.500000 0.866025 -0.000000
vn 0.707107 0.707107 -0.000000
vn 0.707107 0.707107 -0.000000
vn 0.866025 0.500000 -0.000000
vn 0.866025 0.500000 -0.000000
vn 0.965926 0.258819 -0.000000
vn 0.965926 0.258819 -0.000000
vn 1.000000 -0.000000 0.000000
vn 1.000000 -0.000000 0.000000
vn 0.965926 -0.258819 0.000000
vn 0.965926 -0.258819 0.000000
vn 0.866025 -0.500000 0.000000
vn 0.866025 -0.500000 0.000000
vn 0.707107 -0.707107 0.000000
vn 0.707107 -0.707107 0.000000
vn 0.500000 -0.866025 0.000000
vn 0.500000 -0.866025 0.000000
vn 0.258819 -0.965926 0.000000
vn 0.258819 -0.965926 0.000000
vn -0.000000 -1.000000 0.000000
vn -0.000000 -1.000000 0.000000
vn -0.258819 -0.965926 0.000000
vn -0.258819 -0.965926 0.000000
vn -0.500000 -0.866025 0.000000
vn -0.500000 -0.866025 0.000000
vn -0.707107 -0.707107 0.000000
vn -0.707107 -0.707107 0.000000
vn -0.866025 -0.500000 0.000000
vn -0.866025 -0.500000 0.000000
vn -0.965926 -0.258819 0.000000
vn -0.965926 -0.258819 0.000000
vn -1.000000 -0.000000 0.000000
vn -1.000000 -0.000000 0.000000
vn -0.965926 0.258819 -0.000000
vn -0.965926 0.258819 -0.000000
vn -0.866025 0.500000 -0.000000
vn -0.866025 0.500000 -0.000000
vn -0.707107 0.707107 -0.000000
vn -0.707107 0.707107 -0.000000
vn -0.500000 0.866025 -0.000000
vn -0.500000 0.866025 -0.000000
vn -0.258819 0.965926 -0.000000
vn -0.258819 0.965926 -0.000000
vn -0.000000 1.000000 -0.000000
vn -0.000000 1.000000 -0.000000
vn 0.258819 0.965926 -0.000000
vn 0.258819 0.965926 -0.000000
vn 0.500000 0.866025 -0.000000
vn 0.500000 0.866025 -0.000000
vn 0.707107 0.707107 -0.000000
vn 0.707107 0.707107 -0.000000
vn 0.866025 0.500000 -0.000000
vn 0.866025 0.500000 -0.000000
vn 0.965926 0.258819 -0.000000
vn 0.965926 0.258819 -0.000000
vn 1.000000 -0.000000 0.000000
vn 1.000000 -0.000000 0.000000
vn 0.965926 -0.258819 0.000000
vn 0.965926 -0.258819 0.000000
vn 0.866025 -0.500000 0.000000
vn 0.866025 -0.500000 0.000000
vn 0.707107 -0.707107 0.000000
vn 0.707107 -0.707107 0.000000
vn 0.500000 -0.866025 0.000000
vn 0.500000 -0.866025 0.000000
vn 0.258819 -0.965926 0.000000
vn 0.258819 -0.965926 0.000000
vn -0.000000 -1.000000 0.000000
vn -0.000000 -1.000000 0.000000
vn -0.258819 -0.965926 0.000000
vn -0.258819 -0.965926 0.000000
vn -0.500000 -0.866025 0.000000
vn -0.500000 -0.866025 0.000000
vn -0.707107 -0.707107 0.000000
vn -0.707107 -0.707107 0.000000
vn -0.866025 -0.500000 0.000000
vn -0.866025 -0.500000 0.000000
vn -0.965926 -0.258819 0.000000
vn -0.965926 -0.258819 0.000000
vn -1.000000 -0.000000 0.000000
vn -1.000000 -0.000000 0.000000
vn -0.965926 0.258819 -0.000000
vn -0.965926 0.258819 -0.000000
vn -0.866025 0.500000 -0.000000
vn -0.866025 0.500000 -0.000000
vn -0.707107 0.707107 -0.000000
vn -0.707107 0.707107 -0.000000
vn -0.500000 0.866025 -0.000000
vn -0.500000 0.866025 -0.000000
vn -0.258819 0.965926 -0.000000
vn -0.258819 0.965926 -0.000000
vn -0.000000 1.000000 -0.000000
vn -0.000000 1.000000 -0.000000
vn 0.258819 0.965926 -0.000000
vn 0.258819 0.965926 -0.000000
vn 0.500000 0.866025 -0.000000
vn 0.500000 0.866025 -0.000000
vn 0.707107 0.707107 -0.000000
vn 0.707107 0.707107 -0.000000
vn 0.866025 0.500000 -0.000000
vn 0.866025 0.500000 -0.000000
vn 0.965926 0.258819 -0.000000
vn 0.965926 0.258819 -0.000000
vn 1.000000 -0.000000 0.000000
vn 1.000000 -0.000000 0.000000
vn 0.965926 -0.258819 0.000000
vn 0.965926 -0.258819 0.000000
vn 0.866025 -0.500000 0.000000
vn 0.866025 -0.500000 0.000000
vn 0.707107 -0.707107 0.000000
vn 0.707107 -0.707107 0.000000
vn 0.500000 -0.866025 0.000000
vn 0.500000 -0.866025 0.000000
vn 0.258819 -0.965926 0.000000
vn 0.258819 -0.965926 0.000000
vn -0.000000 -1.000000 0.000000
vn -0.000000 -1.000000 0.000000
vn -0.258819 -0.965926 0.000000
vn -0.258819 -0.965926 0.000000
vn -0.500000 -0.866025 0.000000
vn -0.500000 -0.866025 0.000000
vn -0.707107 -0.707107 0.000000
vn -0.707107 -0.707107 0.000000
vn -0.866025 -0.500000 0.000000
vn -0.866025 -0.500000 0.000000
vn -0.965926 -0.258819 0.000000
vn -0.965926 -0.258819 0.000000
vn -1.000000 0.000000 -0.000000
vn -1.000000 -0.000000 0.000000
vn -0.965926 0.258819 -0.000000
vn -0.965926 0.258819 -0.000000
vn -0.866025 0.500000 -0.000000
vn -0.866025 0.500000 -0.000000
vn -0.707107 0.707107 -0.000000
vn -0.707107 0.707107 -0.000000
vn -0.500000 0.866025 -0.000000
vn -0.500000 0.866025 -0.000000
vn -0.258819 0.965926 -0.000000
vn -0.258819 0.965926 -0.000000
vn -0.000000 1.000000 -0.000000
vn -0.000000 1.000000 -0.000000
vn 0.258819 0.965926 -0.000000
vn 0.258819 0.965926 -0.000000
vn 0.500000 0.866025 -0.000000
vn 0.500000 0.866025 -0.000000
vn 0.707107 0.707107 -0.000000
vn 0.707107 0.707107 -0.000000
vn 0.866025 0.500000 -0.000000
vn 0.866025 0.500000 -0.000000
vn 0.965926 0.258819 -0.000000
vn 0.965926 0.258819 -0.000000
vn 1.000000 0.000000 -0.000000
vn 1.000000 -0.000000 0.000000
vn 0.965926 -0.258819 0.000000
vn 0.965926 -0.258819 0.000000
vn 0.866025 -0.500000 0.000000
vn 0.866025 -0.500000 0.000000
vn 0.707107 -0.707107 0.000000
vn 0.707107 -0.707107 0.000000
vn 0.500000 -0.866025 0.000000
vn 0.500000 -0.866025 0.000000
vn 0.258819 -0.965926 0.000000
vn 0.258819 -0.965926 0.000000
vn -0.000000 -1.000000 0.000000
vn -0.000000 -1.000000 0.000000
vn -0.258819 -0.965926 0.000000
vn -0.258819 -0.965926 0.000000
vn -0.500000 -0.866025 0.000000
vn -0.500000 -0.866025 0.000000
vn -0.707107 -0.707107 0.000000
vn -0.707107 -0.707107 0.000000
vn -0.866025 -0.500000 0.000000
vn -0.866025 -0.500000 0.000000
vn -0.965926 -0.258819 0.000000
vn -0.965926 -0.258819 0.000000
vn -1.000000 -0.000000 0.000000
vn -1.000000 -0.000000 0.000000
vn -0.965926 0.258819 -0.000000
vn -0.965926 0.258819 -0.000000
vn -0.866025 0.500000 -0.000000
vn -0.866025 0.500000 -0.000000
vn -0.707107 0.707107 -0.000000
vn -0.707107 0.707107 -0.000000
vn -0.500000 0.866025 -0.000000
vn -0.500000 0.866025 -0.000000
vn -0.258819 0.965926 -0.000000
vn -0.258819 0.965926 -0.000000
vn -0.000000 1.000000 -0.000000
vn -0.000000 1.000000 -0.000000
vn 0.258819 0.965926 -0.000000
vn 0.258819 0.965926 -0.000000
vn 0.500000 0.866025 -0.000000
vn 0.500000 0.866025 -0.000000
vn 0.707107 0.707107 -0.000000
vn 0.707107 0.707107 -0.000000
vn 0.866025 0.500000 -0.000000
vn 0.866025 0.500000 -0.000000
vn 0.965926 0.258819 -0.000000
vn 0.965926 0.258819 -0.000000
vn 1.000000 -0.000000 0.000000
vn 1.000000 -0.000000 0.000000
vn 0.965926 -0.258819 0.000000
vn 0.965926 -0.258819 0.000000
vn 0.866025 -0.500000 0.000000
vn 0.866025 -0.500000 0.000000
vn 0.707107 -0.707107 0.000000
vn 0.707107 -0.707107 0.000000
vn 0.500000 -0.866025 0.000000
vn 0.500000 -0.866025 0.000000
vn 0.258819 -0.965926 0.000000
vn 0.258819 -0.965926 0.000000
vn -0.000000 -1.000000 0.000000
vn -0.000000 -1.000000 0.000000
vn -0.258819 -0.965926 0.000000
vn -0.258819 -0.965926 0.000000
vn -0.500000 -0.866025 0.000000
vn -0.500000 -0.866025 0.000000
vn -0.707107 -0.707107 0.000000
vn -0.707107 -0.707107 0.000000
vn -0.866025 -0.500000 0.000000
vn -0.866025 -0.500000 0.000000
vn -0.965926 -0.258819 0.000000
vn -0.965926 -0.258819 0.000000
vn -1.000000 -0.000000 0.000000
vn -1.000000 -0.000000 0.000000
vn -0.965926 0.258819 -0.000000
vn -0.965926 0.258819 -0.000000
vn -0.866025 0.500000 -0.000000
vn -0.866025 0.500000 -0.000000
vn -0.707107 0.707107 -0.000000
vn -0.707107 0.707107 -0.000000
vn -0.500000 0.866025 -0.000000
vn -0.500000 0.866025 -0.000000
vn -0.258819 0.965926 -0.000000
vn -0.258819 0.965926 -0.000000
vn -0.000000 1.000000 -0.000000
vn -0.000000 1.000000 -0.000000
vn 0.258819 0.965926 -0.000000
vn 0.258819 0.965926 -0.000000
vn 0.500000 0.866025 -0.000000
vn 0.500000 0.866025 -0.000000
vn 0.707107 0.707107 -0.000000
vn 0.707107 0.707107 -0.000000
vn 0.866025 0.500000 -0.000000
vn 0.866025 0.500000 -0.000000
vn 0.965926 0.258819 -0.000000
vn 0.965926 0.258819 -0.000000
vn 1.000000 -0.000000 0.000000
vn 1.000000 -0.000000 0.000000
vn 0.965926 -0.258819 0.000000
vn 0.965926 -0.258819 0.000000
vn 0.866025 -0.500000 0.000000
vn 0.866025 -0.500000 0.000000
vn 0.707107 -0.707107 0.000000
vn 0.707107 -0.707107 0.000000
vn 0.500000 -0.866025 0.000000
vn 0.500000 -0.866025 0.000000
vn 0.258819 -0.965926 0.000000
vn 0.258819 -0.965926 0.000000
vn -0.000000 -1.000000 0.000000
vn -0.000000 -1.000000 0.000000
vn -0.258819 -0.965926 0.000000
vn -0.258819 -0.965926 0.000000
vn -0.500000 -0.866025 0.000000
vn -0.500000 -0.866025 0.000000
vn -0.707107 -0.707107 0.000000
vn -0.707107 -0.707107 0.000000
vn -0.866025 -0.500000 0.000000
vn -0.866025 -0.500000 0.000000
vn -0.965926 -0.258819 0.000000
vn -0.965926 -0.258819 0.000000
vn -1.000000 -0.000000 0.000000
vn -1.000000 -0.000000 0.000000
vn -0.965926 0.258819 -0.000000
vn -0.965926 0.258819 -0.000000
vn -0.866025 0.500000 -0.000000
vn -0.866025 0.500000 -0.000000
vn -0.707107 0.707107 -0.000000
vn -0.707107 0.707107 -0.000000
vn -0.500000 0.866025 -0.000000
vn -0.500000 0.866025 -0.000000
vn -0.258819 0.965926 -0.000000
vn -0.258819 0.965926 -0.000000
vn -0.000000 1.000000 -0.000000
vn -0.000000 1.000000 -0.000000
vn 0.258819 0.965926 -0.000000
vn 0.258819 0.965926 -0.000000
vn 0.500000 0.866025 -0.000000
vn 0.500000 0.866025 -0.000000
vn 0.707107 0.707107 -0.000000
vn 0.707107 0.707107 -0.000000
vn 0.866025 0.500000 -0.000000
vn 0.866025 0.500000 -0.000000
vn 0.965926 0.258819 -0.000000
vn 0.965926 0.258819 -0.000000
vn 1.000000 -0.000000 0.000000
vn 1.000000 -0.000000 0.000000
vn 0.965926 -0.258819 0.000000
vn 0.965926 -0.258819 0.000000
vn 0.866025 -0.500000 0.000000
vn 0.866025 -0.500000 0.000000
vn 0.707107 -0.707107 0.000000
vn 0.707107 -0.707107 0.000000
vn 0.500000 -0.866025 0.000000
vn 0.500000 -0.866025 0.000000
vn 0.258819 -0.965926 0.000000
vn 0.258819 -0.965926 0.000000
vn -0.000000 -1.000000 0.000000
vn -0.000000 -1.000000 0.000000
vn -0.258819 -0.965926 0.000000
vn -0.258819 -0.965926 0.000000
vn -0.500000 -0.866025 0.000000
vn -0.500000 -0.866025 0.000000
vn -0.707107 -0.707107 0.000000
vn -0.707107 -0.707107 0.000000
vn -0.866025 -0.500000 0.000000
vn -0.866025 -0.500000 0.000000
vn -0.965926 -0.258819 0.000000
vn -0.965926 -0.258819 0.000000
vn -1.000000 0.000000 -0.000000
vn -1.000000 -0.000000 0.000000
vn -0.965926 0.258819 -0.000000
vn -0.965926 0.258819 -0.000000
vn -0.866025 0.500000 -0.000000
vn -0.866025 0.500000 -0.000000
vn -0.707107 0.707107 -0.000000
vn -0.707107 0.707107 -0.000000
vn -0.500000 0.866025 -0.000000
vn -0.500000 0.866025 -0.000000
vn -0.258819 0.965926 -0.000000
vn -0.258819 0.965926 -0.000000
vn -0.000000 1.000000 -0.000000
vn -0.000000 1.000000 -0.000000
vn 0.258819 0.965926 -0.000000
vn 0.258819 0.965926 -0.000000
vn 0.500000 0.866025 -0.000000
vn 0.500000 0.866025 -0.000000
vn 0.707107 0.707107 -0.000000
vn 0.707107 0.707107 -0.000000
vn 0.866025 0.500000 -0.000000
vn 0.866025 0.500000 -0.000000
vn 0.965926 0.258819 -0.000000
vn 0.965926 0.258819 -0.000000
vn 1.000000 0.000000 -0.000000
vn 1.000000 -0.000000 0.000000
vn 0.965926 -0.258819 0.000000
vn 0.965926 -0.258819 0.000000
vn 0.866025 -0.500000 0.000000
vn 0.866025 -0.500000 0.000000
vn 0.707107 -0.707107 0.000000
vn 0.707107 -0.707107 0.000000
vn 0.500000 -0.866025 0.000000
vn 0.500000 -0.866025 0.000000
vn -1.000000 -0.000000 0.000000
vn -1.000000 -0.000000 0.000000
vn -1.000000 -0.000000 0.000000
vn -1.000000 -0.000000 0.000000
vn -1.000000 -0.000000 0.000000
vn -1.000000 -0.000000 0.000000
vn -1.000000 -0.000000 0.000000
vn -1.000000 -0.000000 0.000000
vn -1.000000 -0.000000 0.000000
vn -1.000000 -0.000000 0.000000
vn -1.000000 -0.000000 0.000000
vn -1.000000 -0.000000 0.000000
vn -1.000000 -0.000000 0.000000
vn -1.000000 -0.000000 0.000000
vn -1.000000 -0.000000 0.000000
vn -1.000000 -0.000000 0.000000
vn -1.000000 -0.000000 0.000000
vn -1.000000 -0.000000 0.000000
vn -1.000000 -0.000000 0.000000
vn -1.000000 -0.000000 0.000000
vn -1.000000 -0.000000 0.000000
vn -1.000000 -0.000000 0.000000
vn -1.000000 -0.000000 0.000000
vn -1.000000 -0.000000 0.000000
vn -1.000000 -0.000000 0.000000
vn -1.000000 -0.000000 0.000000
vn -1.000000 -0.000000 0.000000
vn -1.000000 -0.000000 0.000000
vn -1.000000 -0.000000 0.000000
vn -1.000000 -0.000000 0.000000
vn 0.000000 -1.000000 0.000000
vn 0.000000 -1.000000 0.000000
vn 0.000000 -1.000000 0.000000
vn 0.000000 -1.000000 0.000000
vn 0.000000 -1.000000 0.000000
vn 0.000000 -1.000000 0.000000
vn 0.000000 -1.000000 0.000000
vn 0.000000 -1.000000 0.000000
vn 0.000000 -1.000000 0.000000
vn 0.000000 -1.000000 0.000000
vn 0.000000 -1.000000 0.000000
vn 0.000000 -1.000000 0.000000
vn 0.000000 -1.000000 0.000000
vn 0.000000 -1.000000 0.000000
vn 0.000000 -1.000000 0.000000
vn 0.000000 -1.000000 0.000000
vn 0.000000 -1.000000 0.000000
vn 0.000000 -1.000000 0.000000
vn 0.000000 -1.000000 0.000000
vn 0.000000 -1.000000 0.000000
vn 0.000000 -1.000000 0.000000
vn 0.000000 -1.000000 0.000000
vn 0.000000 -1.000000 0.000000
vn 0.000000 -1.000000 0.000000
vn 0.000000 -1.000000 0.000000
vn 0.000000 -1.000000 0.000000
vn 0.000000 -1.000000 0.000000
vn 0.000000 -1.000000 0.000000
vn 0.000000 -1.000000 0.000000
vn 0.000000 -1.000000 0.000000
vn 0.000000 -1.000000 0.000000
vn 0.000000 -1.000000 0.000000
vn 0.000000 -1.000000 0.000000
vn 0.000000 -1.000000 0.000000
vn 0.000000 -1.000000 0.000000
vn 0.000000 -1.000000 0.000000
vn 0.000000 -1.000000 0.000000
vn 0.000000 -1.000000 0.000000
vn 0.000000 -1.000000 0.000000
vn 0.000000 -1.000000 0.000000
vn -0.000000 1.000000 -0.000000
vn -0.000000 1.000000 -0.000000
vn -0.000000 1.000000 -0.000000
vn -0.000000 1.000000 -0.000000
vn -0.000000 1.000000 -0.000000
vn -0.000000 1.000000 -0.000000
vn -0.000000 1.000000 -0.000000
vn -0.000000 1.000000 -0.000000
vn -0.000000 1.000000 -0.000000
vn -0.000000 1.000000 -0.000000
vn -0.000000 1.000000 -0.000000
vn -0.000000 1.000000 -0.000000
vn -0.000000 1.000000 -0.000000
vn -0.000000 1.000000 -0.000000
vn -0.000000 1.000000 -0.000000
vn -0.000000 1.000000 -0.000000
vn -0.000000 1.000000 -0.000000
vn -0.000000 1.000000 -0.000000
vn -0.000000 1.000000 -0.000000
vn -0.000000 1.000000 -0.000000
vn -0.000000 1.000000 -0.000000
vn -0.000000 1.000000 -0.000000
vn -0.000000 1.000000 -0.000000
vn -0.000000 1.000000 -0.000000
vn -0.000000 1.000000 -0.000000
vn -0.000000 1.000000 -0.000000
vn -0.000000 1.000000 -0.000000
vn -0.000000 1.000000 -0.000000
vn -0.000000 1.000000 -0.000000
vn -0.000000 1.000000 -0.000000
vn -0.000000 1.000000 -0.000000
vn -0.000000 1.000000 -0.000000
vn -0.000000 1.000000 -0.000000
vn -0.000000 1.000000 -0.000000
vn -0.000000 1.000000 -0.000000
vn -0.000000 1.000000 -0.000000
vn -0.000000 1.000000 -0.000000
vn -0.000000 1.000000 -0.000000
vn -0.000000 1.000000 -0.000000
vn -0.000000 1.000000 -0.000000
vn -0.000000 1.000000 -0.000000
vn -0.000000 1.000000 -0.000000
vn -0.000000 1.000000 -0.000000
vn -0.000000 1.000000 -0.000000
vn -0.000000 1.000000 -0.000000
vn -0.000000 1.000000 -0.000000
vn -0.000000 1.000000 -0.000000
vn -0.000000 1.000000 -0.000000
vn -0.000000 1.000000 -0.000000
vn -0.000000 1.000000 -0.000000
vn -0.000000 1.000000 -0.000000
vn -0.000000 1.000000 -0.000000
vn -0.000000 1.000000 -0.000000
vn -0.000000 1.000000 -0.000000
vn -0.000000 1.000000 -0.000000
vn -0.000000 1.000000 -0.000000
vn -0.000000 1.000000 -0.000000
vn -0.000000 1.000000 -0.000000
vn -0.000000 1.000000 -0.000000
vn -0.000000 1.000000 -0.000000
vn -0.000000 1.000000 -0.000000
vn -0.000000 1.000000 -0.000000
vn -0.000000 1.000000 -0.000000
vn -0.000000 1.000000 -0.000000
vn -0.000000 1.000000 -0.000000
vn -0.000000 1.000000 -0.000000
vn -0.000000 1.000000 -0.000000
vn -0.000000 1.000000 -0.000000
vn -0.000000 1.000000 -0.000000
vn -0.000000 1.000000 -0.000000
vn -0.000000 1.000000 -0.000000
vn -0.000000 1.000000 -0.000000
vn -0.000000 1.000000 -0.000000
vn -0.000000 1.000000 -0.000000
vn -0.000000 1.000000 -0.000000
vn -0.000000 1.000000 -0.000000
vn -0.000000 1.000000 -0.000000
vn -0.000000 1.000000 -0.000000
vn -0.000000 1.000000 -0.000000
vn -0.000000 1.000000 -0.000000
vn -0.000000 1.000000 -0.000000
vn -0.000000 1.000000 -0.000000
vn -0.000000 1.000000 -0.000000
vn -0.000000 1.000000 -0.000000
vn -0.000000 1.000000 -0.000000
vn -0.000000 1.000000 -0.000000
vn -0.000000 1.000000 -0.000000
vn -0.000000 1.000000 -0.000000
vn -0.000000 1.000000 -0.000000
vn -0.000000 1.000000 -0.000000
vn -0.000000 1.000000 -0.000000
vn -0.000000 1.000000 -0.000000
vn -0.000000 1.000000 -0.000000
vn -0.000000 1.000000 -0.000000
vn -0.000000 1.000000 -0.000000
vn -0.000000 1.000000 -0.000000
vn -0.000000 1.000000 -0.000000
vn -0.000000 1.000000 -0.000000
vn -0.000000 1.000000 -0.000000
vn -0.000000 1.000000 -0.000000
vn -0.000000 1.000000 -0.000000
vn -0.000000 1.000000 -0.000000
vn -0.000000 1.000000 -0.000000
vn -0.000000 1.000000 -0.000000
vn -0.000000 1.000000 -0.000000
vn -0.000000 1.000000 -0.000000
vn -0.000000 1.000000 -0.000000
vn -0.000000 1.000000 -0.000000
vn -0.000000 1.000000 -0.000000
vn -0.000000 1.000000 -0.000000
vn -0.000000 1.000000 -0.000000
vn -0.000000 1.000000 -0.000000
vn -0.000000 1.000000 -0.000000
vn -0.000000 1.000000 -0.000000
vn -0.000000 1.000000 -0.000000
vn -0.000000 1.000000 -0.000000
vn -0.000000 1.000000 -0.000000
vn -0.000000 1.000000 -0.000000
vn -0.000000 1.000000 -0.000000
vn -0.000000 1.000000 -0.000000
vn -0.000000 1.000000 -0.000000
vn -0.000000 1.000000 -0.000000
vn -0.000000 1.000000 -0.000000
vn -0.000000 1.000000 -0.000000
vn -0.000000 1.000000 -0.000000
vn -0.000000 1.000000 -0.000000
vn -0.000000 1.000000 -0.000000
vn -0.000000 1.000000 -0.000000
vn -0.000000 1.000000 -0.000000
vn -0.000000 1.000000 -0.000000
vn -0.000000 1.000000 -0.000000
vn -0.000000 1.000000 -0.000000
vn -0.000000 1.000000 -0.000000
vn -0.000000 1.000000 -0.000000
vn -0.000000 1.000000 -0.000000
vn -0.000000 1.000000 -0.000000
vn -0.000000 1.000000 -0.000000
vn -0.000000 1.000000 -0.000000
vn -0.000000 1.000000 -0.000000
vn -0.000000 1.000000 -0.000000
vn -0.000000 1.000000 -0.000000
vn 0.000000 -1.000000 0.000000
vn 0.000000 -1.000000 0.000000
vn 0.000000 -1.000000 0.000000
vn 0.000000 -1.000000 0.000000
vn 0.000000 -1.000000 0.000000
vn 0.000000 -1.000000 0.000000
vn 0.000000 -1.000000 0.000000
vn 0.000000 -1.000000 0.000000
vn 0.000000 -1.000000 0.000000
vn 0.000000 -1.000000 0.000000
vn 0.000000 -1.000000 0.000000
vn 0.000000 -1.000000 0.000000
vn 0.000000 -1.000000 0.000000
vn 0.000000 -1.000000 0.000000
vn 0.000000 -1.000000 0.000000
vn 0.000000 -1.000000 0.000000
vn 0.000000 -1.000000 0.000000
vn 0.000000 -1.000000 0.000000
vn 0.000000 -1.000000 0.000000
vn 0.000000 -1.000000 0.000000
vn 0.000000 -1.000000 0.000000
vn 0.000000 -1.000000 0.000000
vn 0.000000 -1.000000 0.000000
vn 0.000000 -1.000000 0.000000
vn 0.000000 -1.000000 0.000000
vn 0.000000 -1.000000 0.000000
vn 0.000000 -1.000000 0.000000
vn 0.000000 -1.000000 0.000000
vn 0.000000 -1.000000 0.000000
vn 0.000000 -1.000000 0.000000
vn 0.000000 -1.000000 0.000000
vn 0.000000 -1.000000 0.000000
vn -0.000000 0.000000 1.000000
vn -0.000000 0.000000 1.000000
vn -0.000000 0.000000 1.000000
vn -0.000000 0.000000 1.000000
vn -0.000000 0.000000 1.000000
vn -0.000000 0.000000 1.000000
vn -0.000000 0.000000 1.000000
vn -0.000000 0.000000 1.000000
vn -0.000000 0.000000 1.000000
vn -0.000000 0.000000 1.000000
vn -0.000000 0.000000 1.000000
vn -0.000000 0.000000 1.000000
vn -0.000000 0.000000 1.000000
vn -0.000000 0.000000 1.000000
vn -0.000000 0.000000 1.000000
vn -0.000000 0.000000 1.000000
vn -0.000000 0.000000 1.000000
vn -0.000000 0.000000 1.000000
vn -0.000000 0.000000 1.000000
vn -0.000000 0.000000 1.000000
vn -0.000000 0.000000 1.000000
vn -0.000000 0.000000 1.000000
vn -0.000000 0.000000 1.000000
vn -0.000000 0.000000 1.000000
vn -0.000000 0.000000 1.000000
vn -0.000000 0.000000 1.000000
vn -0.000000 0.000000 1.000000
vn -0.000000 0.000000 1.000000
vn -0.000000 0.000000 1.000000
vn -0.000000 0.000000 1.000000
vn -0.000000 0.000000 1.000000
vn -0.000000 0.000000 1.000000
vn -0.000000 0.000000 1.000000
vn -0.000000 0.000000 1.000000
vn -0.000000 0.000000 1.000000
vn -0.000000 0.000000 1.000000
vn -0.000000 0.000000 1.000000
vn -0.000000 0.000000 1.000000
vn -0.000000 0.000000 1.000000
vn -0.000000 0.000000 1.000000
vn -0.000000 0.000000 1.000000
vn -0.000000 0.000000 1.000000
vn -0.000000 0.000000 1.000000
vn -0.000000 0.000000 1.000000
vn -0.000000 0.000000 1.000000
vn -0.000000 0.000000 1.000000
vn -0.000000 0.000000 1.000000
vn -0.000000 0.000000 1.000000
vn -0.000000 0.000000 1.000000
vn -0.000000 0.000000 1.000000
vn -0.000000 0.000000 1.000000
vn -0.000000 0.000000 1.000000
vn -0.000000 0.000000 1.000000
vn -0.000000 0.000000 1.000000
vn -0.000000 0.000000 1.000000
vn -0.000000 0.000000 1.000000
vn -0.000000 0.000000 1.000000
vn -0.000000 0.000000 1.000000
vn -0.000000 0.000000 1.000000
vn -0.000000 0.000000 1.000000
vn -0.000000 0.000000 1.000000
vn -0.000000 0.000000 1.000000
vn -0.000000 0.000000 1.000000
vn -0.000000 0.000000 1.000000
vn -0.000000 0.000000 1.000000
vn -0.000000 0.000000 1.000000
vn -0.000000 0.000000 1.000000
vn -0.000000 0.000000 1.000000
vn -0.000000 0.000000 1.000000
vn -0.000000 0.000000 1.000000
vn -0.000000 0.000000 1.000000
vn -0.000000 0.000000 1.000000
vn -0.000000 0.000000 1.000000
vn -0.000000 0.000000 1.000000
vn -0.000000 0.000000 1.000000
vn -0.000000 0.000000 1.000000
vn -0.000000 0.000000 1.000000
vn -0.000000 0.000000 1.000000
vn -0.000000 0.000000 1.000000
vn -0.000000 0.000000 1.000000
vn -0.000000 0.000000 1.000000
vn -0.000000 0.000000 1.000000
vn -0.000000 0.000000 1.000000
vn -0.000000 0.000000 1.000000
vn -0.000000 0.000000 1.000000
vn -0.000000 0.000000 1.000000
vn -0.000000 0.000000 1.000000
vn -0.000000 0.000000 1.000000
vn -0.000000 0.000000 1.000000
vn -0.000000 0.000000 1.000000
vn -0.000000 0.000000 1.000000
vn -0.000000 0.000000 1.000000
vn -0.000000 0.000000 1.000000
vn -0.000000 0.000000 1.000000
vn -0.000000 0.000000 1.000000
vn -0.000000 0.000000 1.000000
vn -0.000000 0.000000 1.000000
vn -0.000000 0.000000 1.000000
vn -0.000000 0.000000 1.000000
vn -0.000000 0.000000 1.000000
vn 0.000000 -1.000000 0.000000
vn 0.000000 -1.000000 0.000000
vn 0.000000 -1.000000 0.000000
vn 0.000000 -1.000000 0.000000
vn 0.000000 -1.000000 0.000000
vn 0.000000 -1.000000 0.000000
vn 0.000000 -1.000000 0.000000
vn 0.000000 -1.000000 0.000000
vn 0.000000 -1.000000 0.000000
vn 0.000000 -1.000000 0.000000
vn 0.000000 -1.000000 0.000000
vn 0.000000 -1.000000 0.000000
vn 0.000000 -1.000000 0.000000
vn 0.000000 -1.000000 0.000000
vn 0.000000 -1.000000 0.000000
vn 0.000000 -1.000000 0.000000
vn 0.000000 -1.000000 0.000000
vn 0.000000 -1.000000 0.000000
vn 0.000000 -1.000000 0.000000
vn 0.000000 -1.000000 0.000000
vn 0.000000 -1.000000 0.000000
vn 0.000000 -1.000000 0.000000
vn 0.000000 -1.000000 0.000000
vn 0.000000 -1.000000 0.000000
vn 0.000000 -1.000000 0.000000
vn 0.000000 -1.000000 0.000000
vn 0.000000 -1.000000 0.000000
vn 0.000000 -1.000000 0.000000
vn 0.000000 -1.000000 0.000000
vn 0.000000 -1.000000 0.000000
vn 0.000000 -1.000000 0.000000
vn 0.000000 -1.000000 0.000000
vn 0.000000 -1.000000 0.000000
vn 0.000000 -1.000000 0.000000
vn 0.000000 -1.000000 0.000000
vn 0.000000 -1.000000 0.000000
vn 0.000000 -1.000000 0.000000
vn 0.000000 -1.000000 0.000000
vn 0.000000 -1.000000 0.000000
vn 0.000000 -1.000000 0.000000
vn 0.000000 -1.000000 0.000000
vn 0.000000 -1.000000 0.000000
vn 0.000000 -1.000000 0.000000
vn 0.000000 -1.000000 0.000000
vn 0.000000 -1.000000 0.000000
vn 0.000000 -1.000000 0.000000
vn 0.000000 -1.000000 0.000000
vn 0.000000 -1.000000 0.000000
vn 0.000000 -1.000000 0.000000
vn 0.000000 -1.000000 0.000000
vn 0.000000 -1.000000 0.000000
vn 0.000000 -1.000000 0.000000
vn 0.000000 -1.000000 0.000000
vn 0.000000 -1.000000 0.000000
vn 0.000000 -1.000000 0.000000
vn 0.000000 -1.000000 0.000000
vn 0.000000 -1.000000 0.000000
vn 0.000000 -1.000000 0.000000
vn 1.000000 0.000000 0.000000
vn 1.000000 0.000000 0.000000
vn 1.000000 0.000000 0.000000
vn 1.000000 0.000000 0.000000
vn -1.000000 -0.000000 0.000000
vn -1.000000 -0.000000 0.000000
vn -1.000000 -0.000000 0.000000
vn -1.000000 -0.000000 0.000000
vn -1.000000 -0.000000 0.000000
vn -1.000000 -0.000000 0.000000
vn -1.000000 -0.000000 0.000000
vn -1.000000 -0.000000 0.000000
vn -0.000000 1.000000 -0.000000
vn -0.000000 1.000000 -0.000000
vn -0.000000 1.000000 -0.000000
vn -0.000000 1.000000 -0.000000
vn -0.000000 1.000000 -0.000000
vn -0.000000 1.000000 -0.000000
vn -0.000000 1.000000 -0.000000
vn -0.000000 1.000000 -0.000000
vn -0.000000 1.000000 -0.000000
vn -0.000000 1.000000 -0.000000
vn -0.000000 1.000000 -0.000000
vn -0.000000 1.000000 -0.000000
vn -0.000000 1.000000 -0.000000
vn -0.000000 1.000000 -0.000000
vn -0.000000 1.000000 -0.000000
vn -0.000000 1.000000 -0.000000
vn -0.000000 1.000000 -0.000000
vn -0.000000 1.000000 -0.000000
vn -0.000000 1.000000 -0.000000
vn -0.000000 1.000000 -0.000000
vn -0.000000 1.000000 -0.000000
vn -0.000000 1.000000 -0.000000
vn -0.000000 1.000000 -0.000000
vn -0.000000 1.000000 -0.000000
vn -0.000000 1.000000 -0.000000
vn -0.000000 1.000000 -0.000000
vn -0.000000 1.000000 -0.000000
vn -0.000000 1.000000 -0.000000
vn -0.000000 1.000000 -0.000000
vn -0.000000 1.000000 -0.000000
vn -0.000000 1.000000 -0.000000
vn -0.000000 1.000000 -0.000000
vn -0.000000 1.000000 -0.000000
vn -0.000000 1.000000 -0.000000
vn -0.000000 1.000000 -0.000000
vn -0.000000 1.000000 -0.000000
vn -0.000000 1.000000 -0.000000
vn -0.000000 1.000000 -0.000000
vn -0.000000 1.000000 -0.000000
vn -0.000000 1.000000 -0.000000
vn -0.000000 1.000000 -0.000000
vn -0.000000 1.000000 -0.000000
vn -0.000000 1.000000 -0.000000
vn -0.000000 1.000000 -0.000000
vn -0.000000 1.000000 -0.000000
vn -0.000000 1.000000 -0.000000
vn -0.000000 1.000000 -0.000000
vn -0.000000 1.000000 -0.000000
vn -0.000000 1.000000 -0.000000
vn -0.000000 1.000000 -0.000000
vn -0.000000 1.000000 -0.000000
vn -0.000000 1.000000 -0.000000
vn -0.000000 1.000000 -0.000000
vn -0.000000 1.000000 -0.000000
vn -0.000000 1.000000 -0.000000
vn -0.000000 1.000000 -0.000000
vn -0.000000 1.000000 -0.000000
vn -0.000000 1.000000 -0.000000
vn -1.000000 -0.000000 0.000000
vn -1.000000 -0.000000 0.000000
vn -1.000000 -0.000000 0.000000
vn -1.000000 -0.000000 0.000000
vn -0.642788 0.000000 0.766044
vn -0.642788 0.000000 0.766044
vn -0.642788 0.000000 0.766044
vn -0.642788 0.000000 0.766044
vn -1.000000 -0.000000 0.000000
vn -1.000000 -0.000000 0.000000
vn -1.000000 -0.000000 0.000000
vn -1.000000 -0.000000 0.000000
vn -1.000000 -0.000000 0.000000
vn -1.000000 -0.000000 0.000000
vn -1.000000 -0.000000 0.000000
vn -1.000000 -0.000000 0.000000
vn -1.000000 -0.000000 0.000000
vn -1.000000 -0.000000 0.000000
vn -1.000000 -0.000000 0.000000
vn -1.000000 -0.000000 0.000000
vn -1.000000 -0.000000 0.000000
vn -1.000000 -0.000000 0.000000
vn -1.000000 -0.000000 0.000000
vn 0.999340 0.000000 -0.036326
vn 0.999631 0.000000 -0.027176
vn 0.999768 0.000000 -0.021555
vn 0.999924 0.000000 -0.012323
vn 0.999950 0.000000 -0.009953
vn 0.998911 0.000000 -0.046662
vn 0.999141 0.000000 -0.041430
vn 0.999442 0.000000 -0.033398
vn 0.998641 0.000000 -0.052125
vn 0.998187 0.000000 -0.060197
vn 0.997760 0.000000 -0.066898
vn 0.996986 0.000000 -0.077579
vn 0.996179 0.000000 -0.087341
vn 0.995009 0.000000 -0.099786
vn 0.993551 0.000000 -0.113389
vn 0.991815 0.000000 -0.127682
vn 0.989174 0.000000 -0.146750
vn 0.986632 0.000000 -0.162967
vn 0.981807 0.000000 -0.189884
vn 0.961826 0.000000 -0.273661
vn 0.969058 0.000000 -0.246831
vn 0.945924 0.000000 -0.324389
vn 0.929628 0.000000 -0.368499
vn 0.902956 0.000000 -0.429733
vn 0.864399 -0.000000 -0.502807
vn 0.822975 -0.000000 -0.568077
vn 0.736739 -0.000000 -0.676178
vn 0.681337 -0.000000 -0.731969
vn 0.638912 -0.000000 -0.769280
vn 0.519495 -0.000000 -0.854473
vn 0.468037 -0.000000 -0.883709
vn 0.254411 -0.000000 -0.967096
vn 0.228605 -0.000000 -0.973519
vn 0.019427 -0.000000 -0.999811
vn -0.997700 -0.000000 0.067780
vn -0.989596 -0.000000 0.143871
vn -0.987856 -0.000000 0.155374
vn -0.945415 -0.000000 0.325868
vn -0.939110 -0.000000 0.343616
vn -0.904296 -0.000000 0.426906
vn -0.900572 -0.000000 0.434707
vn -0.903668 -0.000000 0.428235
vn -0.909571 -0.000000 0.415548
vn -0.938381 -0.000000 0.345603
vn -0.928379 -0.000000 0.371635
vn -0.951645 -0.000000 0.307200
vn -0.959253 -0.000000 0.282547
vn -0.973782 -0.000000 0.227485
vn -0.979966 -0.000000 0.199167
vn -0.990601 -0.000000 0.136783
vn -0.995747 -0.000000 0.092126
vn -0.999328 -0.000000 0.036642
vn -0.999143 -0.000000 -0.041402
vn -0.997712 -0.000000 -0.067614
vn -0.976304 -0.000000 -0.216402
vn -0.983369 -0.000000 -0.181617
vn -0.952051 -0.000000 -0.305941
vn -0.946253 -0.000000 -0.323428
vn -0.908521 -0.000000 -0.417839
vn -0.901327 -0.000000 -0.433140
vn -0.865811 -0.000000 -0.500371
vn -0.844042 -0.000000 -0.536277
vn -0.853666 -0.000000 -0.520821
vn -0.876027 -0.000000 -0.482262
vn -0.952064 -0.000000 -0.305898
vn -0.965466 -0.000000 -0.260527
vn -0.989213 -0.000000 -0.146481
vn -0.992309 -0.000000 -0.123787
vn -0.000000 0.020733 -0.999785
vn -0.000000 0.194117 -0.980978
vn -0.000000 0.020733 -0.999785
vn -0.000000 0.251951 -0.967740
vn -0.000000 0.383946 -0.923356
vn -0.000000 0.522681 -0.852529
vn -0.000000 0.564258 -0.825599
vn -0.000000 0.710978 -0.703215
vn -0.000000 0.748131 -0.663551
vn -0.000000 0.815201 -0.579178
vn -0.000000 0.876582 -0.481253
vn -0.000000 0.882561 -0.470198
vn -0.000000 0.936783 -0.349912
vn -0.000000 0.948495 -0.316791
vn -0.000000 0.963153 -0.268953
vn -0.000000 0.960671 -0.277688
vn -0.000000 0.969030 -0.246944
vn -0.000000 0.973756 -0.227596
vn -0.000000 0.975970 -0.217903
vn -0.000000 0.976163 -0.217037
vn -0.000000 0.974556 -0.224144
vn -0.000000 0.972649 -0.232278
vn -0.000000 0.966820 -0.255459
vn -0.000000 0.962365 -0.271760
vn -0.000000 0.959338 -0.282261
vn -0.000000 0.947516 -0.319707
vn -0.000000 0.942663 -0.333745
vn -0.000000 0.929625 -0.368506
vn -0.000000 0.911309 -0.411722
vn -0.000000 0.904343 -0.426806
vn -0.000000 0.874980 -0.484159
vn -0.000000 0.872900 -0.487900
vn -0.000000 0.843046 -0.537842
vn -0.000000 0.843291 -0.537457
vn -0.000000 0.822637 -0.568567
vn -0.000000 0.815965 -0.578101
vn -0.000000 0.815965 -0.578101
vn -0.000000 0.822250 -0.569127
vn 0.000000 -0.892497 -0.451054
vn 0.000000 -0.909187 -0.416388
vn 0.000000 -0.948495 -0.316791
vn 0.000000 -0.953868 -0.300227
vn 0.000000 -0.968214 -0.250124
vn 0.000000 -0.970935 -0.239344
vn 0.000000 -0.975715 -0.219043
vn 0.000000 -0.974797 -0.223092
vn 0.000000 -0.975257 -0.221076
vn 0.000000 -0.969244 -0.246101
vn 0.000000 -0.968071 -0.250675
vn 0.000000 -0.954782 -0.297306
vn 0.000000 -0.954047 -0.299657
vn 0.000000 -0.942413 -0.334452
vn 0.000000 -0.930071 -0.367381
vn 0.000000 -0.922244 -0.386608
vn 0.000000 -0.896355 -0.443337
vn 0.000000 -0.890445 -0.455090
vn 0.000000 -0.858809 -0.512296
vn 0.000000 -0.850000 -0.526782
vn 0.000000 -0.828826 -0.559506
vn 0.000000 -0.819139 -0.573595
vn 0.000000 -0.826254 -0.563298
vn 0.000000 -0.816296 -0.577634
vn 0.000000 -0.826254 -0.563298
vn 0.000000 -0.801058 -0.598587
vn 0.000000 -0.828958 -0.559310
vn 0.000000 -0.732934 -0.680299
vn 0.000000 -0.705696 -0.708515
vn 0.000000 -0.578665 -0.815565
vn 0.000000 -0.579389 -0.815051
vn 0.000000 -0.388782 -0.921330
vn 0.000000 -0.281174 -0.959657
vn 0.000000 -0.194793 -0.980844
vn 0.000000 -0.020733 -0.999785
vn 0.000000 -0.020733 -0.999785
vn 0.000000 -0.000000 -1.000000
vn 0.000000 -0.000000 -1.000000
vn 0.000000 -0.000000 -1.000000
vn 0.000000 -0.000000 -1.000000
vn 0.000000 -0.000000 -1.000000
vn 0.000000 -0.000000 -1.000000
vn 0.000000 -0.000000 -1.000000
vn 0.000000 -0.000000 -1.000000
vn 0.000000 -0.000000 -1.000000
vn 0.000000 -0.000000 -1.000000
vn 0.000000 -0.000000 -1.000000
vn 0.000000 -0.000000 -1.000000
vn 0.000000 -0.000000 -1.000000
vn 0.000000 -0.000000 -1.000000
vn 0.000000 -0.000000 -1.000000
vn 0.000000 -0.000000 -1.000000
vn 0.000000 -0.000000 -1.000000
vn 0.000000 -0.000000 -1.000000
vn 0.000000 -0.000000 -1.000000
vn 0.000000 -0.000000 -1.000000
vn 0.000000 -0.000000 -1.000000
vn 0.000000 -0.000000 -1.000000
vn 0.000000 -0.000000 -1.000000
vn 0.000000 -0.000000 -1.000000
vn 0.000000 -0.000000 -1.000000
vn 0.000000 -0.000000 -1.000000
vn 0.000000 -0.000000 -1.000000
vn 0.000000 -0.000000 -1.000000
vn 0.000000 -0.000000 -1.000000
vn 0.000000 -0.000000 -1.000000
vn 0.000000 -0.000000 -1.000000
vn 0.000000 -0.000000 -1.000000
vn 0.000000 -0.000000 -1.000000
vn 0.000000 -0.000000 -1.000000
vn 0.000000 -0.000000 -1.000000
vn 0.000000 -0.000000 -1.000000
vn 0.000000 -0.000000 -1.000000
vn 0.000000 -0.000000 -1.000000
vn 0.000000 -0.000000 -1.000000
vn 0.000000 -0.000000 -1.000000
vn 0.000000 -0.000000 -1.000000
vn 0.000000 -0.000000 -1.000000
vn 0.000000 -0.000000 -1.000000
vn 0.000000 -0.000000 -1.000000
vn 0.000000 -0.000000 -1.000000
vn 0.000000 -0.000000 -1.000000
vn 0.000000 -0.000000 -1.000000
vn 0.000000 -0.000000 -1.000000
vn 0.000000 -0.000000 -1.000000
vn 0.000000 -0.000000 -1.000000
vn 0.000000 -0.000000 -1.000000
vn 0.000000 -0.000000 -1.000000
vn 0.000000 -0.000000 -1.000000
vn 0.000000 -0.000000 -1.000000
vn 0.000000 -0.000000 -1.000000
vn 0.000000 -0.000000 -1.000000
vn 0.000000 -0.000000 -1.000000
vn 0.000000 -0.000000 -1.000000
vn 0.000000 -0.000000 -1.000000
vn 0.000000 -0.000000 -1.000000
vn 0.000000 -0.000000 -1.000000
vn 0.000000 -0.000000 -1.000000
vn 0.000000 -0.000000 -1.000000
vn 0.000000 -0.000000 -1.000000
vn 0.000000 -0.000000 -1.000000
vn 0.000000 -0.000000 -1.000000
vn 0.000000 -0.000000 -1.000000
vn 0.000000 -0.000000 -1.000000
vn 0.000000 -0.000000 -1.000000
vn 0.000000 -0.000000 -1.000000
vn 0.000000 -0.000000 -1.000000
vn 0.000000 -0.000000 -1.000000
vn 0.000000 -0.000000 -1.000000
vn 0.000000 -0.000000 -1.000000
vn 0.000000 -0.000000 -1.000000
vn 0.000000 -0.000000 -1.000000
vn 0.000000 -0.000000 -1.000000
vn 0.000000 -0.000000 -1.000000
vn 0.000000 -0.000000 -1.000000
vn 0.000000 -0.000000 -1.000000
vn 0.000000 -0.000000 -1.000000
vn 0.000000 -0.000000 -1.000000
vn 0.000000 -0.000000 -1.000000
vn 0.000000 -0.000000 -1.000000
vn 0.000000 -0.000000 -1.000000
vn 0.000000 -0.000000 -1.000000
vn 0.000000 -0.000000 -1.000000
vn 0.000000 -0.000000 -1.000000
vn 0.000000 -0.000000 -1.000000
vn 0.000000 -0.000000 -1.000000
vn 0.000000 -0.000000 -1.000000
vn 0.000000 -0.000000 -1.000000
vn 0.000000 -0.000000 -1.000000
vn 0.000000 -0.000000 -1.000000
vn 0.000000 -0.000000 -1.000000
vn 0.000000 -0.000000 -1.000000
vn 0.000000 -0.000000 -1.000000
vn 0.000000 -0.000000 -1.000000
vn 0.000000 -0.000000 -1.000000
vn 0.000000 -0.000000 -1.000000
vn 0.000000 -0.000000 -1.000000
vn 0.000000 -0.000000 -1.000000
vn 0.000000 -0.000000 -1.000000
vn 0.000000 -0.000000 -1.000000
vn 0.000000 -0.000000 -1.000000
vn 0.000000 -0.000000 -1.000000
vn 0.000000 -0.000000 -1.000000
vn 0.000000 -0.000000 -1.000000
vn 0.000000 -0.000000 -1.000000
vn 0.000000 -0.000000 -1.000000
vn 0.000000 -0.000000 -1.000000
vn 0.000000 -0.000000 -1.000000
vn 0.000000 -1.000000 0.000000
vn 0.000000 -1.000000 0.000000
vn 0.000000 -1.000000 0.000000
vn 0.000000 -1.000000 0.000000
vn 0.000000 -1.000000 0.000000
vn 0.000000 -1.000000 0.000000
vn 0.000000 -1.000000 0.000000
vn 0.000000 -1.000000 0.000000
vn 0.000000 -1.000000 0.000000
vn 0.000000 -1.000000 0.000000
vn 0.000000 -1.000000 0.000000
vn 0.000000 -1.000000 0.000000
vn 0.000000 -1.000000 0.000000
vn 0.000000 -1.000000 0.000000
vn 0.000000 -1.000000 0.000000
vn 0.000000 -1.000000 0.000000
vn 0.000000 -1.000000 0.000000
vn 0.000000 -1.000000 0.000000
vn 0.000000 -1.000000 0.000000
vn 0.000000 -1.000000 0.000000
vn 0.000000 -1.000000 0.000000
vn 0.000000 -1.000000 0.000000
vn 0.000000 -1.000000 0.000000
vn 0.000000 -1.000000 0.000000
vn 0.000000 -1.000000 0.000000
vn 0.000000 -1.000000 0.000000
vn 0.000000 -1.000000 0.000000
vn 0.000000 -1.000000 0.000000
vn 0.000000 -1.000000 0.000000
vn 0.000000 -1.000000 0.000000
vn 0.000000 -1.000000 0.000000
vn 0.000000 -1.000000 0.000000
vn 0.000000 -1.000000 0.000000
vn 0.000000 -1.000000 0.000000
vn 0.000000 -1.000000 0.000000
vn 0.000000 -1.000000 0.000000
vn 0.000000 -1.000000 0.000000
vn 0.000000 -1.000000 0.000000
vn 0.000000 -1.000000 0.000000
vn 0.000000 -1.000000 0.000000
vn 0.000000 -1.000000 0.000000
vn 0.000000 -1.000000 0.000000
vn 0.000000 -1.000000 0.000000
vn 0.000000 -1.000000 0.000000
vn 0.000000 -1.000000 0.000000
vn 0.000000 -1.000000 0.000000
vn 0.000000 -1.000000 0.000000
vn 0.000000 -1.000000 0.000000
vn 0.000000 -1.000000 0.000000
vn 0.000000 -1.000000 0.000000
vn 0.000000 -1.000000 0.000000
vn 0.000000 -1.000000 0.000000
vn 0.000000 -1.000000 0.000000
vn 0.000000 -1.000000 0.000000
vn 0.000000 -1.000000 0.000000
vn 0.000000 -1.000000 0.000000
vn 0.000000 -1.000000 0.000000
vn 0.000000 -1.000000 0.000000
vn 0.000000 -1.000000 0.000000
vn 0.000000 -1.000000 0.000000
vn 0.000000 -1.000000 0.000000
vn 0.000000 -1.000000 0.000000
vn 0.000000 -1.000000 0.000000
vn 0.000000 -1.000000 0.000000
vn 0.000000 -1.000000 0.000000
vn 0.000000 -1.000000 0.000000
vn 0.000000 -1.000000 0.000000
vn 0.000000 -1.000000 0.000000
vn -0.000000 -0.000000 -1.000000
vn -0.000000 -0.000000 -1.000000
vn -0.000000 -0.000000 -1.000000
vn -0.000000 -0.000000 -1.000000
vn -0.000000 -0.000000 -1.000000
vn -0.000000 -0.000000 -1.000000
vn -0.000000 -0.000000 -1.000000
vn -0.000000 -0.000000 -1.000000
vn -0.000000 -0.000000 -1.000000
vn -0.000000 -0.000000 -1.000000
vn -0.000000 -0.000000 -1.000000
vn -0.000000 -0.000000 -1.000000
vn -0.000000 -0.000000 -1.000000
vn -0.000000 -0.000000 -1.000000
vn -0.000000 -0.000000 -1.000000
vn -0.000000 -0.000000 -1.000000
vn -0.000000 -0.000000 -1.000000
vn -0.000000 -0.000000 -1.000000
vn -0.000000 -0.000000 -1.000000
vn -0.000000 -0.000000 -1.000000
vn -0.000000 -0.000000 -1.000000
vn -0.000000 -0.000000 -1.000000
vn -0.000000 -0.000000 -1.000000
vn -0.000000 -0.000000 -1.000000
vn -0.000000 -0.000000 -1.000000
vn -0.000000 -0.000000 -1.000000
vn -0.000000 -0.000000 -1.000000
vn -0.000000 -0.000000 -1.000000
vn -0.000000 -0.000000 -1.000000
vn -0.000000 -0.000000 -1.000000
vn -0.000000 -0.000000 -1.000000
vn -0.000000 -0.000000 -1.000000
vn -0.000000 -0.000000 -1.000000
vn -0.000000 -0.000000 -1.000000
vn -0.000000 -0.000000 -1.000000
vn -0.000000 -0.000000 -1.000000
vn -0.000000 -0.000000 -1.000000
vn -0.000000 -0.000000 -1.000000
vn -0.000000 -0.000000 -1.000000
vn -0.000000 -0.000000 -1.000000
vn -0.000000 -0.000000 -1.000000
vn -0.000000 -0.000000 -1.000000
vn -0.000000 -0.000000 -1.000000
vn -0.000000 -0.000000 -1.000000
vn -0.000000 -0.000000 -1.000000
vn -0.000000 -0.000000 -1.000000
vn -0.000000 -0.000000 -1.000000
vn -0.000000 -0.000000 -1.000000
vn -0.000000 -0.000000 -1.000000
vn -0.000000 -0.000000 -1.000000
vn -0.000000 -0.000000 -1.000000
vn -0.000000 -0.000000 -1.000000
vn -0.000000 -0.000000 -1.000000
vn -0.000000 -0.000000 -1.000000
vn -0.000000 -0.000000 -1.000000
vn -0.000000 -0.000000 -1.000000
vn -0.000000 -0.000000 -1.000000
vn -0.000000 -0.000000 -1.000000
vn -0.000000 -0.000000 -1.000000
vn -0.000000 -0.000000 -1.000000
vn -0.000000 -0.000000 -1.000000
vn -0.000000 -0.000000 -1.000000
vn -0.000000 -0.000000 -1.000000
vn -0.000000 -0.000000 -1.000000
vn -0.000000 -0.000000 -1.000000
vn -0.000000 -0.000000 -1.000000
vn -0.000000 -0.000000 -1.000000
vn -0.000000 -0.000000 -1.000000
vn -0.000000 -0.000000 -1.000000
vn -0.000000 -0.000000 -1.000000
vn -0.000000 -0.000000 -1.000000
vn -0.000000 -0.000000 -1.000000
vn -0.000000 -0.000000 -1.000000
vn -0.000000 -0.000000 -1.000000
vn -0.000000 -0.000000 -1.000000
vn -0.000000 -0.000000 -1.000000
vn -0.000000 -0.000000 -1.000000
vn -0.000000 -0.000000 -1.000000
vn -0.000000 -0.000000 -1.000000
vn -0.000000 -0.000000 -1.000000
vn -0.000000 -0.000000 -1.000000
vn -0.000000 -0.000000 -1.000000
vn -0.000000 -0.000000 -1.000000
vn -0.000000 -0.000000 -1.000000
vn -0.000000 -0.000000 -1.000000
vn -0.000000 -0.000000 -1.000000
vn -0.000000 -0.000000 -1.000000
vn -0.000000 -0.000000 -1.000000
vn -0.000000 -0.000000 -1.000000
vn -0.000000 -0.000000 -1.000000
vn -0.000000 -0.000000 -1.000000
vn -0.000000 -0.000000 -1.000000
vn -0.000000 -0.000000 -1.000000
vn -0.000000 -0.000000 -1.000000
vn -0.000000 -0.000000 -1.000000
vn -0.000000 -0.000000 -1.000000
vn -0.000000 -0.000000 -1.000000
vn -0.000000 -0.000000 -1.000000
vn -0.000000 -0.000000 -1.000000
vn -0.000000 -0.000000 -1.000000
vn -0.000000 -0.000000 -1.000000
vn -0.000000 -0.000000 -1.000000
vn -0.000000 -0.000000 -1.000000
vn -0.000000 -0.000000 -1.000000
vn -0.000000 -0.000000 -1.000000
vn -0.000000 -0.000000 -1.000000
vn -0.000000 -0.000000 -1.000000
vn -0.000000 -0.000000 -1.000000
vn -0.000000 -0.000000 -1.000000
vn -0.000000 -0.000000 -1.000000
vn -0.000000 -0.000000 -1.000000
vn -0.000000 -0.000000 -1.000000
vn -0.000000 -0.000000 -1.000000
vn -0.000000 -0.000000 -1.000000
vn -0.000000 -0.000000 -1.000000
vn -0.000000 -0.000000 -1.000000
vn -0.000000 -0.000000 -1.000000
vn -0.000000 -0.000000 -1.000000
vn -0.000000 -0.000000 -1.000000
vn -0.000000 -0.000000 -1.000000
vn -0.000000 -0.000000 -1.000000
vn -0.000000 -0.000000 -1.000000
vn -0.000000 -0.000000 -1.000000
vn -0.000000 -0.000000 -1.000000
vn -0.000000 -0.000000 -1.000000
vn -0.000000 -0.000000 -1.000000
vn -0.000000 -0.000000 -1.000000
vn -0.000000 -0.000000 -1.000000
vn -0.000000 -0.000000 -1.000000
vn -0.000000 -0.000000 -1.000000
vn -0.000000 -0.000000 -1.000000
vn -0.000000 -0.000000 -1.000000
vn -0.000000 -0.000000 -1.000000
vn -0.000000 -0.000000 -1.000000
vn -0.000000 -0.000000 -1.000000
vn -0.000000 -0.000000 -1.000000
vn -0.000000 -0.000000 -1.000000
vn -0.000000 -0.000000 -1.000000
vn -0.000000 -0.000000 -1.000000
vn -0.000000 -0.000000 -1.000000
vn -0.000000 -0.000000 -1.000000
vn -0.000000 -0.000000 -1.000000
vn -0.000000 -0.000000 -1.000000
vn -0.000000 -0.000000 -1.000000
vn -0.000000 -0.000000 -1.000000
vn -0.000000 -0.000000 -1.000000
vn -0.000000 -0.000000 -1.000000
vn -0.000000 -0.000000 -1.000000
vn -0.000000 -0.000000 -1.000000
vn -0.000000 -0.000000 -1.000000
vn -0.000000 -0.000000 -1.000000
vn -0.000000 -0.000000 -1.000000
vn -0.000000 -0.000000 -1.000000
vn -0.000000 -0.000000 -1.000000
vn -0.000000 -0.000000 -1.000000
vn -0.000000 -0.000000 -1.000000
vn -0.000000 -0.000000 -1.000000
vn -0.000000 -0.000000 -1.000000
vn -0.000000 -0.000000 -1.000000
vn -0.000000 -0.000000 -1.000000
vn -0.000000 -0.000000 -1.000000
vn -0.000000 -0.000000 -1.000000
vn -0.000000 -0.000000 -1.000000
vn -0.000000 -0.000000 -1.000000
vn -0.000000 -0.000000 -1.000000
vn -0.000000 -0.000000 -1.000000
vn -0.000000 -0.000000 -1.000000
vn -0.000000 -0.000000 -1.000000
vn -0.000000 -0.000000 -1.000000
vn -0.000000 -0.000000 -1.000000
vn -0.000000 -0.000000 -1.000000
vn -0.000000 -0.000000 -1.000000
vn -0.000000 -0.000000 -1.000000
vn -0.000000 -0.000000 -1.000000
vn -0.000000 -0.000000 -1.000000
vn -0.000000 -0.000000 -1.000000
vn -0.000000 -0.000000 -1.000000
vn -0.000000 -0.000000 -1.000000
vn -0.000000 -0.000000 -1.000000
vn -0.000000 -0.000000 -1.000000
vn -0.000000 -0.000000 -1.000000
vn -0.000000 -0.000000 -1.000000
vn -0.000000 -0.000000 -1.000000
vn -0.000000 -0.000000 -1.000000
vn -0.000000 -0.000000 -1.000000
vn -0.000000 -0.000000 -1.000000
vn -0.000000 -0.000000 -1.000000
vn -0.000000 -0.000000 -1.000000
vn -0.000000 -0.000000 -1.000000
vn -0.000000 -0.000000 -1.000000
vn -0.000000 -0.000000 -1.000000
vn -0.000000 -0.000000 -1.000000
vn -0.000000 -1.000000 -0.000000
vn -0.000000 -1.000000 -0.000000
vn -0.000000 -1.000000 -0.000000
vn -0.000000 -1.000000 -0.000000
vn -0.000000 -1.000000 -0.000000
vn -0.000000 -1.000000 -0.000000
vn -0.000000 -1.000000 -0.000000
vn -0.000000 -1.000000 -0.000000
vn -0.000000 -1.000000 -0.000000
vn -0.000000 -1.000000 -0.000000
vn -0.000000 -1.000000 -0.000000
vn -0.000000 -1.000000 -0.000000
vn -0.000000 -1.000000 -0.000000
vn -0.000000 -1.000000 -0.000000
vn -0.000000 -1.000000 -0.000000
vn -0.000000 -1.000000 -0.000000
vn -0.000000 -1.000000 -0.000000
vn -0.000000 -1.000000 -0.000000
vn -0.000000 -1.000000 -0.000000
vn -0.000000 -1.000000 -0.000000
vn -0.000000 -1.000000 -0.000000
vn -0.000000 -1.000000 -0.000000
vn -0.000000 -1.000000 -0.000000
vn -0.000000 -1.000000 -0.000000
vn -0.000000 -1.000000 -0.000000
vn -0.000000 -1.000000 -0.000000
vn -0.000000 -1.000000 -0.000000
vn -0.000000 -1.000000 -0.000000
vn -0.000000 -1.000000 -0.000000
vn -0.000000 -1.000000 -0.000000
vn -0.000000 -1.000000 -0.000000
vn -0.000000 -1.000000 -0.000000
vn -0.000000 -1.000000 -0.000000
vn -0.000000 -1.000000 -0.000000
vn -0.000000 -1.000000 -0.000000
vn -0.000000 -1.000000 -0.000000
vn -0.000000 -1.000000 -0.000000
vn -0.000000 -1.000000 -0.000000
vn -0.000000 -1.000000 -0.000000
vn -0.000000 -1.000000 -0.000000
vn -0.000000 -1.000000 -0.000000
vn -0.000000 -1.000000 -0.000000
vn -0.000000 -1.000000 -0.000000
vn -0.000000 -1.000000 -0.000000
vn -0.000000 -1.000000 -0.000000
vn -0.000000 -1.000000 -0.000000
vn -0.000000 -1.000000 -0.000000
vn -0.000000 -1.000000 -0.000000
vn -0.000000 -1.000000 -0.000000
vn -0.000000 -1.000000 -0.000000
vn -0.000000 -1.000000 -0.000000
vn -0.000000 -1.000000 -0.000000
vn -0.000000 -1.000000 -0.000000
vn -0.000000 -1.000000 -0.000000
vn -0.000000 -1.000000 -0.000000
vn -0.000000 -1.000000 -0.000000
vn -0.000000 -1.000000 -0.000000
vn -0.000000 -1.000000 -0.000000
vn -0.000000 -1.000000 -0.000000
vn -0.000000 -1.000000 -0.000000
vn -0.000000 -1.000000 -0.000000
vn -0.000000 -1.000000 -0.000000
vn -0.000000 -1.000000 -0.000000
vn -0.000000 -1.000000 -0.000000
vn -0.000000 -1.000000 -0.000000
vn -0.000000 -1.000000 -0.000000
vn -0.000000 -1.000000 -0.000000
vn -0.000000 -1.000000 -0.000000
vn -0.000000 -1.000000 -0.000000
vn -0.000000 -1.000000 -0.000000
vn -0.000000 -1.000000 -0.000000
vn -0.000000 -1.000000 -0.000000
vn -0.000000 -1.000000 -0.000000
vn -0.000000 -1.000000 -0.000000
vn -0.000000 -1.000000 -0.000000
vn -0.000000 -1.000000 -0.000000
vn -0.000000 -1.000000 -0.000000
vn -0.000000 -1.000000 -0.000000
vn -0.000000 -1.000000 -0.000000
vn -0.000000 -1.000000 -0.000000
vn -0.000000 -1.000000 -0.000000
vn -0.000000 -1.000000 -0.000000
vn -0.000000 -1.000000 -0.000000
vn -0.000000 -1.000000 -0.000000
vn -0.000000 -1.000000 -0.000000
vn -0.000000 -1.000000 -0.000000
vn -0.000000 -1.000000 -0.000000
vn -0.000000 -1.000000 -0.000000
vn -0.000000 -1.000000 -0.000000
vn -0.000000 -1.000000 -0.000000
vn -0.000000 -1.000000 -0.000000
vn -0.000000 -1.000000 -0.000000
vn -0.000000 -1.000000 -0.000000
vn -0.000000 -1.000000 -0.000000
vn -0.000000 -1.000000 -0.000000
vn -0.000000 -1.000000 -0.000000
vn 0.000000 -0.994973 -0.100143
vn 0.000000 -0.968111 -0.250523
vn 0.000000 -0.981147 -0.193265
vn 0.000000 -0.961425 -0.275068
vn 0.000000 -0.939133 -0.343555
vn 0.000000 -0.874476 -0.485068
vn 0.000000 -0.916069 -0.401020
vn 0.000000 -0.895990 -0.444075
vn 0.000000 -0.882583 -0.470157
vn 0.000000 -0.877848 -0.478939
vn 0.000000 -0.811193 -0.584778
vn 0.000000 -0.882583 -0.470157
vn 0.000000 -0.907181 -0.420742
vn 0.000000 -0.895990 -0.444075
vn 0.000000 -0.916069 -0.401020
vn 0.000000 -0.939133 -0.343555
vn 0.000000 -0.945956 -0.324294
vn 0.000000 -0.961425 -0.275068
vn 0.000000 -0.975417 -0.220365
vn 0.000000 -0.981147 -0.193265
vn 0.000000 -0.993787 -0.111300
vn 0.000000 -0.994973 -0.100143
vn 0.000000 -0.725069 -0.688677
vn 0.000000 -0.697296 -0.716783
vn 0.000000 -0.529417 -0.848362
vn 0.000000 -0.574282 -0.818658
vn 0.000000 -0.453710 -0.891149
vn 0.000000 -0.300000 -0.953939
vn 0.000000 -0.351400 -0.936226
vn 0.000000 -0.315316 -0.948987
vn 0.000000 -0.304153 -0.952623
vn 0.000000 -0.300000 -0.953939
vn -0.000000 1.000000 -0.000000
vn -0.000000 1.000000 -0.000000
vn -0.000000 1.000000 -0.000000
vn -0.000000 1.000000 -0.000000
vn -0.000000 1.000000 -0.000000
vn -0.000000 1.000000 -0.000000
vn -0.000000 1.000000 -0.000000
vn -0.000000 1.000000 -0.000000
vn -0.000000 1.000000 -0.000000
vn -0.000000 1.000000 -0.000000
vn -0.000000 1.000000 -0.000000
vn -0.000000 1.000000 -0.000000
vn -0.000000 1.000000 -0.000000
vn -0.000000 1.000000 -0.000000
vn -0.000000 1.000000 -0.000000
vn -0.000000 1.000000 -0.000000
vn -0.000000 1.000000 -0.000000
vn -0.000000 1.000000 -0.000000
vn -0.000000 1.000000 -0.000000
vn -0.000000 1.000000 -0.000000
vn -0.000000 1.000000 -0.000000
vn -0.000000 1.000000 -0.000000
vn -0.000000 1.000000 -0.000000
vn -0.000000 1.000000 -0.000000
vn -0.000000 1.000000 -0.000000
vn -0.000000 1.000000 -0.000000
vn -0.000000 1.000000 -0.000000
vn -0.000000 1.000000 -0.000000
vn -0.000000 1.000000 -0.000000
vn -0.000000 1.000000 -0.000000
vn -0.000000 1.000000 -0.000000
vn -0.000000 1.000000 -0.000000
vn -0.000000 1.000000 -0.000000
vn -0.000000 1.000000 -0.000000
vn -0.000000 1.000000 -0.000000
vn -0.000000 1.000000 -0.000000
vn -0.000000 1.000000 -0.000000
vn -0.000000 1.000000 -0.000000
vn -0.000000 1.000000 -0.000000
vn -0.000000 1.000000 -0.000000
vn -0.000000 1.000000 -0.000000
vn -0.000000 1.000000 -0.000000
vn -0.000000 1.000000 -0.000000
vn -0.000000 1.000000 -0.000000
vn -0.000000 1.000000 -0.000000
vn -0.000000 1.000000 -0.000000
vn -0.000000 1.000000 -0.000000
vn -0.000000 1.000000 -0.000000
vn -0.000000 1.000000 -0.000000
vn -0.000000 1.000000 -0.000000
vn -0.000000 1.000000 -0.000000
vn -0.000000 1.000000 -0.000000
vn -0.000000 1.000000 -0.000000
vn -0.000000 1.000000 -0.000000
vn -0.000000 1.000000 -0.000000
vn -0.000000 1.000000 -0.000000
vn -0.000000 1.000000 -0.000000
vn -0.000000 1.000000 -0.000000
vn -0.000000 1.000000 -0.000000
vn -0.000000 1.000000 -0.000000
vn -0.000000 1.000000 -0.000000
vn -0.000000 1.000000 -0.000000
vn -0.000000 1.000000 -0.000000
vn -0.000000 1.000000 -0.000000
vn -0.000000 1.000000 -0.000000
vn -0.000000 1.000000 -0.000000
vn -0.000000 1.000000 -0.000000
vn -0.000000 1.000000 -0.000000
vn -0.000000 1.000000 -0.000000
vn -0.000000 1.000000 -0.000000
vn -0.000000 1.000000 -0.000000
vn -0.000000 1.000000 -0.000000
vn -0.000000 1.000000 -0.000000
vn -0.000000 1.000000 -0.000000
vn -0.000000 1.000000 -0.000000
vn -0.000000 1.000000 -0.000000
vn -0.000000 1.000000 -0.000000
vn -0.000000 1.000000 -0.000000
vn -0.000000 1.000000 -0.000000
vn -0.000000 1.000000 -0.000000
vn -0.000000 1.000000 -0.000000
vn -0.000000 1.000000 -0.000000
vn -0.000000 1.000000 -0.000000
vn -0.000000 1.000000 -0.000000
vn -0.000000 1.000000 -0.000000
vn -0.000000 1.000000 -0.000000
vn -0.000000 1.000000 -0.000000
vn -0.000000 1.000000 -0.000000
vn -0.000000 1.000000 -0.000000
vn -0.000000 1.000000 -0.000000
vn -0.000000 1.000000 -0.000000
vn -0.000000 1.000000 -0.000000
vn -0.000000 1.000000 -0.000000
vn -0.000000 1.000000 -0.000000
vn -0.000000 1.000000 -0.000000
vn -0.000000 1.000000 -0.000000
vn -0.000000 0.994973 -0.100143
vn -0.000000 0.993787 -0.111300
vn -0.000000 0.981147 -0.193265
vn -0.000000 0.975417 -0.220365
vn -0.000000 0.961425 -0.275068
vn -0.000000 0.945956 -0.324294
vn -0.000000 0.939133 -0.343555
vn -0.000000 0.916069 -0.401020
vn -0.000000 0.907181 -0.420742
vn -0.000000 0.895990 -0.444075
vn -0.000000 0.882583 -0.470157
vn -0.000000 0.877848 -0.478939
vn -0.000000 0.811193 -0.584778
vn -0.000000 0.874476 -0.485068
vn -0.000000 0.725069 -0.688677
vn -0.000000 0.882583 -0.470157
vn -0.000000 0.895990 -0.444075
vn -0.000000 0.916069 -0.401020
vn -0.000000 0.939133 -0.343555
vn -0.000000 0.968111 -0.250523
vn -0.000000 0.961425 -0.275068
vn -0.000000 0.981147 -0.193265
vn -0.000000 0.994973 -0.100143
vn -0.000000 0.529417 -0.848362
vn -0.000000 0.574282 -0.818658
vn -0.000000 0.697296 -0.716783
vn -0.000000 0.453710 -0.891149
vn -0.000000 0.300000 -0.953939
vn -0.000000 0.351400 -0.936226
vn -0.000000 0.315316 -0.948987
vn -0.000000 0.304153 -0.952623
vn -0.000000 0.300000 -0.953939
vn -1.000000 -0.000000 0.000000
vn -0.965926 -0.000000 -0.258819
vn -0.965926 -0.000000 -0.258819
vn -0.866025 -0.000000 -0.500000
vn -0.866025 -0.000000 -0.500000
vn -0.707107 -0.000000 -0.707107
vn -0.707107 -0.000000 -0.707107
vn -0.500000 -0.000000 -0.866025
vn -0.500000 -0.000000 -0.866025
vn -0.258819 -0.000000 -0.965926
vn -0.258819 -0.000000 -0.965926
vn -0.000000 -0.000000 -1.000000
vn -0.000000 -0.000000 -1.000000
vn 0.258819 -0.000000 -0.965926
vn 0.258819 -0.000000 -0.965926
vn 0.500000 -0.000000 -0.866025
vn 0.500000 -0.000000 -0.866025
vn 0.707107 -0.000000 -0.707107
vn 0.707107 -0.000000 -0.707107
vn 0.866025 -0.000000 -0.500000
vn 0.866025 -0.000000 -0.500000
vn 0.965926 0.000000 -0.258819
vn 0.965926 0.000000 -0.258819
vn 1.000000 0.000000 0.000000
vn 1.000000 0.000000 -0.000000
vn 0.000000 -0.971738 -0.236061
vn 0.000000 -0.965926 -0.258819
vn 0.000000 -0.893892 -0.448283
vn 0.000000 -0.866025 -0.500000
vn 0.000000 -0.781574 -0.623813
vn 0.000000 -0.707107 -0.707107
vn 0.000000 -0.651576 -0.758583
vn 0.000000 -0.500000 -0.866025
vn 0.000000 -0.337629 -0.941279
vn 0.000000 -0.258819 -0.965926
vn -0.000000 -1.000000 0.000000
vn 0.000009 -0.965926 -0.258819
vn -0.005446 -0.999282 -0.037495
vn -0.002173 -0.974345 -0.225047
vn -0.000000 -0.998749 -0.050000
vn -0.000000 -0.974122 -0.226024
vn 0.005446 -0.999282 -0.037497
vn -0.000009 -0.965926 -0.258819
vn -0.000000 -1.000000 -0.000000
vn -0.002099 -0.915075 -0.403279
vn -0.000077 -0.866025 -0.500000
vn -0.001926 -0.819340 -0.573305
vn -0.000140 -0.707107 -0.707107
vn -0.001659 -0.689604 -0.724185
vn -0.001312 -0.532562 -0.846390
vn -0.000000 -0.532228 -0.846601
vn -0.000000 -0.357832 -0.933786
vn 0.000123 -0.500000 -0.866025
vn 0.000049 -0.258819 -0.965926
vn -0.000000 -0.177035 -0.984205
vn -0.000460 -0.177145 -0.984185
vn -0.000050 -0.258819 -0.965926
vn -0.000905 -0.358060 -0.933698
vn -0.000124 -0.500000 -0.866025
vn 0.000138 -0.707107 -0.707107
vn -0.000000 -0.689202 -0.724569
vn -0.000000 -0.818931 -0.573892
vn 0.000076 -0.866025 -0.500000
vn -0.000000 -0.914726 -0.404074
vn 0.000000 -0.258819 -0.965926
vn 0.000000 -0.258819 -0.965926
vn 0.000000 -0.500000 -0.866025
vn 0.000000 -0.500000 -0.866025
vn 0.000000 -0.707107 -0.707107
vn 0.000000 -0.707107 -0.707107
vn 0.000000 -0.866025 -0.500000
vn 0.000000 -0.866025 -0.500000
vn 0.000000 -0.965926 -0.258819
vn 0.000000 -0.965926 -0.258819
vn -0.000000 0.965926 -0.258819
vn -0.000000 0.965926 -0.258819
vn -0.000000 0.866025 -0.500000
vn -0.000000 0.866025 -0.500000
vn -0.000000 0.707107 -0.707107
vn -0.000000 0.707107 -0.707107
vn -0.000000 0.500000 -0.866025
vn -0.000000 0.500000 -0.866025
vn -0.000000 0.258819 -0.965926
vn -0.000000 0.258819 -0.965926
vn 0.000000 1.000000 0.000000
vn -0.000009 0.965926 -0.258819
vn 0.005446 0.999282 -0.037495
vn 0.002173 0.974345 -0.225047
vn 0.000000 0.998749 -0.050000
vn 0.000000 0.974122 -0.226024
vn -0.005446 0.999282 -0.037497
vn 0.000009 0.965926 -0.258819
vn -0.000000 1.000000 0.000000
vn 0.002099 0.915075 -0.403279
vn 0.000077 0.866025 -0.500000
vn 0.001926 0.819340 -0.573305
vn 0.000140 0.707107 -0.707107
vn 0.001659 0.689604 -0.724185
vn 0.001312 0.532562 -0.846390
vn 0.000000 0.532228 -0.846601
vn 0.000000 0.357832 -0.933786
vn -0.000123 0.500000 -0.866025
vn -0.000049 0.258819 -0.965926
vn 0.000000 0.177035 -0.984205
vn 0.000460 0.177145 -0.984185
vn 0.000050 0.258819 -0.965926
vn 0.000905 0.358060 -0.933698
vn 0.000124 0.500000 -0.866025
vn -0.000138 0.707107 -0.707107
vn 0.000000 0.689202 -0.724569
vn 0.000000 0.818931 -0.573892
vn -0.000076 0.866025 -0.500000
vn 0.000000 0.914726 -0.404074
vn -0.000000 0.258819 -0.965926
vn -0.000000 0.335791 -0.941936
vn -0.000000 0.500000 -0.866025
vn -0.000000 0.651154 -0.758946
vn -0.000000 0.707107 -0.707107
vn -0.000000 0.781129 -0.624369
vn -0.000000 0.866025 -0.500000
vn -0.000000 0.892832 -0.450390
vn -0.000000 0.965926 -0.258819
vn -0.000000 0.971451 -0.237242
vn 0.939693 0.000000 -0.342020
vn 0.884355 -0.000000 -0.466815
vn 0.866025 -0.000000 -0.500000
vn 0.775952 -0.000000 -0.630792
vn 0.786117 -0.000000 -0.618078
vn 0.689644 -0.000000 -0.724148
vn 0.646806 -0.000000 -0.762654
vn 0.583754 -0.000000 -0.811930
vn 0.502310 -0.000000 -0.864688
vn 0.476221 -0.000000 -0.879325
vn 0.348993 -0.000000 -0.937125
vn 0.240207 -0.000000 -0.970722
vn 0.187483 -0.000000 -0.982268
vn 0.099594 -0.000000 -0.995028
vn 0.984808 0.000000 -0.173648
vn 0.963855 0.000000 -0.266426
vn 0.928885 0.000000 -0.370368
vn 1.000000 0.000000 -0.000000
vn 0.998939 0.000000 -0.046061
vn 0.987540 0.000000 -0.157369
vn 0.999882 0.000000 -0.015358
vn 0.999528 0.000000 -0.030713
vn 0.051783 -0.000000 -0.998658
vn 0.999528 0.000000 -0.030713
vn 0.998939 0.000000 -0.046061
vn 0.984808 0.000000 -0.173648
vn 0.987540 0.000000 -0.157369
vn 0.963855 0.000000 -0.266426
vn 0.939693 0.000000 -0.342020
vn 0.928885 0.000000 -0.370368
vn 0.866025 -0.000000 -0.500000
vn 0.884355 -0.000000 -0.466815
vn 0.775952 -0.000000 -0.630792
vn 0.785662 -0.000000 -0.618656
vn 0.688527 -0.000000 -0.725211
vn 0.999882 0.000000 -0.015358
vn 0.646806 -0.000000 -0.762654
vn 0.583392 -0.000000 -0.812191
vn 0.502310 -0.000000 -0.864688
vn 0.475926 -0.000000 -0.879485
vn 0.348993 -0.000000 -0.937125
vn 0.239196 -0.000000 -0.970971
vn 0.187483 -0.000000 -0.982268
vn 0.099594 -0.000000 -0.995028
vn 0.051783 -0.000000 -0.998658
vn -0.965926 -0.000000 -0.258819
vn -0.965926 -0.000000 -0.258819
vn -0.866025 -0.000000 -0.500000
vn -0.866025 -0.000000 -0.500000
vn -0.707107 -0.000000 -0.707107
vn -0.707107 -0.000000 -0.707107
vn -0.500000 -0.000000 -0.866025
vn -0.500000 -0.000000 -0.866025
vn -0.258819 -0.000000 -0.965926
vn -0.258819 -0.000000 -0.965926
vn -0.258819 -0.000000 -0.965926
vn -0.258819 -0.000000 -0.965926
vn -0.500000 -0.000000 -0.866025
vn -0.500000 -0.000000 -0.866025
vn -0.707107 -0.000000 -0.707107
vn -0.707107 -0.000000 -0.707107
vn -0.866025 -0.000000 -0.500000
vn -0.866025 -0.000000 -0.500000
vn -0.965926 -0.000000 -0.258819
vn -0.965926 -0.000000 -0.258819
usemtl Stahl_-_satiniert
f 2/1/1 48/2/2 1/3/3
f 1/3/3 48/2/2 49/4/4
f 1/3/3 49/4/4 30/5/5
f 30/5/5 49/4/4 50/6/6
f 30/5/5 50/6/6 29/7/7
f 29/7/7 50/6/6 51/8/8
f 29/7/7 51/8/8 28/9/9
f 28/9/9 51/8/8 27/10/10
f 27/10/10 51/8/8 52/11/11
f 27/10/10 52/11/11 26/12/12
f 26/12/12 52/11/11 25/13/13
f 25/13/13 52/11/11 53/14/14
f 25/13/13 53/14/14 24/15/15
f 24/15/15 53/14/14 54/16/16
f 24/15/15 54/16/16 23/17/17
f 23/17/17 54/16/16 55/18/18
f 23/19/17 55/20/18 56/21/19
f 48/2/2 2/1/1 47/22/20
f 47/22/20 2/1/1 3/23/21
f 47/22/20 3/23/21 46/24/22
f 46/24/22 3/23/21 4/25/23
f 46/24/22 4/25/23 45/26/24
f 45/26/24 4/25/23 5/27/25
f 45/26/24 5/27/25 44/28/26
f 44/28/26 5/27/25 6/29/27
f 44/28/26 6/29/27 43/30/28
f 43/30/28 6/29/27 7/31/29
f 43/30/28 7/31/29 42/32/30
f 42/32/30 7/31/29 8/33/31
f 42/32/30 8/33/31 9/34/32
f 42/32/30 9/34/32 41/35/33
f 41/35/33 9/34/32 10/36/34
f 41/35/33 10/36/34 40/37/35
f 40/37/35 10/36/34 11/38/36
f 40/37/35 11/38/36 39/39/37
f 39/39/37 11/38/36 12/40/38
f 39/39/37 12/40/38 38/41/39
f 38/41/39 12/40/38 13/42/40
f 38/41/39 13/42/40 37/43/41
f 37/43/41 13/42/40 14/44/42
f 37/43/41 14/44/42 36/45/43
f 36/45/43 14/44/42 15/46/44
f 36/45/43 15/46/44 35/47/45
f 35/47/45 15/46/44 16/48/46
f 35/47/45 16/48/46 34/49/47
f 34/49/47 16/48/46 17/50/48
f 34/49/47 17/50/48 33/51/49
f 33/51/49 17/50/48 18/52/50
f 33/51/49 18/52/50 19/53/51
f 33/51/49 19/53/51 32/54/52
f 32/54/52 19/53/51 20/55/53
f 32/54/52 20/55/53 21/56/54
f 32/54/52 21/56/54 31/57/55
f 31/57/55 21/56/54 22/58/56
f 31/57/55 22/58/56 56/21/19
f 56/21/19 22/58/56 23/19/17
f 58/59/57 104/60/58 57/61/59
f 57/61/59 104/60/58 81/62/60
f 57/61/59 81/62/60 80/63/61
f 80/63/61 81/62/60 82/64/62
f 80/63/61 82/64/62 79/65/63
f 79/65/63 82/64/62 83/66/64
f 79/65/63 83/66/64 78/67/65
f 78/67/65 83/66/64 84/68/66
f 78/67/65 84/68/66 77/69/67
f 77/69/67 84/68/66 85/70/68
f 77/69/67 85/70/68 76/71/69
f 76/71/69 85/70/68 86/72/70
f 76/71/69 86/72/70 75/73/71
f 75/73/71 86/72/70 87/74/72
f 75/73/71 87/74/72 74/75/73
f 74/75/73 87/74/72 88/76/74
f 74/75/73 88/76/74 73/77/75
f 73/77/75 88/76/74 89/78/76
f 73/77/75 89/78/76 72/79/77
f 72/79/77 89/78/76 90/80/78
f 72/79/77 90/80/78 71/81/79
f 71/81/79 90/80/78 91/82/80
f 71/81/79 91/82/80 70/83/81
f 70/83/81 91/82/80 92/84/82
f 70/83/81 92/84/82 69/85/83
f 69/85/83 92/84/82 93/86/84
f 69/87/83 93/88/84 68/89/85
f 68/89/85 93/88/84 94/90/86
f 68/89/85 94/90/86 67/91/87
f 67/91/87 94/90/86 95/92/88
f 67/91/87 95/92/88 66/93/89
f 66/93/89 95/92/88 96/94/90
f 66/93/89 96/94/90 65/95/91
f 65/95/91 96/94/90 97/96/92
f 65/95/91 97/96/92 64/97/93
f 64/97/93 97/96/92 98/98/94
f 64/97/93 98/98/94 63/99/95
f 63/99/95 98/98/94 99/100/96
f 63/99/95 99/100/96 62/101/97
f 62/101/97 99/100/96 100/102/98
f 62/101/97 100/102/98 61/103/99
f 61/103/99 100/102/98 101/104/100
f 61/103/99 101/104/100 60/105/101
f 60/105/101 101/104/100 102/106/102
f 60/105/101 102/106/102 59/107/103
f 59/107/103 102/106/102 103/108/104
f 59/107/103 103/108/104 58/59/57
f 58/59/57 103/108/104 104/60/58
f 106/109/105 152/110/106 105/111/107
f 105/111/107 152/110/106 129/112/108
f 105/111/107 129/112/108 128/113/109
f 128/113/109 129/112/108 130/114/110
f 128/113/109 130/114/110 127/115/111
f 127/115/111 130/114/110 131/116/112
f 127/115/111 131/116/112 126/117/113
f 126/117/113 131/116/112 132/118/114
f 126/117/113 132/118/114 125/119/115
f 125/119/115 132/118/114 133/120/116
f 125/119/115 133/120/116 124/121/117
f 124/121/117 133/120/116 134/122/118
f 124/121/117 134/122/118 123/123/119
f 123/123/119 134/122/118 135/124/120
f 123/123/119 135/124/120 122/125/121
f 122/125/121 135/124/120 136/126/122
f 122/125/121 136/126/122 121/127/123
f 121/127/123 136/126/122 137/128/124
f 121/127/123 137/128/124 120/129/125
f 120/129/125 137/128/124 138/130/126
f 120/129/125 138/130/126 119/131/127
f 119/131/127 138/130/126 139/132/128
f 119/131/127 139/132/128 118/133/129
f 118/133/129 139/132/128 140/134/130
f 118/133/129 140/134/130 117/135/131
f 117/135/131 140/134/130 141/136/132
f 117/137/131 141/138/132 116/139/133
f 116/139/133 141/138/132 142/140/134
f 116/139/133 142/140/134 115/141/135
f 115/141/135 142/140/134 143/142/136
f 115/141/135 143/142/136 114/143/137
f 114/143/137 143/142/136 144/144/138
f 114/143/137 144/144/138 113/145/139
f 113/145/139 144/144/138 145/146/140
f 113/145/139 145/146/140 112/147/141
f 112/147/141 145/146/140 146/148/142
f 112/147/141 146/148/142 111/149/143
f 111/149/143 146/148/142 147/150/144
f 111/149/143 147/150/144 110/151/145
f 110/151/145 147/150/144 148/152/146
f 110/151/145 148/152/146 109/153/147
f 109/153/147 148/152/146 149/154/148
f 109/153/147 149/154/148 108/155/149
f 108/155/149 149/154/148 150/156/150
f 108/155/149 150/156/150 107/157/151
f 107/157/151 150/156/150 151/158/152
f 107/157/151 151/158/152 106/109/105
f 106/109/105 151/158/152 152/110/106
f 154/159/153 200/160/154 153/161/155
f 153/161/155 200/160/154 177/162/156
f 153/161/155 177/162/156 176/163/157
f 176/163/157 177/162/156 178/164/158
f 176/163/157 178/164/158 175/165/159
f 175/165/159 178/164/158 179/166/160
f 175/165/159 179/166/160 174/167/161
f 174/167/161 179/166/160 180/168/162
f 174/167/161 180/168/162 173/169/163
f 173/169/163 180/168/162 181/170/164
f 173/169/163 181/170/164 172/171/165
f 172/171/165 181/170/164 182/172/166
f 172/171/165 182/172/166 171/173/167
f 171/173/167 182/172/166 183/174/168
f 171/173/167 183/174/168 170/175/169
f 170/175/169 183/174/168 184/176/170
f 170/175/169 184/176/170 169/177/171
f 169/177/171 184/176/170 185/178/172
f 169/177/171 185/178/172 168/179/173
f 168/179/173 185/178/172 186/180/174
f 168/179/173 186/180/174 167/181/175
f 167/181/175 186/180/174 187/182/176
f 167/181/175 187/182/176 166/183/177
f 166/183/177 187/182/176 188/184/178
f 166/183/177 188/184/178 165/185/179
f 165/185/179 188/184/178 189/186/180
f 165/187/179 189/188/180 164/189/181
f 164/189/181 189/188/180 190/190/182
f 164/189/181 190/190/182 163/191/183
f 163/191/183 190/190/182 191/192/184
f 163/191/183 191/192/184 162/193/185
f 162/193/185 191/192/184 192/194/186
f 162/193/185 192/194/186 161/195/187
f 161/195/187 192/194/186 193/196/188
f 161/195/187 193/196/188 160/197/189
f 160/197/189 193/196/188 194/198/190
f 160/197/189 194/198/190 159/199/191
f 159/199/191 194/198/190 195/200/192
f 159/199/191 195/200/192 158/201/193
f 158/201/193 195/200/192 196/202/194
f 158/201/193 196/202/194 157/203/195
f 157/203/195 196/202/194 197/204/196
f 157/203/195 197/204/196 156/205/197
f 156/205/197 197/204/196 198/206/198
f 156/205/197 198/206/198 155/207/199
f 155/207/199 198/206/198 199/208/200
f 155/207/199 199/208/200 154/159/153
f 154/159/153 199/208/200 200/160/154
f 202/209/201 248/210/202 201/211/203
f 201/211/203 248/210/202 225/212/204
f 201/211/203 225/212/204 224/213/205
f 224/213/205 225/212/204 226/214/206
f 224/213/205 226/214/206 223/215/207
f 223/215/207 226/214/206 227/216/208
f 223/215/207 227/216/208 222/217/209
f 222/217/209 227/216/208 228/218/210
f 222/217/209 228/218/210 221/219/211
f 221/219/211 228/218/210 229/220/212
f 221/219/211 229/220/212 220/221/213
f 220/221/213 229/220/212 230/222/214
f 220/221/213 230/222/214 219/223/215
f 219/223/215 230/222/214 231/224/216
f 219/223/215 231/224/216 218/225/217
f 218/225/217 231/224/216 232/226/218
f 218/225/217 232/226/218 217/227/219
f 217/227/219 232/226/218 233/228/220
f 217/227/219 233/228/220 216/229/221
f 216/229/221 233/228/220 234/230/222
f 216/229/221 234/230/222 215/231/223
f 215/231/223 234/230/222 235/232/224
f 215/231/223 235/232/224 214/233/225
f 214/233/225 235/232/224 236/234/226
f 214/233/225 236/234/226 213/235/227
f 213/235/227 236/234/226 237/236/228
f 213/237/227 237/238/228 212/239/229
f 212/239/229 237/238/228 238/240/230
f 212/239/229 238/240/230 211/241/231
f 211/241/231 238/240/230 239/242/232
f 211/241/231 239/242/232 210/243/233
f 210/243/233 239/242/232 240/244/234
f 210/243/233 240/244/234 209/245/235
f 209/245/235 240/244/234 241/246/236
f 209/245/235 241/246/236 208/247/237
f 208/247/237 241/246/236 242/248/238
f 208/247/237 242/248/238 207/249/239
f 207/249/239 242/248/238 243/250/240
f 207/249/239 243/250/240 206/251/241
f 206/251/241 243/250/240 244/252/242
f 206/251/241 244/252/242 205/253/243
f 205/253/243 244/252/242 245/254/244
f 205/253/243 245/254/244 204/255/245
f 204/255/245 245/254/244 246/256/246
f 204/255/245 246/256/246 203/257/247
f 203/257/247 246/256/246 247/258/248
f 203/257/247 247/258/248 202/209/201
f 202/209/201 247/258/248 248/210/202
f 274/259/249 249/260/250 273/261/251
f 273/261/251 249/260/250 250/262/252
f 273/261/251 250/262/252 272/263/253
f 272/263/253 250/262/252 251/264/254
f 272/263/253 251/264/254 271/265/255
f 271/265/255 251/264/254 252/266/256
f 271/265/255 252/266/256 270/267/257
f 270/267/257 252/266/256 253/268/258
f 270/267/257 253/268/258 269/269/259
f 269/269/259 253/268/258 254/270/260
f 269/269/259 254/270/260 268/271/261
f 268/271/261 254/270/260 255/272/262
f 268/271/261 255/272/262 267/273/263
f 267/273/263 255/272/262 256/274/264
f 267/273/263 256/274/264 266/275/265
f 266/275/265 256/274/264 257/276/266
f 266/275/265 257/276/266 265/277/267
f 265/277/267 257/276/266 258/278/268
f 265/277/267 258/278/268 264/279/269
f 264/279/269 258/278/268 259/280/270
f 264/279/269 259/280/270 263/281/271
f 263/281/271 259/280/270 260/282/272
f 263/281/271 260/282/272 262/283/273
f 262/283/273 260/282/272 261/284/274
f 276/285/275 313/286/276 275/287/277
f 275/287/277 313/286/276 314/288/278
f 275/287/277 314/288/278 304/289/279
f 304/289/279 314/288/278 315/290/280
f 304/289/279 315/290/280 303/291/281
f 303/291/281 315/290/280 316/292/282
f 303/291/281 316/292/282 302/293/283
f 302/293/283 316/292/282 317/294/284
f 302/293/283 317/294/284 301/295/285
f 301/295/285 317/294/284 318/296/286
f 301/295/285 318/296/286 300/297/287
f 300/297/287 318/296/286 319/298/288
f 300/297/287 319/298/288 299/299/289
f 299/299/289 319/298/288 320/300/290
f 299/299/289 320/300/290 298/301/291
f 298/302/291 320/303/290 297/304/292
f 297/304/292 320/303/290 321/305/293
f 297/304/292 321/305/293 296/306/294
f 296/306/294 321/305/293 322/307/295
f 296/306/294 322/307/295 295/308/296
f 295/308/296 322/307/295 323/309/297
f 295/308/296 323/309/297 294/310/298
f 294/310/298 323/309/297 324/311/299
f 294/310/298 324/311/299 293/312/300
f 293/312/300 324/311/299 325/313/301
f 293/312/300 325/313/301 292/314/302
f 292/314/302 325/313/301 326/315/303
f 292/314/302 326/315/303 291/316/304
f 291/316/304 326/315/303 327/317/305
f 291/316/304 327/317/305 290/318/306
f 290/318/306 327/317/305 328/319/307
f 290/318/306 328/319/307 289/320/308
f 289/320/308 328/319/307 329/321/309
f 289/320/308 329/321/309 288/322/310
f 288/322/310 329/321/309 287/323/311
f 287/323/311 329/321/309 330/324/312
f 287/323/311 330/324/312 286/325/313
f 286/325/313 330/324/312 285/326/314
f 285/326/314 330/324/312 305/327/315
f 285/326/314 305/327/315 284/328/316
f 284/328/316 305/327/315 306/329/317
f 284/328/316 306/329/317 283/330/318
f 283/330/318 306/329/317 307/331/319
f 283/330/318 307/331/319 308/332/320
f 313/286/276 276/285/275 312/333/321
f 312/333/321 276/285/275 277/334/322
f 312/333/321 277/334/322 311/335/323
f 311/335/323 277/334/322 278/336/324
f 311/335/323 278/336/324 279/337/325
f 311/335/323 279/337/325 310/338/326
f 310/338/326 279/337/325 280/339/327
f 310/338/326 280/339/327 281/340/328
f 310/338/326 281/340/328 309/341/329
f 309/341/329 281/340/328 282/342/330
f 309/341/329 282/342/330 308/332/320
f 308/332/320 282/342/330 283/330/318
f 332/343/331 378/344/332 331/345/333
f 331/345/333 378/344/332 355/346/334
f 331/345/333 355/346/334 354/347/335
f 354/347/335 355/346/334 356/348/336
f 354/347/335 356/348/336 353/349/337
f 353/349/337 356/348/336 357/350/338
f 353/349/337 357/350/338 352/351/339
f 352/351/339 357/350/338 358/352/340
f 352/351/339 358/352/340 351/353/341
f 351/353/341 358/352/340 359/354/342
f 351/353/341 359/354/342 350/355/343
f 350/355/343 359/354/342 360/356/344
f 350/355/343 360/356/344 349/357/345
f 349/357/345 360/356/344 361/358/346
f 349/357/345 361/358/346 348/359/347
f 348/359/347 361/358/346 362/360/348
f 348/359/347 362/360/348 347/361/349
f 347/361/349 362/360/348 363/362/350
f 347/361/349 363/362/350 346/363/351
f 346/363/351 363/362/350 364/364/352
f 346/363/351 364/364/352 345/365/353
f 345/365/353 364/364/352 365/366/354
f 345/365/353 365/366/354 344/367/355
f 344/367/355 365/366/354 366/368/356
f 344/367/355 366/368/356 343/369/357
f 343/369/357 366/368/356 367/370/358
f 343/371/357 367/372/358 342/373/359
f 342/373/359 367/372/358 368/374/360
f 342/373/359 368/374/360 341/375/361
f 341/375/361 368/374/360 369/376/362
f 341/375/361 369/376/362 340/377/363
f 340/377/363 369/376/362 370/378/364
f 340/377/363 370/378/364 339/379/365
f 339/379/365 370/378/364 371/380/366
f 339/379/365 371/380/366 338/381/367
f 338/381/367 371/380/366 372/382/368
f 338/381/367 372/382/368 337/383/369
f 337/383/369 372/382/368 373/384/370
f 337/383/369 373/384/370 336/385/371
f 336/385/371 373/384/370 374/386/372
f 336/385/371 374/386/372 335/387/373
f 335/387/373 374/386/372 375/388/374
f 335/387/373 375/388/374 334/389/375
f 334/389/375 375/388/374 376/390/376
f 334/389/375 376/390/376 333/391/377
f 333/391/377 376/390/376 377/392/378
f 333/391/377 377/392/378 332/343/331
f 332/343/331 377/392/378 378/344/332
f 380/393/379 426/394/380 379/395/381
f 379/395/381 426/394/380 403/396/382
f 379/395/381 403/396/382 402/397/383
f 402/397/383 403/396/382 404/398/384
f 402/397/383 404/398/384 401/399/385
f 401/399/385 404/398/384 405/400/386
f 401/399/385 405/400/386 400/401/387
f 400/401/387 405/400/386 406/402/388
f 400/401/387 406/402/388 399/403/389
f 399/403/389 406/402/388 407/404/390
f 399/403/389 407/404/390 398/405/391
f 398/405/391 407/404/390 408/406/392
f 398/405/391 408/406/392 397/407/393
f 397/407/393 408/406/392 409/408/394
f 397/407/393 409/408/394 396/409/395
f 396/409/395 409/408/394 410/410/396
f 396/409/395 410/410/396 395/411/397
f 395/411/397 410/410/396 411/412/398
f 395/411/397 411/412/398 394/413/399
f 394/413/399 411/412/398 412/414/400
f 394/413/399 412/414/400 393/415/401
f 393/415/401 412/414/400 413/416/402
f 393/415/401 413/416/402 392/417/403
f 392/417/403 413/416/402 414/418/404
f 392/417/403 414/418/404 391/419/405
f 391/419/405 414/418/404 415/420/406
f 391/421/405 415/422/406 390/423/407
f 390/423/407 415/422/406 416/424/408
f 390/423/407 416/424/408 389/425/409
f 389/425/409 416/424/408 417/426/410
f 389/425/409 417/426/410 388/427/411
f 388/427/411 417/426/410 418/428/412
f 388/427/411 418/428/412 387/429/413
f 387/429/413 418/428/412 419/430/414
f 387/429/413 419/430/414 386/431/415
f 386/431/415 419/430/414 420/432/416
f 386/431/415 420/432/416 385/433/417
f 385/433/417 420/432/416 421/434/418
f 385/433/417 421/434/418 384/435/419
f 384/435/419 421/434/418 422/436/420
f 384/435/419 422/436/420 383/437/421
f 383/437/421 422/436/420 423/438/422
f 383/437/421 423/438/422 382/439/423
f 382/439/423 423/438/422 424/440/424
f 382/439/423 424/440/424 381/441/425
f 381/441/425 424/440/424 425/442/426
f 381/441/425 425/442/426 380/393/379
f 380/393/379 425/442/426 426/394/380
f 428/443/427 474/444/428 427/445/429
f 427/445/429 474/444/428 451/446/430
f 427/445/429 451/446/430 450/447/431
f 450/447/431 451/446/430 452/448/432
f 450/447/431 452/448/432 449/449/433
f 449/449/433 452/448/432 453/450/434
f 449/449/433 453/450/434 448/451/435
f 448/451/435 453/450/434 454/452/436
f 448/451/435 454/452/436 447/453/437
f 447/453/437 454/452/436 455/454/438
f 447/453/437 455/454/438 446/455/439
f 446/455/439 455/454/438 456/456/440
f 446/455/439 456/456/440 445/457/441
f 445/457/441 456/456/440 457/458/442
f 445/457/441 457/458/442 444/459/443
f 444/459/443 457/458/442 458/460/444
f 444/459/443 458/460/444 443/461/445
f 443/461/445 458/460/444 459/462/446
f 443/461/445 459/462/446 442/463/447
f 442/463/447 459/462/446 460/464/448
f 442/463/447 460/464/448 441/465/449
f 441/465/449 460/464/448 461/466/450
f 441/465/449 461/466/450 440/467/451
f 440/467/451 461/466/450 462/468/452
f 440/467/451 462/468/452 439/469/453
f 439/469/453 462/468/452 463/470/454
f 439/471/453 463/472/454 438/473/455
f 438/473/455 463/472/454 464/474/456
f 438/473/455 464/474/456 437/475/457
f 437/475/457 464/474/456 465/476/458
f 437/475/457 465/476/458 436/477/459
f 436/477/459 465/476/458 466/478/460
f 436/477/459 466/478/460 435/479/461
f 435/479/461 466/478/460 467/480/462
f 435/479/461 467/480/462 434/481/463
f 434/481/463 467/480/462 468/482/464
f 434/481/463 468/482/464 433/483/465
f 433/483/465 468/482/464 469/484/466
f 433/483/465 469/484/466 432/485/467
f 432/485/467 469/484/466 470/486/468
f 432/485/467 470/486/468 431/487/469
f 431/487/469 470/486/468 471/488/470
f 431/487/469 471/488/470 430/489/471
f 430/489/471 471/488/470 472/490/472
f 430/489/471 472/490/472 429/491/473
f 429/491/473 472/490/472 473/492/474
f 429/491/473 473/492/474 428/443/427
f 428/443/427 473/492/474 474/444/428
f 476/493/475 522/494/476 475/495/477
f 475/495/477 522/494/476 499/496/478
f 475/495/477 499/496/478 498/497/479
f 498/497/479 499/496/478 500/498/480
f 498/497/479 500/498/480 497/499/481
f 497/499/481 500/498/480 501/500/482
f 497/499/481 501/500/482 496/501/483
f 496/501/483 501/500/482 502/502/484
f 496/501/483 502/502/484 495/503/485
f 495/503/485 502/502/484 503/504/486
f 495/503/485 503/504/486 494/505/487
f 494/505/487 503/504/486 504/506/488
f 494/505/487 504/506/488 493/507/489
f 493/507/489 504/506/488 505/508/490
f 493/507/489 505/508/490 492/509/491
f 492/509/491 505/508/490 506/510/492
f 492/509/491 506/510/492 491/511/493
f 491/511/493 506/510/492 507/512/494
f 491/511/493 507/512/494 490/513/495
f 490/513/495 507/512/494 508/514/496
f 490/513/495 508/514/496 489/515/497
f 489/515/497 508/514/496 509/516/498
f 489/515/497 509/516/498 488/517/499
f 488/517/499 509/516/498 510/518/500
f 488/517/499 510/518/500 487/519/501
f 487/519/501 510/518/500 511/520/502
f 487/521/501 511/522/502 486/523/503
f 486/523/503 511/522/502 512/524/504
f 486/523/503 512/524/504 485/525/505
f 485/525/505 512/524/504 513/526/506
f 485/525/505 513/526/506 484/527/507
f 484/527/507 513/526/506 514/528/508
f 484/527/507 514/528/508 483/529/509
f 483/529/509 514/528/508 515/530/510
f 483/529/509 515/530/510 482/531/511
f 482/531/511 515/530/510 516/532/512
f 482/531/511 516/532/512 481/533/513
f 481/533/513 516/532/512 517/534/514
f 481/533/513 517/534/514 480/535/515
f 480/535/515 517/534/514 518/536/516
f 480/535/515 518/536/516 479/537/517
f 479/537/517 518/536/516 519/538/518
f 479/537/517 519/538/518 478/539/519
f 478/539/519 519/538/518 520/540/520
f 478/539/519 520/540/520 477/541/521
f 477/541/521 520/540/520 521/542/522
f 477/541/521 521/542/522 476/493/475
f 476/493/475 521/542/522 522/494/476
f 524/543/523 570/544/524 523/545/525
f 523/545/525 570/544/524 547/546/526
f 523/545/525 547/546/526 546/547/527
f 546/547/527 547/546/526 548/548/528
f 546/547/527 548/548/528 545/549/529
f 545/549/529 548/548/528 549/550/530
f 545/549/529 549/550/530 544/551/531
f 544/551/531 549/550/530 550/552/532
f 544/551/531 550/552/532 543/553/533
f 543/553/533 550/552/532 551/554/534
f 543/553/533 551/554/534 542/555/535
f 542/555/535 551/554/534 552/556/536
f 542/555/535 552/556/536 541/557/537
f 541/557/537 552/556/536 553/558/538
f 541/557/537 553/558/538 540/559/539
f 540/559/539 553/558/538 554/560/540
f 540/559/539 554/560/540 539/561/541
f 539/561/541 554/560/540 555/562/542
f 539/561/541 555/562/542 538/563/543
f 538/563/543 555/562/542 556/564/544
f 538/563/543 556/564/544 537/565/545
f 537/565/545 556/564/544 557/566/546
f 537/565/545 557/566/546 536/567/547
f 536/567/547 557/566/546 558/568/548
f 536/567/547 558/568/548 535/569/549
f 535/569/549 558/568/548 559/570/550
f 535/571/549 559/572/550 534/573/551
f 534/573/551 559/572/550 560/574/552
f 534/573/551 560/574/552 533/575/553
f 533/575/553 560/574/552 561/576/554
f 533/575/553 561/576/554 532/577/555
f 532/577/555 561/576/554 562/578/556
f 532/577/555 562/578/556 531/579/557
f 531/579/557 562/578/556 563/580/558
f 531/579/557 563/580/558 530/581/559
f 530/581/559 563/580/558 564/582/560
f 530/581/559 564/582/560 529/583/561
f 529/583/561 564/582/560 565/584/562
f 529/583/561 565/584/562 528/585/563
f 528/585/563 565/584/562 566/586/564
f 528/585/563 566/586/564 527/587/565
f 527/587/565 566/586/564 567/588/566
f 527/587/565 567/588/566 526/589/567
f 526/589/567 567/588/566 568/590/568
f 526/589/567 568/590/568 525/591/569
f 525/591/569 568/590/568 569/592/570
f 525/591/569 569/592/570 524/543/523
f 524/543/523 569/592/570 570/544/524
f 572/593/571 618/594/572 571/595/573
f 571/595/573 618/594/572 595/596/574
f 571/595/573 595/596/574 594/597/575
f 594/597/575 595/596/574 596/598/576
f 594/597/575 596/598/576 593/599/577
f 593/599/577 596/598/576 597/600/578
f 593/599/577 597/600/578 592/601/579
f 592/601/579 597/600/578 598/602/580
f 592/601/579 598/602/580 591/603/581
f 591/603/581 598/602/580 599/604/582
f 591/603/581 599/604/582 590/605/583
f 590/605/583 599/604/582 600/606/584
f 590/605/583 600/606/584 589/607/585
f 589/607/585 600/606/584 601/608/586
f 589/607/585 601/608/586 588/609/587
f 588/609/587 601/608/586 602/610/588
f 588/609/587 602/610/588 587/611/589
f 587/611/589 602/610/588 603/612/590
f 587/611/589 603/612/590 586/613/591
f 586/613/591 603/612/590 604/614/592
f 586/613/591 604/614/592 585/615/593
f 585/615/593 604/614/592 605/616/594
f 585/615/593 605/616/594 584/617/595
f 584/617/595 605/616/594 606/618/596
f 584/617/595 606/618/596 583/619/597
f 583/619/597 606/618/596 607/620/598
f 583/621/597 607/622/598 582/623/599
f 582/623/599 607/622/598 608/624/600
f 582/623/599 608/624/600 581/625/601
f 581/625/601 608/624/600 609/626/602
f 581/625/601 609/626/602 580/627/603
f 580/627/603 609/626/602 610/628/604
f 580/627/603 610/628/604 579/629/605
f 579/629/605 610/628/604 611/630/606
f 579/629/605 611/630/606 578/631/607
f 578/631/607 611/630/606 612/632/608
f 578/631/607 612/632/608 577/633/609
f 577/633/609 612/632/608 613/634/610
f 577/633/609 613/634/610 576/635/611
f 576/635/611 613/634/610 614/636/612
f 576/635/611 614/636/612 575/637/613
f 575/637/613 614/636/612 615/638/614
f 575/637/613 615/638/614 574/639/615
f 574/639/615 615/638/614 616/640/616
f 574/639/615 616/640/616 573/641/617
f 573/641/617 616/640/616 617/642/618
f 573/641/617 617/642/618 572/593/571
f 572/593/571 617/642/618 618/594/572
f 620/643/619 666/644/620 619/645/621
f 619/645/621 666/644/620 643/646/622
f 619/645/621 643/646/622 642/647/623
f 642/647/623 643/646/622 644/648/624
f 642/647/623 644/648/624 641/649/625
f 641/649/625 644/648/624 645/650/626
f 641/649/625 645/650/626 640/651/627
f 640/651/627 645/650/626 646/652/628
f 640/651/627 646/652/628 639/653/629
f 639/653/629 646/652/628 647/654/630
f 639/653/629 647/654/630 638/655/631
f 638/655/631 647/654/630 648/656/632
f 638/655/631 648/656/632 637/657/633
f 637/657/633 648/656/632 649/658/634
f 637/657/633 649/658/634 636/659/635
f 636/659/635 649/658/634 650/660/636
f 636/659/635 650/660/636 635/661/637
f 635/661/637 650/660/636 651/662/638
f 635/661/637 651/662/638 634/663/639
f 634/663/639 651/662/638 652/664/640
f 634/663/639 652/664/640 633/665/641
f 633/665/641 652/664/640 653/666/642
f 633/665/641 653/666/642 632/667/643
f 632/667/643 653/666/642 654/668/644
f 632/667/643 654/668/644 631/669/645
f 631/669/645 654/668/644 655/670/646
f 631/671/645 655/672/646 630/673/647
f 630/673/647 655/672/646 656/674/648
f 630/673/647 656/674/648 629/675/649
f 629/675/649 656/674/648 657/676/650
f 629/675/649 657/676/650 628/677/651
f 628/677/651 657/676/650 658/678/652
f 628/677/651 658/678/652 627/679/653
f 627/679/653 658/678/652 659/680/654
f 627/679/653 659/680/654 626/681/655
f 626/681/655 659/680/654 660/682/656
f 626/681/655 660/682/656 625/683/657
f 625/683/657 660/682/656 661/684/658
f 625/683/657 661/684/658 624/685/659
f 624/685/659 661/684/658 662/686/660
f 624/685/659 662/686/660 623/687/661
f 623/687/661 662/686/660 663/688/662
f 623/687/661 663/688/662 622/689/663
f 622/689/663 663/688/662 664/690/664
f 622/689/663 664/690/664 621/691/665
f 621/691/665 664/690/664 665/692/666
f 621/691/665 665/692/666 620/643/619
f 620/643/619 665/692/666 666/644/620
f 668/693/667 714/694/668 667/695/669
f 667/695/669 714/694/668 691/696/670
f 667/695/669 691/696/670 690/697/671
f 690/697/671 691/696/670 692/698/672
f 690/697/671 692/698/672 689/699/673
f 689/699/673 692/698/672 693/700/674
f 689/699/673 693/700/674 688/701/675
f 688/701/675 693/700/674 694/702/676
f 688/701/675 694/702/676 687/703/677
f 687/703/677 694/702/676 695/704/678
f 687/703/677 695/704/678 686/705/679
f 686/705/679 695/704/678 696/706/680
f 686/705/679 696/706/680 685/707/681
f 685/707/681 696/706/680 697/708/682
f 685/707/681 697/708/682 684/709/683
f 684/709/683 697/708/682 698/710/684
f 684/709/683 698/710/684 683/711/685
f 683/711/685 698/710/684 699/712/686
f 683/711/685 699/712/686 682/713/687
f 682/713/687 699/712/686 700/714/688
f 682/713/687 700/714/688 681/715/689
f 681/715/689 700/714/688 701/716/690
f 681/715/689 701/716/690 680/717/691
f 680/717/691 701/716/690 702/718/692
f 680/717/691 702/718/692 679/719/693
f 679/719/693 702/718/692 703/720/694
f 679/721/693 703/722/694 678/723/695
f 678/723/695 703/722/694 704/724/696
f 678/723/695 704/724/696 677/725/697
f 677/725/697 704/724/696 705/726/698
f 677/725/697 705/726/698 676/727/699
f 676/727/699 705/726/698 706/728/700
f 676/727/699 706/728/700 675/729/701
f 675/729/701 706/728/700 707/730/702
f 675/729/701 707/730/702 674/731/703
f 674/731/703 707/730/702 708/732/704
f 674/731/703 708/732/704 673/733/705
f 673/733/705 708/732/704 709/734/706
f 673/733/705 709/734/706 672/735/707
f 672/735/707 709/734/706 710/736/708
f 672/735/707 710/736/708 671/737/709
f 671/737/709 710/736/708 711/738/710
f 671/737/709 711/738/710 670/739/711
f 670/739/711 711/738/710 712/740/712
f 670/739/711 712/740/712 669/741/713
f 669/741/713 712/740/712 713/742/714
f 669/741/713 713/742/714 668/693/667
f 668/693/667 713/742/714 714/694/668
f 716/743/715 762/744/716 715/745/717
f 715/745/717 762/744/716 739/746/718
f 715/745/717 739/746/718 738/747/719
f 738/747/719 739/746/718 740/748/720
f 738/747/719 740/748/720 737/749/721
f 737/749/721 740/748/720 741/750/722
f 737/749/721 741/750/722 736/751/723
f 736/751/723 741/750/722 742/752/724
f 736/751/723 742/752/724 735/753/725
f 735/753/725 742/752/724 743/754/726
f 735/753/725 743/754/726 734/755/727
f 734/755/727 743/754/726 744/756/728
f 734/755/727 744/756/728 733/757/729
f 733/757/729 744/756/728 745/758/730
f 733/757/729 745/758/730 732/759/731
f 732/759/731 745/758/730 746/760/732
f 732/759/731 746/760/732 731/761/733
f 731/761/733 746/760/732 747/762/734
f 731/761/733 747/762/734 730/763/735
f 730/763/735 747/762/734 748/764/736
f 730/763/735 748/764/736 729/765/737
f 729/765/737 748/764/736 749/766/738
f 729/765/737 749/766/738 728/767/739
f 728/767/739 749/766/738 750/768/740
f 728/767/739 750/768/740 727/769/741
f 727/769/741 750/768/740 751/770/742
f 727/771/741 751/772/742 726/773/743
f 726/773/743 751/772/742 752/774/744
f 726/773/743 752/774/744 725/775/745
f 725/775/745 752/774/744 753/776/746
f 725/775/745 753/776/746 724/777/747
f 724/777/747 753/776/746 754/778/748
f 724/777/747 754/778/748 723/779/749
f 723/779/749 754/778/748 755/780/750
f 723/779/749 755/780/750 722/781/751
f 722/781/751 755/780/750 756/782/752
f 722/781/751 756/782/752 721/783/753
f 721/783/753 756/782/752 757/784/754
f 721/783/753 757/784/754 720/785/755
f 720/785/755 757/784/754 758/786/756
f 720/785/755 758/786/756 719/787/757
f 719/787/757 758/786/756 759/788/758
f 719/787/757 759/788/758 718/789/759
f 718/789/759 759/788/758 760/790/760
f 718/789/759 760/790/760 717/791/761
f 717/791/761 760/790/760 761/792/762
f 717/791/761 761/792/762 716/743/715
f 716/743/715 761/792/762 762/744/716
f 764/793/763 810/794/764 763/795/765
f 763/795/765 810/794/764 787/796/766
f 763/795/765 787/796/766 786/797/767
f 786/797/767 787/796/766 788/798/768
f 786/797/767 788/798/768 785/799/769
f 785/799/769 788/798/768 789/800/770
f 785/799/769 789/800/770 784/801/771
f 784/801/771 789/800/770 790/802/772
f 784/801/771 790/802/772 783/803/773
f 783/803/773 790/802/772 791/804/774
f 783/803/773 791/804/774 782/805/775
f 782/805/775 791/804/774 792/806/776
f 782/805/775 792/806/776 781/807/777
f 781/807/777 792/806/776 793/808/778
f 781/807/777 793/808/778 780/809/779
f 780/809/779 793/808/778 794/810/780
f 780/809/779 794/810/780 779/811/781
f 779/811/781 794/810/780 795/812/782
f 779/811/781 795/812/782 778/813/783
f 778/813/783 795/812/782 796/814/784
f 778/813/783 796/814/784 777/815/785
f 777/815/785 796/814/784 797/816/786
f 777/815/785 797/816/786 776/817/787
f 776/817/787 797/816/786 798/818/788
f 776/817/787 798/818/788 775/819/789
f 775/819/789 798/818/788 799/820/790
f 775/821/789 799/822/790 774/823/791
f 774/823/791 799/822/790 800/824/792
f 774/823/791 800/824/792 773/825/793
f 773/825/793 800/824/792 801/826/794
f 773/825/793 801/826/794 772/827/795
f 772/827/795 801/826/794 802/828/796
f 772/827/795 802/828/796 771/829/797
f 771/829/797 802/828/796 803/830/798
f 771/829/797 803/830/798 770/831/799
f 770/831/799 803/830/798 804/832/800
f 770/831/799 804/832/800 769/833/801
f 769/833/801 804/832/800 805/834/802
f 769/833/801 805/834/802 768/835/803
f 768/835/803 805/834/802 806/836/804
f 768/835/803 806/836/804 767/837/805
f 767/837/805 806/836/804 807/838/806
f 767/837/805 807/838/806 766/839/807
f 766/839/807 807/838/806 808/840/808
f 766/839/807 808/840/808 765/841/809
f 765/841/809 808/840/808 809/842/810
f 765/841/809 809/842/810 764/793/763
f 764/793/763 809/842/810 810/794/764
f 812/843/811 858/844/812 811/845/813
f 811/845/813 858/844/812 835/846/814
f 811/845/813 835/846/814 834/847/815
f 834/847/815 835/846/814 836/848/816
f 834/847/815 836/848/816 833/849/817
f 833/849/817 836/848/816 837/850/818
f 833/849/817 837/850/818 832/851/819
f 832/851/819 837/850/818 838/852/820
f 832/851/819 838/852/820 831/853/821
f 831/853/821 838/852/820 839/854/822
f 831/853/821 839/854/822 830/855/823
f 830/855/823 839/854/822 840/856/824
f 830/855/823 840/856/824 829/857/825
f 829/857/825 840/856/824 841/858/826
f 829/857/825 841/858/826 828/859/827
f 828/859/827 841/858/826 842/860/828
f 828/859/827 842/860/828 827/861/829
f 827/861/829 842/860/828 843/862/830
f 827/861/829 843/862/830 826/863/831
f 826/863/831 843/862/830 844/864/832
f 826/863/831 844/864/832 825/865/833
f 825/865/833 844/864/832 845/866/834
f 825/865/833 845/866/834 824/867/835
f 824/867/835 845/866/834 846/868/836
f 824/867/835 846/868/836 823/869/837
f 823/869/837 846/868/836 847/870/838
f 823/871/837 847/872/838 822/873/839
f 822/873/839 847/872/838 848/874/840
f 822/873/839 848/874/840 821/875/841
f 821/875/841 848/874/840 849/876/842
f 821/875/841 849/876/842 820/877/843
f 820/877/843 849/876/842 850/878/844
f 820/877/843 850/878/844 819/879/845
f 819/879/845 850/878/844 851/880/846
f 819/879/845 851/880/846 818/881/847
f 818/881/847 851/880/846 852/882/848
f 818/881/847 852/882/848 817/883/849
f 817/883/849 852/882/848 853/884/850
f 817/883/849 853/884/850 816/885/851
f 816/885/851 853/884/850 854/886/852
f 816/885/851 854/886/852 815/887/853
f 815/887/853 854/886/852 855/888/854
f 815/887/853 855/888/854 814/889/855
f 814/889/855 855/888/854 856/890/856
f 814/889/855 856/890/856 813/891/857
f 813/891/857 856/890/856 857/892/858
f 813/891/857 857/892/858 812/843/811
f 812/843/811 857/892/858 858/844/812
f 860/893/859 906/894/860 859/895/861
f 859/895/861 906/894/860 883/896/862
f 859/895/861 883/896/862 882/897/863
f 882/897/863 883/896/862 884/898/864
f 882/897/863 884/898/864 881/899/865
f 881/899/865 884/898/864 885/900/866
f 881/899/865 885/900/866 880/901/867
f 880/901/867 885/900/866 886/902/868
f 880/901/867 886/902/868 879/903/869
f 879/903/869 886/902/868 887/904/870
f 879/903/869 887/904/870 878/905/871
f 878/905/871 887/904/870 888/906/872
f 878/905/871 888/906/872 877/907/873
f 877/907/873 888/906/872 889/908/874
f 877/907/873 889/908/874 876/909/875
f 876/909/875 889/908/874 890/910/876
f 876/909/875 890/910/876 875/911/877
f 875/911/877 890/910/876 891/912/878
f 875/911/877 891/912/878 874/913/879
f 874/913/879 891/912/878 892/914/880
f 874/913/879 892/914/880 873/915/881
f 873/915/881 892/914/880 893/916/882
f 873/915/881 893/916/882 872/917/883
f 872/917/883 893/916/882 894/918/884
f 872/917/883 894/918/884 871/919/885
f 871/919/885 894/918/884 895/920/886
f 871/921/885 895/922/886 870/923/887
f 870/923/887 895/922/886 896/924/888
f 870/923/887 896/924/888 869/925/889
f 869/925/889 896/924/888 897/926/890
f 869/925/889 897/926/890 868/927/891
f 868/927/891 897/926/890 898/928/892
f 868/927/891 898/928/892 867/929/893
f 867/929/893 898/928/892 899/930/894
f 867/929/893 899/930/894 866/931/895
f 866/931/895 899/930/894 900/932/896
f 866/931/895 900/932/896 865/933/897
f 865/933/897 900/932/896 901/934/898
f 865/933/897 901/934/898 864/935/899
f 864/935/899 901/934/898 902/936/900
f 864/935/899 902/936/900 863/937/901
f 863/937/901 902/936/900 903/938/902
f 863/937/901 903/938/902 862/939/903
f 862/939/903 903/938/902 904/940/904
f 862/939/903 904/940/904 861/941/905
f 861/941/905 904/940/904 905/942/906
f 861/941/905 905/942/906 860/893/859
f 860/893/859 905/942/906 906/894/860
f 907/943/907 908/944/908 936/945/909
f 936/945/909 908/944/908 935/946/910
f 935/946/910 908/944/908 909/947/911
f 935/946/910 909/947/911 934/948/912
f 934/948/912 909/947/911 910/949/913
f 934/948/912 910/949/913 933/950/914
f 933/950/914 910/949/913 911/951/915
f 933/950/914 911/951/915 912/952/916
f 933/950/914 912/952/916 932/953/917
f 932/953/917 912/952/916 913/954/918
f 932/953/917 913/954/918 931/955/919
f 931/955/919 913/954/918 914/956/920
f 931/955/919 914/956/920 915/957/921
f 931/955/919 915/957/921 930/958/922
f 930/958/922 915/957/921 916/959/923
f 930/958/922 916/959/923 929/960/924
f 929/960/924 916/959/923 928/961/925
f 928/961/925 916/959/923 917/962/926
f 928/961/925 917/962/926 918/963/927
f 928/961/925 918/963/927 927/964/928
f 927/964/928 918/963/927 919/965/929
f 927/964/928 919/965/929 926/966/930
f 926/966/930 919/965/929 920/967/931
f 926/966/930 920/967/931 921/968/932
f 926/966/930 921/968/932 925/969/933
f 925/969/933 921/968/932 922/970/934
f 925/969/933 922/970/934 924/971/935
f 924/971/935 922/970/934 249/972/250
f 924/971/935 249/972/250 923/973/936
f 923/973/936 249/972/250 274/974/249
f 937/975/937 36/976/938 908/977/939
f 908/977/939 36/976/938 35/978/940
f 908/977/939 35/978/940 34/979/941
f 938/980/942 38/981/943 937/975/937
f 937/975/937 38/981/943 37/982/944
f 937/975/937 37/982/944 36/976/938
f 38/981/943 938/980/942 39/983/945
f 39/983/945 938/980/942 939/984/946
f 39/983/945 939/984/946 40/985/947
f 40/985/947 939/984/946 41/986/948
f 41/986/948 939/984/946 940/987/949
f 41/986/948 940/987/949 941/988/950
f 41/986/948 941/988/950 42/989/951
f 42/989/951 941/988/950 942/990/952
f 42/989/951 942/990/952 943/991/953
f 42/989/951 943/991/953 43/992/954
f 43/992/954 943/991/953 944/993/955
f 43/992/954 944/993/955 44/994/956
f 44/994/956 944/993/955 945/995/957
f 44/994/956 945/995/957 45/996/958
f 45/996/958 945/995/957 946/997/959
f 45/996/958 946/997/959 46/998/960
f 46/998/960 946/997/959 947/999/961
f 46/998/960 947/999/961 47/1000/962
f 47/1000/962 947/999/961 48/1001/963
f 48/1001/963 947/999/961 948/1002/964
f 48/1001/963 948/1002/964 49/1003/965
f 49/1003/965 948/1002/964 949/1004/966
f 49/1003/965 949/1004/966 50/1005/967
f 50/1005/967 949/1004/966 950/1006/968
f 50/1005/967 950/1006/968 51/1007/969
f 51/1007/969 950/1006/968 951/1008/970
f 51/1007/969 951/1008/970 52/1009/971
f 52/1009/971 951/1008/970 53/1010/972
f 908/977/939 34/979/941 909/1011/973
f 909/1011/973 34/979/941 33/1012/974
f 909/1011/973 33/1012/974 32/1013/975
f 32/1013/975 31/1014/976 909/1011/973
f 952/1015/977 953/1016/978 1/1017/979
f 1/1017/979 953/1016/978 954/1018/980
f 1/1017/979 954/1018/980 955/1019/981
f 1/1017/979 955/1019/981 2/1020/982
f 2/1020/982 955/1019/981 956/1021/983
f 2/1020/982 956/1021/983 3/1022/984
f 3/1022/984 956/1021/983 4/1023/985
f 4/1023/985 956/1021/983 957/1024/986
f 4/1023/985 957/1024/986 5/1025/987
f 5/1025/987 957/1024/986 6/1026/988
f 6/1026/988 957/1024/986 958/1027/989
f 6/1026/988 958/1027/989 7/1028/990
f 7/1028/990 958/1027/989 959/1029/991
f 7/1028/990 959/1029/991 8/1030/992
f 8/1030/992 959/1029/991 960/1031/993
f 8/1030/992 960/1031/993 961/1032/994
f 961/1032/994 962/1033/995 8/1030/992
f 8/1030/992 962/1033/995 963/1034/996
f 8/1030/992 963/1034/996 9/1035/997
f 9/1035/997 963/1034/996 964/1036/998
f 9/1035/997 964/1036/998 10/1037/999
f 10/1037/999 964/1036/998 965/1038/1000
f 10/1037/999 965/1038/1000 11/1039/1001
f 11/1039/1001 965/1038/1000 12/1040/1002
f 12/1040/1002 965/1038/1000 966/1041/1003
f 12/1040/1002 966/1041/1003 13/1042/1004
f 13/1042/1004 966/1041/1003 14/1043/1005
f 14/1043/1005 966/1041/1003 907/1044/1006
f 14/1043/1005 907/1044/1006 15/1045/1007
f 15/1045/1007 907/1044/1006 936/1046/1008
f 968/1047/1009 195/1048/1010 967/1049/1011
f 967/1049/1011 195/1048/1010 194/1050/1012
f 967/1049/1011 194/1050/1012 193/1051/1013
f 969/1052/1014 100/1053/1015 968/1047/1009
f 968/1047/1009 100/1053/1015 99/1054/1016
f 968/1047/1009 99/1054/1016 98/1055/1017
f 969/1052/1014 970/1056/1018 100/1053/1015
f 100/1053/1015 970/1056/1018 101/1057/1019
f 101/1057/1019 970/1056/1018 971/1058/1020
f 101/1057/1019 971/1058/1020 102/1059/1021
f 102/1059/1021 971/1058/1020 972/1060/1022
f 102/1059/1021 972/1060/1022 103/1061/1023
f 103/1061/1023 972/1060/1022 973/1062/1024
f 103/1061/1023 973/1062/1024 104/1063/1025
f 104/1063/1025 973/1062/1024 976/1064/1026
f 104/1063/1025 976/1064/1026 81/1065/1027
f 81/1065/1027 976/1064/1026 82/1066/1028
f 82/1066/1028 976/1064/1026 83/1067/1029
f 83/1067/1029 976/1064/1026 84/1068/1030
f 84/1068/1030 976/1064/1026 85/1069/1031
f 85/1069/1031 976/1064/1026 86/1070/1032
f 86/1070/1032 976/1064/1026 87/1071/1033
f 87/1071/1033 976/1064/1026 88/1072/1034
f 88/1072/1034 976/1064/1026 182/1073/1035
f 88/1072/1034 182/1073/1035 89/1074/1036
f 89/1074/1036 182/1073/1035 181/1075/1037
f 89/1074/1036 181/1075/1037 180/1076/1038
f 973/1062/1024 974/1077/1039 976/1064/1026
f 976/1064/1026 974/1077/1039 930/1078/1040
f 930/1078/1040 974/1077/1039 975/1079/1041
f 930/1078/1040 975/1079/1041 931/1080/1042
f 182/1073/1035 976/1064/1026 183/1081/1043
f 183/1081/1043 976/1064/1026 977/1082/1044
f 183/1081/1043 977/1082/1044 184/1083/1045
f 184/1083/1045 977/1082/1044 185/1084/1046
f 185/1084/1046 977/1082/1044 186/1085/1047
f 186/1085/1047 977/1082/1044 187/1086/1048
f 187/1086/1048 977/1082/1044 188/1087/1049
f 188/1087/1049 977/1082/1044 189/1088/1050
f 189/1088/1050 977/1082/1044 967/1049/1011
f 189/1088/1050 967/1049/1011 190/1089/1051
f 190/1089/1051 967/1049/1011 191/1090/1052
f 191/1090/1052 967/1049/1011 192/1091/1053
f 192/1091/1053 967/1049/1011 193/1051/1013
f 978/1092/1054 983/1093/1055 977/1082/1044
f 977/1082/1044 983/1093/1055 984/1094/1056
f 977/1082/1044 984/1094/1056 985/1095/1057
f 979/1096/1058 980/1097/1059 978/1092/1054
f 978/1092/1054 980/1097/1059 981/1098/1060
f 978/1092/1054 981/1098/1060 982/1099/1061
f 982/1099/1061 983/1093/1055 978/1092/1054
f 985/1095/1057 967/1049/1011 977/1082/1044
f 98/1055/1017 97/1100/1062 968/1047/1009
f 968/1047/1009 97/1100/1062 96/1101/1063
f 968/1047/1009 96/1101/1063 198/1102/1064
f 198/1102/1064 96/1101/1063 95/1103/1065
f 198/1102/1064 95/1103/1065 199/1104/1066
f 199/1104/1066 95/1103/1065 200/1105/1067
f 200/1105/1067 95/1103/1065 94/1106/1068
f 200/1105/1067 94/1106/1068 177/1107/1069
f 177/1107/1069 94/1106/1068 93/1108/1070
f 177/1107/1069 93/1108/1070 92/1109/1071
f 177/1107/1069 92/1109/1071 178/1110/1072
f 178/1110/1072 92/1109/1071 91/1111/1073
f 178/1110/1072 91/1111/1073 179/1112/1074
f 179/1112/1074 91/1111/1073 90/1113/1075
f 179/1112/1074 90/1113/1075 180/1076/1038
f 180/1076/1038 90/1113/1075 89/1074/1036
f 198/1102/1064 197/1114/1076 968/1047/1009
f 968/1047/1009 197/1114/1076 196/1115/1077
f 968/1047/1009 196/1115/1077 195/1048/1010
f 922/1116/1078 328/1117/1079 249/1118/1080
f 249/1118/1080 328/1117/1079 327/1119/1081
f 249/1118/1080 327/1119/1081 326/1120/1082
f 305/1121/1083 330/1122/1084 922/1116/1078
f 922/1116/1078 330/1122/1084 329/1123/1085
f 922/1116/1078 329/1123/1085 328/1117/1079
f 249/1118/1080 326/1120/1082 250/1124/1086
f 250/1124/1086 326/1120/1082 325/1125/1087
f 250/1124/1086 325/1125/1087 324/1126/1088
f 250/1124/1086 324/1126/1088 251/1127/1089
f 251/1127/1089 324/1126/1088 323/1128/1090
f 251/1127/1089 323/1128/1090 252/1129/1091
f 252/1129/1091 323/1128/1090 322/1130/1092
f 252/1129/1091 322/1130/1092 321/1131/1093
f 320/1132/1094 254/1133/1095 321/1131/1093
f 321/1131/1093 254/1133/1095 253/1134/1096
f 321/1131/1093 253/1134/1096 252/1129/1091
f 319/1135/1097 256/1136/1098 320/1132/1094
f 320/1132/1094 256/1136/1098 255/1137/1099
f 320/1132/1094 255/1137/1099 254/1133/1095
f 256/1136/1098 319/1135/1097 257/1138/1100
f 257/1138/1100 319/1135/1097 318/1139/1101
f 257/1138/1100 318/1139/1101 258/1140/1102
f 258/1140/1102 318/1139/1101 317/1141/1103
f 258/1140/1102 317/1141/1103 259/1142/1104
f 259/1142/1104 317/1141/1103 316/1143/1105
f 259/1142/1104 316/1143/1105 260/1144/1106
f 260/1144/1106 316/1143/1105 315/1145/1107
f 260/1144/1106 315/1145/1107 314/1146/1108
f 260/1144/1106 314/1146/1108 261/1147/1109
f 261/1147/1109 314/1146/1108 313/1148/1110
f 261/1147/1109 313/1148/1110 988/1149/1111
f 988/1149/1111 313/1148/1110 312/1150/1112
f 988/1149/1111 312/1150/1112 987/1151/1113
f 987/1151/1113 312/1150/1112 311/1152/1114
f 987/1151/1113 311/1152/1114 986/1153/1115
f 986/1153/1115 311/1152/1114 310/1154/1116
f 986/1153/1115 310/1154/1116 309/1155/1117
f 273/1156/1118 292/1157/1119 274/1158/1120
f 274/1158/1120 292/1157/1119 291/1159/1121
f 274/1158/1120 291/1159/1121 923/1160/1122
f 272/1161/1123 294/1162/1124 273/1156/1118
f 273/1156/1118 294/1162/1124 293/1163/1125
f 273/1156/1118 293/1163/1125 292/1157/1119
f 271/1164/1126 296/1165/1127 272/1161/1123
f 272/1161/1123 296/1165/1127 295/1166/1128
f 272/1161/1123 295/1166/1128 294/1162/1124
f 296/1165/1127 271/1164/1126 297/1167/1129
f 297/1167/1129 271/1164/1126 270/1168/1130
f 297/1167/1129 270/1168/1130 298/1169/1131
f 298/1169/1131 270/1168/1130 269/1170/1132
f 298/1169/1131 269/1170/1132 268/1171/1133
f 268/1171/1133 267/1172/1134 298/1169/1131
f 298/1169/1131 267/1172/1134 266/1173/1135
f 298/1169/1131 266/1173/1135 299/1174/1136
f 299/1174/1136 266/1173/1135 265/1175/1137
f 299/1174/1136 265/1175/1137 300/1176/1138
f 300/1176/1138 265/1175/1137 264/1177/1139
f 300/1176/1138 264/1177/1139 301/1178/1140
f 301/1178/1140 264/1177/1139 302/1179/1141
f 302/1179/1141 264/1177/1139 263/1180/1142
f 302/1179/1141 263/1180/1142 303/1181/1143
f 303/1181/1143 263/1180/1142 304/1182/1144
f 304/1182/1144 263/1180/1142 262/1183/1145
f 304/1182/1144 262/1183/1145 275/1184/1146
f 275/1184/1146 262/1183/1145 989/1185/1147
f 275/1184/1146 989/1185/1147 990/1186/1148
f 990/1186/1148 991/1187/1149 275/1184/1146
f 976/1188/1150 685/1189/1151 992/1190/1152
f 992/1190/1152 685/1189/1151 684/1191/1153
f 992/1190/1152 684/1191/1153 683/1192/1154
f 930/1193/1155 859/1194/1156 976/1188/1150
f 976/1188/1150 859/1194/1156 882/1195/1157
f 976/1188/1150 882/1195/1157 881/1196/1158
f 929/1197/1159 769/1198/1160 930/1193/1155
f 930/1193/1155 769/1198/1160 768/1199/1161
f 930/1193/1155 768/1199/1161 767/1200/1162
f 992/1190/1152 583/1201/1163 929/1197/1159
f 929/1197/1159 583/1201/1163 582/1202/1164
f 929/1197/1159 582/1202/1164 581/1203/1165
f 594/1204/1166 675/1205/1167 571/1206/1168
f 571/1206/1168 675/1205/1167 674/1207/1169
f 571/1206/1168 674/1207/1169 780/1208/1170
f 780/1208/1170 674/1207/1169 673/1209/1171
f 780/1208/1170 673/1209/1171 781/1210/1172
f 781/1210/1172 673/1209/1171 782/1211/1173
f 782/1211/1173 673/1209/1171 672/1212/1174
f 782/1211/1173 672/1212/1174 871/1213/1175
f 871/1213/1175 672/1212/1174 671/1214/1176
f 871/1213/1175 671/1214/1176 872/1215/1177
f 872/1215/1177 671/1214/1176 670/1216/1178
f 872/1215/1177 670/1216/1178 873/1217/1179
f 873/1217/1179 670/1216/1178 669/1218/1180
f 873/1217/1179 669/1218/1180 874/1219/1181
f 874/1219/1181 669/1218/1180 668/1220/1182
f 874/1219/1181 668/1220/1182 875/1221/1183
f 875/1221/1183 668/1220/1182 667/1222/1184
f 875/1221/1183 667/1222/1184 876/1223/1185
f 876/1223/1185 667/1222/1184 877/1224/1186
f 877/1224/1186 667/1222/1184 690/1225/1187
f 877/1224/1186 690/1225/1187 878/1226/1188
f 878/1226/1188 690/1225/1187 689/1227/1189
f 878/1226/1188 689/1227/1189 976/1188/1150
f 976/1188/1150 689/1227/1189 688/1228/1190
f 976/1188/1150 688/1228/1190 687/1229/1191
f 675/1205/1167 594/1204/1166 676/1230/1192
f 676/1230/1192 594/1204/1166 593/1231/1193
f 676/1230/1192 593/1231/1193 677/1232/1194
f 677/1232/1194 593/1231/1193 592/1233/1195
f 677/1232/1194 592/1233/1195 678/1234/1196
f 678/1234/1196 592/1233/1195 591/1235/1197
f 678/1234/1196 591/1235/1197 679/1236/1198
f 679/1236/1198 591/1235/1197 590/1237/1199
f 679/1236/1198 590/1237/1199 589/1238/1200
f 679/1236/1198 589/1238/1200 680/1239/1201
f 680/1239/1201 589/1238/1200 588/1240/1202
f 680/1239/1201 588/1240/1202 681/1241/1203
f 681/1241/1203 588/1240/1202 992/1190/1152
f 681/1241/1203 992/1190/1152 682/1242/1204
f 682/1242/1204 992/1190/1152 683/1192/1154
f 588/1240/1202 587/1243/1205 992/1190/1152
f 992/1190/1152 587/1243/1205 586/1244/1206
f 992/1190/1152 586/1244/1206 585/1245/1207
f 585/1245/1207 584/1246/1208 992/1190/1152
f 992/1190/1152 584/1246/1208 583/1201/1163
f 581/1203/1165 580/1247/1209 929/1197/1159
f 929/1197/1159 580/1247/1209 579/1248/1210
f 929/1197/1159 579/1248/1210 578/1249/1211
f 929/1197/1159 578/1249/1211 774/1250/1212
f 774/1250/1212 578/1249/1211 577/1251/1213
f 774/1250/1212 577/1251/1213 775/1252/1214
f 775/1252/1214 577/1251/1213 576/1253/1215
f 775/1252/1214 576/1253/1215 575/1254/1216
f 775/1252/1214 575/1254/1216 776/1255/1217
f 776/1255/1217 575/1254/1216 574/1256/1218
f 776/1255/1217 574/1256/1218 777/1257/1219
f 777/1257/1219 574/1256/1218 573/1258/1220
f 777/1257/1219 573/1258/1220 778/1259/1221
f 778/1259/1221 573/1258/1220 572/1260/1222
f 778/1259/1221 572/1260/1222 779/1261/1223
f 779/1261/1223 572/1260/1222 571/1206/1168
f 779/1261/1223 571/1206/1168 780/1208/1170
f 687/1229/1191 686/1262/1224 976/1188/1150
f 976/1188/1150 686/1262/1224 685/1189/1151
f 786/1263/1225 867/1264/1226 763/1265/1227
f 763/1265/1227 867/1264/1226 866/1266/1228
f 763/1265/1227 866/1266/1228 865/1267/1229
f 867/1264/1226 786/1263/1225 868/1268/1230
f 868/1268/1230 786/1263/1225 785/1269/1231
f 868/1268/1230 785/1269/1231 869/1270/1232
f 869/1270/1232 785/1269/1231 784/1271/1233
f 869/1270/1232 784/1271/1233 870/1272/1234
f 870/1272/1234 784/1271/1233 783/1273/1235
f 870/1272/1234 783/1273/1235 871/1213/1175
f 871/1213/1175 783/1273/1235 782/1211/1173
f 774/1250/1212 773/1274/1236 929/1197/1159
f 929/1197/1159 773/1274/1236 772/1275/1237
f 929/1197/1159 772/1275/1237 771/1276/1238
f 771/1276/1238 770/1277/1239 929/1197/1159
f 929/1197/1159 770/1277/1239 769/1198/1160
f 767/1200/1162 766/1278/1240 930/1193/1155
f 930/1193/1155 766/1278/1240 765/1279/1241
f 930/1193/1155 765/1279/1241 764/1280/1242
f 763/1265/1227 865/1267/1229 764/1280/1242
f 764/1280/1242 865/1267/1229 864/1281/1243
f 764/1280/1242 864/1281/1243 930/1193/1155
f 930/1193/1155 864/1281/1243 863/1282/1244
f 930/1193/1155 863/1282/1244 862/1283/1245
f 881/1196/1158 880/1284/1246 976/1188/1150
f 976/1188/1150 880/1284/1246 879/1285/1247
f 976/1188/1150 879/1285/1247 878/1226/1188
f 862/1283/1245 861/1286/1248 930/1193/1155
f 930/1193/1155 861/1286/1248 860/1287/1249
f 930/1193/1155 860/1287/1249 859/1194/1156
f 994/1288/1250 995/1289/1251 993/1290/1252
f 993/1290/1252 995/1289/1251 996/1291/1253
f 993/1290/1252 996/1291/1253 106/1292/1254
f 106/1292/1254 996/1291/1253 107/1293/1255
f 107/1293/1255 996/1291/1253 997/1294/1256
f 107/1293/1255 997/1294/1256 108/1295/1257
f 108/1295/1257 997/1294/1256 998/1296/1258
f 108/1295/1257 998/1296/1258 109/1297/1259
f 109/1297/1259 998/1296/1258 999/1298/1260
f 109/1297/1259 999/1298/1260 110/1299/1261
f 110/1299/1261 999/1298/1260 1000/1300/1262
f 110/1299/1261 1000/1300/1262 111/1301/1263
f 111/1301/1263 1000/1300/1262 112/1302/1264
f 112/1302/1264 1000/1300/1262 206/1303/1265
f 112/1302/1264 206/1303/1265 113/1304/1266
f 113/1304/1266 206/1303/1265 205/1305/1267
f 113/1304/1266 205/1305/1267 114/1306/1268
f 114/1306/1268 205/1305/1267 204/1307/1269
f 114/1306/1268 204/1307/1269 115/1308/1270
f 115/1308/1270 204/1307/1269 203/1309/1271
f 115/1308/1270 203/1309/1271 116/1310/1272
f 116/1310/1272 203/1309/1271 202/1311/1273
f 116/1310/1272 202/1311/1273 117/1312/1274
f 117/1312/1274 202/1311/1273 201/1313/1275
f 117/1312/1274 201/1313/1275 118/1314/1276
f 118/1314/1276 201/1313/1275 224/1315/1277
f 118/1314/1276 224/1315/1277 119/1316/1278
f 119/1316/1278 224/1315/1277 223/1317/1279
f 119/1316/1278 223/1317/1279 120/1318/1280
f 120/1318/1280 223/1317/1279 222/1319/1281
f 120/1318/1280 222/1319/1281 121/1320/1282
f 121/1320/1282 222/1319/1281 221/1321/1283
f 121/1320/1282 221/1321/1283 122/1322/1284
f 122/1322/1284 221/1321/1283 220/1323/1285
f 122/1322/1284 220/1323/1285 993/1290/1252
f 993/1290/1252 220/1323/1285 1002/1324/1286
f 1002/1324/1286 220/1323/1285 219/1325/1287
f 1002/1324/1286 219/1325/1287 218/1326/1288
f 206/1303/1265 1000/1300/1262 207/1327/1289
f 207/1327/1289 1000/1300/1262 1001/1328/1290
f 207/1327/1289 1001/1328/1290 208/1329/1291
f 208/1329/1291 1001/1328/1290 209/1330/1292
f 209/1330/1292 1001/1328/1290 210/1331/1293
f 210/1331/1293 1001/1328/1290 211/1332/1294
f 211/1332/1294 1001/1328/1290 212/1333/1295
f 212/1333/1295 1001/1328/1290 1002/1324/1286
f 212/1333/1295 1002/1324/1286 213/1334/1296
f 213/1334/1296 1002/1324/1286 214/1335/1297
f 214/1335/1297 1002/1324/1286 215/1336/1298
f 215/1336/1298 1002/1324/1286 216/1337/1299
f 216/1337/1299 1002/1324/1286 217/1338/1300
f 217/1338/1300 1002/1324/1286 218/1326/1288
f 106/1292/1254 105/1339/1301 993/1290/1252
f 993/1290/1252 105/1339/1301 128/1340/1302
f 993/1290/1252 128/1340/1302 127/1341/1303
f 127/1341/1303 126/1342/1304 993/1290/1252
f 993/1290/1252 126/1342/1304 125/1343/1305
f 993/1290/1252 125/1343/1305 124/1344/1306
f 124/1344/1306 123/1345/1307 993/1290/1252
f 993/1290/1252 123/1345/1307 122/1322/1284
f 977/1346/1308 976/1347/1309 1003/1348/1310
f 1003/1348/1310 976/1347/1309 992/1349/1311
f 1004/1350/1312 1005/1351/1313 1007/1352/1314
f 1007/1352/1314 1005/1351/1313 1006/1353/1315
f 1000/1354/1316 968/1355/1317 1001/1356/1318
f 1001/1356/1318 968/1355/1317 967/1357/1319
f 1007/1358/1320 476/1359/1321 1008/1360/1322
f 1008/1360/1322 476/1359/1321 475/1361/1323
f 1008/1360/1322 475/1361/1323 498/1362/1324
f 1006/1363/1325 481/1364/1326 1007/1358/1320
f 1007/1358/1320 481/1364/1326 480/1365/1327
f 1007/1358/1320 480/1365/1327 479/1366/1328
f 1009/1367/1329 386/1368/1330 1006/1363/1325
f 1006/1363/1325 386/1368/1330 385/1369/1331
f 1006/1363/1325 385/1369/1331 384/1370/1332
f 386/1368/1330 1009/1367/1329 387/1371/1333
f 387/1371/1333 1009/1367/1329 1010/1372/1334
f 387/1371/1333 1010/1372/1334 388/1373/1335
f 388/1373/1335 1010/1372/1334 1011/1374/1336
f 388/1373/1335 1011/1374/1336 389/1375/1337
f 389/1375/1337 1011/1374/1336 1012/1376/1338
f 389/1375/1337 1012/1376/1338 390/1377/1339
f 390/1377/1339 1012/1376/1338 1015/1378/1340
f 390/1377/1339 1015/1378/1340 391/1379/1341
f 391/1379/1341 1015/1378/1340 392/1380/1342
f 392/1380/1342 1015/1378/1340 393/1381/1343
f 393/1381/1343 1015/1378/1340 394/1382/1344
f 394/1382/1344 1015/1378/1340 395/1383/1345
f 395/1383/1345 1015/1378/1340 396/1384/1346
f 396/1384/1346 1015/1378/1340 397/1385/1347
f 397/1385/1347 1015/1378/1340 398/1386/1348
f 398/1386/1348 1015/1378/1340 492/1387/1349
f 398/1386/1348 492/1387/1349 399/1388/1350
f 399/1388/1350 492/1387/1349 491/1389/1351
f 399/1388/1350 491/1389/1351 400/1390/1352
f 400/1390/1352 491/1389/1351 490/1391/1353
f 400/1390/1352 490/1391/1353 401/1392/1354
f 401/1392/1354 490/1391/1353 489/1393/1355
f 401/1392/1354 489/1393/1355 402/1394/1356
f 402/1394/1356 489/1393/1355 488/1395/1357
f 402/1394/1356 488/1395/1357 379/1396/1358
f 379/1396/1358 488/1395/1357 487/1397/1359
f 379/1396/1358 487/1397/1359 380/1398/1360
f 380/1398/1360 487/1397/1359 486/1399/1361
f 380/1398/1360 486/1399/1361 381/1400/1362
f 381/1400/1362 486/1399/1361 485/1401/1363
f 381/1400/1362 485/1401/1363 382/1402/1364
f 382/1402/1364 485/1401/1363 484/1403/1365
f 382/1402/1364 484/1403/1365 383/1404/1366
f 383/1404/1366 484/1403/1365 483/1405/1367
f 383/1404/1366 483/1405/1367 384/1370/1332
f 384/1370/1332 483/1405/1367 482/1406/1368
f 384/1370/1332 482/1406/1368 1006/1363/1325
f 1006/1363/1325 482/1406/1368 481/1364/1326
f 1012/1376/1338 1013/1407/1369 1015/1378/1340
f 1015/1378/1340 1013/1407/1369 1014/1408/1370
f 1015/1378/1340 1008/1360/1322 492/1387/1349
f 492/1387/1349 1008/1360/1322 493/1409/1371
f 493/1409/1371 1008/1360/1322 494/1410/1372
f 494/1410/1372 1008/1360/1322 495/1411/1373
f 495/1411/1373 1008/1360/1322 496/1412/1374
f 496/1412/1374 1008/1360/1322 497/1413/1375
f 497/1413/1375 1008/1360/1322 498/1362/1324
f 479/1366/1328 478/1414/1376 1007/1358/1320
f 1007/1358/1320 478/1414/1376 477/1415/1377
f 1007/1358/1320 477/1415/1377 476/1359/1321
f 1008/1416/1378 1015/1417/1379 1002/1418/1380
f 1002/1418/1380 1015/1417/1379 993/1419/1381
f 1001/1420/1382 1007/1421/1383 1002/1422/1384
f 1002/1422/1384 1007/1421/1383 1008/1423/1385
f 1016/1424/1386 1017/1425/1387 1030/1426/1388
f 1030/1426/1388 1017/1425/1387 1018/1427/1389
f 1030/1426/1388 1018/1427/1389 1029/1428/1390
f 1029/1428/1390 1018/1427/1389 1019/1429/1391
f 1029/1428/1390 1019/1429/1391 1028/1430/1392
f 1028/1430/1392 1019/1429/1391 1020/1431/1393
f 1028/1430/1392 1020/1431/1393 1027/1432/1394
f 1027/1432/1394 1020/1431/1393 1026/1433/1395
f 1026/1433/1395 1020/1431/1393 1021/1434/1396
f 1026/1433/1395 1021/1434/1396 1025/1435/1397
f 1025/1435/1397 1021/1434/1396 1022/1436/1398
f 1025/1435/1397 1022/1436/1398 1024/1437/1399
f 1024/1437/1399 1022/1436/1398 1023/1438/1400
f 1032/1439/1401 979/1440/1402 1031/1441/1403
f 1031/1441/1403 979/1440/1402 978/1442/1404
f 1031/1441/1403 978/1442/1404 1062/1443/1405
f 1062/1443/1405 978/1442/1404 977/1444/1308
f 1062/1443/1405 977/1444/1308 1003/1445/1310
f 1033/1446/1406 1060/1447/1407 1032/1439/1401
f 1032/1439/1401 1060/1447/1407 1061/1448/1408
f 1032/1439/1401 1061/1448/1408 979/1440/1402
f 1060/1447/1407 1033/1446/1406 1059/1449/1409
f 1059/1449/1409 1033/1446/1406 1034/1450/1410
f 1059/1449/1409 1034/1450/1410 1058/1451/1411
f 1058/1451/1411 1034/1450/1410 1035/1452/1412
f 1058/1451/1411 1035/1452/1412 1057/1453/1413
f 1057/1453/1413 1035/1452/1412 1036/1454/1414
f 1057/1453/1413 1036/1454/1414 1056/1455/1415
f 1056/1455/1415 1036/1454/1414 1037/1456/1416
f 1056/1455/1415 1037/1456/1416 1055/1457/1417
f 1055/1457/1417 1037/1456/1416 1038/1458/1418
f 1055/1457/1417 1038/1458/1418 1054/1459/1419
f 1054/1459/1419 1038/1458/1418 1039/1460/1420
f 1054/1459/1419 1039/1460/1420 1053/1461/1421
f 1053/1461/1421 1039/1460/1420 1052/1462/1422
f 1052/1462/1422 1039/1460/1420 1040/1463/1423
f 1052/1462/1422 1040/1463/1423 1051/1464/1424
f 1051/1464/1424 1040/1463/1423 1041/1465/1425
f 1051/1464/1424 1041/1465/1425 1050/1466/1426
f 1050/1466/1426 1041/1465/1425 1042/1467/1427
f 1050/1466/1426 1042/1467/1427 1049/1468/1428
f 1049/1468/1428 1042/1467/1427 1043/1469/1429
f 1049/1468/1428 1043/1469/1429 1044/1470/1430
f 1049/1468/1428 1044/1470/1430 1048/1471/1431
f 1048/1471/1431 1044/1470/1430 1045/1472/1432
f 1048/1471/1431 1045/1472/1432 1047/1473/1433
f 1047/1473/1433 1045/1472/1432 1046/1474/1434
f 1024/1475/1399 1023/1476/1400 1090/1477/1435
f 1090/1477/1435 1023/1476/1400 1063/1478/1436
f 1090/1477/1435 1063/1478/1436 1089/1479/1437
f 1089/1479/1437 1063/1478/1436 1064/1480/1438
f 1089/1479/1437 1064/1480/1438 1088/1481/1439
f 1088/1481/1439 1064/1480/1438 1065/1482/1440
f 1088/1481/1439 1065/1482/1440 1087/1483/1441
f 1087/1483/1441 1065/1482/1440 1066/1484/1442
f 1087/1483/1441 1066/1484/1442 1086/1485/1443
f 1086/1485/1443 1066/1484/1442 1067/1486/1444
f 1086/1485/1443 1067/1486/1444 1085/1487/1445
f 1085/1487/1445 1067/1486/1444 1084/1488/1446
f 1084/1488/1446 1067/1486/1444 1068/1489/1447
f 1084/1488/1446 1068/1489/1447 1083/1490/1448
f 1083/1490/1448 1068/1489/1447 1069/1491/1449
f 1083/1490/1448 1069/1491/1449 1082/1492/1450
f 1082/1492/1450 1069/1491/1449 1070/1493/1451
f 1082/1492/1450 1070/1493/1451 1081/1494/1452
f 1081/1494/1452 1070/1493/1451 1071/1495/1453
f 1081/1494/1452 1071/1495/1453 1080/1496/1454
f 1080/1496/1454 1071/1495/1453 1072/1497/1455
f 1080/1496/1454 1072/1497/1455 1079/1498/1456
f 1079/1498/1456 1072/1497/1455 980/1499/1457
f 980/1499/1457 1072/1497/1455 1073/1500/1458
f 980/1499/1457 1073/1500/1458 981/1501/1459
f 981/1501/1459 1073/1500/1458 1074/1502/1460
f 981/1501/1459 1074/1502/1460 982/1503/1461
f 982/1503/1461 1074/1502/1460 1075/1504/1462
f 982/1503/1461 1075/1504/1462 983/1505/1463
f 983/1505/1463 1075/1504/1462 1076/1506/1464
f 983/1505/1463 1076/1506/1464 984/1507/1465
f 984/1507/1465 1076/1506/1464 1077/1508/1466
f 984/1507/1465 1077/1508/1466 985/1509/1467
f 985/1509/1467 1077/1508/1466 1078/1510/1468
f 985/1509/1467 1078/1510/1468 1001/1511/1318
f 1001/1511/1318 1078/1510/1468 1007/1512/1314
f 1007/1512/1314 1078/1510/1468 1004/1513/1312
f 1001/1511/1318 967/1514/1319 985/1509/1467
f 1016/1515/1469 1030/1516/1470 1046/1517/1471
f 1046/1517/1471 1030/1516/1470 1047/1518/1472
f 1047/1518/1472 1030/1516/1470 1029/1519/1473
f 1047/1518/1472 1029/1519/1473 1048/1520/1474
f 1048/1520/1474 1029/1519/1473 1028/1521/1475
f 1048/1520/1474 1028/1521/1475 1027/1522/1476
f 1048/1520/1474 1027/1522/1476 1049/1523/1477
f 1049/1523/1477 1027/1522/1476 1026/1524/1478
f 1049/1523/1477 1026/1524/1478 1050/1525/1479
f 1050/1525/1479 1026/1524/1478 1025/1526/1480
f 1050/1525/1479 1025/1526/1480 1051/1527/1481
f 1051/1527/1481 1025/1526/1480 1024/1528/1482
f 1051/1527/1481 1024/1528/1482 1052/1529/1483
f 1052/1529/1483 1024/1528/1482 1090/1530/1484
f 1052/1529/1483 1090/1530/1484 1089/1531/1485
f 1052/1529/1483 1089/1531/1485 1053/1532/1486
f 1053/1532/1486 1089/1531/1485 1088/1533/1487
f 1053/1532/1486 1088/1533/1487 1054/1534/1488
f 1054/1534/1488 1088/1533/1487 1087/1535/1489
f 1054/1534/1488 1087/1535/1489 1055/1536/1490
f 1055/1536/1490 1087/1535/1489 1086/1537/1491
f 1055/1536/1490 1086/1537/1491 1056/1538/1492
f 1056/1538/1492 1086/1537/1491 1085/1539/1493
f 1056/1538/1492 1085/1539/1493 1084/1540/1494
f 1056/1538/1492 1084/1540/1494 1057/1541/1495
f 1057/1541/1495 1084/1540/1494 1083/1542/1496
f 1057/1541/1495 1083/1542/1496 1058/1543/1497
f 1058/1543/1497 1083/1542/1496 1082/1544/1498
f 1058/1543/1497 1082/1544/1498 1059/1545/1499
f 1059/1545/1499 1082/1544/1498 1081/1546/1500
f 1059/1545/1499 1081/1546/1500 1060/1547/1501
f 1060/1547/1501 1081/1546/1500 1080/1548/1502
f 1060/1547/1501 1080/1548/1502 1079/1549/1503
f 980/1550/1504 979/1551/1505 1079/1549/1503
f 1079/1549/1503 979/1551/1505 1061/1552/1506
f 1079/1549/1503 1061/1552/1506 1060/1547/1501
f 1022/1553/1507 1041/1554/1508 1023/1555/1509
f 1023/1555/1509 1041/1554/1508 1040/1556/1510
f 1023/1555/1509 1040/1556/1510 1063/1557/1511
f 1063/1557/1511 1040/1556/1510 1039/1558/1512
f 1063/1557/1511 1039/1558/1512 1064/1559/1513
f 1064/1559/1513 1039/1558/1512 1038/1560/1514
f 1064/1559/1513 1038/1560/1514 1065/1561/1515
f 1065/1561/1515 1038/1560/1514 1066/1562/1516
f 1066/1562/1516 1038/1560/1514 1037/1563/1517
f 1066/1562/1516 1037/1563/1517 1067/1564/1518
f 1067/1564/1518 1037/1563/1517 1036/1565/1519
f 1067/1564/1518 1036/1565/1519 1068/1566/1520
f 1068/1566/1520 1036/1565/1519 1035/1567/1521
f 1068/1566/1520 1035/1567/1521 1069/1568/1522
f 1069/1568/1522 1035/1567/1521 1034/1569/1523
f 1069/1568/1522 1034/1569/1523 1070/1570/1524
f 1070/1570/1524 1034/1569/1523 1033/1571/1525
f 1070/1570/1524 1033/1571/1525 1071/1572/1526
f 1071/1572/1526 1033/1571/1525 1032/1573/1527
f 1071/1572/1526 1032/1573/1527 1072/1574/1528
f 1072/1574/1528 1032/1573/1527 1031/1575/1529
f 1072/1574/1528 1031/1575/1529 1073/1576/1530
f 1073/1576/1530 1031/1575/1529 1074/1577/1531
f 1041/1554/1508 1022/1553/1507 1042/1578/1532
f 1042/1578/1532 1022/1553/1507 1021/1579/1533
f 1042/1578/1532 1021/1579/1533 1020/1580/1534
f 1042/1578/1532 1020/1580/1534 1043/1581/1535
f 1043/1581/1535 1020/1580/1534 1019/1582/1536
f 1043/1581/1535 1019/1582/1536 1044/1583/1537
f 1044/1583/1537 1019/1582/1536 1018/1584/1538
f 1044/1583/1537 1018/1584/1538 1045/1585/1539
f 1045/1585/1539 1018/1584/1538 1017/1586/1540
f 1045/1585/1539 1017/1586/1540 1046/1587/1541
f 1046/1587/1541 1017/1586/1540 1016/1588/1542
f 974/1589/1543 835/1590/1544 975/1591/1545
f 975/1591/1545 835/1590/1544 858/1592/1546
f 975/1591/1545 858/1592/1546 857/1593/1547
f 835/1590/1544 974/1589/1543 836/1594/1548
f 836/1594/1548 974/1589/1543 994/1595/1549
f 836/1594/1548 994/1595/1549 837/1596/1550
f 837/1596/1550 994/1595/1549 838/1597/1551
f 838/1597/1551 994/1595/1549 839/1598/1552
f 839/1598/1552 994/1595/1549 840/1599/1553
f 840/1599/1553 994/1595/1549 644/1600/1554
f 840/1599/1553 644/1600/1554 841/1601/1555
f 841/1601/1555 644/1600/1554 643/1602/1556
f 841/1601/1555 643/1602/1556 842/1603/1557
f 842/1603/1557 643/1602/1556 666/1604/1558
f 842/1603/1557 666/1604/1558 843/1605/1559
f 843/1605/1559 666/1604/1558 665/1606/1560
f 843/1605/1559 665/1606/1560 844/1607/1561
f 844/1607/1561 665/1606/1560 664/1608/1562
f 844/1607/1561 664/1608/1562 845/1609/1563
f 845/1609/1563 664/1608/1562 663/1610/1564
f 845/1609/1563 663/1610/1564 846/1611/1565
f 846/1611/1565 663/1610/1564 662/1612/1566
f 846/1611/1565 662/1612/1566 847/1613/1567
f 847/1613/1567 662/1612/1566 661/1614/1568
f 847/1613/1567 661/1614/1568 745/1615/1569
f 745/1615/1569 661/1614/1568 547/1616/1570
f 745/1615/1569 547/1616/1570 746/1617/1571
f 746/1617/1571 547/1616/1570 570/1618/1572
f 746/1617/1571 570/1618/1572 747/1619/1573
f 747/1619/1573 570/1618/1572 569/1620/1574
f 747/1619/1573 569/1620/1574 748/1621/1575
f 748/1621/1575 569/1620/1574 568/1622/1576
f 748/1621/1575 568/1622/1576 749/1623/1577
f 749/1623/1577 568/1622/1576 567/1624/1578
f 749/1623/1577 567/1624/1578 750/1625/1579
f 750/1625/1579 567/1624/1578 566/1626/1580
f 750/1625/1579 566/1626/1580 751/1627/1581
f 751/1627/1581 566/1626/1580 565/1628/1582
f 751/1627/1581 565/1628/1582 752/1629/1583
f 752/1629/1583 565/1628/1582 1093/1630/1584
f 752/1629/1583 1093/1630/1584 753/1631/1585
f 753/1631/1585 1093/1630/1584 754/1632/1586
f 754/1632/1586 1093/1630/1584 1094/1633/1587
f 754/1632/1586 1094/1633/1587 755/1634/1588
f 755/1634/1588 1094/1633/1587 1095/1635/1589
f 755/1634/1588 1095/1635/1589 916/1636/1590
f 644/1600/1554 994/1595/1549 645/1637/1591
f 645/1637/1591 994/1595/1549 993/1638/1592
f 645/1637/1591 993/1638/1592 646/1639/1593
f 646/1639/1593 993/1638/1592 647/1640/1594
f 647/1640/1594 993/1638/1592 648/1641/1595
f 648/1641/1595 993/1638/1592 649/1642/1596
f 649/1642/1596 993/1638/1592 1015/1643/1597
f 649/1642/1596 1015/1643/1597 650/1644/1598
f 650/1644/1598 1015/1643/1597 651/1645/1599
f 651/1645/1599 1015/1643/1597 652/1646/1600
f 652/1646/1600 1015/1643/1597 653/1647/1601
f 653/1647/1601 1015/1643/1597 1014/1648/1602
f 653/1647/1601 1014/1648/1602 654/1649/1603
f 654/1649/1603 1014/1648/1602 554/1650/1604
f 654/1649/1603 554/1650/1604 553/1651/1605
f 1091/1652/1606 558/1653/1607 1014/1648/1602
f 1014/1648/1602 558/1653/1607 557/1654/1608
f 1014/1648/1602 557/1654/1608 556/1655/1609
f 558/1653/1607 1091/1652/1606 559/1656/1610
f 559/1656/1610 1091/1652/1606 1092/1657/1611
f 559/1656/1610 1092/1657/1611 560/1658/1612
f 560/1658/1612 1092/1657/1611 561/1659/1613
f 561/1659/1613 1092/1657/1611 1093/1630/1584
f 561/1659/1613 1093/1630/1584 562/1660/1614
f 562/1660/1614 1093/1630/1584 563/1661/1615
f 563/1661/1615 1093/1630/1584 564/1662/1616
f 564/1662/1616 1093/1630/1584 565/1628/1582
f 915/1663/1617 757/1664/1618 916/1636/1590
f 916/1636/1590 757/1664/1618 756/1665/1619
f 916/1636/1590 756/1665/1619 755/1634/1588
f 1096/1666/1620 759/1667/1621 915/1663/1617
f 915/1663/1617 759/1667/1621 758/1668/1622
f 915/1663/1617 758/1668/1622 757/1664/1618
f 1096/1666/1620 1097/1669/1623 759/1667/1621
f 759/1667/1621 1097/1669/1623 760/1670/1624
f 760/1670/1624 1097/1669/1623 1098/1671/1625
f 760/1670/1624 1098/1671/1625 761/1672/1626
f 761/1672/1626 1098/1671/1625 762/1673/1627
f 762/1673/1627 1098/1671/1625 853/1674/1628
f 762/1673/1627 853/1674/1628 739/1675/1629
f 739/1675/1629 853/1674/1628 852/1676/1630
f 739/1675/1629 852/1676/1630 740/1677/1631
f 740/1677/1631 852/1676/1630 851/1678/1632
f 740/1677/1631 851/1678/1632 741/1679/1633
f 741/1679/1633 851/1678/1632 850/1680/1634
f 741/1679/1633 850/1680/1634 742/1681/1635
f 742/1681/1635 850/1680/1634 849/1682/1636
f 742/1681/1635 849/1682/1636 743/1683/1637
f 743/1683/1637 849/1682/1636 848/1684/1638
f 743/1683/1637 848/1684/1638 744/1685/1639
f 744/1685/1639 848/1684/1638 847/1613/1567
f 744/1685/1639 847/1613/1567 745/1615/1569
f 975/1591/1545 857/1593/1547 1098/1671/1625
f 1098/1671/1625 857/1593/1547 856/1686/1640
f 1098/1671/1625 856/1686/1640 855/1687/1641
f 556/1655/1609 555/1688/1642 1014/1648/1602
f 1014/1648/1602 555/1688/1642 554/1650/1604
f 654/1649/1603 553/1651/1605 655/1689/1643
f 655/1689/1643 553/1651/1605 552/1690/1644
f 655/1689/1643 552/1690/1644 656/1691/1645
f 656/1691/1645 552/1690/1644 551/1692/1646
f 656/1691/1645 551/1692/1646 657/1693/1647
f 657/1693/1647 551/1692/1646 550/1694/1648
f 657/1693/1647 550/1694/1648 658/1695/1649
f 658/1695/1649 550/1694/1648 549/1696/1650
f 658/1695/1649 549/1696/1650 659/1697/1651
f 659/1697/1651 549/1696/1650 548/1698/1652
f 659/1697/1651 548/1698/1652 660/1699/1653
f 660/1699/1653 548/1698/1652 547/1616/1570
f 660/1699/1653 547/1616/1570 661/1614/1568
f 855/1687/1641 854/1700/1654 1098/1671/1625
f 1098/1671/1625 854/1700/1654 853/1674/1628
f 928/1701/1655 1092/1702/1656 929/1703/1657
f 929/1703/1657 1092/1702/1656 1091/1704/1658
f 929/1703/1657 1091/1704/1658 992/1705/1659
f 992/1705/1659 1091/1704/1658 1099/1706/1660
f 992/1705/1659 1099/1706/1660 368/1707/1661
f 368/1707/1661 1099/1706/1660 369/1708/1662
f 369/1708/1662 1099/1706/1660 1100/1709/1663
f 369/1708/1662 1100/1709/1663 370/1710/1664
f 370/1710/1664 1100/1709/1663 1101/1711/1665
f 370/1710/1664 1101/1711/1665 371/1712/1666
f 371/1712/1666 1101/1711/1665 1102/1713/1667
f 371/1712/1666 1102/1713/1667 372/1714/1668
f 372/1714/1668 1102/1713/1667 1103/1715/1669
f 372/1714/1668 1103/1715/1669 1005/1716/1670
f 1004/1717/1671 469/1718/1672 1005/1716/1670
f 1005/1716/1670 469/1718/1672 468/1719/1673
f 1005/1716/1670 468/1719/1673 467/1720/1674
f 1078/1721/1675 1003/1722/1676 1004/1717/1671
f 1004/1717/1671 1003/1722/1676 451/1723/1677
f 1004/1717/1671 451/1723/1677 474/1724/1678
f 1078/1721/1675 1077/1725/1679 1003/1722/1676
f 1003/1722/1676 1077/1725/1679 1076/1726/1680
f 1003/1722/1676 1076/1726/1680 1075/1727/1681
f 1003/1722/1676 1075/1727/1681 1062/1728/1682
f 1062/1728/1682 1075/1727/1681 1074/1729/1683
f 1062/1728/1682 1074/1729/1683 1031/1730/1684
f 992/1705/1659 457/1731/1685 1003/1722/1676
f 1003/1722/1676 457/1731/1685 456/1732/1686
f 1003/1722/1676 456/1732/1686 455/1733/1687
f 356/1734/1688 355/1735/1689 463/1736/1690
f 463/1736/1690 355/1735/1689 378/1737/1691
f 463/1736/1690 378/1737/1691 464/1738/1692
f 464/1738/1692 378/1737/1691 377/1739/1693
f 464/1738/1692 377/1739/1693 465/1740/1694
f 465/1740/1694 377/1739/1693 466/1741/1695
f 466/1741/1695 377/1739/1693 376/1742/1696
f 466/1741/1695 376/1742/1696 1005/1716/1670
f 1005/1716/1670 376/1742/1696 375/1743/1697
f 1005/1716/1670 375/1743/1697 374/1744/1698
f 374/1744/1698 373/1745/1699 1005/1716/1670
f 1005/1716/1670 373/1745/1699 372/1714/1668
f 368/1707/1661 367/1746/1700 992/1705/1659
f 992/1705/1659 367/1746/1700 366/1747/1701
f 992/1705/1659 366/1747/1701 365/1748/1702
f 365/1748/1702 364/1749/1703 992/1705/1659
f 992/1705/1659 364/1749/1703 363/1750/1704
f 992/1705/1659 363/1750/1704 362/1751/1705
f 362/1751/1705 361/1752/1706 992/1705/1659
f 992/1705/1659 361/1752/1706 360/1753/1707
f 992/1705/1659 360/1753/1707 458/1754/1708
f 458/1754/1708 360/1753/1707 359/1755/1709
f 458/1754/1708 359/1755/1709 459/1756/1710
f 459/1756/1710 359/1755/1709 460/1757/1711
f 460/1757/1711 359/1755/1709 358/1758/1712
f 460/1757/1711 358/1758/1712 461/1759/1713
f 461/1759/1713 358/1758/1712 357/1760/1714
f 461/1759/1713 357/1760/1714 462/1761/1715
f 462/1761/1715 357/1760/1714 356/1734/1688
f 462/1761/1715 356/1734/1688 463/1736/1690
f 474/1724/1678 473/1762/1716 1004/1717/1671
f 1004/1717/1671 473/1762/1716 472/1763/1717
f 1004/1717/1671 472/1763/1717 471/1764/1718
f 471/1764/1718 470/1765/1719 1004/1717/1671
f 1004/1717/1671 470/1765/1719 469/1718/1672
f 467/1720/1674 466/1741/1695 1005/1716/1670
f 458/1754/1708 457/1731/1685 992/1705/1659
f 455/1733/1687 454/1766/1720 1003/1722/1676
f 1003/1722/1676 454/1766/1720 453/1767/1721
f 1003/1722/1676 453/1767/1721 452/1768/1722
f 452/1768/1722 451/1723/1677 1003/1722/1676
f 834/1769/1723 884/1770/1724 811/1771/1725
f 811/1771/1725 884/1770/1724 883/1772/1726
f 811/1771/1725 883/1772/1726 812/1773/1727
f 812/1773/1727 883/1772/1726 906/1774/1728
f 812/1773/1727 906/1774/1728 905/1775/1729
f 884/1770/1724 834/1769/1723 885/1776/1730
f 885/1776/1730 834/1769/1723 833/1777/1731
f 885/1776/1730 833/1777/1731 886/1778/1732
f 886/1778/1732 833/1777/1731 832/1779/1733
f 886/1778/1732 832/1779/1733 887/1780/1734
f 887/1780/1734 832/1779/1733 831/1781/1735
f 887/1780/1734 831/1781/1735 888/1782/1736
f 888/1782/1736 831/1781/1735 830/1783/1737
f 888/1782/1736 830/1783/1737 889/1784/1738
f 889/1784/1738 830/1783/1737 829/1785/1739
f 889/1784/1738 829/1785/1739 828/1786/1740
f 889/1784/1738 828/1786/1740 890/1787/1741
f 890/1787/1741 828/1786/1740 827/1788/1742
f 890/1787/1741 827/1788/1742 891/1789/1743
f 891/1789/1743 827/1788/1742 826/1790/1744
f 891/1789/1743 826/1790/1744 892/1791/1745
f 892/1791/1745 826/1790/1744 825/1792/1746
f 892/1791/1745 825/1792/1746 893/1793/1747
f 893/1793/1747 825/1792/1746 824/1794/1748
f 893/1793/1747 824/1794/1748 894/1795/1749
f 894/1795/1749 824/1794/1748 823/1796/1750
f 894/1795/1749 823/1796/1750 895/1797/1751
f 895/1797/1751 823/1796/1750 896/1798/1752
f 896/1798/1752 823/1796/1750 822/1799/1753
f 896/1798/1752 822/1799/1753 897/1800/1754
f 897/1800/1754 822/1799/1753 821/1801/1755
f 897/1800/1754 821/1801/1755 898/1802/1756
f 898/1802/1756 821/1801/1755 820/1803/1757
f 898/1802/1756 820/1803/1757 899/1804/1758
f 899/1804/1758 820/1803/1757 819/1805/1759
f 899/1804/1758 819/1805/1759 900/1806/1760
f 900/1806/1760 819/1805/1759 818/1807/1761
f 900/1806/1760 818/1807/1761 901/1808/1762
f 901/1808/1762 818/1807/1761 817/1809/1763
f 901/1808/1762 817/1809/1763 816/1810/1764
f 901/1808/1762 816/1810/1764 902/1811/1765
f 902/1811/1765 816/1810/1764 815/1812/1766
f 902/1811/1765 815/1812/1766 903/1813/1767
f 903/1813/1767 815/1812/1766 814/1814/1768
f 903/1813/1767 814/1814/1768 904/1815/1769
f 904/1815/1769 814/1814/1768 813/1816/1770
f 904/1815/1769 813/1816/1770 905/1775/1729
f 905/1775/1729 813/1816/1770 812/1773/1727
f 738/1817/1771 788/1818/1772 715/1819/1773
f 715/1819/1773 788/1818/1772 787/1820/1774
f 715/1819/1773 787/1820/1774 716/1821/1775
f 716/1821/1775 787/1820/1774 810/1822/1776
f 716/1821/1775 810/1822/1776 809/1823/1777
f 788/1818/1772 738/1817/1771 789/1824/1778
f 789/1824/1778 738/1817/1771 737/1825/1779
f 789/1824/1778 737/1825/1779 790/1826/1780
f 790/1826/1780 737/1825/1779 736/1827/1781
f 790/1826/1780 736/1827/1781 791/1828/1782
f 791/1828/1782 736/1827/1781 735/1829/1783
f 791/1828/1782 735/1829/1783 792/1830/1784
f 792/1830/1784 735/1829/1783 734/1831/1785
f 792/1830/1784 734/1831/1785 793/1832/1786
f 793/1832/1786 734/1831/1785 733/1833/1787
f 793/1832/1786 733/1833/1787 732/1834/1788
f 793/1832/1786 732/1834/1788 794/1835/1789
f 794/1835/1789 732/1834/1788 731/1836/1790
f 794/1835/1789 731/1836/1790 795/1837/1791
f 795/1837/1791 731/1836/1790 730/1838/1792
f 795/1837/1791 730/1838/1792 796/1839/1793
f 796/1839/1793 730/1838/1792 729/1840/1794
f 796/1839/1793 729/1840/1794 797/1841/1795
f 797/1841/1795 729/1840/1794 728/1842/1796
f 797/1841/1795 728/1842/1796 798/1843/1797
f 798/1843/1797 728/1842/1796 727/1844/1798
f 798/1843/1797 727/1844/1798 799/1845/1799
f 799/1845/1799 727/1844/1798 800/1846/1800
f 800/1846/1800 727/1844/1798 726/1847/1801
f 800/1846/1800 726/1847/1801 801/1848/1802
f 801/1848/1802 726/1847/1801 725/1849/1803
f 801/1848/1802 725/1849/1803 802/1850/1804
f 802/1850/1804 725/1849/1803 724/1851/1805
f 802/1850/1804 724/1851/1805 803/1852/1806
f 803/1852/1806 724/1851/1805 723/1853/1807
f 803/1852/1806 723/1853/1807 804/1854/1808
f 804/1854/1808 723/1853/1807 722/1855/1809
f 804/1854/1808 722/1855/1809 805/1856/1810
f 805/1856/1810 722/1855/1809 721/1857/1811
f 805/1856/1810 721/1857/1811 720/1858/1812
f 805/1856/1810 720/1858/1812 806/1859/1813
f 806/1859/1813 720/1858/1812 719/1860/1814
f 806/1859/1813 719/1860/1814 807/1861/1815
f 807/1861/1815 719/1860/1814 718/1862/1816
f 807/1861/1815 718/1862/1816 808/1863/1817
f 808/1863/1817 718/1862/1816 717/1864/1818
f 808/1863/1817 717/1864/1818 809/1823/1777
f 809/1823/1777 717/1864/1818 716/1821/1775
f 642/1865/1819 692/1866/1820 619/1867/1821
f 619/1867/1821 692/1866/1820 691/1868/1822
f 619/1867/1821 691/1868/1822 620/1869/1823
f 620/1869/1823 691/1868/1822 714/1870/1824
f 620/1869/1823 714/1870/1824 713/1871/1825
f 692/1866/1820 642/1865/1819 693/1872/1826
f 693/1872/1826 642/1865/1819 641/1873/1827
f 693/1872/1826 641/1873/1827 694/1874/1828
f 694/1874/1828 641/1873/1827 640/1875/1829
f 694/1874/1828 640/1875/1829 695/1876/1830
f 695/1876/1830 640/1875/1829 639/1877/1831
f 695/1876/1830 639/1877/1831 696/1878/1832
f 696/1878/1832 639/1877/1831 638/1879/1833
f 696/1878/1832 638/1879/1833 697/1880/1834
f 697/1880/1834 638/1879/1833 637/1881/1835
f 697/1880/1834 637/1881/1835 636/1882/1836
f 697/1880/1834 636/1882/1836 698/1883/1837
f 698/1883/1837 636/1882/1836 635/1884/1838
f 698/1883/1837 635/1884/1838 699/1885/1839
f 699/1885/1839 635/1884/1838 634/1886/1840
f 699/1885/1839 634/1886/1840 700/1887/1841
f 700/1887/1841 634/1886/1840 633/1888/1842
f 700/1887/1841 633/1888/1842 701/1889/1843
f 701/1889/1843 633/1888/1842 632/1890/1844
f 701/1889/1843 632/1890/1844 702/1891/1845
f 702/1891/1845 632/1890/1844 631/1892/1846
f 702/1891/1845 631/1892/1846 703/1893/1847
f 703/1893/1847 631/1892/1846 704/1894/1848
f 704/1894/1848 631/1892/1846 630/1895/1849
f 704/1894/1848 630/1895/1849 705/1896/1850
f 705/1896/1850 630/1895/1849 629/1897/1851
f 705/1896/1850 629/1897/1851 706/1898/1852
f 706/1898/1852 629/1897/1851 628/1899/1853
f 706/1898/1852 628/1899/1853 707/1900/1854
f 707/1900/1854 628/1899/1853 627/1901/1855
f 707/1900/1854 627/1901/1855 708/1902/1856
f 708/1902/1856 627/1901/1855 626/1903/1857
f 708/1902/1856 626/1903/1857 709/1904/1858
f 709/1904/1858 626/1903/1857 625/1905/1859
f 709/1904/1858 625/1905/1859 624/1906/1860
f 709/1904/1858 624/1906/1860 710/1907/1861
f 710/1907/1861 624/1906/1860 623/1908/1862
f 710/1907/1861 623/1908/1862 711/1909/1863
f 711/1909/1863 623/1908/1862 622/1910/1864
f 711/1909/1863 622/1910/1864 712/1911/1865
f 712/1911/1865 622/1910/1864 621/1912/1866
f 712/1911/1865 621/1912/1866 713/1871/1825
f 713/1871/1825 621/1912/1866 620/1869/1823
f 546/1913/1867 596/1914/1868 523/1915/1869
f 523/1915/1869 596/1914/1868 595/1916/1870
f 523/1915/1869 595/1916/1870 524/1917/1871
f 524/1917/1871 595/1916/1870 618/1918/1872
f 524/1917/1871 618/1918/1872 617/1919/1873
f 596/1914/1868 546/1913/1867 597/1920/1874
f 597/1920/1874 546/1913/1867 545/1921/1875
f 597/1920/1874 545/1921/1875 598/1922/1876
f 598/1922/1876 545/1921/1875 544/1923/1877
f 598/1922/1876 544/1923/1877 599/1924/1878
f 599/1924/1878 544/1923/1877 543/1925/1879
f 599/1924/1878 543/1925/1879 600/1926/1880
f 600/1926/1880 543/1925/1879 542/1927/1881
f 600/1926/1880 542/1927/1881 601/1928/1882
f 601/1928/1882 542/1927/1881 541/1929/1883
f 601/1928/1882 541/1929/1883 540/1930/1884
f 601/1928/1882 540/1930/1884 602/1931/1885
f 602/1931/1885 540/1930/1884 539/1932/1886
f 602/1931/1885 539/1932/1886 603/1933/1887
f 603/1933/1887 539/1932/1886 538/1934/1888
f 603/1933/1887 538/1934/1888 604/1935/1889
f 604/1935/1889 538/1934/1888 537/1936/1890
f 604/1935/1889 537/1936/1890 605/1937/1891
f 605/1937/1891 537/1936/1890 536/1938/1892
f 605/1937/1891 536/1938/1892 606/1939/1893
f 606/1939/1893 536/1938/1892 535/1940/1894
f 606/1939/1893 535/1940/1894 607/1941/1895
f 607/1941/1895 535/1940/1894 608/1942/1896
f 608/1942/1896 535/1940/1894 534/1943/1897
f 608/1942/1896 534/1943/1897 609/1944/1898
f 609/1944/1898 534/1943/1897 533/1945/1899
f 609/1944/1898 533/1945/1899 610/1946/1900
f 610/1946/1900 533/1945/1899 532/1947/1901
f 610/1946/1900 532/1947/1901 611/1948/1902
f 611/1948/1902 532/1947/1901 531/1949/1903
f 611/1948/1902 531/1949/1903 612/1950/1904
f 612/1950/1904 531/1949/1903 530/1951/1905
f 612/1950/1904 530/1951/1905 613/1952/1906
f 613/1952/1906 530/1951/1905 529/1953/1907
f 613/1952/1906 529/1953/1907 528/1954/1908
f 613/1952/1906 528/1954/1908 614/1955/1909
f 614/1955/1909 528/1954/1908 527/1956/1910
f 614/1955/1909 527/1956/1910 615/1957/1911
f 615/1957/1911 527/1956/1910 526/1958/1912
f 615/1957/1911 526/1958/1912 616/1959/1913
f 616/1959/1913 526/1958/1912 525/1960/1914
f 616/1959/1913 525/1960/1914 617/1919/1873
f 617/1919/1873 525/1960/1914 524/1917/1871
f 450/1961/1915 500/1962/1916 427/1963/1917
f 427/1963/1917 500/1962/1916 499/1964/1918
f 427/1963/1917 499/1964/1918 428/1965/1919
f 428/1965/1919 499/1964/1918 522/1966/1920
f 428/1965/1919 522/1966/1920 521/1967/1921
f 500/1962/1916 450/1961/1915 501/1968/1922
f 501/1968/1922 450/1961/1915 449/1969/1923
f 501/1968/1922 449/1969/1923 502/1970/1924
f 502/1970/1924 449/1969/1923 448/1971/1925
f 502/1970/1924 448/1971/1925 503/1972/1926
f 503/1972/1926 448/1971/1925 447/1973/1927
f 503/1972/1926 447/1973/1927 504/1974/1928
f 504/1974/1928 447/1973/1927 446/1975/1929
f 504/1974/1928 446/1975/1929 505/1976/1930
f 505/1976/1930 446/1975/1929 445/1977/1931
f 505/1976/1930 445/1977/1931 444/1978/1932
f 505/1976/1930 444/1978/1932 506/1979/1933
f 506/1979/1933 444/1978/1932 443/1980/1934
f 506/1979/1933 443/1980/1934 507/1981/1935
f 507/1981/1935 443/1980/1934 442/1982/1936
f 507/1981/1935 442/1982/1936 508/1983/1937
f 508/1983/1937 442/1982/1936 441/1984/1938
f 508/1983/1937 441/1984/1938 509/1985/1939
f 509/1985/1939 441/1984/1938 440/1986/1940
f 509/1985/1939 440/1986/1940 510/1987/1941
f 510/1987/1941 440/1986/1940 439/1988/1942
f 510/1987/1941 439/1988/1942 511/1989/1943
f 511/1989/1943 439/1988/1942 512/1990/1944
f 512/1990/1944 439/1988/1942 438/1991/1945
f 512/1990/1944 438/1991/1945 513/1992/1946
f 513/1992/1946 438/1991/1945 437/1993/1947
f 513/1992/1946 437/1993/1947 514/1994/1948
f 514/1994/1948 437/1993/1947 436/1995/1949
f 514/1994/1948 436/1995/1949 515/1996/1950
f 515/1996/1950 436/1995/1949 435/1997/1951
f 515/1996/1950 435/1997/1951 516/1998/1952
f 516/1998/1952 435/1997/1951 434/1999/1953
f 516/1998/1952 434/1999/1953 517/2000/1954
f 517/2000/1954 434/1999/1953 433/2001/1955
f 517/2000/1954 433/2001/1955 432/2002/1956
f 517/2000/1954 432/2002/1956 518/2003/1957
f 518/2003/1957 432/2002/1956 431/2004/1958
f 518/2003/1957 431/2004/1958 519/2005/1959
f 519/2005/1959 431/2004/1958 430/2006/1960
f 519/2005/1959 430/2006/1960 520/2007/1961
f 520/2007/1961 430/2006/1960 429/2008/1962
f 520/2007/1961 429/2008/1962 521/1967/1921
f 521/1967/1921 429/2008/1962 428/1965/1919
f 354/2009/1963 404/2010/1964 331/2011/1965
f 331/2011/1965 404/2010/1964 403/2012/1966
f 331/2011/1965 403/2012/1966 332/2013/1967
f 332/2013/1967 403/2012/1966 426/2014/1968
f 332/2013/1967 426/2014/1968 425/2015/1969
f 404/2010/1964 354/2009/1963 405/2016/1970
f 405/2016/1970 354/2009/1963 353/2017/1971
f 405/2016/1970 353/2017/1971 406/2018/1972
f 406/2018/1972 353/2017/1971 352/2019/1973
f 406/2018/1972 352/2019/1973 407/2020/1974
f 407/2020/1974 352/2019/1973 351/2021/1975
f 407/2020/1974 351/2021/1975 408/2022/1976
f 408/2022/1976 351/2021/1975 350/2023/1977
f 408/2022/1976 350/2023/1977 409/2024/1978
f 409/2024/1978 350/2023/1977 349/2025/1979
f 409/2024/1978 349/2025/1979 348/2026/1980
f 409/2024/1978 348/2026/1980 410/2027/1981
f 410/2027/1981 348/2026/1980 347/2028/1982
f 410/2027/1981 347/2028/1982 411/2029/1983
f 411/2029/1983 347/2028/1982 346/2030/1984
f 411/2029/1983 346/2030/1984 412/2031/1985
f 412/2031/1985 346/2030/1984 345/2032/1986
f 412/2031/1985 345/2032/1986 413/2033/1987
f 413/2033/1987 345/2032/1986 344/2034/1988
f 413/2033/1987 344/2034/1988 414/2035/1989
f 414/2035/1989 344/2034/1988 343/2036/1990
f 414/2035/1989 343/2036/1990 415/2037/1991
f 415/2037/1991 343/2036/1990 416/2038/1992
f 416/2038/1992 343/2036/1990 342/2039/1993
f 416/2038/1992 342/2039/1993 417/2040/1994
f 417/2040/1994 342/2039/1993 341/2041/1995
f 417/2040/1994 341/2041/1995 418/2042/1996
f 418/2042/1996 341/2041/1995 340/2043/1997
f 418/2042/1996 340/2043/1997 419/2044/1998
f 419/2044/1998 340/2043/1997 339/2045/1999
f 419/2044/1998 339/2045/1999 420/2046/2000
f 420/2046/2000 339/2045/1999 338/2047/2001
f 420/2046/2000 338/2047/2001 421/2048/2002
f 421/2048/2002 338/2047/2001 337/2049/2003
f 421/2048/2002 337/2049/2003 336/2050/2004
f 421/2048/2002 336/2050/2004 422/2051/2005
f 422/2051/2005 336/2050/2004 335/2052/2006
f 422/2051/2005 335/2052/2006 423/2053/2007
f 423/2053/2007 335/2052/2006 334/2054/2008
f 423/2053/2007 334/2054/2008 424/2055/2009
f 424/2055/2009 334/2054/2008 333/2056/2010
f 424/2055/2009 333/2056/2010 425/2015/1969
f 425/2015/1969 333/2056/2010 332/2013/1967
f 291/2057/1121 290/2058/2011 923/2059/1122
f 923/2059/1122 290/2058/2011 924/2060/2012
f 924/2060/2012 290/2058/2011 289/2061/2013
f 924/2060/2012 289/2061/2013 288/2062/2014
f 288/2062/2014 287/2063/2015 924/2060/2012
f 924/2060/2012 287/2063/2015 925/2064/2016
f 925/2064/2016 287/2063/2015 286/2065/2017
f 925/2064/2016 286/2065/2017 285/2066/2018
f 285/2066/2018 284/2067/2019 925/2064/2016
f 925/2064/2016 284/2067/2019 283/2068/2020
f 925/2064/2016 283/2068/2020 1108/2069/2021
f 1108/2069/2021 283/2068/2020 282/2070/2022
f 1108/2069/2021 282/2070/2022 1107/2071/2023
f 1107/2071/2023 282/2070/2022 281/2072/2024
f 1107/2071/2023 281/2072/2024 280/2073/2025
f 280/2073/2025 279/2074/2026 1107/2071/2023
f 1107/2071/2023 279/2074/2026 1106/2075/2027
f 1106/2075/2027 279/2074/2026 278/2076/2028
f 1106/2075/2027 278/2076/2028 1105/2077/2029
f 1105/2077/2029 278/2076/2028 277/2078/2030
f 1105/2077/2029 277/2078/2030 1104/2079/2031
f 1104/2079/2031 277/2078/2030 276/2080/2032
f 1104/2079/2031 276/2080/2032 991/2081/1149
f 991/2081/1149 276/2080/2032 275/2082/1146
f 925/2064/2016 1108/2069/2021 926/2083/2033
f 926/2083/2033 1108/2069/2021 1109/2084/2034
f 926/2083/2033 1109/2084/2034 927/2085/2035
f 927/2085/2035 1109/2084/2034 1110/2086/2036
f 927/2085/2035 1110/2086/2036 1111/2087/2037
f 927/2085/2035 1111/2087/2037 928/2088/2038
f 928/2088/2038 1111/2087/2037 1112/2089/2039
f 928/2088/2038 1112/2089/2039 1113/2090/2040
f 1113/2090/2040 1114/2091/2041 928/2088/2038
f 928/2088/2038 1114/2091/2041 1092/2092/2042
f 176/2093/2043 226/2094/2044 153/2095/2045
f 153/2095/2045 226/2094/2044 225/2096/2046
f 153/2095/2045 225/2096/2046 154/2097/2047
f 154/2097/2047 225/2096/2046 248/2098/2048
f 154/2097/2047 248/2098/2048 247/2099/2049
f 226/2094/2044 176/2093/2043 227/2100/2050
f 227/2100/2050 176/2093/2043 175/2101/2051
f 227/2100/2050 175/2101/2051 228/2102/2052
f 228/2102/2052 175/2101/2051 174/2103/2053
f 228/2102/2052 174/2103/2053 229/2104/2054
f 229/2104/2054 174/2103/2053 173/2105/2055
f 229/2104/2054 173/2105/2055 230/2106/2056
f 230/2106/2056 173/2105/2055 172/2107/2057
f 230/2106/2056 172/2107/2057 231/2108/2058
f 231/2108/2058 172/2107/2057 171/2109/2059
f 231/2108/2058 171/2109/2059 170/2110/2060
f 231/2108/2058 170/2110/2060 232/2111/2061
f 232/2111/2061 170/2110/2060 169/2112/2062
f 232/2111/2061 169/2112/2062 233/2113/2063
f 233/2113/2063 169/2112/2062 168/2114/2064
f 233/2113/2063 168/2114/2064 234/2115/2065
f 234/2115/2065 168/2114/2064 167/2116/2066
f 234/2115/2065 167/2116/2066 235/2117/2067
f 235/2117/2067 167/2116/2066 166/2118/2068
f 235/2117/2067 166/2118/2068 236/2119/2069
f 236/2119/2069 166/2118/2068 165/2120/2070
f 236/2119/2069 165/2120/2070 237/2121/2071
f 237/2121/2071 165/2120/2070 238/2122/2072
f 238/2122/2072 165/2120/2070 164/2123/2073
f 238/2122/2072 164/2123/2073 239/2124/2074
f 239/2124/2074 164/2123/2073 163/2125/2075
f 239/2124/2074 163/2125/2075 240/2126/2076
f 240/2126/2076 163/2125/2075 162/2127/2077
f 240/2126/2076 162/2127/2077 241/2128/2078
f 241/2128/2078 162/2127/2077 161/2129/2079
f 241/2128/2078 161/2129/2079 242/2130/2080
f 242/2130/2080 161/2129/2079 160/2131/2081
f 242/2130/2080 160/2131/2081 243/2132/2082
f 243/2132/2082 160/2131/2081 159/2133/2083
f 243/2132/2082 159/2133/2083 158/2134/2084
f 243/2132/2082 158/2134/2084 244/2135/2085
f 244/2135/2085 158/2134/2084 157/2136/2086
f 244/2135/2085 157/2136/2086 245/2137/2087
f 245/2137/2087 157/2136/2086 156/2138/2088
f 245/2137/2087 156/2138/2088 246/2139/2089
f 246/2139/2089 156/2138/2088 155/2140/2090
f 246/2139/2089 155/2140/2090 247/2099/2049
f 247/2099/2049 155/2140/2090 154/2097/2047
f 80/2141/2091 130/2142/2092 57/2143/2093
f 57/2143/2093 130/2142/2092 129/2144/2094
f 57/2143/2093 129/2144/2094 58/2145/2095
f 58/2145/2095 129/2144/2094 152/2146/2096
f 58/2145/2095 152/2146/2096 151/2147/2097
f 130/2142/2092 80/2141/2091 131/2148/2098
f 131/2148/2098 80/2141/2091 79/2149/2099
f 131/2148/2098 79/2149/2099 132/2150/2100
f 132/2150/2100 79/2149/2099 78/2151/2101
f 132/2150/2100 78/2151/2101 133/2152/2102
f 133/2152/2102 78/2151/2101 77/2153/2103
f 133/2152/2102 77/2153/2103 134/2154/2104
f 134/2154/2104 77/2153/2103 76/2155/2105
f 134/2154/2104 76/2155/2105 135/2156/2106
f 135/2156/2106 76/2155/2105 75/2157/2107
f 135/2156/2106 75/2157/2107 74/2158/2108
f 135/2156/2106 74/2158/2108 136/2159/2109
f 136/2159/2109 74/2158/2108 73/2160/2110
f 136/2159/2109 73/2160/2110 137/2161/2111
f 137/2161/2111 73/2160/2110 72/2162/2112
f 137/2161/2111 72/2162/2112 138/2163/2113
f 138/2163/2113 72/2162/2112 71/2164/2114
f 138/2163/2113 71/2164/2114 139/2165/2115
f 139/2165/2115 71/2164/2114 70/2166/2116
f 139/2165/2115 70/2166/2116 140/2167/2117
f 140/2167/2117 70/2166/2116 69/2168/2118
f 140/2167/2117 69/2168/2118 141/2169/2119
f 141/2169/2119 69/2168/2118 142/2170/2120
f 142/2170/2120 69/2168/2118 68/2171/2121
f 142/2170/2120 68/2171/2121 143/2172/2122
f 143/2172/2122 68/2171/2121 67/2173/2123
f 143/2172/2122 67/2173/2123 144/2174/2124
f 144/2174/2124 67/2173/2123 66/2175/2125
f 144/2174/2124 66/2175/2125 145/2176/2126
f 145/2176/2126 66/2175/2125 65/2177/2127
f 145/2176/2126 65/2177/2127 146/2178/2128
f 146/2178/2128 65/2177/2127 64/2179/2129
f 146/2178/2128 64/2179/2129 147/2180/2130
f 147/2180/2130 64/2179/2129 63/2181/2131
f 147/2180/2130 63/2181/2131 62/2182/2132
f 147/2180/2130 62/2182/2132 148/2183/2133
f 148/2183/2133 62/2182/2132 61/2184/2134
f 148/2183/2133 61/2184/2134 149/2185/2135
f 149/2185/2135 61/2184/2134 60/2186/2136
f 149/2185/2135 60/2186/2136 150/2187/2137
f 150/2187/2137 60/2186/2136 59/2188/2138
f 150/2187/2137 59/2188/2138 151/2147/2097
f 151/2147/2097 59/2188/2138 58/2145/2095
f 1/2189/979 30/2190/2139 952/2191/977
f 952/2191/977 30/2190/2139 1125/2192/2140
f 1125/2192/2140 30/2190/2139 29/2193/2141
f 1125/2192/2140 29/2193/2141 1124/2194/2142
f 1124/2194/2142 29/2193/2141 28/2195/2143
f 1124/2194/2142 28/2195/2143 1123/2196/2144
f 1123/2196/2144 28/2195/2143 27/2197/2145
f 1123/2196/2144 27/2197/2145 26/2198/2146
f 1123/2196/2144 26/2198/2146 1122/2199/2147
f 1122/2199/2147 26/2198/2146 25/2200/2148
f 1122/2199/2147 25/2200/2148 24/2201/2149
f 24/2201/2149 23/2202/2150 1122/2199/2147
f 1122/2199/2147 23/2202/2150 1121/2203/2151
f 1121/2203/2151 23/2202/2150 934/2204/2152
f 1121/2203/2151 934/2204/2152 933/2205/2153
f 23/2202/2150 22/2206/2154 934/2204/2152
f 934/2204/2152 22/2206/2154 21/2207/2155
f 934/2204/2152 21/2207/2155 20/2208/2156
f 20/2208/2156 19/2209/2157 934/2204/2152
f 934/2204/2152 19/2209/2157 935/2210/2158
f 935/2210/2158 19/2209/2157 18/2211/2159
f 935/2210/2158 18/2211/2159 17/2212/2160
f 17/2212/2160 16/2213/2161 935/2210/2158
f 935/2210/2158 16/2213/2161 936/2214/1008
f 936/2214/1008 16/2213/2161 15/2215/1007
f 932/2216/2162 1119/2217/2163 933/2205/2153
f 933/2205/2153 1119/2217/2163 1120/2218/2164
f 933/2205/2153 1120/2218/2164 1121/2203/2151
f 1119/2217/2163 932/2216/2162 1118/2219/2165
f 1118/2219/2165 932/2216/2162 931/2220/2166
f 1118/2219/2165 931/2220/2166 1117/2221/2167
f 1117/2221/2167 931/2220/2166 1116/2222/2168
f 1116/2222/2168 931/2220/2166 1115/2223/2169
f 1115/2223/2169 931/2220/2166 975/2224/2170
f 908/2225/2171 907/2226/907 937/2227/2172
f 937/2227/2172 907/2226/907 966/2228/2173
f 937/2227/2172 966/2228/2173 938/2229/2174
f 938/2229/2174 966/2228/2173 965/2230/2175
f 938/2229/2174 965/2230/2175 939/2231/2176
f 939/2231/2176 965/2230/2175 964/2232/2177
f 939/2231/2176 964/2232/2177 940/2233/2178
f 940/2233/2178 964/2232/2177 963/2234/2179
f 940/2233/2178 963/2234/2179 941/2235/2180
f 941/2235/2180 963/2234/2179 962/2236/2181
f 941/2235/2180 962/2236/2181 942/2237/2182
f 942/2237/2182 962/2236/2181 961/2238/2183
f 942/2237/2182 961/2238/2183 943/2239/2184
f 943/2239/2184 961/2238/2183 960/2240/2185
f 943/2239/2184 960/2240/2185 944/2241/2186
f 944/2241/2186 960/2240/2185 959/2242/2187
f 944/2241/2186 959/2242/2187 945/2243/2188
f 945/2243/2188 959/2242/2187 958/2244/2189
f 945/2243/2188 958/2244/2189 946/2245/2190
f 946/2245/2190 958/2244/2189 957/2246/2191
f 946/2245/2190 957/2246/2191 947/2247/2192
f 947/2247/2192 957/2246/2191 956/2248/2193
f 947/2247/2192 956/2248/2193 948/2249/2194
f 948/2249/2194 956/2248/2193 955/2250/2195
f 951/2251/970 1126/2252/2196 53/2253/972
f 53/2253/972 1126/2252/2196 1135/2254/2197
f 1135/2254/2197 1126/2252/2196 1127/2255/2198
f 1135/2254/2197 1127/2255/2198 1134/2256/2199
f 1134/2256/2199 1127/2255/2198 1128/2257/2200
f 1134/2256/2199 1128/2257/2200 1133/2258/2201
f 1133/2258/2201 1128/2257/2200 1129/2259/2202
f 1133/2258/2201 1129/2259/2202 1132/2260/2203
f 1132/2260/2203 1129/2259/2202 1130/2261/2204
f 1132/2260/2203 1130/2261/2204 1131/2262/2205
f 1131/2262/2205 1130/2261/2204 1098/2263/1625
f 1131/2262/2205 1098/2263/1625 1097/2264/1623
f 53/2265/2206 1135/2266/2207 54/2267/2208
f 54/2267/2208 1135/2266/2207 1141/2268/2209
f 54/2267/2208 1141/2268/2209 55/2269/2210
f 55/2269/2210 1141/2268/2209 1142/2270/2211
f 55/2269/2210 1142/2270/2211 56/2271/2212
f 56/2271/2212 1142/2270/2211 1140/2272/2213
f 56/2271/2212 1140/2272/2213 31/2273/2214
f 1141/2268/2209 1135/2266/2207 1143/2274/2215
f 1143/2274/2215 1135/2266/2207 1134/2275/2216
f 1143/2274/2215 1134/2275/2216 1145/2276/2217
f 1145/2276/2217 1134/2275/2216 1133/2277/2218
f 1145/2276/2217 1133/2277/2218 1150/2278/2219
f 1150/2278/2219 1133/2277/2218 1147/2279/2220
f 1150/2278/2219 1147/2279/2220 1148/2280/2221
f 1148/2280/2221 1147/2279/2220 1152/2281/2222
f 1148/2280/2221 1152/2281/2222 1137/2282/2223
f 1137/2282/2223 1152/2281/2222 1136/2283/2224
f 1136/2283/2224 1152/2281/2222 1154/2284/2225
f 1136/2283/2224 1154/2284/2225 1096/2285/1620
f 1096/2285/1620 1154/2284/2225 1097/2286/1623
f 1097/2286/1623 1154/2284/2225 1153/2287/2226
f 1097/2286/1623 1153/2287/2226 1131/2288/2227
f 1131/2288/2227 1153/2287/2226 1151/2289/2228
f 1131/2288/2227 1151/2289/2228 1132/2290/2229
f 1132/2290/2229 1151/2289/2228 1147/2279/2220
f 1132/2290/2229 1147/2279/2220 1133/2277/2218
f 1137/2282/2223 1138/2291/2230 1148/2280/2221
f 1148/2280/2221 1138/2291/2230 1149/2292/2231
f 1148/2280/2221 1149/2292/2231 1150/2278/2219
f 1150/2278/2219 1149/2292/2231 1145/2276/2217
f 1149/2292/2231 1138/2291/2230 1146/2293/2232
f 1146/2293/2232 1138/2291/2230 1139/2294/2233
f 1146/2293/2232 1139/2294/2233 1144/2295/2234
f 1144/2295/2234 1139/2294/2233 1140/2272/2213
f 1144/2295/2234 1140/2272/2213 1142/2270/2211
f 1144/2295/2234 1142/2270/2211 1141/2268/2209
f 1146/2293/2232 1144/2295/2234 1143/2274/2215
f 1143/2274/2215 1144/2295/2234 1141/2268/2209
f 1149/2292/2231 1146/2293/2232 1145/2276/2217
f 1145/2276/2217 1146/2293/2232 1143/2274/2215
f 1154/2284/2225 1152/2281/2222 1151/2289/2228
f 1151/2289/2228 1152/2281/2222 1147/2279/2220
f 1153/2287/2226 1154/2284/2225 1151/2289/2228
f 1096/2296/1620 915/2297/1617 1136/2298/2235
f 1136/2298/2235 915/2297/1617 914/2299/2236
f 1136/2298/2235 914/2299/2236 1137/2300/2237
f 1137/2300/2237 914/2299/2236 913/2301/2238
f 1137/2300/2237 913/2301/2238 1138/2302/2239
f 1138/2302/2239 913/2301/2238 912/2303/2240
f 1138/2302/2239 912/2303/2240 1139/2304/2241
f 1139/2304/2241 912/2303/2240 911/2305/2242
f 1139/2304/2241 911/2305/2242 1140/2306/2243
f 1140/2306/2243 911/2305/2242 910/2307/2244
f 1140/2306/2243 910/2307/2244 31/2308/976
f 31/2308/976 910/2307/2244 909/2309/973
f 305/2310/1083 922/2311/1078 1159/2312/2245
f 1159/2312/2245 922/2311/1078 921/2313/2246
f 1159/2312/2245 921/2313/2246 1158/2314/2247
f 1158/2314/2247 921/2313/2246 920/2315/2248
f 1158/2314/2247 920/2315/2248 1157/2316/2249
f 1157/2316/2249 920/2315/2248 919/2317/2250
f 1157/2316/2249 919/2317/2250 1156/2318/2251
f 1156/2318/2251 919/2317/2250 918/2319/2252
f 1156/2318/2251 918/2319/2252 1155/2320/2253
f 1155/2320/2253 918/2319/2252 917/2321/2254
f 1155/2320/2253 917/2321/2254 1095/2322/1589
f 1095/2322/1589 917/2321/2254 916/2323/1590
f 305/2324/2255 1159/2325/2256 306/2326/2257
f 306/2326/2257 1159/2325/2256 1165/2327/2258
f 306/2326/2257 1165/2327/2258 307/2328/2259
f 307/2328/2259 1165/2327/2258 1166/2329/2260
f 307/2328/2259 1166/2329/2260 308/2330/2261
f 308/2330/2261 1166/2329/2260 1164/2331/2262
f 308/2330/2261 1164/2331/2262 309/2332/2263
f 1165/2327/2258 1159/2325/2256 1167/2333/2264
f 1167/2333/2264 1159/2325/2256 1158/2334/2265
f 1167/2333/2264 1158/2334/2265 1169/2335/2266
f 1169/2335/2266 1158/2334/2265 1157/2336/2267
f 1169/2335/2266 1157/2336/2267 1174/2337/2268
f 1174/2337/2268 1157/2336/2267 1171/2338/2269
f 1174/2337/2268 1171/2338/2269 1172/2339/2270
f 1172/2339/2270 1171/2338/2269 1176/2340/2271
f 1172/2339/2270 1176/2340/2271 1161/2341/2272
f 1161/2341/2272 1176/2340/2271 1160/2342/2273
f 1160/2342/2273 1176/2340/2271 1178/2343/2274
f 1160/2342/2273 1178/2343/2274 1094/2344/1587
f 1094/2344/1587 1178/2343/2274 1095/2345/1589
f 1095/2345/1589 1178/2343/2274 1177/2346/2275
f 1095/2345/1589 1177/2346/2275 1155/2347/2276
f 1155/2347/2276 1177/2346/2275 1175/2348/2277
f 1155/2347/2276 1175/2348/2277 1156/2349/2278
f 1156/2349/2278 1175/2348/2277 1171/2338/2269
f 1156/2349/2278 1171/2338/2269 1157/2336/2267
f 1161/2341/2272 1162/2350/2279 1172/2339/2270
f 1172/2339/2270 1162/2350/2279 1173/2351/2280
f 1172/2339/2270 1173/2351/2280 1174/2337/2268
f 1174/2337/2268 1173/2351/2280 1169/2335/2266
f 1173/2351/2280 1162/2350/2279 1170/2352/2281
f 1170/2352/2281 1162/2350/2279 1163/2353/2282
f 1170/2352/2281 1163/2353/2282 1168/2354/2283
f 1168/2354/2283 1163/2353/2282 1164/2331/2262
f 1168/2354/2283 1164/2331/2262 1166/2329/2260
f 1168/2354/2283 1166/2329/2260 1165/2327/2258
f 1170/2352/2281 1168/2354/2283 1167/2333/2264
f 1167/2333/2264 1168/2354/2283 1165/2327/2258
f 1173/2351/2280 1170/2352/2281 1169/2335/2266
f 1169/2335/2266 1170/2352/2281 1167/2333/2264
f 1178/2343/2274 1176/2340/2271 1175/2348/2277
f 1175/2348/2277 1176/2340/2271 1171/2338/2269
f 1177/2346/2275 1178/2343/2274 1175/2348/2277
f 1094/2355/1587 1093/2356/1584 1160/2357/2284
f 1160/2357/2284 1093/2356/1584 1179/2358/2285
f 1160/2357/2284 1179/2358/2285 1161/2359/2286
f 1161/2359/2286 1179/2358/2285 1180/2360/2287
f 1161/2359/2286 1180/2360/2287 1162/2361/2288
f 1162/2361/2288 1180/2360/2287 1181/2362/2289
f 1162/2361/2288 1181/2362/2289 1163/2363/2290
f 1163/2363/2290 1181/2362/2289 1182/2364/2291
f 1163/2363/2290 1182/2364/2291 1164/2365/2292
f 1164/2365/2292 1182/2364/2291 1183/2366/2293
f 1164/2365/2292 1183/2366/2293 309/2367/1117
f 309/2367/1117 1183/2366/2293 986/2368/1115
f 950/2369/2294 1122/2370/2295 951/2371/2296
f 951/2371/2296 1122/2370/2295 1121/2372/2297
f 951/2371/2296 1121/2372/2297 1126/2373/2298
f 1126/2373/2298 1121/2372/2297 1127/2374/2299
f 1127/2374/2299 1121/2372/2297 1120/2375/2300
f 1127/2374/2299 1120/2375/2300 1128/2376/2301
f 1128/2376/2301 1120/2375/2300 1119/2377/2302
f 1128/2376/2301 1119/2377/2302 1129/2378/2303
f 1129/2378/2303 1119/2377/2302 1118/2379/2304
f 1129/2378/2303 1118/2379/2304 1130/2380/2305
f 1130/2380/2305 1118/2379/2304 1117/2381/2306
f 1130/2380/2305 1117/2381/2306 1116/2382/2307
f 949/2383/2308 1124/2384/2309 950/2369/2294
f 950/2369/2294 1124/2384/2309 1123/2385/2310
f 950/2369/2294 1123/2385/2310 1122/2370/2295
f 948/2386/2311 952/2387/2312 949/2383/2308
f 949/2383/2308 952/2387/2312 1125/2388/2313
f 949/2383/2308 1125/2388/2313 1124/2384/2309
f 955/2389/2195 954/2390/2314 948/2386/2311
f 948/2386/2311 954/2390/2314 953/2391/2315
f 948/2386/2311 953/2391/2315 952/2387/2312
f 1130/2380/2305 1116/2382/2307 1098/2392/1625
f 1098/2392/1625 1116/2382/2307 1115/2393/2316
f 1098/2392/1625 1115/2393/2316 975/2394/1545
f 990/2395/2317 261/2396/274 991/2397/2318
f 991/2397/2318 261/2396/274 988/2398/2319
f 991/2397/2318 988/2398/2319 1104/2399/2320
f 1104/2399/2320 988/2398/2319 1105/2400/2321
f 1105/2400/2321 988/2398/2319 987/2401/2322
f 1105/2400/2321 987/2401/2322 1106/2402/2323
f 1106/2402/2323 987/2401/2322 986/2403/2324
f 1106/2402/2323 986/2403/2324 1107/2404/2325
f 1107/2404/2325 986/2403/2324 1108/2405/2326
f 1108/2405/2326 986/2403/2324 1183/2406/2327
f 1108/2405/2326 1183/2406/2327 1182/2407/2328
f 990/2395/2317 989/2408/2329 261/2396/274
f 261/2396/274 989/2408/2329 262/2409/273
f 1108/2405/2326 1182/2407/2328 1109/2410/2330
f 1109/2410/2330 1182/2407/2328 1181/2411/2331
f 1109/2410/2330 1181/2411/2331 1110/2412/2332
f 1110/2412/2332 1181/2411/2331 1180/2413/2333
f 1110/2412/2332 1180/2413/2333 1111/2414/2334
f 1111/2414/2334 1180/2413/2333 1179/2415/2335
f 1111/2414/2334 1179/2415/2335 1112/2416/2336
f 1112/2416/2336 1179/2415/2335 1113/2417/2337
f 1113/2417/2337 1179/2415/2335 1093/2418/1584
f 1113/2417/2337 1093/2418/1584 1114/2419/2338
f 1114/2419/2338 1093/2418/1584 1092/2420/1611
f 968/2421/1317 1000/2422/1316 969/2423/2339
f 969/2423/2339 1000/2422/1316 999/2424/2340
f 969/2423/2339 999/2424/2340 970/2425/2341
f 970/2425/2341 999/2424/2340 998/2426/2342
f 970/2425/2341 998/2426/2342 971/2427/2343
f 971/2427/2343 998/2426/2342 997/2428/2344
f 971/2427/2343 997/2428/2344 972/2429/2345
f 972/2429/2345 997/2428/2344 996/2430/2346
f 972/2429/2345 996/2430/2346 973/2431/2347
f 973/2431/2347 996/2430/2346 995/2432/2348
f 973/2431/2347 995/2432/2348 974/2433/1543
f 974/2433/1543 995/2432/2348 994/2434/1549
f 1091/2435/1606 1014/2436/1602 1099/2437/2349
f 1099/2437/2349 1014/2436/1602 1013/2438/2350
f 1099/2437/2349 1013/2438/2350 1100/2439/2351
f 1100/2439/2351 1013/2438/2350 1012/2440/2352
f 1100/2439/2351 1012/2440/2352 1101/2441/2353
f 1101/2441/2353 1012/2440/2352 1011/2442/2354
f 1101/2441/2353 1011/2442/2354 1102/2443/2355
f 1102/2443/2355 1011/2442/2354 1010/2444/2356
f 1102/2443/2355 1010/2444/2356 1103/2445/2357
f 1103/2445/2357 1010/2444/2356 1009/2446/2358
f 1103/2445/2357 1009/2446/2358 1005/2447/1313
f 1005/2447/1313 1009/2446/2358 1006/2448/1315
# 1183 vertices
# 2448 texture params
# 2358 normals
# 2402 facets

# 1 groups
