# WaveFront *.obj file (generated by Autodesk ATF)

mtllib Follower_Elbow_To_Wrist_Extension.mtl

g Körper1

v -1.750000 1.463031 0.727376
v -1.750000 1.431973 0.731465
v -1.750000 1.403031 0.743453
v -1.750000 1.378178 0.762523
v -1.750000 1.359108 0.787376
v -1.750000 1.347120 0.816317
v -1.750000 1.343031 0.847376
v -1.750000 1.347120 0.878434
v -1.750000 1.359108 0.907376
v -1.750000 1.378178 0.932229
v -1.750000 1.403031 0.951299
v -1.750000 1.431973 0.963287
v -1.750000 1.463031 0.967376
v -1.750000 1.494089 0.963287
v -1.750000 1.523031 0.951299
v -1.750000 1.547884 0.932229
v -1.750000 1.566954 0.907376
v -1.750000 1.578942 0.878434
v -1.750000 1.583031 0.847376
v -1.750000 1.578942 0.816317
v -1.750000 1.566954 0.787376
v -1.750000 1.547884 0.762523
v -1.750000 1.523031 0.743453
v -1.750000 1.494089 0.731465
v -1.450000 1.463031 0.727376
v -1.450000 1.494089 0.731465
v -1.450000 1.523031 0.743453
v -1.450000 1.547884 0.762523
v -1.450000 1.566954 0.787376
v -1.450000 1.578942 0.816317
v -1.450000 1.583031 0.847376
v -1.450000 1.578942 0.878434
v -1.450000 1.566954 0.907376
v -1.450000 1.547884 0.932229
v -1.450000 1.523031 0.951299
v -1.450000 1.494089 0.963287
v -1.450000 1.463031 0.967376
v -1.450000 1.431973 0.963287
v -1.450000 1.403031 0.951299
v -1.450000 1.378178 0.932229
v -1.450000 1.359108 0.907376
v -1.450000 1.347120 0.878434
v -1.450000 1.343031 0.847376
v -1.450000 1.347120 0.816317
v -1.450000 1.359108 0.787376
v -1.450000 1.378178 0.762523
v -1.450000 1.403031 0.743453
v -1.450000 1.431973 0.731465
v 1.450000 1.463031 0.727376
v 1.450000 1.431973 0.731465
v 1.450000 1.403031 0.743453
v 1.450000 1.378178 0.762523
v 1.450000 1.359108 0.787376
v 1.450000 1.347120 0.816317
v 1.450000 1.343031 0.847376
v 1.450000 1.347120 0.878434
v 1.450000 1.359108 0.907376
v 1.450000 1.378178 0.932229
v 1.450000 1.403031 0.951299
v 1.450000 1.431973 0.963287
v 1.450000 1.463031 0.967376
v 1.450000 1.494089 0.963287
v 1.450000 1.523031 0.951299
v 1.450000 1.547884 0.932229
v 1.450000 1.566954 0.907376
v 1.450000 1.578942 0.878434
v 1.450000 1.583031 0.847376
v 1.450000 1.578942 0.816317
v 1.450000 1.566954 0.787376
v 1.450000 1.547884 0.762523
v 1.450000 1.523031 0.743453
v 1.450000 1.494089 0.731465
v 1.750000 1.463031 0.727376
v 1.750000 1.494089 0.731465
v 1.750000 1.523031 0.743453
v 1.750000 1.547884 0.762523
v 1.750000 1.566954 0.787376
v 1.750000 1.578942 0.816317
v 1.750000 1.583031 0.847376
v 1.750000 1.578942 0.878434
v 1.750000 1.566954 0.907376
v 1.750000 1.547884 0.932229
v 1.750000 1.523031 0.951299
v 1.750000 1.494089 0.963287
v 1.750000 1.463031 0.967376
v 1.750000 1.431973 0.963287
v 1.750000 1.403031 0.951299
v 1.750000 1.378178 0.932229
v 1.750000 1.359108 0.907376
v 1.750000 1.347120 0.878434
v 1.750000 1.343031 0.847376
v 1.750000 1.347120 0.816317
v 1.750000 1.359108 0.787376
v 1.750000 1.378178 0.762523
v 1.750000 1.403031 0.743453
v 1.750000 1.431973 0.731465
v 1.450000 0.863031 1.327376
v 1.450000 0.831973 1.331465
v 1.450000 0.803031 1.343453
v 1.450000 0.778178 1.362523
v 1.450000 0.759108 1.387376
v 1.450000 0.747120 1.416317
v 1.450000 0.743031 1.447376
v 1.450000 0.747120 1.478434
v 1.450000 0.759108 1.507376
v 1.450000 0.778178 1.532229
v 1.450000 0.803031 1.551299
v 1.450000 0.831973 1.563287
v 1.450000 0.863031 1.567376
v 1.450000 0.894089 1.563287
v 1.450000 0.923031 1.551299
v 1.450000 0.947884 1.532229
v 1.450000 0.966954 1.507376
v 1.450000 0.978942 1.478434
v 1.450000 0.983031 1.447376
v 1.450000 0.978942 1.416317
v 1.450000 0.966954 1.387376
v 1.450000 0.947884 1.362523
v 1.450000 0.923031 1.343453
v 1.450000 0.894089 1.331465
v 1.750000 0.863031 1.327376
v 1.750000 0.894089 1.331465
v 1.750000 0.923031 1.343453
v 1.750000 0.947884 1.362523
v 1.750000 0.966954 1.387376
v 1.750000 0.978942 1.416317
v 1.750000 0.983031 1.447376
v 1.750000 0.978942 1.478434
v 1.750000 0.966954 1.507376
v 1.750000 0.947884 1.532229
v 1.750000 0.923031 1.551299
v 1.750000 0.894089 1.563287
v 1.750000 0.863031 1.567376
v 1.750000 0.831973 1.563287
v 1.750000 0.803031 1.551299
v 1.750000 0.778178 1.532229
v 1.750000 0.759108 1.507376
v 1.750000 0.747120 1.478434
v 1.750000 0.743031 1.447376
v 1.750000 0.747120 1.416317
v 1.750000 0.759108 1.387376
v 1.750000 0.778178 1.362523
v 1.750000 0.803031 1.343453
v 1.750000 0.831973 1.331465
v -1.750000 0.863031 1.327376
v -1.750000 0.831973 1.331465
v -1.750000 0.803031 1.343453
v -1.750000 0.778178 1.362523
v -1.750000 0.759108 1.387376
v -1.750000 0.747120 1.416317
v -1.750000 0.743031 1.447376
v -1.750000 0.747120 1.478434
v -1.750000 0.759108 1.507376
v -1.750000 0.778178 1.532229
v -1.750000 0.803031 1.551299
v -1.750000 0.831973 1.563287
v -1.750000 0.863031 1.567376
v -1.750000 0.894089 1.563287
v -1.750000 0.923031 1.551299
v -1.750000 0.947884 1.532229
v -1.750000 0.966954 1.507376
v -1.750000 0.978942 1.478434
v -1.750000 0.983031 1.447376
v -1.750000 0.978942 1.416317
v -1.750000 0.966954 1.387376
v -1.750000 0.947884 1.362523
v -1.750000 0.923031 1.343453
v -1.750000 0.894089 1.331465
v -1.450000 0.863031 1.327376
v -1.450000 0.894089 1.331465
v -1.450000 0.923031 1.343453
v -1.450000 0.947884 1.362523
v -1.450000 0.966954 1.387376
v -1.450000 0.978942 1.416317
v -1.450000 0.983031 1.447376
v -1.450000 0.978942 1.478434
v -1.450000 0.966954 1.507376
v -1.450000 0.947884 1.532229
v -1.450000 0.923031 1.551299
v -1.450000 0.894089 1.563287
v -1.450000 0.863031 1.567376
v -1.450000 0.831973 1.563287
v -1.450000 0.803031 1.551299
v -1.450000 0.778178 1.532229
v -1.450000 0.759108 1.507376
v -1.450000 0.747120 1.478434
v -1.450000 0.743031 1.447376
v -1.450000 0.747120 1.416317
v -1.450000 0.759108 1.387376
v -1.450000 0.778178 1.362523
v -1.450000 0.803031 1.343453
v -1.450000 0.831973 1.331465
v 1.450000 0.263031 0.727376
v 1.450000 0.231973 0.731465
v 1.450000 0.203031 0.743453
v 1.450000 0.178178 0.762523
v 1.450000 0.159108 0.787376
v 1.450000 0.147120 0.816317
v 1.450000 0.143031 0.847376
v 1.450000 0.147120 0.878434
v 1.450000 0.159108 0.907376
v 1.450000 0.178178 0.932229
v 1.450000 0.203031 0.951299
v 1.450000 0.231973 0.963287
v 1.450000 0.263031 0.967376
v 1.450000 0.294089 0.963287
v 1.450000 0.323031 0.951299
v 1.450000 0.347884 0.932229
v 1.450000 0.366954 0.907376
v 1.450000 0.378942 0.878434
v 1.450000 0.383031 0.847376
v 1.450000 0.378942 0.816317
v 1.450000 0.366954 0.787376
v 1.450000 0.347884 0.762523
v 1.450000 0.323031 0.743453
v 1.450000 0.294089 0.731465
v 1.750000 0.263031 0.727376
v 1.750000 0.294089 0.731465
v 1.750000 0.323031 0.743453
v 1.750000 0.347884 0.762523
v 1.750000 0.366954 0.787376
v 1.750000 0.378942 0.816317
v 1.750000 0.383031 0.847376
v 1.750000 0.378942 0.878434
v 1.750000 0.366954 0.907376
v 1.750000 0.347884 0.932229
v 1.750000 0.323031 0.951299
v 1.750000 0.294089 0.963287
v 1.750000 0.263031 0.967376
v 1.750000 0.231973 0.963287
v 1.750000 0.203031 0.951299
v 1.750000 0.178178 0.932229
v 1.750000 0.159108 0.907376
v 1.750000 0.147120 0.878434
v 1.750000 0.143031 0.847376
v 1.750000 0.147120 0.816317
v 1.750000 0.159108 0.787376
v 1.750000 0.178178 0.762523
v 1.750000 0.203031 0.743453
v 1.750000 0.231973 0.731465
v -1.750000 0.263031 0.727376
v -1.750000 0.231973 0.731465
v -1.750000 0.203031 0.743453
v -1.750000 0.178178 0.762523
v -1.750000 0.159108 0.787376
v -1.750000 0.147120 0.816317
v -1.750000 0.143031 0.847376
v -1.750000 0.147120 0.878434
v -1.750000 0.159108 0.907376
v -1.750000 0.178178 0.932229
v -1.750000 0.203031 0.951299
v -1.750000 0.231973 0.963287
v -1.750000 0.263031 0.967376
v -1.750000 0.294089 0.963287
v -1.750000 0.323031 0.951299
v -1.750000 0.347884 0.932229
v -1.750000 0.366954 0.907376
v -1.750000 0.378942 0.878434
v -1.750000 0.383031 0.847376
v -1.750000 0.378942 0.816317
v -1.750000 0.366954 0.787376
v -1.750000 0.347884 0.762523
v -1.750000 0.323031 0.743453
v -1.750000 0.294089 0.731465
v -1.450000 0.263031 0.727376
v -1.450000 0.294089 0.731465
v -1.450000 0.323031 0.743453
v -1.450000 0.347884 0.762523
v -1.450000 0.366954 0.787376
v -1.450000 0.378942 0.816317
v -1.450000 0.383031 0.847376
v -1.450000 0.378942 0.878434
v -1.450000 0.366954 0.907376
v -1.450000 0.347884 0.932229
v -1.450000 0.323031 0.951299
v -1.450000 0.294089 0.963287
v -1.450000 0.263031 0.967376
v -1.450000 0.231973 0.963287
v -1.450000 0.203031 0.951299
v -1.450000 0.178178 0.932229
v -1.450000 0.159108 0.907376
v -1.450000 0.147120 0.878434
v -1.450000 0.143031 0.847376
v -1.450000 0.147120 0.816317
v -1.450000 0.159108 0.787376
v -1.450000 0.178178 0.762523
v -1.450000 0.203031 0.743453
v -1.450000 0.231973 0.731465
v 1.450000 0.863031 0.127376
v 1.450000 0.831973 0.131465
v 1.450000 0.803031 0.143453
v 1.450000 0.778178 0.162523
v 1.450000 0.759108 0.187376
v 1.450000 0.747120 0.216317
v 1.450000 0.743031 0.247376
v 1.450000 0.747120 0.278434
v 1.450000 0.759108 0.307376
v 1.450000 0.778178 0.332229
v 1.450000 0.803031 0.351299
v 1.450000 0.831973 0.363287
v 1.450000 0.863031 0.367376
v 1.450000 0.894089 0.363287
v 1.450000 0.923031 0.351299
v 1.450000 0.947884 0.332229
v 1.450000 0.966954 0.307376
v 1.450000 0.978942 0.278434
v 1.450000 0.983031 0.247376
v 1.450000 0.978942 0.216317
v 1.450000 0.966954 0.187376
v 1.450000 0.947884 0.162523
v 1.450000 0.923031 0.143453
v 1.450000 0.894089 0.131465
v 1.750000 0.863031 0.127376
v 1.750000 0.894089 0.131465
v 1.750000 0.923031 0.143453
v 1.750000 0.947884 0.162523
v 1.750000 0.966954 0.187376
v 1.750000 0.978942 0.216317
v 1.750000 0.983031 0.247376
v 1.750000 0.978942 0.278434
v 1.750000 0.966954 0.307376
v 1.750000 0.947884 0.332229
v 1.750000 0.923031 0.351299
v 1.750000 0.894089 0.363287
v 1.750000 0.863031 0.367376
v 1.750000 0.831973 0.363287
v 1.750000 0.803031 0.351299
v 1.750000 0.778178 0.332229
v 1.750000 0.759108 0.307376
v 1.750000 0.747120 0.278434
v 1.750000 0.743031 0.247376
v 1.750000 0.747120 0.216317
v 1.750000 0.759108 0.187376
v 1.750000 0.778178 0.162523
v 1.750000 0.803031 0.143453
v 1.750000 0.831973 0.131465
v -1.750000 0.863031 0.127376
v -1.750000 0.831973 0.131465
v -1.750000 0.803031 0.143453
v -1.750000 0.778178 0.162523
v -1.750000 0.759108 0.187376
v -1.750000 0.747120 0.216317
v -1.750000 0.743031 0.247376
v -1.750000 0.747120 0.278434
v -1.750000 0.759108 0.307376
v -1.750000 0.778178 0.332229
v -1.750000 0.803031 0.351299
v -1.750000 0.831973 0.363287
v -1.750000 0.863031 0.367376
v -1.750000 0.894089 0.363287
v -1.750000 0.923031 0.351299
v -1.750000 0.947884 0.332229
v -1.750000 0.966954 0.307376
v -1.750000 0.978942 0.278434
v -1.750000 0.983031 0.247376
v -1.750000 0.978942 0.216317
v -1.750000 0.966954 0.187376
v -1.750000 0.947884 0.162523
v -1.750000 0.923031 0.143453
v -1.750000 0.894089 0.131465
v -1.450000 0.863031 0.127376
v -1.450000 0.894089 0.131465
v -1.450000 0.923031 0.143453
v -1.450000 0.947884 0.162523
v -1.450000 0.966954 0.187376
v -1.450000 0.978942 0.216317
v -1.450000 0.983031 0.247376
v -1.450000 0.978942 0.278434
v -1.450000 0.966954 0.307376
v -1.450000 0.947884 0.332229
v -1.450000 0.923031 0.351299
v -1.450000 0.894089 0.363287
v -1.450000 0.863031 0.367376
v -1.450000 0.831973 0.363287
v -1.450000 0.803031 0.351299
v -1.450000 0.778178 0.332229
v -1.450000 0.759108 0.307376
v -1.450000 0.747120 0.278434
v -1.450000 0.743031 0.247376
v -1.450000 0.747120 0.216317
v -1.450000 0.759108 0.187376
v -1.450000 0.778178 0.162523
v -1.450000 0.803031 0.143453
v -1.450000 0.831973 0.131465
v -1.315000 -6.934578 2.167362
v -1.315000 -6.999282 2.158843
v -1.315000 -7.059578 2.133868
v -1.315000 -7.111354 2.094138
v -1.315000 -7.151084 2.042362
v -1.315000 -7.176059 1.982066
v -1.315000 -7.184578 1.917362
v -1.315000 -7.176059 1.852657
v -1.315000 -7.151084 1.792362
v -1.315000 -7.111354 1.740585
v -1.315000 -7.059578 1.700855
v -1.315000 -6.999282 1.675880
v -1.315000 -6.934578 1.667362
v -1.315000 -6.869873 1.675880
v -1.315000 -6.809578 1.700855
v -1.315000 -6.757801 1.740585
v -1.315000 -6.718071 1.792362
v -1.315000 -6.693096 1.852657
v -1.315000 -6.684578 1.917362
v -1.315000 -6.693096 1.982066
v -1.315000 -6.718071 2.042362
v -1.315000 -6.757801 2.094138
v -1.315000 -6.809578 2.133868
v -1.315000 -6.869873 2.158843
v -1.475000 -6.934578 2.167362
v -1.475000 -6.869873 2.158843
v -1.475000 -6.809578 2.133868
v -1.475000 -6.757801 2.094138
v -1.475000 -6.718071 2.042362
v -1.475000 -6.693096 1.982066
v -1.475000 -6.684578 1.917362
v -1.475000 -6.693096 1.852657
v -1.475000 -6.718071 1.792362
v -1.475000 -6.757801 1.740585
v -1.475000 -6.809578 1.700855
v -1.475000 -6.869873 1.675880
v -1.475000 -6.934578 1.667362
v -1.475000 -6.999282 1.675880
v -1.475000 -7.059578 1.700855
v -1.475000 -7.111354 1.740585
v -1.475000 -7.151084 1.792362
v -1.475000 -7.176059 1.852657
v -1.475000 -7.184578 1.917362
v -1.475000 -7.176059 1.982066
v -1.475000 -7.151084 2.042362
v -1.475000 -7.111354 2.094138
v -1.475000 -7.059578 2.133868
v -1.475000 -6.999282 2.158843
v -1.175000 -6.934578 2.037362
v -1.175000 -6.965636 2.033273
v -1.175000 -6.994578 2.021285
v -1.175000 -7.019430 2.002215
v -1.175000 -7.038501 1.977362
v -1.175000 -7.050489 1.948420
v -1.175000 -7.054578 1.917362
v -1.175000 -7.050489 1.886303
v -1.175000 -7.038501 1.857362
v -1.175000 -7.019430 1.832509
v -1.175000 -6.994578 1.813439
v -1.175000 -6.965636 1.801451
v -1.175000 -6.934578 1.797362
v -1.175000 -6.903519 1.801451
v -1.175000 -6.874578 1.813439
v -1.175000 -6.849725 1.832509
v -1.175000 -6.830654 1.857362
v -1.175000 -6.818666 1.886303
v -1.175000 -6.814578 1.917362
v -1.175000 -6.818666 1.948420
v -1.175000 -6.830654 1.977362
v -1.175000 -6.849725 2.002215
v -1.175000 -6.874578 2.021285
v -1.175000 -6.903519 2.033273
v -1.315000 -6.934578 2.037362
v -1.315000 -6.903519 2.033273
v -1.315000 -6.874578 2.021285
v -1.315000 -6.849725 2.002215
v -1.315000 -6.830654 1.977362
v -1.315000 -6.818666 1.948420
v -1.315000 -6.814578 1.917362
v -1.315000 -6.818666 1.886303
v -1.315000 -6.830654 1.857362
v -1.315000 -6.849725 1.832509
v -1.315000 -6.874578 1.813439
v -1.315000 -6.903519 1.801451
v -1.315000 -6.934578 1.797362
v -1.315000 -6.965636 1.801451
v -1.315000 -6.994578 1.813439
v -1.315000 -7.019430 1.832509
v -1.315000 -7.038501 1.857362
v -1.315000 -7.050489 1.886303
v -1.315000 -7.054578 1.917362
v -1.315000 -7.050489 1.948420
v -1.315000 -7.038501 1.977362
v -1.315000 -7.019430 2.002215
v -1.315000 -6.994578 2.021285
v -1.315000 -6.965636 2.033273
v -1.315000 -6.934578 0.567362
v -1.315000 -6.999282 0.558843
v -1.315000 -7.059578 0.533868
v -1.315000 -7.111354 0.494138
v -1.315000 -7.151084 0.442362
v -1.315000 -7.176059 0.382066
v -1.315000 -7.184578 0.317362
v -1.315000 -7.176059 0.252657
v -1.315000 -7.151084 0.192362
v -1.315000 -7.111354 0.140585
v -1.315000 -7.059578 0.100855
v -1.315000 -6.999282 0.075880
v -1.315000 -6.934578 0.067362
v -1.315000 -6.869873 0.075880
v -1.315000 -6.809578 0.100855
v -1.315000 -6.757801 0.140585
v -1.315000 -6.718071 0.192362
v -1.315000 -6.693096 0.252657
v -1.315000 -6.684578 0.317362
v -1.315000 -6.693096 0.382066
v -1.315000 -6.718071 0.442362
v -1.315000 -6.757801 0.494138
v -1.315000 -6.809578 0.533868
v -1.315000 -6.869873 0.558843
v -1.475000 -6.934578 0.567362
v -1.475000 -6.869873 0.558843
v -1.475000 -6.809578 0.533868
v -1.475000 -6.757801 0.494138
v -1.475000 -6.718071 0.442362
v -1.475000 -6.693096 0.382066
v -1.475000 -6.684578 0.317362
v -1.475000 -6.693096 0.252657
v -1.475000 -6.718071 0.192362
v -1.475000 -6.757801 0.140585
v -1.475000 -6.809578 0.100855
v -1.475000 -6.869873 0.075880
v -1.475000 -6.934578 0.067362
v -1.475000 -6.999282 0.075880
v -1.475000 -7.059578 0.100855
v -1.475000 -7.111354 0.140585
v -1.475000 -7.151084 0.192362
v -1.475000 -7.176059 0.252657
v -1.475000 -7.184578 0.317362
v -1.475000 -7.176059 0.382066
v -1.475000 -7.151084 0.442362
v -1.475000 -7.111354 0.494138
v -1.475000 -7.059578 0.533868
v -1.475000 -6.999282 0.558843
v -1.175000 -6.934578 0.437362
v -1.175000 -6.965636 0.433273
v -1.175000 -6.994578 0.421285
v -1.175000 -7.019430 0.402215
v -1.175000 -7.038501 0.377362
v -1.175000 -7.050489 0.348420
v -1.175000 -7.054578 0.317362
v -1.175000 -7.050489 0.286303
v -1.175000 -7.038501 0.257362
v -1.175000 -7.019430 0.232509
v -1.175000 -6.994578 0.213439
v -1.175000 -6.965636 0.201451
v -1.175000 -6.934578 0.197362
v -1.175000 -6.903519 0.201451
v -1.175000 -6.874578 0.213439
v -1.175000 -6.849725 0.232509
v -1.175000 -6.830654 0.257362
v -1.175000 -6.818666 0.286303
v -1.175000 -6.814578 0.317362
v -1.175000 -6.818666 0.348420
v -1.175000 -6.830654 0.377362
v -1.175000 -6.849725 0.402215
v -1.175000 -6.874578 0.421285
v -1.175000 -6.903519 0.433273
v -1.315000 -6.934578 0.437362
v -1.315000 -6.903519 0.433273
v -1.315000 -6.874578 0.421285
v -1.315000 -6.849725 0.402215
v -1.315000 -6.830654 0.377362
v -1.315000 -6.818666 0.348420
v -1.315000 -6.814578 0.317362
v -1.315000 -6.818666 0.286303
v -1.315000 -6.830654 0.257362
v -1.315000 -6.849725 0.232509
v -1.315000 -6.874578 0.213439
v -1.315000 -6.903519 0.201451
v -1.315000 -6.934578 0.197362
v -1.315000 -6.965636 0.201451
v -1.315000 -6.994578 0.213439
v -1.315000 -7.019430 0.232509
v -1.315000 -7.038501 0.257362
v -1.315000 -7.050489 0.286303
v -1.315000 -7.054578 0.317362
v -1.315000 -7.050489 0.348420
v -1.315000 -7.038501 0.377362
v -1.315000 -7.019430 0.402215
v -1.315000 -6.994578 0.421285
v -1.315000 -6.965636 0.433273
v 1.315000 -6.934578 1.667362
v 1.315000 -6.999282 1.675880
v 1.315000 -7.059578 1.700855
v 1.315000 -7.111354 1.740585
v 1.315000 -7.151084 1.792362
v 1.315000 -7.176059 1.852657
v 1.315000 -7.184578 1.917362
v 1.315000 -7.176059 1.982066
v 1.315000 -7.151084 2.042362
v 1.315000 -7.111354 2.094138
v 1.315000 -7.059578 2.133868
v 1.315000 -6.999282 2.158843
v 1.315000 -6.934578 2.167362
v 1.315000 -6.869873 2.158843
v 1.315000 -6.809578 2.133868
v 1.315000 -6.757801 2.094138
v 1.315000 -6.718071 2.042362
v 1.315000 -6.693096 1.982066
v 1.315000 -6.684578 1.917362
v 1.315000 -6.693096 1.852657
v 1.315000 -6.718071 1.792362
v 1.315000 -6.757801 1.740585
v 1.315000 -6.809578 1.700855
v 1.315000 -6.869873 1.675880
v 1.475000 -6.934578 1.667362
v 1.475000 -6.869873 1.675880
v 1.475000 -6.809578 1.700855
v 1.475000 -6.757801 1.740585
v 1.475000 -6.718071 1.792362
v 1.475000 -6.693096 1.852657
v 1.475000 -6.684578 1.917362
v 1.475000 -6.693096 1.982066
v 1.475000 -6.718071 2.042362
v 1.475000 -6.757801 2.094138
v 1.475000 -6.809578 2.133868
v 1.475000 -6.869873 2.158843
v 1.475000 -6.934578 2.167362
v 1.475000 -6.999282 2.158843
v 1.475000 -7.059578 2.133868
v 1.475000 -7.111354 2.094138
v 1.475000 -7.151084 2.042362
v 1.475000 -7.176059 1.982066
v 1.475000 -7.184578 1.917362
v 1.475000 -7.176059 1.852657
v 1.475000 -7.151084 1.792362
v 1.475000 -7.111354 1.740585
v 1.475000 -7.059578 1.700855
v 1.475000 -6.999282 1.675880
v 1.175000 -6.934578 1.797362
v 1.175000 -6.965636 1.801451
v 1.175000 -6.994578 1.813439
v 1.175000 -7.019430 1.832509
v 1.175000 -7.038501 1.857362
v 1.175000 -7.050489 1.886303
v 1.175000 -7.054578 1.917362
v 1.175000 -7.050489 1.948420
v 1.175000 -7.038501 1.977362
v 1.175000 -7.019430 2.002215
v 1.175000 -6.994578 2.021285
v 1.175000 -6.965636 2.033273
v 1.175000 -6.934578 2.037362
v 1.175000 -6.903519 2.033273
v 1.175000 -6.874578 2.021285
v 1.175000 -6.849725 2.002215
v 1.175000 -6.830654 1.977362
v 1.175000 -6.818666 1.948420
v 1.175000 -6.814578 1.917362
v 1.175000 -6.818666 1.886303
v 1.175000 -6.830654 1.857362
v 1.175000 -6.849725 1.832509
v 1.175000 -6.874578 1.813439
v 1.175000 -6.903519 1.801451
v 1.315000 -6.934578 1.797362
v 1.315000 -6.903519 1.801451
v 1.315000 -6.874578 1.813439
v 1.315000 -6.849725 1.832509
v 1.315000 -6.830654 1.857362
v 1.315000 -6.818666 1.886303
v 1.315000 -6.814578 1.917362
v 1.315000 -6.818666 1.948420
v 1.315000 -6.830654 1.977362
v 1.315000 -6.849725 2.002215
v 1.315000 -6.874578 2.021285
v 1.315000 -6.903519 2.033273
v 1.315000 -6.934578 2.037362
v 1.315000 -6.965636 2.033273
v 1.315000 -6.994578 2.021285
v 1.315000 -7.019430 2.002215
v 1.315000 -7.038501 1.977362
v 1.315000 -7.050489 1.948420
v 1.315000 -7.054578 1.917362
v 1.315000 -7.050489 1.886303
v 1.315000 -7.038501 1.857362
v 1.315000 -7.019430 1.832509
v 1.315000 -6.994578 1.813439
v 1.315000 -6.965636 1.801451
v 1.315000 -6.934578 0.067362
v 1.315000 -6.999282 0.075880
v 1.315000 -7.059578 0.100855
v 1.315000 -7.111354 0.140585
v 1.315000 -7.151084 0.192362
v 1.315000 -7.176059 0.252657
v 1.315000 -7.184578 0.317362
v 1.315000 -7.176059 0.382066
v 1.315000 -7.151084 0.442362
v 1.315000 -7.111354 0.494138
v 1.315000 -7.059578 0.533868
v 1.315000 -6.999282 0.558843
v 1.315000 -6.934578 0.567362
v 1.315000 -6.869873 0.558843
v 1.315000 -6.809578 0.533868
v 1.315000 -6.757801 0.494138
v 1.315000 -6.718071 0.442362
v 1.315000 -6.693096 0.382066
v 1.315000 -6.684578 0.317362
v 1.315000 -6.693096 0.252657
v 1.315000 -6.718071 0.192362
v 1.315000 -6.757801 0.140585
v 1.315000 -6.809578 0.100855
v 1.315000 -6.869873 0.075880
v 1.475000 -6.934578 0.067362
v 1.475000 -6.869873 0.075880
v 1.475000 -6.809578 0.100855
v 1.475000 -6.757801 0.140585
v 1.475000 -6.718071 0.192362
v 1.475000 -6.693096 0.252657
v 1.475000 -6.684578 0.317362
v 1.475000 -6.693096 0.382066
v 1.475000 -6.718071 0.442362
v 1.475000 -6.757801 0.494138
v 1.475000 -6.809578 0.533868
v 1.475000 -6.869873 0.558843
v 1.475000 -6.934578 0.567362
v 1.475000 -6.999282 0.558843
v 1.475000 -7.059578 0.533868
v 1.475000 -7.111354 0.494138
v 1.475000 -7.151084 0.442362
v 1.475000 -7.176059 0.382066
v 1.475000 -7.184578 0.317362
v 1.475000 -7.176059 0.252657
v 1.475000 -7.151084 0.192362
v 1.475000 -7.111354 0.140585
v 1.475000 -7.059578 0.100855
v 1.475000 -6.999282 0.075880
v 1.175000 -6.934578 0.197362
v 1.175000 -6.965636 0.201451
v 1.175000 -6.994578 0.213439
v 1.175000 -7.019430 0.232509
v 1.175000 -7.038501 0.257362
v 1.175000 -7.050489 0.286303
v 1.175000 -7.054578 0.317362
v 1.175000 -7.050489 0.348420
v 1.175000 -7.038501 0.377362
v 1.175000 -7.019430 0.402215
v 1.175000 -6.994578 0.421285
v 1.175000 -6.965636 0.433273
v 1.175000 -6.934578 0.437362
v 1.175000 -6.903519 0.433273
v 1.175000 -6.874578 0.421285
v 1.175000 -6.849725 0.402215
v 1.175000 -6.830654 0.377362
v 1.175000 -6.818666 0.348420
v 1.175000 -6.814578 0.317362
v 1.175000 -6.818666 0.286303
v 1.175000 -6.830654 0.257362
v 1.175000 -6.849725 0.232509
v 1.175000 -6.874578 0.213439
v 1.175000 -6.903519 0.201451
v 1.315000 -6.934578 0.197362
v 1.315000 -6.903519 0.201451
v 1.315000 -6.874578 0.213439
v 1.315000 -6.849725 0.232509
v 1.315000 -6.830654 0.257362
v 1.315000 -6.818666 0.286303
v 1.315000 -6.814578 0.317362
v 1.315000 -6.818666 0.348420
v 1.315000 -6.830654 0.377362
v 1.315000 -6.849725 0.402215
v 1.315000 -6.874578 0.421285
v 1.315000 -6.903519 0.433273
v 1.315000 -6.934578 0.437362
v 1.315000 -6.965636 0.433273
v 1.315000 -6.994578 0.421285
v 1.315000 -7.019430 0.402215
v 1.315000 -7.038501 0.377362
v 1.315000 -7.050489 0.348420
v 1.315000 -7.054578 0.317362
v 1.315000 -7.050489 0.286303
v 1.315000 -7.038501 0.257362
v 1.315000 -7.019430 0.232509
v 1.315000 -6.994578 0.213439
v 1.315000 -6.965636 0.201451
v -1.750000 1.475999 1.430943
v -1.750000 1.415465 1.513984
v -1.750000 1.335772 1.578862
v -1.750000 1.242180 1.621295
v -1.450000 1.242180 1.621295
v -1.450000 1.335772 1.578862
v -1.450000 1.415465 1.513984
v -1.450000 1.475999 1.430943
v -1.750000 1.597045 0.635875
v -1.750000 1.655911 0.716882
v -1.750000 1.692814 0.809971
v -1.750000 1.705438 0.909309
v -1.750000 1.692995 1.008670
v -1.750000 1.656262 1.101827
v -1.450000 1.656262 1.101827
v -1.450000 1.692995 1.008670
v -1.450000 1.705438 0.909309
v -1.450000 1.692814 0.809971
v -1.450000 1.655911 0.716882
v -1.450000 1.597045 0.635875
v 1.450000 1.475999 1.430943
v 1.450000 1.415465 1.513984
v 1.450000 1.335772 1.578862
v 1.450000 1.242180 1.621295
v 1.750000 1.242180 1.621295
v 1.750000 1.335772 1.578862
v 1.750000 1.415465 1.513984
v 1.750000 1.475999 1.430943
v 1.450000 1.597045 0.635875
v 1.450000 1.655911 0.716882
v 1.450000 1.692814 0.809971
v 1.450000 1.705438 0.909309
v 1.450000 1.692995 1.008670
v 1.450000 1.656262 1.101827
v 1.750000 1.656262 1.101827
v 1.750000 1.692995 1.008670
v 1.750000 1.705438 0.909309
v 1.750000 1.692814 0.809971
v 1.750000 1.655911 0.716882
v 1.750000 1.597045 0.635875
v -1.475000 -6.704578 1.709516
v -1.475000 -6.704578 0.525208
v -1.475017 -6.670658 0.479923
v -1.475054 -6.645421 0.428741
v -1.475086 -6.629813 0.373887
v -1.475098 -6.624780 0.317554
v -1.475085 -6.630130 0.261203
v -1.475053 -6.645670 0.206332
v -1.475017 -6.670825 0.154774
v -1.475000 -6.704578 0.109516
v -1.475000 -6.704578 0.000000
v -1.475000 -7.304578 0.000000
v -1.475000 -7.304578 2.300000
v -1.475000 -6.704578 2.300000
v -1.475000 -6.704578 2.125208
v -1.475017 -6.670659 2.079922
v -1.475054 -6.645424 2.028740
v -1.475085 -6.629817 1.973887
v -1.475098 -6.624785 1.917553
v -1.475085 -6.630134 1.861202
v -1.475053 -6.645672 1.806332
v -1.475017 -6.670826 1.754773
v -1.175000 -6.704578 0.000000
v 1.175000 -6.704578 0.000000
v 1.175000 -6.704578 2.300000
v -1.175000 -6.704578 2.300000
v 1.175000 -7.304578 0.000000
v 1.175000 -7.304578 2.300000
v 1.475000 -7.304578 0.000000
v 1.475000 -7.304578 2.300000
v -1.175000 -7.304578 2.300000
v 1.475000 -6.704578 2.300000
v 1.505548 -5.264200 2.300000
v 1.582036 -3.832610 2.300000
v 1.671106 -2.405035 2.300000
v 1.735762 -0.976599 2.300000
v -1.735762 -0.976599 2.300000
v -1.671106 -2.405035 2.300000
v -1.582036 -3.832610 2.300000
v -1.505548 -5.264200 2.300000
v 1.475000 -6.704578 0.000000
v 1.475000 -6.704578 0.109516
v 1.475018 -6.670671 0.155109
v 1.475053 -6.645686 0.206167
v 1.475085 -6.630174 0.260866
v 1.475098 -6.624685 0.317383
v 1.475086 -6.629777 0.373916
v 1.475054 -6.645300 0.428578
v 1.475018 -6.670558 0.479675
v 1.475000 -6.704578 0.525208
v 1.475000 -6.704578 1.709516
v 1.475018 -6.670672 1.755109
v 1.475053 -6.645689 1.806167
v 1.475085 -6.630178 1.860866
v 1.475098 -6.624690 1.917382
v 1.475086 -6.629781 1.973915
v 1.475054 -6.645303 2.028577
v 1.475018 -6.670559 2.079675
v 1.475000 -6.704578 2.125208
v 1.750000 -0.011915 2.004912
v 1.515996 -5.022593 0.000000
v 1.612500 -3.351554 0.000000
v 1.709004 -1.683684 0.000000
v 1.750000 -0.011915 0.000000
v 1.750000 -0.011915 0.755154
v 1.750000 -0.023207 0.800659
v 1.750000 -0.026966 0.847377
v 1.750000 -0.023198 0.894107
v 1.750000 -0.011915 0.939597
v 1.750000 1.000000 -0.000000
v -1.515996 -5.022593 0.000000
v -1.612500 -3.351554 0.000000
v -1.709004 -1.683684 0.000000
v -1.750000 -0.011915 0.000000
v -1.750000 1.000000 -0.000000
v -1.450000 1.000000 0.000000
v -1.450000 -0.000000 0.000000
v -1.439768 -0.106851 0.000000
v -1.409524 -0.201914 0.000000
v -1.360487 -0.285739 0.000000
v -1.294428 -0.359097 0.000000
v -1.213470 -0.422873 0.000000
v -1.119953 -0.477987 0.000000
v -0.905066 -0.565778 0.000000
v -0.669233 -0.628735 0.000000
v -0.430447 -0.671377 0.000000
v -0.203812 -0.696317 0.000000
v -0.000000 -0.704578 0.000000
v 0.203812 -0.696317 0.000000
v 0.430447 -0.671377 0.000000
v 0.669233 -0.628735 0.000000
v 0.905066 -0.565778 0.000000
v 1.119953 -0.477987 0.000000
v 1.213470 -0.422873 0.000000
v 1.294428 -0.359097 0.000000
v 1.360487 -0.285739 0.000000
v 1.409524 -0.201914 0.000000
v 1.439768 -0.106851 0.000000
v 1.450000 -0.000000 0.000000
v 1.450000 1.000000 0.000000
v -1.175000 -7.304578 0.000000
v -0.000000 -0.704578 2.216791
v 0.380416 -0.678159 2.208710
v 0.576600 -0.647448 2.199316
v 0.846272 -0.584010 2.179910
v 1.124478 -0.475637 2.146760
v 1.229291 -0.411880 2.127258
v 1.309109 -0.345017 2.106805
v 1.370908 -0.271031 2.084173
v 1.416106 -0.186382 2.058280
v 1.442030 -0.094872 2.030288
v 1.450000 -0.000000 2.001267
v -1.750000 -0.011915 2.004912
v -0.380416 -0.678159 2.208710
v -0.576600 -0.647448 2.199316
v -0.846272 -0.584010 2.179910
v -1.124478 -0.475637 2.146760
v -1.229291 -0.411880 2.127258
v -1.309109 -0.345017 2.106805
v -1.370908 -0.271031 2.084173
v -1.416106 -0.186382 2.058280
v -1.442030 -0.094872 2.030288
v -1.450000 -0.000000 2.001267
v -1.750000 -0.011915 0.939597
v -1.749998 -0.023202 0.894106
v -1.749996 -0.026966 0.847377
v -1.749998 -0.023204 0.800648
v -1.750000 -0.011915 0.755154
vt -3.500000 -0.031416 0.000000
vt -3.200000 -0.031416 0.000000
vt -3.500000 0.000000 0.000000
vt -3.200000 0.000000 0.000000
vt -3.500000 0.031416 0.000000
vt -3.200000 0.031416 0.000000
vt -3.500000 0.062832 0.000000
vt -3.200000 0.062832 0.000000
vt -3.500000 0.094248 0.000000
vt -3.200000 0.094248 0.000000
vt -3.500000 0.125664 0.000000
vt -3.200000 0.125664 0.000000
vt -3.500000 0.157080 0.000000
vt -3.200000 0.157080 0.000000
vt -3.500000 0.188496 0.000000
vt -3.200000 0.188496 0.000000
vt -3.500000 0.219911 0.000000
vt -3.200000 0.219911 0.000000
vt -3.500000 0.251327 0.000000
vt -3.200000 0.251327 0.000000
vt -3.500000 0.282743 0.000000
vt -3.200000 0.282743 0.000000
vt -3.500000 0.314159 0.000000
vt -3.200000 0.314159 0.000000
vt -3.500000 0.345575 0.000000
vt -3.200000 0.345575 0.000000
vt -3.500000 0.376991 0.000000
vt -3.200000 0.376991 0.000000
vt -3.500000 -0.376991 0.000000
vt -3.200000 -0.376991 0.000000
vt -3.500000 -0.345575 0.000000
vt -3.200000 -0.345575 0.000000
vt -3.500000 -0.314159 0.000000
vt -3.200000 -0.314159 0.000000
vt -3.500000 -0.282743 0.000000
vt -3.200000 -0.282743 0.000000
vt -3.500000 -0.251327 0.000000
vt -3.200000 -0.251327 0.000000
vt -3.500000 -0.219911 0.000000
vt -3.200000 -0.219911 0.000000
vt -3.500000 -0.188496 0.000000
vt -3.200000 -0.188496 0.000000
vt -3.500000 -0.157080 0.000000
vt -3.200000 -0.157080 0.000000
vt -3.500000 -0.125664 0.000000
vt -3.200000 -0.125664 0.000000
vt -3.500000 -0.094248 0.000000
vt -3.200000 -0.094248 0.000000
vt -3.500000 -0.062832 0.000000
vt -3.200000 -0.062832 0.000000
vt -0.300000 -0.031416 0.000000
vt 0.000000 -0.031416 0.000000
vt -0.300000 0.000000 0.000000
vt 0.000000 0.000000 0.000000
vt -0.300000 0.031416 0.000000
vt 0.000000 0.031416 0.000000
vt -0.300000 0.062832 0.000000
vt 0.000000 0.062832 0.000000
vt -0.300000 0.094248 0.000000
vt 0.000000 0.094248 0.000000
vt -0.300000 0.125664 0.000000
vt 0.000000 0.125664 0.000000
vt -0.300000 0.157080 0.000000
vt 0.000000 0.157080 0.000000
vt -0.300000 0.188496 0.000000
vt 0.000000 0.188496 0.000000
vt -0.300000 0.219911 0.000000
vt 0.000000 0.219911 0.000000
vt -0.300000 0.251327 0.000000
vt 0.000000 0.251327 0.000000
vt -0.300000 0.282743 0.000000
vt 0.000000 0.282743 0.000000
vt -0.300000 0.314159 0.000000
vt 0.000000 0.314159 0.000000
vt -0.300000 0.345575 0.000000
vt 0.000000 0.345575 0.000000
vt -0.300000 0.376991 0.000000
vt 0.000000 0.376991 0.000000
vt -0.300000 -0.376991 0.000000
vt 0.000000 -0.376991 0.000000
vt -0.300000 -0.345575 0.000000
vt 0.000000 -0.345575 0.000000
vt -0.300000 -0.314159 0.000000
vt 0.000000 -0.314159 0.000000
vt -0.300000 -0.282743 0.000000
vt 0.000000 -0.282743 0.000000
vt -0.300000 -0.251327 0.000000
vt 0.000000 -0.251327 0.000000
vt -0.300000 -0.219911 0.000000
vt 0.000000 -0.219911 0.000000
vt -0.300000 -0.188496 0.000000
vt 0.000000 -0.188496 0.000000
vt -0.300000 -0.157080 0.000000
vt 0.000000 -0.157080 0.000000
vt -0.300000 -0.125664 0.000000
vt 0.000000 -0.125664 0.000000
vt -0.300000 -0.094248 0.000000
vt 0.000000 -0.094248 0.000000
vt -0.300000 -0.062832 0.000000
vt 0.000000 -0.062832 0.000000
vt -0.300000 -0.031416 0.000000
vt 0.000000 -0.031416 0.000000
vt -0.300000 0.000000 0.000000
vt 0.000000 0.000000 0.000000
vt -0.300000 0.031416 0.000000
vt 0.000000 0.031416 0.000000
vt -0.300000 0.062832 0.000000
vt 0.000000 0.062832 0.000000
vt -0.300000 0.094248 0.000000
vt 0.000000 0.094248 0.000000
vt -0.300000 0.125664 0.000000
vt 0.000000 0.125664 0.000000
vt -0.300000 0.157080 0.000000
vt 0.000000 0.157080 0.000000
vt -0.300000 0.188496 0.000000
vt 0.000000 0.188496 0.000000
vt -0.300000 0.219911 0.000000
vt 0.000000 0.219911 0.000000
vt -0.300000 0.251327 0.000000
vt 0.000000 0.251327 0.000000
vt -0.300000 0.282743 0.000000
vt 0.000000 0.282743 0.000000
vt -0.300000 0.314159 0.000000
vt 0.000000 0.314159 0.000000
vt -0.300000 0.345575 0.000000
vt 0.000000 0.345575 0.000000
vt -0.300000 0.376991 0.000000
vt 0.000000 0.376991 0.000000
vt -0.300000 -0.376991 0.000000
vt 0.000000 -0.376991 0.000000
vt -0.300000 -0.345575 0.000000
vt 0.000000 -0.345575 0.000000
vt -0.300000 -0.314159 0.000000
vt 0.000000 -0.314159 0.000000
vt -0.300000 -0.282743 0.000000
vt 0.000000 -0.282743 0.000000
vt -0.300000 -0.251327 0.000000
vt 0.000000 -0.251327 0.000000
vt -0.300000 -0.219911 0.000000
vt 0.000000 -0.219911 0.000000
vt -0.300000 -0.188496 0.000000
vt 0.000000 -0.188496 0.000000
vt -0.300000 -0.157080 0.000000
vt 0.000000 -0.157080 0.000000
vt -0.300000 -0.125664 0.000000
vt 0.000000 -0.125664 0.000000
vt -0.300000 -0.094248 0.000000
vt 0.000000 -0.094248 0.000000
vt -0.300000 -0.062832 0.000000
vt 0.000000 -0.062832 0.000000
vt -3.500000 -0.031416 0.000000
vt -3.200000 -0.031416 0.000000
vt -3.500000 0.000000 0.000000
vt -3.200000 0.000000 0.000000
vt -3.500000 0.031416 0.000000
vt -3.200000 0.031416 0.000000
vt -3.500000 0.062832 0.000000
vt -3.200000 0.062832 0.000000
vt -3.500000 0.094248 0.000000
vt -3.200000 0.094248 0.000000
vt -3.500000 0.125664 0.000000
vt -3.200000 0.125664 0.000000
vt -3.500000 0.157080 0.000000
vt -3.200000 0.157080 0.000000
vt -3.500000 0.188496 0.000000
vt -3.200000 0.188496 0.000000
vt -3.500000 0.219911 0.000000
vt -3.200000 0.219911 0.000000
vt -3.500000 0.251327 0.000000
vt -3.200000 0.251327 0.000000
vt -3.500000 0.282743 0.000000
vt -3.200000 0.282743 0.000000
vt -3.500000 0.314159 0.000000
vt -3.200000 0.314159 0.000000
vt -3.500000 0.345575 0.000000
vt -3.200000 0.345575 0.000000
vt -3.500000 0.376991 0.000000
vt -3.200000 0.376991 0.000000
vt -3.500000 -0.376991 0.000000
vt -3.200000 -0.376991 0.000000
vt -3.500000 -0.345575 0.000000
vt -3.200000 -0.345575 0.000000
vt -3.500000 -0.314159 0.000000
vt -3.200000 -0.314159 0.000000
vt -3.500000 -0.282743 0.000000
vt -3.200000 -0.282743 0.000000
vt -3.500000 -0.251327 0.000000
vt -3.200000 -0.251327 0.000000
vt -3.500000 -0.219911 0.000000
vt -3.200000 -0.219911 0.000000
vt -3.500000 -0.188496 0.000000
vt -3.200000 -0.188496 0.000000
vt -3.500000 -0.157080 0.000000
vt -3.200000 -0.157080 0.000000
vt -3.500000 -0.125664 0.000000
vt -3.200000 -0.125664 0.000000
vt -3.500000 -0.094248 0.000000
vt -3.200000 -0.094248 0.000000
vt -3.500000 -0.062832 0.000000
vt -3.200000 -0.062832 0.000000
vt -0.300000 -0.031416 0.000000
vt 0.000000 -0.031416 0.000000
vt -0.300000 0.000000 0.000000
vt 0.000000 0.000000 0.000000
vt -0.300000 0.031416 0.000000
vt 0.000000 0.031416 0.000000
vt -0.300000 0.062832 0.000000
vt 0.000000 0.062832 0.000000
vt -0.300000 0.094248 0.000000
vt 0.000000 0.094248 0.000000
vt -0.300000 0.125664 0.000000
vt 0.000000 0.125664 0.000000
vt -0.300000 0.157080 0.000000
vt 0.000000 0.157080 0.000000
vt -0.300000 0.188496 0.000000
vt 0.000000 0.188496 0.000000
vt -0.300000 0.219911 0.000000
vt 0.000000 0.219911 0.000000
vt -0.300000 0.251327 0.000000
vt 0.000000 0.251327 0.000000
vt -0.300000 0.282743 0.000000
vt 0.000000 0.282743 0.000000
vt -0.300000 0.314159 0.000000
vt 0.000000 0.314159 0.000000
vt -0.300000 0.345575 0.000000
vt 0.000000 0.345575 0.000000
vt -0.300000 0.376991 0.000000
vt 0.000000 0.376991 0.000000
vt -0.300000 -0.376991 0.000000
vt 0.000000 -0.376991 0.000000
vt -0.300000 -0.345575 0.000000
vt 0.000000 -0.345575 0.000000
vt -0.300000 -0.314159 0.000000
vt 0.000000 -0.314159 0.000000
vt -0.300000 -0.282743 0.000000
vt 0.000000 -0.282743 0.000000
vt -0.300000 -0.251327 0.000000
vt 0.000000 -0.251327 0.000000
vt -0.300000 -0.219911 0.000000
vt 0.000000 -0.219911 0.000000
vt -0.300000 -0.188496 0.000000
vt 0.000000 -0.188496 0.000000
vt -0.300000 -0.157080 0.000000
vt 0.000000 -0.157080 0.000000
vt -0.300000 -0.125664 0.000000
vt 0.000000 -0.125664 0.000000
vt -0.300000 -0.094248 0.000000
vt 0.000000 -0.094248 0.000000
vt -0.300000 -0.062832 0.000000
vt 0.000000 -0.062832 0.000000
vt -3.500000 -0.031416 0.000000
vt -3.200000 -0.031416 0.000000
vt -3.500000 0.000000 0.000000
vt -3.200000 0.000000 0.000000
vt -3.500000 0.031416 0.000000
vt -3.200000 0.031416 0.000000
vt -3.500000 0.062832 0.000000
vt -3.200000 0.062832 0.000000
vt -3.500000 0.094248 0.000000
vt -3.200000 0.094248 0.000000
vt -3.500000 0.125664 0.000000
vt -3.200000 0.125664 0.000000
vt -3.500000 0.157080 0.000000
vt -3.200000 0.157080 0.000000
vt -3.500000 0.188496 0.000000
vt -3.200000 0.188496 0.000000
vt -3.500000 0.219911 0.000000
vt -3.200000 0.219911 0.000000
vt -3.500000 0.251327 0.000000
vt -3.200000 0.251327 0.000000
vt -3.500000 0.282743 0.000000
vt -3.200000 0.282743 0.000000
vt -3.500000 0.314159 0.000000
vt -3.200000 0.314159 0.000000
vt -3.500000 0.345575 0.000000
vt -3.200000 0.345575 0.000000
vt -3.500000 0.376991 0.000000
vt -3.200000 0.376991 0.000000
vt -3.500000 -0.376991 0.000000
vt -3.200000 -0.376991 0.000000
vt -3.500000 -0.345575 0.000000
vt -3.200000 -0.345575 0.000000
vt -3.500000 -0.314159 0.000000
vt -3.200000 -0.314159 0.000000
vt -3.500000 -0.282743 0.000000
vt -3.200000 -0.282743 0.000000
vt -3.500000 -0.251327 0.000000
vt -3.200000 -0.251327 0.000000
vt -3.500000 -0.219911 0.000000
vt -3.200000 -0.219911 0.000000
vt -3.500000 -0.188496 0.000000
vt -3.200000 -0.188496 0.000000
vt -3.500000 -0.157080 0.000000
vt -3.200000 -0.157080 0.000000
vt -3.500000 -0.125664 0.000000
vt -3.200000 -0.125664 0.000000
vt -3.500000 -0.094248 0.000000
vt -3.200000 -0.094248 0.000000
vt -3.500000 -0.062832 0.000000
vt -3.200000 -0.062832 0.000000
vt -0.300000 -0.031416 0.000000
vt 0.000000 -0.031416 0.000000
vt -0.300000 0.000000 0.000000
vt 0.000000 0.000000 0.000000
vt -0.300000 0.031416 0.000000
vt 0.000000 0.031416 0.000000
vt -0.300000 0.062832 0.000000
vt 0.000000 0.062832 0.000000
vt -0.300000 0.094248 0.000000
vt 0.000000 0.094248 0.000000
vt -0.300000 0.125664 0.000000
vt 0.000000 0.125664 0.000000
vt -0.300000 0.157080 0.000000
vt 0.000000 0.157080 0.000000
vt -0.300000 0.188496 0.000000
vt 0.000000 0.188496 0.000000
vt -0.300000 0.219911 0.000000
vt 0.000000 0.219911 0.000000
vt -0.300000 0.251327 0.000000
vt 0.000000 0.251327 0.000000
vt -0.300000 0.282743 0.000000
vt 0.000000 0.282743 0.000000
vt -0.300000 0.314159 0.000000
vt 0.000000 0.314159 0.000000
vt -0.300000 0.345575 0.000000
vt 0.000000 0.345575 0.000000
vt -0.300000 0.376991 0.000000
vt 0.000000 0.376991 0.000000
vt -0.300000 -0.376991 0.000000
vt 0.000000 -0.376991 0.000000
vt -0.300000 -0.345575 0.000000
vt 0.000000 -0.345575 0.000000
vt -0.300000 -0.314159 0.000000
vt 0.000000 -0.314159 0.000000
vt -0.300000 -0.282743 0.000000
vt 0.000000 -0.282743 0.000000
vt -0.300000 -0.251327 0.000000
vt 0.000000 -0.251327 0.000000
vt -0.300000 -0.219911 0.000000
vt 0.000000 -0.219911 0.000000
vt -0.300000 -0.188496 0.000000
vt 0.000000 -0.188496 0.000000
vt -0.300000 -0.157080 0.000000
vt 0.000000 -0.157080 0.000000
vt -0.300000 -0.125664 0.000000
vt 0.000000 -0.125664 0.000000
vt -0.300000 -0.094248 0.000000
vt 0.000000 -0.094248 0.000000
vt -0.300000 -0.062832 0.000000
vt 0.000000 -0.062832 0.000000
vt -3.500000 -0.031416 0.000000
vt -3.200000 -0.031416 0.000000
vt -3.500000 0.000000 0.000000
vt -3.200000 0.000000 0.000000
vt -3.500000 0.031416 0.000000
vt -3.200000 0.031416 0.000000
vt -3.500000 0.062832 0.000000
vt -3.200000 0.062832 0.000000
vt -3.500000 0.094248 0.000000
vt -3.200000 0.094248 0.000000
vt -3.500000 0.125664 0.000000
vt -3.200000 0.125664 0.000000
vt -3.500000 0.157080 0.000000
vt -3.200000 0.157080 0.000000
vt -3.500000 0.188496 0.000000
vt -3.200000 0.188496 0.000000
vt -3.500000 0.219911 0.000000
vt -3.200000 0.219911 0.000000
vt -3.500000 0.251327 0.000000
vt -3.200000 0.251327 0.000000
vt -3.500000 0.282743 0.000000
vt -3.200000 0.282743 0.000000
vt -3.500000 0.314159 0.000000
vt -3.200000 0.314159 0.000000
vt -3.500000 0.345575 0.000000
vt -3.200000 0.345575 0.000000
vt -3.500000 0.376991 0.000000
vt -3.200000 0.376991 0.000000
vt -3.500000 -0.376991 0.000000
vt -3.200000 -0.376991 0.000000
vt -3.500000 -0.345575 0.000000
vt -3.200000 -0.345575 0.000000
vt -3.500000 -0.314159 0.000000
vt -3.200000 -0.314159 0.000000
vt -3.500000 -0.282743 0.000000
vt -3.200000 -0.282743 0.000000
vt -3.500000 -0.251327 0.000000
vt -3.200000 -0.251327 0.000000
vt -3.500000 -0.219911 0.000000
vt -3.200000 -0.219911 0.000000
vt -3.500000 -0.188496 0.000000
vt -3.200000 -0.188496 0.000000
vt -3.500000 -0.157080 0.000000
vt -3.200000 -0.157080 0.000000
vt -3.500000 -0.125664 0.000000
vt -3.200000 -0.125664 0.000000
vt -3.500000 -0.094248 0.000000
vt -3.200000 -0.094248 0.000000
vt -3.500000 -0.062832 0.000000
vt -3.200000 -0.062832 0.000000
vt -0.160000 -0.065450 0.000000
vt 0.000000 -0.065450 0.000000
vt -0.160000 0.000000 0.000000
vt 0.000000 0.000000 0.000000
vt -0.160000 0.065450 0.000000
vt -0.000000 0.065450 0.000000
vt -0.160000 0.130900 0.000000
vt -0.000000 0.130900 0.000000
vt -0.160000 0.196350 0.000000
vt 0.000000 0.196350 0.000000
vt -0.160000 0.261799 0.000000
vt 0.000000 0.261799 0.000000
vt -0.160000 0.327249 0.000000
vt 0.000000 0.327249 0.000000
vt -0.160000 0.392699 0.000000
vt -0.000000 0.392699 0.000000
vt -0.160000 0.458149 0.000000
vt 0.000000 0.458149 0.000000
vt -0.160000 0.523599 0.000000
vt 0.000000 0.523599 0.000000
vt -0.160000 0.589049 0.000000
vt 0.000000 0.589049 0.000000
vt -0.160000 0.654498 0.000000
vt 0.000000 0.654498 0.000000
vt -0.160000 0.719948 0.000000
vt 0.000000 0.719948 0.000000
vt -0.160000 0.785398 0.000000
vt 0.000000 0.785398 0.000000
vt -0.160000 -0.785398 0.000000
vt 0.000000 -0.785398 0.000000
vt -0.160000 -0.719948 0.000000
vt 0.000000 -0.719948 0.000000
vt -0.160000 -0.654498 0.000000
vt 0.000000 -0.654498 0.000000
vt -0.160000 -0.589049 0.000000
vt 0.000000 -0.589049 0.000000
vt -0.160000 -0.523599 0.000000
vt 0.000000 -0.523599 0.000000
vt -0.160000 -0.458149 0.000000
vt 0.000000 -0.458149 0.000000
vt -0.160000 -0.392699 0.000000
vt 0.000000 -0.392699 0.000000
vt -0.160000 -0.327249 0.000000
vt 0.000000 -0.327249 0.000000
vt -0.160000 -0.261799 0.000000
vt 0.000000 -0.261799 0.000000
vt -0.160000 -0.196350 0.000000
vt 0.000000 -0.196350 0.000000
vt -0.160000 -0.130900 0.000000
vt 0.000000 -0.130900 0.000000
vt -0.300000 -0.031416 0.000000
vt -0.160000 -0.031416 0.000000
vt -0.300000 0.000000 0.000000
vt -0.160000 0.000000 0.000000
vt -0.300000 0.031416 0.000000
vt -0.160000 0.031416 0.000000
vt -0.300000 0.062832 0.000000
vt -0.160000 0.062832 0.000000
vt -0.300000 0.094248 0.000000
vt -0.160000 0.094248 0.000000
vt -0.300000 0.125664 0.000000
vt -0.160000 0.125664 0.000000
vt -0.300000 0.157080 0.000000
vt -0.160000 0.157080 0.000000
vt -0.300000 0.188496 0.000000
vt -0.160000 0.188496 0.000000
vt -0.300000 0.219911 0.000000
vt -0.160000 0.219911 0.000000
vt -0.300000 0.251327 0.000000
vt -0.160000 0.251327 0.000000
vt -0.300000 0.282743 0.000000
vt -0.160000 0.282743 0.000000
vt -0.300000 0.314159 0.000000
vt -0.160000 0.314159 0.000000
vt -0.300000 0.345575 0.000000
vt -0.160000 0.345575 0.000000
vt -0.300000 0.376991 0.000000
vt -0.160000 0.376991 0.000000
vt -0.300000 -0.376991 0.000000
vt -0.160000 -0.376991 0.000000
vt -0.300000 -0.345575 0.000000
vt -0.160000 -0.345575 0.000000
vt -0.300000 -0.314159 0.000000
vt -0.160000 -0.314159 0.000000
vt -0.300000 -0.282743 0.000000
vt -0.160000 -0.282743 0.000000
vt -0.300000 -0.251327 0.000000
vt -0.160000 -0.251327 0.000000
vt -0.300000 -0.219911 0.000000
vt -0.160000 -0.219911 0.000000
vt -0.300000 -0.188496 0.000000
vt -0.160000 -0.188496 0.000000
vt -0.300000 -0.157080 0.000000
vt -0.160000 -0.157080 0.000000
vt -0.300000 -0.125664 0.000000
vt -0.160000 -0.125664 0.000000
vt -0.300000 -0.094248 0.000000
vt -0.160000 -0.094248 0.000000
vt -0.300000 -0.062832 0.000000
vt -0.160000 -0.062832 0.000000
vt -0.160000 -0.065450 0.000000
vt 0.000000 -0.065450 0.000000
vt -0.160000 0.000000 0.000000
vt -0.000000 0.000000 0.000000
vt -0.160000 0.065450 0.000000
vt -0.000000 0.065450 0.000000
vt -0.160000 0.130900 0.000000
vt -0.000000 0.130900 0.000000
vt -0.160000 0.196350 0.000000
vt 0.000000 0.196350 0.000000
vt -0.160000 0.261799 0.000000
vt 0.000000 0.261799 0.000000
vt -0.160000 0.327249 0.000000
vt 0.000000 0.327249 0.000000
vt -0.160000 0.392699 0.000000
vt 0.000000 0.392699 0.000000
vt -0.160000 0.458149 0.000000
vt 0.000000 0.458149 0.000000
vt -0.160000 0.523599 0.000000
vt 0.000000 0.523599 0.000000
vt -0.160000 0.589049 0.000000
vt 0.000000 0.589049 0.000000
vt -0.160000 0.654498 0.000000
vt 0.000000 0.654498 0.000000
vt -0.160000 0.719948 0.000000
vt 0.000000 0.719948 0.000000
vt -0.160000 0.785398 0.000000
vt 0.000000 0.785398 0.000000
vt -0.160000 -0.785398 0.000000
vt 0.000000 -0.785398 0.000000
vt -0.160000 -0.719948 0.000000
vt 0.000000 -0.719948 0.000000
vt -0.160000 -0.654498 0.000000
vt 0.000000 -0.654498 0.000000
vt -0.160000 -0.589049 0.000000
vt 0.000000 -0.589049 0.000000
vt -0.160000 -0.523599 0.000000
vt 0.000000 -0.523599 0.000000
vt -0.160000 -0.458149 0.000000
vt 0.000000 -0.458149 0.000000
vt -0.160000 -0.392699 0.000000
vt 0.000000 -0.392699 0.000000
vt -0.160000 -0.327249 0.000000
vt 0.000000 -0.327249 0.000000
vt -0.160000 -0.261799 0.000000
vt 0.000000 -0.261799 0.000000
vt -0.160000 -0.196350 0.000000
vt 0.000000 -0.196350 0.000000
vt -0.160000 -0.130900 0.000000
vt 0.000000 -0.130900 0.000000
vt -0.300000 -0.031416 0.000000
vt -0.160000 -0.031416 0.000000
vt -0.300000 0.000000 0.000000
vt -0.160000 0.000000 0.000000
vt -0.300000 0.031416 0.000000
vt -0.160000 0.031416 0.000000
vt -0.300000 0.062832 0.000000
vt -0.160000 0.062832 0.000000
vt -0.300000 0.094248 0.000000
vt -0.160000 0.094248 0.000000
vt -0.300000 0.125664 0.000000
vt -0.160000 0.125664 0.000000
vt -0.300000 0.157080 0.000000
vt -0.160000 0.157080 0.000000
vt -0.300000 0.188496 0.000000
vt -0.160000 0.188496 0.000000
vt -0.300000 0.219911 0.000000
vt -0.160000 0.219911 0.000000
vt -0.300000 0.251327 0.000000
vt -0.160000 0.251327 0.000000
vt -0.300000 0.282743 0.000000
vt -0.160000 0.282743 0.000000
vt -0.300000 0.314159 0.000000
vt -0.160000 0.314159 0.000000
vt -0.300000 0.345575 0.000000
vt -0.160000 0.345575 0.000000
vt -0.300000 0.376991 0.000000
vt -0.160000 0.376991 0.000000
vt -0.300000 -0.376991 0.000000
vt -0.160000 -0.376991 0.000000
vt -0.300000 -0.345575 0.000000
vt -0.160000 -0.345575 0.000000
vt -0.300000 -0.314159 0.000000
vt -0.160000 -0.314159 0.000000
vt -0.300000 -0.282743 0.000000
vt -0.160000 -0.282743 0.000000
vt -0.300000 -0.251327 0.000000
vt -0.160000 -0.251327 0.000000
vt -0.300000 -0.219911 0.000000
vt -0.160000 -0.219911 0.000000
vt -0.300000 -0.188496 0.000000
vt -0.160000 -0.188496 0.000000
vt -0.300000 -0.157080 0.000000
vt -0.160000 -0.157080 0.000000
vt -0.300000 -0.125664 0.000000
vt -0.160000 -0.125664 0.000000
vt -0.300000 -0.094248 0.000000
vt -0.160000 -0.094248 0.000000
vt -0.300000 -0.062832 0.000000
vt -0.160000 -0.062832 0.000000
vt -0.160000 -0.065450 0.000000
vt 0.000000 -0.065450 0.000000
vt -0.160000 0.000000 0.000000
vt 0.000000 0.000000 0.000000
vt -0.160000 0.065450 0.000000
vt 0.000000 0.065450 0.000000
vt -0.160000 0.130900 0.000000
vt 0.000000 0.130900 0.000000
vt -0.160000 0.196350 0.000000
vt 0.000000 0.196350 0.000000
vt -0.160000 0.261799 0.000000
vt 0.000000 0.261799 0.000000
vt -0.160000 0.327249 0.000000
vt 0.000000 0.327249 0.000000
vt -0.160000 0.392699 0.000000
vt 0.000000 0.392699 0.000000
vt -0.160000 0.458149 0.000000
vt 0.000000 0.458149 0.000000
vt -0.160000 0.523599 0.000000
vt 0.000000 0.523599 0.000000
vt -0.160000 0.589049 0.000000
vt 0.000000 0.589049 0.000000
vt -0.160000 0.654498 0.000000
vt 0.000000 0.654498 0.000000
vt -0.160000 0.719948 0.000000
vt 0.000000 0.719948 0.000000
vt -0.160000 0.785398 0.000000
vt 0.000000 0.785398 0.000000
vt -0.160000 -0.785398 0.000000
vt 0.000000 -0.785398 0.000000
vt -0.160000 -0.719948 0.000000
vt 0.000000 -0.719948 0.000000
vt -0.160000 -0.654498 0.000000
vt 0.000000 -0.654498 0.000000
vt -0.160000 -0.589049 0.000000
vt 0.000000 -0.589049 0.000000
vt -0.160000 -0.523599 0.000000
vt 0.000000 -0.523599 0.000000
vt -0.160000 -0.458149 0.000000
vt 0.000000 -0.458149 0.000000
vt -0.160000 -0.392699 0.000000
vt 0.000000 -0.392699 0.000000
vt -0.160000 -0.327249 0.000000
vt 0.000000 -0.327249 0.000000
vt -0.160000 -0.261799 0.000000
vt 0.000000 -0.261799 0.000000
vt -0.160000 -0.196350 0.000000
vt 0.000000 -0.196350 0.000000
vt -0.160000 -0.130900 0.000000
vt 0.000000 -0.130900 0.000000
vt -0.300000 -0.031416 0.000000
vt -0.160000 -0.031416 0.000000
vt -0.300000 0.000000 0.000000
vt -0.160000 0.000000 0.000000
vt -0.300000 0.031416 0.000000
vt -0.160000 0.031416 0.000000
vt -0.300000 0.062832 0.000000
vt -0.160000 0.062832 0.000000
vt -0.300000 0.094248 0.000000
vt -0.160000 0.094248 0.000000
vt -0.300000 0.125664 0.000000
vt -0.160000 0.125664 0.000000
vt -0.300000 0.157080 0.000000
vt -0.160000 0.157080 0.000000
vt -0.300000 0.188496 0.000000
vt -0.160000 0.188496 0.000000
vt -0.300000 0.219911 0.000000
vt -0.160000 0.219911 0.000000
vt -0.300000 0.251327 0.000000
vt -0.160000 0.251327 0.000000
vt -0.300000 0.282743 0.000000
vt -0.160000 0.282743 0.000000
vt -0.300000 0.314159 0.000000
vt -0.160000 0.314159 0.000000
vt -0.300000 0.345575 0.000000
vt -0.160000 0.345575 0.000000
vt -0.300000 0.376991 0.000000
vt -0.160000 0.376991 0.000000
vt -0.300000 -0.376991 0.000000
vt -0.160000 -0.376991 0.000000
vt -0.300000 -0.345575 0.000000
vt -0.160000 -0.345575 0.000000
vt -0.300000 -0.314159 0.000000
vt -0.160000 -0.314159 0.000000
vt -0.300000 -0.282743 0.000000
vt -0.160000 -0.282743 0.000000
vt -0.300000 -0.251327 0.000000
vt -0.160000 -0.251327 0.000000
vt -0.300000 -0.219911 0.000000
vt -0.160000 -0.219911 0.000000
vt -0.300000 -0.188496 0.000000
vt -0.160000 -0.188496 0.000000
vt -0.300000 -0.157080 0.000000
vt -0.160000 -0.157080 0.000000
vt -0.300000 -0.125664 0.000000
vt -0.160000 -0.125664 0.000000
vt -0.300000 -0.094248 0.000000
vt -0.160000 -0.094248 0.000000
vt -0.300000 -0.062832 0.000000
vt -0.160000 -0.062832 0.000000
vt -0.160000 -0.065450 0.000000
vt 0.000000 -0.065450 0.000000
vt -0.160000 0.000000 0.000000
vt 0.000000 0.000000 0.000000
vt -0.160000 0.065450 0.000000
vt 0.000000 0.065450 0.000000
vt -0.160000 0.130900 0.000000
vt 0.000000 0.130900 0.000000
vt -0.160000 0.196350 0.000000
vt 0.000000 0.196350 0.000000
vt -0.160000 0.261799 0.000000
vt 0.000000 0.261799 0.000000
vt -0.160000 0.327249 0.000000
vt 0.000000 0.327249 0.000000
vt -0.160000 0.392699 0.000000
vt 0.000000 0.392699 0.000000
vt -0.160000 0.458149 0.000000
vt 0.000000 0.458149 0.000000
vt -0.160000 0.523599 0.000000
vt 0.000000 0.523599 0.000000
vt -0.160000 0.589049 0.000000
vt 0.000000 0.589049 0.000000
vt -0.160000 0.654498 0.000000
vt 0.000000 0.654498 0.000000
vt -0.160000 0.719948 0.000000
vt 0.000000 0.719948 0.000000
vt -0.160000 0.785398 0.000000
vt 0.000000 0.785398 0.000000
vt -0.160000 -0.785398 0.000000
vt 0.000000 -0.785398 0.000000
vt -0.160000 -0.719948 0.000000
vt 0.000000 -0.719948 0.000000
vt -0.160000 -0.654498 0.000000
vt 0.000000 -0.654498 0.000000
vt -0.160000 -0.589049 0.000000
vt 0.000000 -0.589049 0.000000
vt -0.160000 -0.523599 0.000000
vt 0.000000 -0.523599 0.000000
vt -0.160000 -0.458149 0.000000
vt 0.000000 -0.458149 0.000000
vt -0.160000 -0.392699 0.000000
vt 0.000000 -0.392699 0.000000
vt -0.160000 -0.327249 0.000000
vt 0.000000 -0.327249 0.000000
vt -0.160000 -0.261799 0.000000
vt 0.000000 -0.261799 0.000000
vt -0.160000 -0.196350 0.000000
vt 0.000000 -0.196350 0.000000
vt -0.160000 -0.130900 0.000000
vt 0.000000 -0.130900 0.000000
vt -0.300000 -0.031416 0.000000
vt -0.160000 -0.031416 0.000000
vt -0.300000 0.000000 0.000000
vt -0.160000 0.000000 0.000000
vt -0.300000 0.031416 0.000000
vt -0.160000 0.031416 0.000000
vt -0.300000 0.062832 0.000000
vt -0.160000 0.062832 0.000000
vt -0.300000 0.094248 0.000000
vt -0.160000 0.094248 0.000000
vt -0.300000 0.125664 0.000000
vt -0.160000 0.125664 0.000000
vt -0.300000 0.157080 0.000000
vt -0.160000 0.157080 0.000000
vt -0.300000 0.188496 0.000000
vt -0.160000 0.188496 0.000000
vt -0.300000 0.219911 0.000000
vt -0.160000 0.219911 0.000000
vt -0.300000 0.251327 0.000000
vt -0.160000 0.251327 0.000000
vt -0.300000 0.282743 0.000000
vt -0.160000 0.282743 0.000000
vt -0.300000 0.314159 0.000000
vt -0.160000 0.314159 0.000000
vt -0.300000 0.345575 0.000000
vt -0.160000 0.345575 0.000000
vt -0.300000 0.376991 0.000000
vt -0.160000 0.376991 0.000000
vt -0.300000 -0.376991 0.000000
vt -0.160000 -0.376991 0.000000
vt -0.300000 -0.345575 0.000000
vt -0.160000 -0.345575 0.000000
vt -0.300000 -0.314159 0.000000
vt -0.160000 -0.314159 0.000000
vt -0.300000 -0.282743 0.000000
vt -0.160000 -0.282743 0.000000
vt -0.300000 -0.251327 0.000000
vt -0.160000 -0.251327 0.000000
vt -0.300000 -0.219911 0.000000
vt -0.160000 -0.219911 0.000000
vt -0.300000 -0.188496 0.000000
vt -0.160000 -0.188496 0.000000
vt -0.300000 -0.157080 0.000000
vt -0.160000 -0.157080 0.000000
vt -0.300000 -0.125664 0.000000
vt -0.160000 -0.125664 0.000000
vt -0.300000 -0.094248 0.000000
vt -0.160000 -0.094248 0.000000
vt -0.300000 -0.062832 0.000000
vt -0.160000 -0.062832 0.000000
vt -0.150000 -0.154571 0.000000
vt 0.150000 -0.154571 0.000000
vt -0.150000 -0.051524 0.000000
vt 0.150000 -0.051524 0.000000
vt -0.150000 0.051524 0.000000
vt 0.150000 0.051524 0.000000
vt -0.150000 0.154571 0.000000
vt 0.150000 0.154571 0.000000
vt -0.000000 -0.251001 0.000000
vt 0.300000 -0.251001 0.000000
vt -0.000000 -0.150601 0.000000
vt 0.300000 -0.150601 0.000000
vt -0.000000 -0.050200 0.000000
vt 0.300000 -0.050200 0.000000
vt -0.000000 0.050200 0.000000
vt 0.300000 0.050200 0.000000
vt -0.000000 0.150601 0.000000
vt 0.300000 0.150601 0.000000
vt -0.000000 0.251001 0.000000
vt 0.300000 0.251001 0.000000
vt -0.150000 -0.154571 0.000000
vt 0.150000 -0.154571 0.000000
vt -0.150000 -0.051524 0.000000
vt 0.150000 -0.051524 0.000000
vt -0.150000 0.051524 0.000000
vt 0.150000 0.051524 0.000000
vt -0.150000 0.154571 0.000000
vt 0.150000 0.154571 0.000000
vt -0.300000 -0.251001 0.000000
vt -0.000000 -0.251001 0.000000
vt -0.300000 -0.150601 0.000000
vt -0.000000 -0.150601 0.000000
vt -0.300000 -0.050200 0.000000
vt -0.000000 -0.050200 0.000000
vt -0.300000 0.050200 0.000000
vt -0.000000 0.050200 0.000000
vt -0.300000 0.150601 0.000000
vt -0.000000 0.150601 0.000000
vt -0.300000 0.251001 0.000000
vt -0.000000 0.251001 0.000000
vt 0.600000 -0.525208 0.000000
vt 0.546777 -0.494138 0.000000
vt 0.600000 -1.709516 0.000000
vt 0.495000 -0.533868 0.000000
vt 0.546777 -1.740585 0.000000
vt 0.495000 -1.700855 0.000000
vt 0.434705 -1.675880 0.000000
vt 0.434705 -0.558843 0.000000
vt 0.370000 -0.567362 0.000000
vt 0.633919 -0.479923 0.000000
vt 0.611481 -0.382066 0.000000
vt 0.586506 -0.442362 0.000000
vt 0.659156 -0.428741 0.000000
vt 0.620000 -0.317362 0.000000
vt 0.674765 -0.373887 0.000000
vt 0.679798 -0.317554 0.000000
vt 0.674447 -0.261203 0.000000
vt 0.658907 -0.206332 0.000000
vt 0.611481 -0.252657 0.000000
vt 0.633753 -0.154774 0.000000
vt 0.600000 -0.109516 0.000000
vt 0.600000 0.000000 0.000000
vt 0.546777 -0.140585 0.000000
vt 0.586506 -0.192362 0.000000
vt -0.000000 0.000000 0.000000
vt 0.370000 -0.067362 0.000000
vt 0.434705 -0.075880 0.000000
vt 0.495000 -0.100855 0.000000
vt -0.000000 -2.300000 0.000000
vt 0.128519 -1.852657 0.000000
vt 0.128519 -0.382066 0.000000
vt 0.120000 -0.317362 0.000000
vt 0.600000 -2.300000 0.000000
vt 0.370000 -2.167362 0.000000
vt 0.305295 -2.158843 0.000000
vt 0.245000 -2.133868 0.000000
vt 0.600000 -2.125208 0.000000
vt 0.546777 -2.094138 0.000000
vt 0.495000 -2.133868 0.000000
vt 0.434705 -2.158843 0.000000
vt 0.633918 -2.079922 0.000000
vt 0.611481 -1.982066 0.000000
vt 0.586506 -2.042362 0.000000
vt 0.659154 -2.028740 0.000000
vt 0.620000 -1.917362 0.000000
vt 0.674761 -1.973887 0.000000
vt 0.679793 -1.917553 0.000000
vt 0.674444 -1.861202 0.000000
vt 0.658905 -1.806332 0.000000
vt 0.611481 -1.852657 0.000000
vt 0.633752 -1.754773 0.000000
vt 0.193223 -2.094138 0.000000
vt 0.153494 -2.042362 0.000000
vt 0.128519 -1.982066 0.000000
vt 0.120000 -1.917362 0.000000
vt 0.153494 -0.442362 0.000000
vt 0.153494 -1.792362 0.000000
vt 0.193223 -0.494138 0.000000
vt 0.193223 -1.740585 0.000000
vt 0.245000 -0.533868 0.000000
vt 0.245000 -1.700855 0.000000
vt 0.305295 -0.558843 0.000000
vt 0.305295 -1.675880 0.000000
vt 0.370000 -1.667362 0.000000
vt 0.586506 -1.792362 0.000000
vt 0.128519 -0.252657 0.000000
vt 0.153494 -0.192362 0.000000
vt 0.193223 -0.140585 0.000000
vt 0.245000 -0.100855 0.000000
vt 0.305295 -0.075880 0.000000
vt 0.000000 1.175000 0.000000
vt -2.300000 1.175000 0.000000
vt 0.000000 -1.175000 0.000000
vt -2.300000 -1.175000 0.000000
vt -0.600000 -0.000000 0.000000
vt -0.261058 -0.201451 0.000000
vt 0.000000 0.000000 0.000000
vt -0.230000 -0.197362 0.000000
vt -0.198942 -0.201451 0.000000
vt -0.600000 -2.300000 0.000000
vt -0.345911 -1.886303 0.000000
vt -0.345911 -0.348420 0.000000
vt -0.350000 -0.317362 0.000000
vt 0.000000 -2.300000 0.000000
vt -0.261058 -2.033273 0.000000
vt -0.290000 -2.021285 0.000000
vt -0.314853 -2.002215 0.000000
vt -0.114089 -1.886303 0.000000
vt -0.110000 -1.917362 0.000000
vt -0.114089 -1.948420 0.000000
vt -0.261058 -1.801451 0.000000
vt -0.230000 -1.797362 0.000000
vt -0.230000 -0.437362 0.000000
vt -0.198942 -1.801451 0.000000
vt -0.198942 -0.433273 0.000000
vt -0.170000 -1.813439 0.000000
vt -0.170000 -0.421285 0.000000
vt -0.145147 -1.832509 0.000000
vt -0.145147 -0.402215 0.000000
vt -0.126077 -1.857362 0.000000
vt -0.126077 -0.377362 0.000000
vt -0.114089 -0.348420 0.000000
vt -0.110000 -0.317362 0.000000
vt -0.114089 -0.286303 0.000000
vt -0.126077 -0.257362 0.000000
vt -0.145147 -0.232509 0.000000
vt -0.170000 -0.213439 0.000000
vt -0.126077 -1.977362 0.000000
vt -0.145147 -2.002215 0.000000
vt -0.170000 -2.021285 0.000000
vt -0.198942 -2.033273 0.000000
vt -0.230000 -2.037362 0.000000
vt -0.333923 -1.977362 0.000000
vt -0.345911 -1.948420 0.000000
vt -0.350000 -1.917362 0.000000
vt -0.333923 -1.857362 0.000000
vt -0.333923 -0.377362 0.000000
vt -0.314853 -0.402215 0.000000
vt -0.314853 -1.832509 0.000000
vt -0.290000 -0.421285 0.000000
vt -0.290000 -1.813439 0.000000
vt -0.261058 -0.433273 0.000000
vt -0.345911 -0.286303 0.000000
vt -0.333923 -0.257362 0.000000
vt -0.314853 -0.232509 0.000000
vt -0.290000 -0.213439 0.000000
vt 0.000000 0.300000 0.000000
vt -2.300000 0.300000 0.000000
vt 0.000000 0.000000 0.000000
vt -2.300000 0.000000 0.000000
vt -2.350000 -4.652289 0.000000
vt -2.050000 -4.652289 0.000000
vt -2.350000 -4.052289 0.000000
vt -2.050000 -4.052289 0.000000
vt -2.380548 -2.611911 0.000000
vt 0.300000 -4.052289 0.000000
vt 0.630548 -2.611911 0.000000
vt 0.600000 -4.052289 0.000000
vt 0.600000 -4.652289 0.000000
vt 0.300000 -4.652289 0.000000
vt -2.457036 -1.180322 0.000000
vt 0.707036 -1.180322 0.000000
vt -2.546106 0.247254 0.000000
vt 0.796106 0.247254 0.000000
vt -2.610762 1.675690 0.000000
vt 0.860762 1.675690 0.000000
vt 0.600000 0.109516 0.000000
vt 0.546777 0.140585 0.000000
vt 0.600000 0.000000 0.000000
vt 0.495000 0.100855 0.000000
vt 0.434705 0.075880 0.000000
vt 0.633906 0.155109 0.000000
vt 0.611481 0.252657 0.000000
vt 0.586506 0.192362 0.000000
vt 0.658891 0.206167 0.000000
vt 0.620000 0.317362 0.000000
vt 0.674403 0.260866 0.000000
vt 0.679892 0.317383 0.000000
vt 0.674800 0.373916 0.000000
vt 0.659277 0.428578 0.000000
vt 0.611481 0.382066 0.000000
vt 0.634020 0.479675 0.000000
vt 0.600000 0.525208 0.000000
vt 0.600000 1.709516 0.000000
vt 0.546777 1.740585 0.000000
vt 0.495000 1.700855 0.000000
vt 0.546777 0.494138 0.000000
vt 0.495000 0.533868 0.000000
vt 0.434705 0.558843 0.000000
vt 0.434705 1.675880 0.000000
vt 0.370000 1.667362 0.000000
vt 0.633906 1.755109 0.000000
vt 0.611481 1.852657 0.000000
vt 0.586506 1.792362 0.000000
vt 0.658889 1.806167 0.000000
vt 0.620000 1.917362 0.000000
vt 0.674400 1.860866 0.000000
vt 0.679888 1.917382 0.000000
vt 0.674796 1.973915 0.000000
vt 0.659275 2.028577 0.000000
vt 0.611481 1.982066 0.000000
vt 0.634019 2.079675 0.000000
vt 0.600000 2.125208 0.000000
vt 0.600000 2.300000 0.000000
vt 0.546777 2.094138 0.000000
vt 0.586506 2.042362 0.000000
vt 0.000000 2.300000 0.000000
vt 0.370000 2.167362 0.000000
vt 0.434705 2.158843 0.000000
vt 0.495000 2.133868 0.000000
vt 0.000000 0.000000 0.000000
vt 0.128519 1.852657 0.000000
vt 0.120000 1.917362 0.000000
vt 0.128519 1.982066 0.000000
vt 0.370000 0.067362 0.000000
vt 0.305295 0.075880 0.000000
vt 0.245000 0.100855 0.000000
vt 0.305295 1.675880 0.000000
vt 0.305295 0.558843 0.000000
vt 0.370000 0.567362 0.000000
vt 0.245000 0.533868 0.000000
vt 0.245000 1.700855 0.000000
vt 0.193223 0.494138 0.000000
vt 0.193223 1.740585 0.000000
vt 0.153494 0.442362 0.000000
vt 0.153494 1.792362 0.000000
vt 0.128519 0.382066 0.000000
vt 0.153494 2.042362 0.000000
vt 0.193223 2.094138 0.000000
vt 0.245000 2.133868 0.000000
vt 0.305295 2.158843 0.000000
vt 0.193223 0.140585 0.000000
vt 0.153494 0.192362 0.000000
vt 0.128519 0.252657 0.000000
vt 0.120000 0.317362 0.000000
vt 0.586506 0.442362 0.000000
vt -0.000000 2.004912 0.000000
vt -0.963747 2.300000 0.000000
vt 0.000000 0.939597 0.000000
vt -0.011258 0.894107 0.000000
vt -0.015017 0.847377 0.000000
vt -1.671513 0.000000 0.000000
vt -0.011267 0.800659 0.000000
vt 0.000000 0.755154 0.000000
vt 0.000000 0.000000 0.000000
vt -2.394323 2.300000 0.000000
vt -3.343026 0.000000 0.000000
vt -3.824899 2.300000 0.000000
vt -5.014538 0.000000 0.000000
vt -5.255475 2.300000 0.000000
vt -6.627393 0.428578 0.000000
vt -6.627777 1.806167 0.000000
vt -6.652502 1.755109 0.000000
vt -6.686051 2.300000 0.000000
vt -6.627395 2.028577 0.000000
vt -6.612033 1.973915 0.000000
vt -6.606993 1.917382 0.000000
vt -6.686051 2.125208 0.000000
vt -6.652390 2.079675 0.000000
vt -6.612425 1.860866 0.000000
vt -6.652389 0.479675 0.000000
vt -6.686051 1.709516 0.000000
vt -6.686051 0.525208 0.000000
vt -6.612029 0.373916 0.000000
vt -6.606989 0.317383 0.000000
vt -6.612422 0.260866 0.000000
vt -6.627775 0.206167 0.000000
vt -6.686051 0.000000 0.000000
vt -6.652501 0.155109 0.000000
vt -6.686051 0.109516 0.000000
vt 1.427380 1.513984 0.000000
vt 0.990857 1.416317 0.000000
vt 1.487914 1.430943 0.000000
vt 0.978869 1.387376 0.000000
vt 1.414946 0.951299 0.000000
vt 1.390093 0.932229 0.000000
vt 0.959799 1.362523 0.000000
vt 1.371023 0.907376 0.000000
vt 0.934946 1.343453 0.000000
vt 1.359035 0.878434 0.000000
vt 0.906004 1.331465 0.000000
vt 1.354946 0.847376 0.000000
vt 0.874946 1.327376 0.000000
vt 0.874946 0.367376 0.000000
vt 0.394946 0.847376 0.000000
vt 0.843887 0.363287 0.000000
vt 0.390857 0.816317 0.000000
vt 0.814946 0.351299 0.000000
vt 0.378869 0.787376 0.000000
vt 0.790093 0.332229 0.000000
vt 0.359799 0.762523 0.000000
vt 0.771023 0.307376 0.000000
vt 0.334946 0.743453 0.000000
vt 0.759035 0.278434 0.000000
vt 0.306004 0.731465 0.000000
vt 0.754946 0.247376 0.000000
vt 0.000000 0.000000 0.000000
vt 0.759035 0.216317 0.000000
vt 0.771023 0.187376 0.000000
vt 0.790093 0.162523 0.000000
vt 0.814946 0.143453 0.000000
vt 1.011915 -0.000000 0.000000
vt 0.843887 0.131465 0.000000
vt 0.874946 0.127376 0.000000
vt 0.906004 0.131465 0.000000
vt 0.934946 0.143453 0.000000
vt 0.959799 0.162523 0.000000
vt 0.978869 0.187376 0.000000
vt 0.990857 0.216317 0.000000
vt 0.994946 0.247376 0.000000
vt 1.608960 0.635875 0.000000
vt 1.443887 0.731465 0.000000
vt 1.474946 0.727376 0.000000
vt 1.506004 0.731465 0.000000
vt 1.534946 0.743453 0.000000
vt 1.559799 0.762523 0.000000
vt 1.667826 0.716882 0.000000
vt 1.578869 0.787376 0.000000
vt 1.590857 0.816317 0.000000
vt 1.704728 0.809971 0.000000
vt 1.594946 0.847376 0.000000
vt 1.717353 0.909309 0.000000
vt 1.590857 0.878434 0.000000
vt 1.578869 0.907376 0.000000
vt 1.704910 1.008670 0.000000
vt 1.559799 0.932229 0.000000
vt 1.668177 1.101827 0.000000
vt 1.534946 0.951299 0.000000
vt 1.506004 0.963287 0.000000
vt 1.474946 0.967376 0.000000
vt 1.443887 0.963287 0.000000
vt 1.347687 1.578862 0.000000
vt 1.254095 1.621295 0.000000
vt 0.994946 1.447376 0.000000
vt 0.990857 1.478434 0.000000
vt 0.978869 1.507376 0.000000
vt 0.959799 1.532229 0.000000
vt 0.934946 1.551299 0.000000
vt 0.906004 1.563287 0.000000
vt 0.874946 1.567376 0.000000
vt 0.000000 2.004912 0.000000
vt 0.843887 1.563287 0.000000
vt 0.814946 1.551299 0.000000
vt 0.790093 1.532229 0.000000
vt 0.771023 1.507376 0.000000
vt 0.759035 1.478434 0.000000
vt 0.754946 1.447376 0.000000
vt 0.274946 0.967376 0.000000
vt 0.306004 0.963287 0.000000
vt 0.243887 0.963287 0.000000
vt 0.000000 0.939597 0.000000
vt 0.214946 0.951299 0.000000
vt 0.190093 0.932229 0.000000
vt 0.171023 0.907376 0.000000
vt 0.159035 0.878434 0.000000
vt -0.011283 0.894107 0.000000
vt 0.154946 0.847376 0.000000
vt -0.015051 0.847377 0.000000
vt -0.011293 0.800659 0.000000
vt 0.159035 0.816317 0.000000
vt 0.000000 0.755154 0.000000
vt 0.171023 0.787376 0.000000
vt 0.190093 0.762523 0.000000
vt 0.214946 0.743453 0.000000
vt 0.243887 0.731465 0.000000
vt 0.274946 0.727376 0.000000
vt 0.990857 0.278434 0.000000
vt 1.414946 0.743453 0.000000
vt 0.978869 0.307376 0.000000
vt 1.390093 0.762523 0.000000
vt 0.959799 0.332229 0.000000
vt 1.371023 0.787376 0.000000
vt 0.934946 0.351299 0.000000
vt 1.359035 0.816317 0.000000
vt 0.906004 0.363287 0.000000
vt 0.843887 1.331465 0.000000
vt 0.390857 0.878434 0.000000
vt 0.814946 1.343453 0.000000
vt 0.378869 0.907376 0.000000
vt 0.790093 1.362523 0.000000
vt 0.359799 0.932229 0.000000
vt 0.771023 1.387376 0.000000
vt 0.334946 0.951299 0.000000
vt 0.759035 1.416317 0.000000
vt 2.050000 -4.652289 0.000000
vt 2.350000 -4.652289 0.000000
vt 2.050000 -4.052289 0.000000
vt 2.350000 -4.052289 0.000000
vt 2.390996 -2.370305 0.000000
vt 2.487500 -0.699266 0.000000
vt 1.078812 1.955972 0.000000
vt 0.875000 1.947711 0.000000
vt -0.640996 -2.370305 0.000000
vt 0.671188 1.955972 0.000000
vt -0.737500 -0.699266 0.000000
vt 0.444553 1.980912 0.000000
vt 0.205767 2.023554 0.000000
vt 2.584004 0.968605 0.000000
vt 1.780066 2.086510 0.000000
vt 1.544233 2.023554 0.000000
vt 1.305447 1.980912 0.000000
vt 2.625000 2.640374 0.000000
vt 2.284524 2.450375 0.000000
vt 2.235487 2.366550 0.000000
vt 2.169428 2.293192 0.000000
vt 2.625000 3.652289 0.000000
vt 2.325000 2.652289 0.000000
vt 2.314768 2.545438 0.000000
vt 2.325000 3.652289 0.000000
vt 2.088470 2.229416 0.000000
vt 1.994953 2.174302 0.000000
vt -0.030066 2.086510 0.000000
vt -0.834004 0.968605 0.000000
vt -0.244953 2.174302 0.000000
vt -0.338470 2.229416 0.000000
vt -0.419428 2.293192 0.000000
vt -0.485487 2.366550 0.000000
vt -0.534524 2.450375 0.000000
vt -0.875000 2.640374 0.000000
vt -0.564768 2.545438 0.000000
vt -0.575000 2.652289 0.000000
vt -0.575000 3.652289 0.000000
vt -0.875000 3.652289 0.000000
vt -0.600000 -4.052289 0.000000
vt -0.300000 -4.052289 0.000000
vt -0.600000 -4.652289 0.000000
vt -0.300000 -4.652289 0.000000
vt -0.990876 0.300000 0.000000
vt -1.366126 0.300000 0.000000
vt -0.990876 0.000000 0.000000
vt -1.366126 0.000000 0.000000
vt 0.000000 2.001267 0.000000
vt 0.000000 0.000000 0.000000
vt 0.106009 2.030288 0.000000
vt 0.120180 0.000000 0.000000
vt 0.219689 2.058280 0.000000
vt 0.240360 0.000000 0.000000
vt 0.338287 2.084173 0.000000
vt 0.360540 0.000000 0.000000
vt 0.456335 2.106805 0.000000
vt 0.480720 0.000000 0.000000
vt 0.578914 2.127258 0.000000
vt 0.600900 0.000000 0.000000
vt 0.715573 2.146760 0.000000
vt 0.721080 0.000000 0.000000
vt 0.961441 0.000000 0.000000
vt 1.022641 2.179910 0.000000
vt 1.201801 0.000000 0.000000
vt 1.294493 2.199316 0.000000
vt 1.442161 0.000000 0.000000
vt 1.493668 2.208710 0.000000
vt 1.682521 0.000000 0.000000
vt 1.922881 2.216791 0.000000
vt 1.922881 0.000000 0.000000
vt 0.000000 0.290118 0.000000
vt 0.300000 0.290118 0.000000
vt 0.000000 1.162356 0.000000
vt 0.300000 1.162356 0.000000
vt 1.578862 -0.664228 0.000000
vt 1.416317 -1.021058 0.000000
vt 1.621295 -0.757820 0.000000
vt 1.447376 -1.016969 0.000000
vt 1.478434 -1.021058 0.000000
vt 1.513984 -0.584535 0.000000
vt 1.430943 -0.524001 0.000000
vt 1.387376 -1.033046 0.000000
vt 0.951299 -0.596969 0.000000
vt 0.932229 -0.621822 0.000000
vt 1.101827 -0.343738 0.000000
vt 0.967376 -0.536969 0.000000
vt 0.963287 -0.568027 0.000000
vt 1.008670 -0.307005 0.000000
vt 0.932229 -0.452116 0.000000
vt 0.951299 -0.476969 0.000000
vt 0.963287 -0.505911 0.000000
vt 0.907376 -0.433046 0.000000
vt 0.909309 -0.294562 0.000000
vt 0.878434 -0.421058 0.000000
vt 0.847376 -0.416969 0.000000
vt 0.809971 -0.307186 0.000000
vt 0.816317 -0.421058 0.000000
vt 0.716882 -0.344089 0.000000
vt 0.787376 -0.433046 0.000000
vt 0.762523 -0.452116 0.000000
vt 0.635875 -0.402955 0.000000
vt 0.743453 -0.476969 0.000000
vt 0.731465 -0.505911 0.000000
vt 0.727376 -0.536969 0.000000
vt 0.731465 -0.568027 0.000000
vt 0.247376 -1.016969 0.000000
vt 0.278434 -1.021058 0.000000
vt 0.000000 -1.000000 0.000000
vt 0.216317 -1.021058 0.000000
vt 0.187376 -1.033046 0.000000
vt 0.162523 -1.052116 0.000000
vt 0.143453 -1.076969 0.000000
vt 0.131465 -1.105911 0.000000
vt 0.127376 -1.136969 0.000000
vt 0.131465 -1.168027 0.000000
vt 0.143453 -1.196969 0.000000
vt 0.000000 -2.000000 0.000000
vt 0.162523 -1.221822 0.000000
vt 0.187376 -1.240892 0.000000
vt 0.216317 -1.252880 0.000000
vt 0.247376 -1.256969 0.000000
vt 0.731465 -1.705911 0.000000
vt 0.278434 -1.252880 0.000000
vt 0.743453 -1.676969 0.000000
vt 0.307376 -1.240892 0.000000
vt 0.762523 -1.652116 0.000000
vt 0.332229 -1.221822 0.000000
vt 0.787376 -1.633046 0.000000
vt 0.351299 -1.196969 0.000000
vt 0.816317 -1.621058 0.000000
vt 0.363287 -1.168027 0.000000
vt 0.847376 -1.616969 0.000000
vt 1.331465 -1.168027 0.000000
vt 0.878434 -1.621058 0.000000
vt 1.343453 -1.196969 0.000000
vt 0.907376 -1.633046 0.000000
vt 1.362523 -1.221822 0.000000
vt 0.932229 -1.652116 0.000000
vt 1.387376 -1.240892 0.000000
vt 0.951299 -1.676969 0.000000
vt 1.416317 -1.252880 0.000000
vt 0.963287 -1.705911 0.000000
vt 1.447376 -1.256969 0.000000
vt 0.967376 -1.736969 0.000000
vt 2.001267 -2.000000 0.000000
vt 0.963287 -1.768027 0.000000
vt 0.951299 -1.796969 0.000000
vt 0.847376 -1.856969 0.000000
vt 0.816317 -1.852880 0.000000
vt 0.787376 -1.840892 0.000000
vt 1.567376 -1.136969 0.000000
vt 1.563287 -1.168027 0.000000
vt 1.551299 -1.196969 0.000000
vt 1.362523 -1.052116 0.000000
vt 0.907376 -0.640892 0.000000
vt 1.343453 -1.076969 0.000000
vt 0.878434 -0.652880 0.000000
vt 1.331465 -1.105911 0.000000
vt 0.847376 -0.656969 0.000000
vt 0.363287 -1.105911 0.000000
vt 0.816317 -0.652880 0.000000
vt 0.351299 -1.076969 0.000000
vt 0.787376 -0.640892 0.000000
vt 0.332229 -1.052116 0.000000
vt 0.762523 -0.621822 0.000000
vt 0.307376 -1.033046 0.000000
vt 0.743453 -0.596969 0.000000
vt 1.327376 -1.136969 0.000000
vt 0.367376 -1.136969 0.000000
vt 1.507376 -1.033046 0.000000
vt 1.532229 -1.052116 0.000000
vt 1.551299 -1.076969 0.000000
vt 1.563287 -1.105911 0.000000
vt 1.532229 -1.221822 0.000000
vt 1.507376 -1.240892 0.000000
vt 1.478434 -1.252880 0.000000
vt 0.731465 -1.768027 0.000000
vt 0.727376 -1.736969 0.000000
vt 0.932229 -1.821822 0.000000
vt 0.907376 -1.840892 0.000000
vt 0.878434 -1.852880 0.000000
vt 0.762523 -1.821822 0.000000
vt 0.743453 -1.796969 0.000000
vt -0.162754 3.200000 0.000000
vt -0.162754 3.500000 0.000000
vt -1.461749 3.200000 0.000000
vt -1.474209 3.500000 0.000000
vt -1.560961 3.192030 0.000000
vt -1.656656 3.166106 0.000000
vt -1.745176 3.120908 0.000000
vt -2.483016 3.485762 0.000000
vt -1.822547 3.059109 0.000000
vt -1.892468 2.979291 0.000000
vt -1.959141 2.874478 0.000000
vt -2.072471 2.596272 0.000000
vt -2.138811 2.326600 0.000000
vt -2.170927 2.130416 0.000000
vt -2.198553 1.750000 0.000000
vt -2.483016 0.014238 0.000000
vt -2.170927 1.369584 0.000000
vt -2.138811 1.173400 0.000000
vt -2.072471 0.903728 0.000000
vt -1.959141 0.625522 0.000000
vt -1.892468 0.520709 0.000000
vt -1.822547 0.440891 0.000000
vt -1.745176 0.379092 0.000000
vt -1.474209 0.000000 0.000000
vt -1.656656 0.333894 0.000000
vt -1.560961 0.307970 0.000000
vt -1.461749 0.300000 0.000000
vt -0.162754 0.000000 0.000000
vt -0.162754 0.300000 0.000000
vt -0.000000 0.000000 0.000000
vt -0.201451 -0.261058 0.000000
vt -0.000000 -0.600000 0.000000
vt -0.213439 -0.290000 0.000000
vt -0.232509 -0.314853 0.000000
vt -2.300000 0.000000 0.000000
vt -1.886303 -0.114089 0.000000
vt -0.348420 -0.114089 0.000000
vt -0.317362 -0.110000 0.000000
vt -2.300000 -0.600000 0.000000
vt -2.033273 -0.261058 0.000000
vt -2.037362 -0.230000 0.000000
vt -2.033273 -0.198942 0.000000
vt -1.886303 -0.345911 0.000000
vt -1.917362 -0.350000 0.000000
vt -1.948420 -0.345911 0.000000
vt -2.021285 -0.170000 0.000000
vt -2.002215 -0.145147 0.000000
vt -1.977362 -0.126077 0.000000
vt -1.948420 -0.114089 0.000000
vt -1.917362 -0.110000 0.000000
vt -0.377362 -0.126077 0.000000
vt -1.857362 -0.126077 0.000000
vt -0.402215 -0.145147 0.000000
vt -1.832509 -0.145147 0.000000
vt -0.421285 -0.170000 0.000000
vt -1.813439 -0.170000 0.000000
vt -0.433273 -0.198942 0.000000
vt -1.801451 -0.198942 0.000000
vt -0.437362 -0.230000 0.000000
vt -1.797362 -0.230000 0.000000
vt -0.433273 -0.261058 0.000000
vt -1.801451 -0.261058 0.000000
vt -0.421285 -0.290000 0.000000
vt -1.813439 -0.290000 0.000000
vt -0.402215 -0.314853 0.000000
vt -1.832509 -0.314853 0.000000
vt -0.377362 -0.333923 0.000000
vt -1.857362 -0.333923 0.000000
vt -0.348420 -0.345911 0.000000
vt -1.977362 -0.333923 0.000000
vt -2.002215 -0.314853 0.000000
vt -2.021285 -0.290000 0.000000
vt -0.286303 -0.114089 0.000000
vt -0.257362 -0.126077 0.000000
vt -0.232509 -0.145147 0.000000
vt -0.213439 -0.170000 0.000000
vt -0.201451 -0.198942 0.000000
vt -0.197362 -0.230000 0.000000
vt -0.257362 -0.333923 0.000000
vt -0.286303 -0.345911 0.000000
vt -0.317362 -0.350000 0.000000
vt 0.300000 0.000000 0.000000
vt -0.000000 0.000000 0.000000
vt 0.300000 -2.300000 0.000000
vt -0.000000 -2.300000 0.000000
vt -0.000000 2.004912 0.000000
vt -0.000000 0.939597 0.000000
vt 0.963747 2.300000 0.000000
vt 0.011262 0.894106 0.000000
vt 0.015017 0.847377 0.000000
vt 1.671513 0.000000 0.000000
vt 0.011264 0.800648 0.000000
vt -0.000000 0.755154 0.000000
vt -0.000000 0.000000 0.000000
vt 2.394323 2.300000 0.000000
vt 3.343026 0.000000 0.000000
vt 3.824899 2.300000 0.000000
vt 5.014538 0.000000 0.000000
vt 5.255475 2.300000 0.000000
vt 6.627513 0.428741 0.000000
vt 6.627761 1.806332 0.000000
vt 6.652654 1.754773 0.000000
vt 6.652489 0.479923 0.000000
vt 6.686051 1.709516 0.000000
vt 6.686051 0.525208 0.000000
vt 6.686051 0.000000 0.000000
vt 6.627759 0.206332 0.000000
vt 6.612378 0.261203 0.000000
vt 6.607083 0.317554 0.000000
vt 6.686051 0.109516 0.000000
vt 6.652653 0.154774 0.000000
vt 6.612064 0.373887 0.000000
vt 6.612382 1.861202 0.000000
vt 6.607087 1.917553 0.000000
vt 6.612068 1.973887 0.000000
vt 6.627515 2.028740 0.000000
vt 6.686051 2.300000 0.000000
vt 6.652490 2.079922 0.000000
vt 6.686051 2.125208 0.000000
vt -1.347687 1.578862 0.000000
vt -0.990857 1.416317 0.000000
vt -1.254095 1.621295 0.000000
vt -0.994946 1.447376 0.000000
vt -0.990857 1.478434 0.000000
vt -1.427380 1.513984 0.000000
vt -1.487914 1.430943 0.000000
vt -0.978869 1.387376 0.000000
vt -1.414946 0.951299 0.000000
vt -1.390093 0.932229 0.000000
vt -1.668177 1.101827 0.000000
vt -1.474946 0.967376 0.000000
vt -1.443887 0.963287 0.000000
vt -1.704910 1.008670 0.000000
vt -1.559799 0.932229 0.000000
vt -1.534946 0.951299 0.000000
vt -1.506004 0.963287 0.000000
vt -1.578869 0.907376 0.000000
vt -1.717353 0.909309 0.000000
vt -1.590857 0.878434 0.000000
vt -1.594946 0.847376 0.000000
vt -1.704728 0.809971 0.000000
vt -1.590857 0.816317 0.000000
vt -1.667826 0.716882 0.000000
vt -1.578869 0.787376 0.000000
vt -1.559799 0.762523 0.000000
vt -1.608960 0.635875 0.000000
vt -1.534946 0.743453 0.000000
vt -1.506004 0.731465 0.000000
vt -1.474946 0.727376 0.000000
vt -1.443887 0.731465 0.000000
vt -0.994946 0.247376 0.000000
vt -0.990857 0.278434 0.000000
vt -1.011915 -0.000000 0.000000
vt -0.990857 0.216317 0.000000
vt -0.978869 0.187376 0.000000
vt -0.959799 0.162523 0.000000
vt -0.934946 0.143453 0.000000
vt -0.906004 0.131465 0.000000
vt -0.874946 0.127376 0.000000
vt -0.843887 0.131465 0.000000
vt -0.814946 0.143453 0.000000
vt -0.000000 0.000000 0.000000
vt -0.790093 0.162523 0.000000
vt -0.771023 0.187376 0.000000
vt -0.759035 0.216317 0.000000
vt -0.754946 0.247376 0.000000
vt -0.306004 0.731465 0.000000
vt -0.759035 0.278434 0.000000
vt -0.334946 0.743453 0.000000
vt -0.771023 0.307376 0.000000
vt -0.359799 0.762523 0.000000
vt -0.790093 0.332229 0.000000
vt -0.378869 0.787376 0.000000
vt -0.814946 0.351299 0.000000
vt -0.390857 0.816317 0.000000
vt -0.843887 0.363287 0.000000
vt -0.394946 0.847376 0.000000
vt -0.874946 0.367376 0.000000
vt -0.874946 1.327376 0.000000
vt -1.354946 0.847376 0.000000
vt -0.906004 1.331465 0.000000
vt -1.359035 0.878434 0.000000
vt -0.934946 1.343453 0.000000
vt -1.371023 0.907376 0.000000
vt -0.959799 1.362523 0.000000
vt -0.000000 0.755154 0.000000
vt -0.214946 0.743453 0.000000
vt -0.243887 0.731465 0.000000
vt -0.274946 0.727376 0.000000
vt 0.011289 0.800648 0.000000
vt -0.159035 0.816317 0.000000
vt -0.171023 0.787376 0.000000
vt -0.190093 0.762523 0.000000
vt -0.154946 0.847376 0.000000
vt 0.015051 0.847377 0.000000
vt 0.011287 0.894106 0.000000
vt -0.159035 0.878434 0.000000
vt -0.000000 0.939597 0.000000
vt -0.171023 0.907376 0.000000
vt -0.190093 0.932229 0.000000
vt -0.214946 0.951299 0.000000
vt -0.243887 0.963287 0.000000
vt -0.000000 2.004912 0.000000
vt -0.274946 0.967376 0.000000
vt -0.754946 1.447376 0.000000
vt -0.306004 0.963287 0.000000
vt -0.759035 1.416317 0.000000
vt -0.334946 0.951299 0.000000
vt -0.771023 1.387376 0.000000
vt -0.359799 0.932229 0.000000
vt -0.790093 1.362523 0.000000
vt -0.378869 0.907376 0.000000
vt -0.814946 1.343453 0.000000
vt -0.390857 0.878434 0.000000
vt -0.843887 1.331465 0.000000
vt -0.874946 1.567376 0.000000
vt -0.843887 1.563287 0.000000
vt -0.814946 1.551299 0.000000
vt -0.906004 0.363287 0.000000
vt -1.359035 0.816317 0.000000
vt -0.934946 0.351299 0.000000
vt -1.371023 0.787376 0.000000
vt -0.959799 0.332229 0.000000
vt -1.390093 0.762523 0.000000
vt -0.978869 0.307376 0.000000
vt -1.414946 0.743453 0.000000
vt -0.978869 1.507376 0.000000
vt -0.959799 1.532229 0.000000
vt -0.934946 1.551299 0.000000
vt -0.906004 1.563287 0.000000
vt -0.790093 1.532229 0.000000
vt -0.771023 1.507376 0.000000
vt -0.759035 1.478434 0.000000
vt -0.300000 0.990876 0.000000
vt 0.000000 0.990876 0.000000
vt -0.300000 1.366126 0.000000
vt 0.000000 1.366126 0.000000
vt -0.000000 2.001267 0.000000
vt -0.106009 2.030288 0.000000
vt -0.000000 0.000000 0.000000
vt -0.120180 0.000000 0.000000
vt -0.219689 2.058280 0.000000
vt -0.240360 0.000000 0.000000
vt -0.338287 2.084173 0.000000
vt -0.360540 0.000000 0.000000
vt -0.456335 2.106805 0.000000
vt -0.480720 0.000000 0.000000
vt -0.578914 2.127258 0.000000
vt -0.600900 0.000000 0.000000
vt -0.715573 2.146760 0.000000
vt -0.721080 0.000000 0.000000
vt -0.961441 0.000000 0.000000
vt -1.022641 2.179910 0.000000
vt -1.201801 0.000000 0.000000
vt -1.294493 2.199316 0.000000
vt -1.442161 0.000000 0.000000
vt -1.493668 2.208710 0.000000
vt -1.682521 0.000000 0.000000
vt -1.922881 2.216791 0.000000
vt -1.922881 0.000000 0.000000
vt 0.300000 -0.290118 0.000000
vt -0.000000 -0.290118 0.000000
vt 0.300000 -1.162356 0.000000
vt -0.000000 -1.162356 0.000000
vt -1.513984 -0.584535 0.000000
vt -1.416317 -1.021058 0.000000
vt -1.430943 -0.524001 0.000000
vt -1.387376 -1.033046 0.000000
vt -0.951299 -0.596969 0.000000
vt -0.932229 -0.621822 0.000000
vt -1.362523 -1.052116 0.000000
vt -0.907376 -0.640892 0.000000
vt -1.343453 -1.076969 0.000000
vt -0.878434 -0.652880 0.000000
vt -1.331465 -1.105911 0.000000
vt -0.847376 -0.656969 0.000000
vt -0.363287 -1.105911 0.000000
vt -0.816317 -0.652880 0.000000
vt -0.351299 -1.076969 0.000000
vt -0.787376 -0.640892 0.000000
vt -0.332229 -1.052116 0.000000
vt -0.762523 -0.621822 0.000000
vt -0.307376 -1.033046 0.000000
vt -0.743453 -0.596969 0.000000
vt -0.278434 -1.021058 0.000000
vt -0.731465 -0.568027 0.000000
vt -0.247376 -1.016969 0.000000
vt -0.635875 -0.402955 0.000000
vt -0.000000 -1.000000 0.000000
vt -0.216317 -1.021058 0.000000
vt -0.187376 -1.033046 0.000000
vt -1.578862 -0.664228 0.000000
vt -1.621295 -0.757820 0.000000
vt -1.447376 -1.016969 0.000000
vt -1.478434 -1.021058 0.000000
vt -1.507376 -1.033046 0.000000
vt -1.532229 -1.052116 0.000000
vt -1.551299 -1.076969 0.000000
vt -1.563287 -1.105911 0.000000
vt -1.567376 -1.136969 0.000000
vt -2.001267 -2.000000 0.000000
vt -1.563287 -1.168027 0.000000
vt -1.551299 -1.196969 0.000000
vt -1.532229 -1.221822 0.000000
vt -1.507376 -1.240892 0.000000
vt -1.478434 -1.252880 0.000000
vt -1.447376 -1.256969 0.000000
vt -0.967376 -1.736969 0.000000
vt -0.963287 -1.705911 0.000000
vt -0.000000 -2.000000 0.000000
vt -0.847376 -1.856969 0.000000
vt -0.878434 -1.852880 0.000000
vt -0.907376 -1.840892 0.000000
vt -0.143453 -1.196969 0.000000
vt -0.162523 -1.221822 0.000000
vt -0.187376 -1.240892 0.000000
vt -0.716882 -0.344089 0.000000
vt -0.762523 -0.452116 0.000000
vt -0.743453 -0.476969 0.000000
vt -0.731465 -0.505911 0.000000
vt -0.809971 -0.307186 0.000000
vt -0.816317 -0.421058 0.000000
vt -0.787376 -0.433046 0.000000
vt -0.847376 -0.416969 0.000000
vt -0.909309 -0.294562 0.000000
vt -0.878434 -0.421058 0.000000
vt -0.907376 -0.433046 0.000000
vt -1.008670 -0.307005 0.000000
vt -0.932229 -0.452116 0.000000
vt -1.101827 -0.343738 0.000000
vt -0.951299 -0.476969 0.000000
vt -0.963287 -0.505911 0.000000
vt -0.967376 -0.536969 0.000000
vt -0.963287 -0.568027 0.000000
vt -0.727376 -0.536969 0.000000
vt -1.331465 -1.168027 0.000000
vt -0.363287 -1.168027 0.000000
vt -1.327376 -1.136969 0.000000
vt -0.367376 -1.136969 0.000000
vt -1.343453 -1.196969 0.000000
vt -0.878434 -1.621058 0.000000
vt -0.847376 -1.616969 0.000000
vt -0.816317 -1.621058 0.000000
vt -0.351299 -1.196969 0.000000
vt -0.787376 -1.633046 0.000000
vt -0.332229 -1.221822 0.000000
vt -0.762523 -1.652116 0.000000
vt -0.307376 -1.240892 0.000000
vt -0.743453 -1.676969 0.000000
vt -0.278434 -1.252880 0.000000
vt -0.731465 -1.705911 0.000000
vt -0.247376 -1.256969 0.000000
vt -0.216317 -1.252880 0.000000
vt -0.907376 -1.633046 0.000000
vt -1.362523 -1.221822 0.000000
vt -0.932229 -1.652116 0.000000
vt -1.387376 -1.240892 0.000000
vt -0.951299 -1.676969 0.000000
vt -1.416317 -1.252880 0.000000
vt -0.727376 -1.736969 0.000000
vt -0.731465 -1.768027 0.000000
vt -0.743453 -1.796969 0.000000
vt -0.762523 -1.821822 0.000000
vt -0.787376 -1.840892 0.000000
vt -0.816317 -1.852880 0.000000
vt -0.932229 -1.821822 0.000000
vt -0.951299 -1.796969 0.000000
vt -0.963287 -1.768027 0.000000
vt -0.131465 -1.105911 0.000000
vt -0.127376 -1.136969 0.000000
vt -0.131465 -1.168027 0.000000
vt -0.162523 -1.052116 0.000000
vt -0.143453 -1.076969 0.000000
vt 0.241481 -0.055295 0.000000
vt 0.115911 -0.088942 0.000000
vt 0.250000 -0.120000 0.000000
vt 0.120000 -0.120000 0.000000
vt 0.241481 -0.184705 0.000000
vt 0.115911 -0.151058 0.000000
vt 0.103923 -0.180000 0.000000
vt 0.103923 -0.060000 0.000000
vt 0.216506 0.005000 0.000000
vt 0.084853 -0.035147 0.000000
vt 0.176777 0.056777 0.000000
vt 0.060000 -0.016077 0.000000
vt 0.125000 0.096506 0.000000
vt 0.031058 -0.004089 0.000000
vt 0.064705 0.121481 0.000000
vt -0.000000 -0.000000 0.000000
vt -0.000000 0.130000 0.000000
vt -0.064705 0.121481 0.000000
vt -0.031058 -0.004089 0.000000
vt -0.125000 0.096506 0.000000
vt -0.060000 -0.016077 0.000000
vt -0.176777 0.056777 0.000000
vt -0.084853 -0.035147 0.000000
vt -0.216506 0.005000 0.000000
vt -0.103923 -0.060000 0.000000
vt -0.241481 -0.055295 0.000000
vt -0.115911 -0.088942 0.000000
vt -0.250000 -0.120000 0.000000
vt -0.120000 -0.120000 0.000000
vt -0.115911 -0.151058 0.000000
vt -0.241481 -0.184705 0.000000
vt -0.103923 -0.180000 0.000000
vt -0.216506 -0.245000 0.000000
vt -0.084853 -0.204853 0.000000
vt -0.176777 -0.296777 0.000000
vt -0.060000 -0.223923 0.000000
vt -0.125000 -0.336506 0.000000
vt -0.031058 -0.235911 0.000000
vt -0.064705 -0.361481 0.000000
vt -0.000000 -0.240000 0.000000
vt -0.000000 -0.370000 0.000000
vt 0.064705 -0.361481 0.000000
vt 0.031058 -0.235911 0.000000
vt 0.125000 -0.336506 0.000000
vt 0.060000 -0.223923 0.000000
vt 0.176777 -0.296777 0.000000
vt 0.084853 -0.204853 0.000000
vt 0.216506 -0.245000 0.000000
vt 0.241481 -0.055295 0.000000
vt 0.115911 -0.088942 0.000000
vt 0.250000 -0.120000 0.000000
vt 0.120000 -0.120000 0.000000
vt 0.241481 -0.184705 0.000000
vt 0.115911 -0.151058 0.000000
vt 0.103923 -0.180000 0.000000
vt 0.103923 -0.060000 0.000000
vt 0.216506 0.005000 0.000000
vt 0.084853 -0.035147 0.000000
vt 0.176777 0.056777 0.000000
vt 0.060000 -0.016077 0.000000
vt 0.125000 0.096506 0.000000
vt 0.031058 -0.004089 0.000000
vt 0.064705 0.121481 0.000000
vt -0.000000 -0.000000 0.000000
vt -0.000000 0.130000 0.000000
vt -0.064705 0.121481 0.000000
vt -0.031058 -0.004089 0.000000
vt -0.125000 0.096506 0.000000
vt -0.060000 -0.016077 0.000000
vt -0.176777 0.056777 0.000000
vt -0.084853 -0.035147 0.000000
vt -0.216506 0.005000 0.000000
vt -0.103923 -0.060000 0.000000
vt -0.241481 -0.055295 0.000000
vt -0.115911 -0.088942 0.000000
vt -0.250000 -0.120000 0.000000
vt -0.120000 -0.120000 0.000000
vt -0.115911 -0.151058 0.000000
vt -0.241481 -0.184705 0.000000
vt -0.103923 -0.180000 0.000000
vt -0.216506 -0.245000 0.000000
vt -0.084853 -0.204853 0.000000
vt -0.176777 -0.296777 0.000000
vt -0.060000 -0.223923 0.000000
vt -0.125000 -0.336506 0.000000
vt -0.031058 -0.235911 0.000000
vt -0.064705 -0.361481 0.000000
vt -0.000000 -0.240000 0.000000
vt -0.000000 -0.370000 0.000000
vt 0.064705 -0.361481 0.000000
vt 0.031058 -0.235911 0.000000
vt 0.125000 -0.336506 0.000000
vt 0.060000 -0.223923 0.000000
vt 0.176777 -0.296777 0.000000
vt 0.084853 -0.204853 0.000000
vt 0.216506 -0.245000 0.000000
vt 0.241481 -0.055295 0.000000
vt 0.115911 -0.088942 0.000000
vt 0.250000 -0.120000 0.000000
vt 0.120000 -0.120000 0.000000
vt 0.241481 -0.184705 0.000000
vt 0.115911 -0.151058 0.000000
vt 0.103923 -0.180000 0.000000
vt 0.103923 -0.060000 0.000000
vt 0.216506 0.005000 0.000000
vt 0.084853 -0.035147 0.000000
vt 0.176777 0.056777 0.000000
vt 0.060000 -0.016077 0.000000
vt 0.125000 0.096506 0.000000
vt 0.031058 -0.004089 0.000000
vt 0.064705 0.121481 0.000000
vt -0.000000 -0.000000 0.000000
vt -0.000000 0.130000 0.000000
vt -0.064705 0.121481 0.000000
vt -0.031058 -0.004089 0.000000
vt -0.125000 0.096506 0.000000
vt -0.060000 -0.016077 0.000000
vt -0.176777 0.056777 0.000000
vt -0.084853 -0.035147 0.000000
vt -0.216506 0.005000 0.000000
vt -0.103923 -0.060000 0.000000
vt -0.241481 -0.055295 0.000000
vt -0.115911 -0.088942 0.000000
vt -0.250000 -0.120000 0.000000
vt -0.120000 -0.120000 0.000000
vt -0.115911 -0.151058 0.000000
vt -0.241481 -0.184705 0.000000
vt -0.103923 -0.180000 0.000000
vt -0.216506 -0.245000 0.000000
vt -0.084853 -0.204853 0.000000
vt -0.176777 -0.296777 0.000000
vt -0.060000 -0.223923 0.000000
vt -0.125000 -0.336506 0.000000
vt -0.031058 -0.235911 0.000000
vt -0.064705 -0.361481 0.000000
vt -0.000000 -0.240000 0.000000
vt -0.000000 -0.370000 0.000000
vt 0.064705 -0.361481 0.000000
vt 0.031058 -0.235911 0.000000
vt 0.125000 -0.336506 0.000000
vt 0.060000 -0.223923 0.000000
vt 0.176777 -0.296777 0.000000
vt 0.084853 -0.204853 0.000000
vt 0.216506 -0.245000 0.000000
vt 0.241481 -0.055295 0.000000
vt 0.115911 -0.088942 0.000000
vt 0.250000 -0.120000 0.000000
vt 0.120000 -0.120000 0.000000
vt 0.241481 -0.184705 0.000000
vt 0.115911 -0.151058 0.000000
vt 0.103923 -0.180000 0.000000
vt 0.103923 -0.060000 0.000000
vt 0.216506 0.005000 0.000000
vt 0.084853 -0.035147 0.000000
vt 0.176777 0.056777 0.000000
vt 0.060000 -0.016077 0.000000
vt 0.125000 0.096506 0.000000
vt 0.031058 -0.004089 0.000000
vt 0.064705 0.121481 0.000000
vt -0.000000 -0.000000 0.000000
vt -0.000000 0.130000 0.000000
vt -0.064705 0.121481 0.000000
vt -0.031058 -0.004089 0.000000
vt -0.125000 0.096506 0.000000
vt -0.060000 -0.016077 0.000000
vt -0.176777 0.056777 0.000000
vt -0.084853 -0.035147 0.000000
vt -0.216506 0.005000 0.000000
vt -0.103923 -0.060000 0.000000
vt -0.241481 -0.055295 0.000000
vt -0.115911 -0.088942 0.000000
vt -0.250000 -0.120000 0.000000
vt -0.120000 -0.120000 0.000000
vt -0.115911 -0.151058 0.000000
vt -0.241481 -0.184705 0.000000
vt -0.103923 -0.180000 0.000000
vt -0.216506 -0.245000 0.000000
vt -0.084853 -0.204853 0.000000
vt -0.176777 -0.296777 0.000000
vt -0.060000 -0.223923 0.000000
vt -0.125000 -0.336506 0.000000
vt -0.031058 -0.235911 0.000000
vt -0.064705 -0.361481 0.000000
vt -0.000000 -0.240000 0.000000
vt -0.000000 -0.370000 0.000000
vt 0.064705 -0.361481 0.000000
vt 0.031058 -0.235911 0.000000
vt 0.125000 -0.336506 0.000000
vt 0.060000 -0.223923 0.000000
vt 0.176777 -0.296777 0.000000
vt 0.084853 -0.204853 0.000000
vt 0.216506 -0.245000 0.000000
vn 0.000000 0.258819 0.965926
vn 0.000000 0.258819 0.965926
vn 0.000000 -0.000000 1.000000
vn 0.000000 -0.000000 1.000000
vn 0.000000 -0.258819 0.965926
vn 0.000000 -0.258819 0.965926
vn 0.000000 -0.500000 0.866025
vn 0.000000 -0.500000 0.866025
vn 0.000000 -0.707107 0.707107
vn 0.000000 -0.707107 0.707107
vn 0.000000 -0.866025 0.500000
vn 0.000000 -0.866025 0.500000
vn 0.000000 -0.965926 0.258819
vn 0.000000 -0.965926 0.258819
vn 0.000000 -1.000000 0.000000
vn 0.000000 -1.000000 0.000000
vn 0.000000 -0.965926 -0.258819
vn 0.000000 -0.965926 -0.258819
vn 0.000000 -0.866025 -0.500000
vn 0.000000 -0.866025 -0.500000
vn 0.000000 -0.707107 -0.707107
vn 0.000000 -0.707107 -0.707107
vn 0.000000 -0.500000 -0.866025
vn 0.000000 -0.500000 -0.866025
vn 0.000000 -0.258819 -0.965926
vn 0.000000 -0.258819 -0.965926
vn 0.000000 -0.000000 -1.000000
vn 0.000000 -0.000000 -1.000000
vn 0.000000 0.258819 -0.965926
vn 0.000000 0.258819 -0.965926
vn 0.000000 0.500000 -0.866025
vn 0.000000 0.500000 -0.866025
vn 0.000000 0.707107 -0.707107
vn 0.000000 0.707107 -0.707107
vn 0.000000 0.866025 -0.500000
vn 0.000000 0.866025 -0.500000
vn 0.000000 0.965926 -0.258819
vn 0.000000 0.965926 -0.258819
vn 0.000000 1.000000 0.000000
vn 0.000000 1.000000 0.000000
vn 0.000000 0.965926 0.258819
vn 0.000000 0.965926 0.258819
vn 0.000000 0.866025 0.500000
vn 0.000000 0.866025 0.500000
vn 0.000000 0.707107 0.707107
vn 0.000000 0.707107 0.707107
vn 0.000000 0.500000 0.866025
vn 0.000000 0.500000 0.866025
vn 0.000000 0.258819 0.965926
vn 0.000000 0.258819 0.965926
vn 0.000000 -0.000000 1.000000
vn 0.000000 -0.000000 1.000000
vn 0.000000 -0.258819 0.965926
vn 0.000000 -0.258819 0.965926
vn 0.000000 -0.500000 0.866025
vn 0.000000 -0.500000 0.866025
vn 0.000000 -0.707107 0.707107
vn 0.000000 -0.707107 0.707107
vn 0.000000 -0.866025 0.500000
vn 0.000000 -0.866025 0.500000
vn 0.000000 -0.965926 0.258819
vn 0.000000 -0.965926 0.258819
vn 0.000000 -1.000000 0.000000
vn 0.000000 -1.000000 0.000000
vn 0.000000 -0.965926 -0.258819
vn 0.000000 -0.965926 -0.258819
vn 0.000000 -0.866025 -0.500000
vn 0.000000 -0.866025 -0.500000
vn 0.000000 -0.707107 -0.707107
vn 0.000000 -0.707107 -0.707107
vn 0.000000 -0.500000 -0.866025
vn 0.000000 -0.500000 -0.866025
vn 0.000000 -0.258819 -0.965926
vn 0.000000 -0.258819 -0.965926
vn 0.000000 -0.000000 -1.000000
vn 0.000000 -0.000000 -1.000000
vn 0.000000 0.258819 -0.965926
vn 0.000000 0.258819 -0.965926
vn 0.000000 0.500000 -0.866025
vn 0.000000 0.500000 -0.866025
vn 0.000000 0.707107 -0.707107
vn 0.000000 0.707107 -0.707107
vn 0.000000 0.866025 -0.500000
vn 0.000000 0.866025 -0.500000
vn 0.000000 0.965926 -0.258819
vn 0.000000 0.965926 -0.258819
vn 0.000000 1.000000 0.000000
vn 0.000000 1.000000 0.000000
vn 0.000000 0.965926 0.258819
vn 0.000000 0.965926 0.258819
vn 0.000000 0.866025 0.500000
vn 0.000000 0.866025 0.500000
vn 0.000000 0.707107 0.707107
vn 0.000000 0.707107 0.707107
vn 0.000000 0.500000 0.866025
vn 0.000000 0.500000 0.866025
vn 0.000000 0.258819 0.965926
vn 0.000000 0.258819 0.965926
vn 0.000000 -0.000000 1.000000
vn 0.000000 -0.000000 1.000000
vn 0.000000 -0.258819 0.965926
vn 0.000000 -0.258819 0.965926
vn 0.000000 -0.500000 0.866025
vn 0.000000 -0.500000 0.866025
vn 0.000000 -0.707107 0.707107
vn 0.000000 -0.707107 0.707107
vn 0.000000 -0.866025 0.500000
vn 0.000000 -0.866025 0.500000
vn 0.000000 -0.965926 0.258819
vn 0.000000 -0.965926 0.258819
vn 0.000000 -1.000000 0.000000
vn 0.000000 -1.000000 0.000000
vn 0.000000 -0.965926 -0.258819
vn 0.000000 -0.965926 -0.258819
vn 0.000000 -0.866025 -0.500000
vn 0.000000 -0.866025 -0.500000
vn 0.000000 -0.707107 -0.707107
vn 0.000000 -0.707107 -0.707107
vn 0.000000 -0.500000 -0.866025
vn 0.000000 -0.500000 -0.866025
vn 0.000000 -0.258819 -0.965926
vn 0.000000 -0.258819 -0.965926
vn 0.000000 -0.000000 -1.000000
vn 0.000000 -0.000000 -1.000000
vn 0.000000 0.258819 -0.965926
vn 0.000000 0.258819 -0.965926
vn 0.000000 0.500000 -0.866025
vn 0.000000 0.500000 -0.866025
vn 0.000000 0.707107 -0.707107
vn 0.000000 0.707107 -0.707107
vn 0.000000 0.866025 -0.500000
vn 0.000000 0.866025 -0.500000
vn 0.000000 0.965926 -0.258819
vn 0.000000 0.965926 -0.258819
vn 0.000000 1.000000 0.000000
vn 0.000000 1.000000 0.000000
vn 0.000000 0.965926 0.258819
vn 0.000000 0.965926 0.258819
vn 0.000000 0.866025 0.500000
vn 0.000000 0.866025 0.500000
vn 0.000000 0.707107 0.707107
vn 0.000000 0.707107 0.707107
vn 0.000000 0.500000 0.866025
vn 0.000000 0.500000 0.866025
vn 0.000000 0.258819 0.965926
vn 0.000000 0.258819 0.965926
vn 0.000000 -0.000000 1.000000
vn 0.000000 -0.000000 1.000000
vn 0.000000 -0.258819 0.965926
vn 0.000000 -0.258819 0.965926
vn 0.000000 -0.500000 0.866025
vn 0.000000 -0.500000 0.866025
vn 0.000000 -0.707107 0.707107
vn 0.000000 -0.707107 0.707107
vn 0.000000 -0.866025 0.500000
vn 0.000000 -0.866025 0.500000
vn 0.000000 -0.965926 0.258819
vn 0.000000 -0.965926 0.258819
vn 0.000000 -1.000000 0.000000
vn 0.000000 -1.000000 0.000000
vn 0.000000 -0.965926 -0.258819
vn 0.000000 -0.965926 -0.258819
vn 0.000000 -0.866025 -0.500000
vn 0.000000 -0.866025 -0.500000
vn 0.000000 -0.707107 -0.707107
vn 0.000000 -0.707107 -0.707107
vn 0.000000 -0.500000 -0.866025
vn 0.000000 -0.500000 -0.866025
vn 0.000000 -0.258819 -0.965926
vn 0.000000 -0.258819 -0.965926
vn 0.000000 -0.000000 -1.000000
vn 0.000000 -0.000000 -1.000000
vn 0.000000 0.258819 -0.965926
vn 0.000000 0.258819 -0.965926
vn 0.000000 0.500000 -0.866025
vn 0.000000 0.500000 -0.866025
vn 0.000000 0.707107 -0.707107
vn 0.000000 0.707107 -0.707107
vn 0.000000 0.866025 -0.500000
vn 0.000000 0.866025 -0.500000
vn 0.000000 0.965926 -0.258819
vn 0.000000 0.965926 -0.258819
vn 0.000000 1.000000 0.000000
vn 0.000000 1.000000 0.000000
vn 0.000000 0.965926 0.258819
vn 0.000000 0.965926 0.258819
vn 0.000000 0.866025 0.500000
vn 0.000000 0.866025 0.500000
vn 0.000000 0.707107 0.707107
vn 0.000000 0.707107 0.707107
vn 0.000000 0.500000 0.866025
vn 0.000000 0.500000 0.866025
vn 0.000000 0.258819 0.965926
vn 0.000000 0.258819 0.965926
vn 0.000000 -0.000000 1.000000
vn 0.000000 -0.000000 1.000000
vn 0.000000 -0.258819 0.965926
vn 0.000000 -0.258819 0.965926
vn 0.000000 -0.500000 0.866025
vn 0.000000 -0.500000 0.866025
vn 0.000000 -0.707107 0.707107
vn 0.000000 -0.707107 0.707107
vn 0.000000 -0.866025 0.500000
vn 0.000000 -0.866025 0.500000
vn 0.000000 -0.965926 0.258819
vn 0.000000 -0.965926 0.258819
vn 0.000000 -1.000000 0.000000
vn 0.000000 -1.000000 0.000000
vn 0.000000 -0.965926 -0.258819
vn 0.000000 -0.965926 -0.258819
vn 0.000000 -0.866025 -0.500000
vn 0.000000 -0.866025 -0.500000
vn 0.000000 -0.707107 -0.707107
vn 0.000000 -0.707107 -0.707107
vn 0.000000 -0.500000 -0.866025
vn 0.000000 -0.500000 -0.866025
vn 0.000000 -0.258819 -0.965926
vn 0.000000 -0.258819 -0.965926
vn 0.000000 -0.000000 -1.000000
vn 0.000000 -0.000000 -1.000000
vn 0.000000 0.258819 -0.965926
vn 0.000000 0.258819 -0.965926
vn 0.000000 0.500000 -0.866025
vn 0.000000 0.500000 -0.866025
vn 0.000000 0.707107 -0.707107
vn 0.000000 0.707107 -0.707107
vn 0.000000 0.866025 -0.500000
vn 0.000000 0.866025 -0.500000
vn 0.000000 0.965926 -0.258819
vn 0.000000 0.965926 -0.258819
vn 0.000000 1.000000 0.000000
vn 0.000000 1.000000 0.000000
vn 0.000000 0.965926 0.258819
vn 0.000000 0.965926 0.258819
vn 0.000000 0.866025 0.500000
vn 0.000000 0.866025 0.500000
vn 0.000000 0.707107 0.707107
vn 0.000000 0.707107 0.707107
vn 0.000000 0.500000 0.866025
vn 0.000000 0.500000 0.866025
vn 0.000000 0.258819 0.965926
vn 0.000000 0.258819 0.965926
vn 0.000000 -0.000000 1.000000
vn 0.000000 -0.000000 1.000000
vn 0.000000 -0.258819 0.965926
vn 0.000000 -0.258819 0.965926
vn 0.000000 -0.500000 0.866025
vn 0.000000 -0.500000 0.866025
vn 0.000000 -0.707107 0.707107
vn 0.000000 -0.707107 0.707107
vn 0.000000 -0.866025 0.500000
vn 0.000000 -0.866025 0.500000
vn 0.000000 -0.965926 0.258819
vn 0.000000 -0.965926 0.258819
vn 0.000000 -1.000000 0.000000
vn 0.000000 -1.000000 0.000000
vn 0.000000 -0.965926 -0.258819
vn 0.000000 -0.965926 -0.258819
vn 0.000000 -0.866025 -0.500000
vn 0.000000 -0.866025 -0.500000
vn 0.000000 -0.707107 -0.707107
vn 0.000000 -0.707107 -0.707107
vn 0.000000 -0.500000 -0.866025
vn 0.000000 -0.500000 -0.866025
vn 0.000000 -0.258819 -0.965926
vn 0.000000 -0.258819 -0.965926
vn 0.000000 -0.000000 -1.000000
vn 0.000000 -0.000000 -1.000000
vn 0.000000 0.258819 -0.965926
vn 0.000000 0.258819 -0.965926
vn 0.000000 0.500000 -0.866025
vn 0.000000 0.500000 -0.866025
vn 0.000000 0.707107 -0.707107
vn 0.000000 0.707107 -0.707107
vn 0.000000 0.866025 -0.500000
vn 0.000000 0.866025 -0.500000
vn 0.000000 0.965926 -0.258819
vn 0.000000 0.965926 -0.258819
vn 0.000000 1.000000 0.000000
vn 0.000000 1.000000 0.000000
vn 0.000000 0.965926 0.258819
vn 0.000000 0.965926 0.258819
vn 0.000000 0.866025 0.500000
vn 0.000000 0.866025 0.500000
vn 0.000000 0.707107 0.707107
vn 0.000000 0.707107 0.707107
vn 0.000000 0.500000 0.866025
vn 0.000000 0.500000 0.866025
vn 0.000000 0.258819 0.965926
vn 0.000000 0.258819 0.965926
vn 0.000000 -0.000000 1.000000
vn 0.000000 -0.000000 1.000000
vn 0.000000 -0.258819 0.965926
vn 0.000000 -0.258819 0.965926
vn 0.000000 -0.500000 0.866025
vn 0.000000 -0.500000 0.866025
vn 0.000000 -0.707107 0.707107
vn 0.000000 -0.707107 0.707107
vn 0.000000 -0.866025 0.500000
vn 0.000000 -0.866025 0.500000
vn 0.000000 -0.965926 0.258819
vn 0.000000 -0.965926 0.258819
vn 0.000000 -1.000000 0.000000
vn 0.000000 -1.000000 -0.000000
vn 0.000000 -0.965926 -0.258819
vn 0.000000 -0.965926 -0.258819
vn 0.000000 -0.866025 -0.500000
vn 0.000000 -0.866025 -0.500000
vn 0.000000 -0.707107 -0.707107
vn 0.000000 -0.707107 -0.707107
vn 0.000000 -0.500000 -0.866025
vn 0.000000 -0.500000 -0.866025
vn 0.000000 -0.258819 -0.965926
vn 0.000000 -0.258819 -0.965926
vn 0.000000 -0.000000 -1.000000
vn 0.000000 -0.000000 -1.000000
vn 0.000000 0.258819 -0.965926
vn 0.000000 0.258819 -0.965926
vn 0.000000 0.500000 -0.866025
vn 0.000000 0.500000 -0.866025
vn 0.000000 0.707107 -0.707107
vn 0.000000 0.707107 -0.707107
vn 0.000000 0.866025 -0.500000
vn 0.000000 0.866025 -0.500000
vn 0.000000 0.965926 -0.258819
vn 0.000000 0.965926 -0.258819
vn 0.000000 1.000000 0.000000
vn 0.000000 1.000000 0.000000
vn 0.000000 0.965926 0.258819
vn 0.000000 0.965926 0.258819
vn 0.000000 0.866025 0.500000
vn 0.000000 0.866025 0.500000
vn 0.000000 0.707107 0.707107
vn 0.000000 0.707107 0.707107
vn 0.000000 0.500000 0.866025
vn 0.000000 0.500000 0.866025
vn 0.000000 0.258819 0.965926
vn 0.000000 0.258819 0.965926
vn 0.000000 -0.000000 1.000000
vn 0.000000 -0.000000 1.000000
vn 0.000000 -0.258819 0.965926
vn 0.000000 -0.258819 0.965926
vn 0.000000 -0.500000 0.866025
vn 0.000000 -0.500000 0.866025
vn 0.000000 -0.707107 0.707107
vn 0.000000 -0.707107 0.707107
vn 0.000000 -0.866025 0.500000
vn 0.000000 -0.866025 0.500000
vn 0.000000 -0.965926 0.258819
vn 0.000000 -0.965926 0.258819
vn 0.000000 -1.000000 -0.000000
vn 0.000000 -1.000000 0.000000
vn 0.000000 -0.965926 -0.258819
vn 0.000000 -0.965926 -0.258819
vn 0.000000 -0.866025 -0.500000
vn 0.000000 -0.866025 -0.500000
vn 0.000000 -0.707107 -0.707107
vn 0.000000 -0.707107 -0.707107
vn 0.000000 -0.500000 -0.866025
vn 0.000000 -0.500000 -0.866025
vn 0.000000 -0.258819 -0.965926
vn 0.000000 -0.258819 -0.965926
vn 0.000000 -0.000000 -1.000000
vn 0.000000 -0.000000 -1.000000
vn 0.000000 0.258819 -0.965926
vn 0.000000 0.258819 -0.965926
vn 0.000000 0.500000 -0.866025
vn 0.000000 0.500000 -0.866025
vn 0.000000 0.707107 -0.707107
vn 0.000000 0.707107 -0.707107
vn 0.000000 0.866025 -0.500000
vn 0.000000 0.866025 -0.500000
vn 0.000000 0.965926 -0.258819
vn 0.000000 0.965926 -0.258819
vn 0.000000 1.000000 0.000000
vn 0.000000 1.000000 0.000000
vn 0.000000 0.965926 0.258819
vn 0.000000 0.965926 0.258819
vn 0.000000 0.866025 0.500000
vn 0.000000 0.866025 0.500000
vn 0.000000 0.707107 0.707107
vn 0.000000 0.707107 0.707107
vn 0.000000 0.500000 0.866025
vn 0.000000 0.500000 0.866025
vn -0.000000 0.258819 -0.965926
vn -0.000000 0.258819 -0.965926
vn 0.000000 0.000000 -1.000000
vn 0.000000 0.000000 -1.000000
vn -0.000000 -0.258819 -0.965926
vn -0.000000 -0.258819 -0.965926
vn -0.000000 -0.500000 -0.866025
vn -0.000000 -0.500000 -0.866025
vn -0.000000 -0.707107 -0.707107
vn -0.000000 -0.707107 -0.707107
vn -0.000000 -0.866025 -0.500000
vn -0.000000 -0.866025 -0.500000
vn -0.000000 -0.965926 -0.258819
vn -0.000000 -0.965926 -0.258819
vn -0.000000 -1.000000 -0.000000
vn -0.000000 -1.000000 -0.000000
vn -0.000000 -0.965926 0.258819
vn -0.000000 -0.965926 0.258819
vn -0.000000 -0.866025 0.500000
vn -0.000000 -0.866025 0.500000
vn -0.000000 -0.707107 0.707107
vn -0.000000 -0.707107 0.707107
vn -0.000000 -0.500000 0.866025
vn -0.000000 -0.500000 0.866025
vn -0.000000 -0.258819 0.965926
vn -0.000000 -0.258819 0.965926
vn -0.000000 -0.000000 1.000000
vn -0.000000 -0.000000 1.000000
vn -0.000000 0.258819 0.965926
vn -0.000000 0.258819 0.965926
vn -0.000000 0.500000 0.866025
vn -0.000000 0.500000 0.866025
vn -0.000000 0.707107 0.707107
vn -0.000000 0.707107 0.707107
vn -0.000000 0.866025 0.500000
vn -0.000000 0.866025 0.500000
vn -0.000000 0.965926 0.258819
vn -0.000000 0.965926 0.258819
vn -0.000000 1.000000 -0.000000
vn -0.000000 1.000000 -0.000000
vn -0.000000 0.965926 -0.258819
vn -0.000000 0.965926 -0.258819
vn -0.000000 0.866025 -0.500000
vn -0.000000 0.866025 -0.500000
vn -0.000000 0.707107 -0.707107
vn -0.000000 0.707107 -0.707107
vn -0.000000 0.500000 -0.866025
vn -0.000000 0.500000 -0.866025
vn -0.000000 0.258819 -0.965926
vn -0.000000 0.258819 -0.965926
vn 0.000000 0.000000 -1.000000
vn 0.000000 0.000000 -1.000000
vn -0.000000 -0.258819 -0.965926
vn -0.000000 -0.258819 -0.965926
vn -0.000000 -0.500000 -0.866025
vn -0.000000 -0.500000 -0.866025
vn -0.000000 -0.707107 -0.707107
vn -0.000000 -0.707107 -0.707107
vn -0.000000 -0.866025 -0.500000
vn -0.000000 -0.866025 -0.500000
vn -0.000000 -0.965926 -0.258819
vn -0.000000 -0.965926 -0.258819
vn -0.000000 -1.000000 -0.000000
vn -0.000000 -1.000000 -0.000000
vn -0.000000 -0.965926 0.258819
vn -0.000000 -0.965926 0.258819
vn -0.000000 -0.866025 0.500000
vn -0.000000 -0.866025 0.500000
vn -0.000000 -0.707107 0.707107
vn -0.000000 -0.707107 0.707107
vn -0.000000 -0.500000 0.866025
vn -0.000000 -0.500000 0.866025
vn -0.000000 -0.258819 0.965926
vn -0.000000 -0.258819 0.965926
vn -0.000000 -0.000000 1.000000
vn -0.000000 -0.000000 1.000000
vn -0.000000 0.258819 0.965926
vn -0.000000 0.258819 0.965926
vn -0.000000 0.500000 0.866025
vn -0.000000 0.500000 0.866025
vn -0.000000 0.707107 0.707107
vn -0.000000 0.707107 0.707107
vn -0.000000 0.866025 0.500000
vn -0.000000 0.866025 0.500000
vn -0.000000 0.965926 0.258819
vn -0.000000 0.965926 0.258819
vn -0.000000 1.000000 -0.000000
vn -0.000000 1.000000 -0.000000
vn -0.000000 0.965926 -0.258819
vn -0.000000 0.965926 -0.258819
vn -0.000000 0.866025 -0.500000
vn -0.000000 0.866025 -0.500000
vn -0.000000 0.707107 -0.707107
vn -0.000000 0.707107 -0.707107
vn -0.000000 0.500000 -0.866025
vn -0.000000 0.500000 -0.866025
vn -0.000000 0.258819 -0.965926
vn -0.000000 0.258819 -0.965926
vn 0.000000 0.000000 -1.000000
vn 0.000000 0.000000 -1.000000
vn -0.000000 -0.258819 -0.965926
vn -0.000000 -0.258819 -0.965926
vn -0.000000 -0.500000 -0.866025
vn -0.000000 -0.500000 -0.866025
vn -0.000000 -0.707107 -0.707107
vn -0.000000 -0.707107 -0.707107
vn -0.000000 -0.866025 -0.500000
vn -0.000000 -0.866025 -0.500000
vn -0.000000 -0.965926 -0.258819
vn -0.000000 -0.965926 -0.258819
vn -0.000000 -1.000000 0.000000
vn -0.000000 -1.000000 0.000000
vn -0.000000 -0.965926 0.258819
vn -0.000000 -0.965926 0.258819
vn -0.000000 -0.866025 0.500000
vn -0.000000 -0.866025 0.500000
vn -0.000000 -0.707107 0.707107
vn -0.000000 -0.707107 0.707107
vn -0.000000 -0.500000 0.866025
vn -0.000000 -0.500000 0.866025
vn -0.000000 -0.258819 0.965926
vn -0.000000 -0.258819 0.965926
vn -0.000000 -0.000000 1.000000
vn -0.000000 -0.000000 1.000000
vn -0.000000 0.258819 0.965926
vn -0.000000 0.258819 0.965926
vn -0.000000 0.500000 0.866025
vn -0.000000 0.500000 0.866025
vn -0.000000 0.707107 0.707107
vn -0.000000 0.707107 0.707107
vn -0.000000 0.866025 0.500000
vn -0.000000 0.866025 0.500000
vn -0.000000 0.965926 0.258819
vn -0.000000 0.965926 0.258819
vn -0.000000 1.000000 -0.000000
vn -0.000000 1.000000 -0.000000
vn -0.000000 0.965926 -0.258819
vn -0.000000 0.965926 -0.258819
vn -0.000000 0.866025 -0.500000
vn -0.000000 0.866025 -0.500000
vn -0.000000 0.707107 -0.707107
vn -0.000000 0.707107 -0.707107
vn -0.000000 0.500000 -0.866025
vn -0.000000 0.500000 -0.866025
vn -0.000000 0.258819 -0.965926
vn -0.000000 0.258819 -0.965926
vn 0.000000 0.000000 -1.000000
vn 0.000000 0.000000 -1.000000
vn -0.000000 -0.258819 -0.965926
vn -0.000000 -0.258819 -0.965926
vn -0.000000 -0.500000 -0.866025
vn -0.000000 -0.500000 -0.866025
vn -0.000000 -0.707107 -0.707107
vn -0.000000 -0.707107 -0.707107
vn -0.000000 -0.866025 -0.500000
vn -0.000000 -0.866025 -0.500000
vn -0.000000 -0.965926 -0.258819
vn -0.000000 -0.965926 -0.258819
vn -0.000000 -1.000000 -0.000000
vn -0.000000 -1.000000 -0.000000
vn -0.000000 -0.965926 0.258819
vn -0.000000 -0.965926 0.258819
vn -0.000000 -0.866025 0.500000
vn -0.000000 -0.866025 0.500000
vn -0.000000 -0.707107 0.707107
vn -0.000000 -0.707107 0.707107
vn -0.000000 -0.500000 0.866025
vn -0.000000 -0.500000 0.866025
vn -0.000000 -0.258819 0.965926
vn -0.000000 -0.258819 0.965926
vn -0.000000 -0.000000 1.000000
vn -0.000000 -0.000000 1.000000
vn -0.000000 0.258819 0.965926
vn -0.000000 0.258819 0.965926
vn -0.000000 0.500000 0.866025
vn -0.000000 0.500000 0.866025
vn -0.000000 0.707107 0.707107
vn -0.000000 0.707107 0.707107
vn -0.000000 0.866025 0.500000
vn -0.000000 0.866025 0.500000
vn -0.000000 0.965926 0.258819
vn -0.000000 0.965926 0.258819
vn -0.000000 1.000000 -0.000000
vn -0.000000 1.000000 -0.000000
vn -0.000000 0.965926 -0.258819
vn -0.000000 0.965926 -0.258819
vn -0.000000 0.866025 -0.500000
vn -0.000000 0.866025 -0.500000
vn -0.000000 0.707107 -0.707107
vn -0.000000 0.707107 -0.707107
vn -0.000000 0.500000 -0.866025
vn -0.000000 0.500000 -0.866025
vn 0.000000 0.258819 0.965926
vn 0.000000 0.258819 0.965926
vn 0.000000 -0.000000 1.000000
vn 0.000000 -0.000000 1.000000
vn 0.000000 -0.258819 0.965926
vn 0.000000 -0.258819 0.965926
vn 0.000000 -0.500000 0.866025
vn 0.000000 -0.500000 0.866025
vn 0.000000 -0.707107 0.707107
vn 0.000000 -0.707107 0.707107
vn 0.000000 -0.866025 0.500000
vn 0.000000 -0.866025 0.500000
vn 0.000000 -0.965926 0.258819
vn 0.000000 -0.965926 0.258819
vn 0.000000 -1.000000 0.000000
vn 0.000000 -1.000000 0.000000
vn 0.000000 -0.965926 -0.258819
vn 0.000000 -0.965926 -0.258819
vn 0.000000 -0.866025 -0.500000
vn 0.000000 -0.866025 -0.500000
vn 0.000000 -0.707107 -0.707107
vn 0.000000 -0.707107 -0.707107
vn 0.000000 -0.500000 -0.866025
vn 0.000000 -0.500000 -0.866025
vn 0.000000 -0.258819 -0.965926
vn 0.000000 -0.258819 -0.965926
vn 0.000000 -0.000000 -1.000000
vn 0.000000 -0.000000 -1.000000
vn 0.000000 0.258819 -0.965926
vn 0.000000 0.258819 -0.965926
vn 0.000000 0.500000 -0.866025
vn 0.000000 0.500000 -0.866025
vn 0.000000 0.707107 -0.707107
vn 0.000000 0.707107 -0.707107
vn 0.000000 0.866025 -0.500000
vn 0.000000 0.866025 -0.500000
vn 0.000000 0.965926 -0.258819
vn 0.000000 0.965926 -0.258819
vn 0.000000 1.000000 0.000000
vn 0.000000 1.000000 0.000000
vn 0.000000 0.965926 0.258819
vn 0.000000 0.965926 0.258819
vn 0.000000 0.866025 0.500000
vn 0.000000 0.866025 0.500000
vn 0.000000 0.707107 0.707107
vn 0.000000 0.707107 0.707107
vn 0.000000 0.500000 0.866025
vn 0.000000 0.500000 0.866025
vn 0.000000 0.258819 0.965926
vn 0.000000 0.258819 0.965926
vn 0.000000 -0.000000 1.000000
vn 0.000000 -0.000000 1.000000
vn 0.000000 -0.258819 0.965926
vn 0.000000 -0.258819 0.965926
vn 0.000000 -0.500000 0.866025
vn 0.000000 -0.500000 0.866025
vn 0.000000 -0.707107 0.707107
vn 0.000000 -0.707107 0.707107
vn 0.000000 -0.866025 0.500000
vn 0.000000 -0.866025 0.500000
vn 0.000000 -0.965926 0.258819
vn 0.000000 -0.965926 0.258819
vn 0.000000 -1.000000 0.000000
vn 0.000000 -1.000000 0.000000
vn 0.000000 -0.965926 -0.258819
vn 0.000000 -0.965926 -0.258819
vn 0.000000 -0.866025 -0.500000
vn 0.000000 -0.866025 -0.500000
vn 0.000000 -0.707107 -0.707107
vn 0.000000 -0.707107 -0.707107
vn 0.000000 -0.500000 -0.866025
vn 0.000000 -0.500000 -0.866025
vn 0.000000 -0.258819 -0.965926
vn 0.000000 -0.258819 -0.965926
vn 0.000000 -0.000000 -1.000000
vn 0.000000 -0.000000 -1.000000
vn 0.000000 0.258819 -0.965926
vn 0.000000 0.258819 -0.965926
vn 0.000000 0.500000 -0.866025
vn 0.000000 0.500000 -0.866025
vn 0.000000 0.707107 -0.707107
vn 0.000000 0.707107 -0.707107
vn 0.000000 0.866025 -0.500000
vn 0.000000 0.866025 -0.500000
vn 0.000000 0.965926 -0.258819
vn 0.000000 0.965926 -0.258819
vn 0.000000 1.000000 0.000000
vn 0.000000 1.000000 0.000000
vn 0.000000 0.965926 0.258819
vn 0.000000 0.965926 0.258819
vn 0.000000 0.866025 0.500000
vn 0.000000 0.866025 0.500000
vn 0.000000 0.707107 0.707107
vn 0.000000 0.707107 0.707107
vn 0.000000 0.500000 0.866025
vn 0.000000 0.500000 0.866025
vn 0.000000 0.258819 0.965926
vn 0.000000 0.258819 0.965926
vn 0.000000 -0.000000 1.000000
vn 0.000000 -0.000000 1.000000
vn 0.000000 -0.258819 0.965926
vn 0.000000 -0.258819 0.965926
vn 0.000000 -0.500000 0.866025
vn 0.000000 -0.500000 0.866025
vn 0.000000 -0.707107 0.707107
vn 0.000000 -0.707107 0.707107
vn 0.000000 -0.866025 0.500000
vn 0.000000 -0.866025 0.500000
vn 0.000000 -0.965926 0.258819
vn 0.000000 -0.965926 0.258819
vn 0.000000 -1.000000 -0.000000
vn 0.000000 -1.000000 -0.000000
vn 0.000000 -0.965926 -0.258819
vn 0.000000 -0.965926 -0.258819
vn 0.000000 -0.866025 -0.500000
vn 0.000000 -0.866025 -0.500000
vn 0.000000 -0.707107 -0.707107
vn 0.000000 -0.707107 -0.707107
vn 0.000000 -0.500000 -0.866025
vn 0.000000 -0.500000 -0.866025
vn 0.000000 -0.258819 -0.965926
vn 0.000000 -0.258819 -0.965926
vn 0.000000 -0.000000 -1.000000
vn 0.000000 -0.000000 -1.000000
vn 0.000000 0.258819 -0.965926
vn 0.000000 0.258819 -0.965926
vn 0.000000 0.500000 -0.866025
vn 0.000000 0.500000 -0.866025
vn 0.000000 0.707107 -0.707107
vn 0.000000 0.707107 -0.707107
vn 0.000000 0.866025 -0.500000
vn 0.000000 0.866025 -0.500000
vn 0.000000 0.965926 -0.258819
vn 0.000000 0.965926 -0.258819
vn 0.000000 1.000000 0.000000
vn 0.000000 1.000000 0.000000
vn 0.000000 0.965926 0.258819
vn 0.000000 0.965926 0.258819
vn 0.000000 0.866025 0.500000
vn 0.000000 0.866025 0.500000
vn 0.000000 0.707107 0.707107
vn 0.000000 0.707107 0.707107
vn 0.000000 0.500000 0.866025
vn 0.000000 0.500000 0.866025
vn 0.000000 0.258819 0.965926
vn 0.000000 0.258819 0.965926
vn 0.000000 -0.000000 1.000000
vn 0.000000 -0.000000 1.000000
vn 0.000000 -0.258819 0.965926
vn 0.000000 -0.258819 0.965926
vn 0.000000 -0.500000 0.866025
vn 0.000000 -0.500000 0.866025
vn 0.000000 -0.707107 0.707107
vn 0.000000 -0.707107 0.707107
vn 0.000000 -0.866025 0.500000
vn 0.000000 -0.866025 0.500000
vn 0.000000 -0.965926 0.258819
vn 0.000000 -0.965926 0.258819
vn 0.000000 -1.000000 0.000000
vn 0.000000 -1.000000 0.000000
vn 0.000000 -0.965926 -0.258819
vn 0.000000 -0.965926 -0.258819
vn 0.000000 -0.866025 -0.500000
vn 0.000000 -0.866025 -0.500000
vn 0.000000 -0.707107 -0.707107
vn 0.000000 -0.707107 -0.707107
vn 0.000000 -0.500000 -0.866025
vn 0.000000 -0.500000 -0.866025
vn 0.000000 -0.258819 -0.965926
vn 0.000000 -0.258819 -0.965926
vn 0.000000 -0.000000 -1.000000
vn 0.000000 -0.000000 -1.000000
vn 0.000000 0.258819 -0.965926
vn 0.000000 0.258819 -0.965926
vn 0.000000 0.500000 -0.866025
vn 0.000000 0.500000 -0.866025
vn 0.000000 0.707107 -0.707107
vn 0.000000 0.707107 -0.707107
vn 0.000000 0.866025 -0.500000
vn 0.000000 0.866025 -0.500000
vn 0.000000 0.965926 -0.258819
vn 0.000000 0.965926 -0.258819
vn 0.000000 1.000000 0.000000
vn 0.000000 1.000000 0.000000
vn 0.000000 0.965926 0.258819
vn 0.000000 0.965926 0.258819
vn 0.000000 0.866025 0.500000
vn 0.000000 0.866025 0.500000
vn 0.000000 0.707107 0.707107
vn 0.000000 0.707107 0.707107
vn 0.000000 0.500000 0.866025
vn 0.000000 0.500000 0.866025
vn -0.000000 0.877059 0.480382
vn -0.000000 0.877059 0.480382
vn -0.000000 0.725725 0.687984
vn -0.000000 0.725725 0.687984
vn -0.000000 0.526493 0.850179
vn -0.000000 0.526493 0.850179
vn -0.000000 0.292512 0.956262
vn -0.000000 0.292512 0.956262
vn -0.000000 0.729015 -0.684497
vn -0.000000 0.729015 -0.684497
vn -0.000000 0.876182 -0.481980
vn -0.000000 0.876182 -0.481980
vn -0.000000 0.968438 -0.249256
vn -0.000000 0.968438 -0.249256
vn -0.000000 1.000000 -0.000911
vn -0.000000 1.000000 -0.000911
vn -0.000000 0.968890 0.247491
vn -0.000000 0.968890 0.247491
vn -0.000000 0.877059 0.480382
vn -0.000000 0.877059 0.480382
vn -0.000000 0.877059 0.480382
vn -0.000000 0.877059 0.480382
vn -0.000000 0.725725 0.687984
vn -0.000000 0.725725 0.687984
vn -0.000000 0.526493 0.850179
vn -0.000000 0.526493 0.850179
vn -0.000000 0.292512 0.956262
vn -0.000000 0.292512 0.956262
vn -0.000000 0.729015 -0.684497
vn -0.000000 0.729015 -0.684497
vn -0.000000 0.876182 -0.481980
vn -0.000000 0.876182 -0.481980
vn -0.000000 0.968438 -0.249256
vn -0.000000 0.968438 -0.249256
vn -0.000000 1.000000 -0.000911
vn -0.000000 1.000000 -0.000911
vn -0.000000 0.968890 0.247491
vn -0.000000 0.968890 0.247491
vn -0.000000 0.877059 0.480382
vn -0.000000 0.877059 0.480382
vn -1.000000 0.000000 -0.000000
vn -1.000000 0.000000 -0.000000
vn -1.000000 0.000000 -0.000000
vn -1.000000 0.000000 -0.000000
vn -1.000000 0.000000 -0.000000
vn -1.000000 0.000000 -0.000000
vn -1.000000 0.000000 -0.000000
vn -1.000000 0.000000 -0.000000
vn -1.000000 0.000000 -0.000000
vn -1.000000 0.000000 -0.000000
vn -1.000000 0.000000 -0.000000
vn -1.000000 0.000000 -0.000000
vn -1.000000 0.000000 -0.000000
vn -1.000000 0.000000 -0.000000
vn -1.000000 0.000000 -0.000000
vn -1.000000 0.000000 -0.000000
vn -1.000000 0.000000 -0.000000
vn -1.000000 0.000000 -0.000000
vn -1.000000 0.000000 -0.000000
vn -1.000000 0.000000 -0.000000
vn -1.000000 0.000000 -0.000000
vn -1.000000 0.000000 -0.000000
vn -1.000000 0.000000 -0.000000
vn -1.000000 0.000000 -0.000000
vn -1.000000 0.000000 -0.000000
vn -1.000000 0.000000 -0.000000
vn -1.000000 0.000000 -0.000000
vn -1.000000 0.000000 -0.000000
vn -1.000000 0.000000 -0.000000
vn -1.000000 0.000000 -0.000000
vn -1.000000 0.000000 -0.000000
vn -1.000000 0.000000 -0.000000
vn -1.000000 0.000000 -0.000000
vn -1.000000 0.000000 -0.000000
vn -1.000000 0.000000 -0.000000
vn -1.000000 0.000000 -0.000000
vn -1.000000 0.000000 -0.000000
vn -1.000000 0.000000 -0.000000
vn -1.000000 0.000000 -0.000000
vn -1.000000 0.000000 -0.000000
vn -1.000000 0.000000 -0.000000
vn -1.000000 0.000000 -0.000000
vn -1.000000 0.000000 -0.000000
vn -1.000000 0.000000 -0.000000
vn -1.000000 0.000000 -0.000000
vn -1.000000 0.000000 -0.000000
vn -1.000000 0.000000 -0.000000
vn -1.000000 0.000000 -0.000000
vn -1.000000 0.000000 -0.000000
vn -1.000000 0.000000 -0.000000
vn -1.000000 0.000000 -0.000000
vn -1.000000 0.000000 -0.000000
vn -1.000000 0.000000 -0.000000
vn -1.000000 0.000000 -0.000000
vn -1.000000 0.000000 -0.000000
vn -1.000000 0.000000 -0.000000
vn -1.000000 0.000000 -0.000000
vn -1.000000 0.000000 -0.000000
vn -1.000000 0.000000 -0.000000
vn -1.000000 0.000000 -0.000000
vn -1.000000 0.000000 -0.000000
vn -1.000000 0.000000 -0.000000
vn -1.000000 0.000000 -0.000000
vn -1.000000 0.000000 -0.000000
vn -1.000000 0.000000 -0.000000
vn -1.000000 0.000000 -0.000000
vn -1.000000 0.000000 -0.000000
vn -1.000000 0.000000 -0.000000
vn -1.000000 0.000000 -0.000000
vn -1.000000 0.000000 -0.000000
vn 0.000000 -1.000000 0.000000
vn 0.000000 -1.000000 0.000000
vn 0.000000 -1.000000 0.000000
vn 0.000000 -1.000000 0.000000
vn -1.000000 -0.000000 0.000000
vn -1.000000 -0.000000 0.000000
vn -1.000000 -0.000000 0.000000
vn -1.000000 -0.000000 0.000000
vn -1.000000 -0.000000 0.000000
vn -1.000000 -0.000000 0.000000
vn -1.000000 -0.000000 0.000000
vn -1.000000 -0.000000 0.000000
vn -1.000000 -0.000000 0.000000
vn -1.000000 -0.000000 0.000000
vn -1.000000 -0.000000 0.000000
vn -1.000000 -0.000000 0.000000
vn -1.000000 -0.000000 0.000000
vn -1.000000 -0.000000 0.000000
vn -1.000000 -0.000000 0.000000
vn -1.000000 -0.000000 0.000000
vn -1.000000 -0.000000 0.000000
vn -1.000000 -0.000000 0.000000
vn -1.000000 -0.000000 0.000000
vn -1.000000 -0.000000 0.000000
vn -1.000000 -0.000000 0.000000
vn -1.000000 -0.000000 0.000000
vn -1.000000 -0.000000 0.000000
vn -1.000000 -0.000000 0.000000
vn -1.000000 -0.000000 0.000000
vn -1.000000 -0.000000 0.000000
vn -1.000000 -0.000000 0.000000
vn -1.000000 -0.000000 0.000000
vn -1.000000 -0.000000 0.000000
vn -1.000000 -0.000000 0.000000
vn -1.000000 -0.000000 0.000000
vn -1.000000 -0.000000 0.000000
vn -1.000000 -0.000000 0.000000
vn -1.000000 -0.000000 0.000000
vn -1.000000 -0.000000 0.000000
vn -1.000000 -0.000000 0.000000
vn -1.000000 -0.000000 0.000000
vn -1.000000 -0.000000 0.000000
vn -1.000000 -0.000000 0.000000
vn -1.000000 -0.000000 0.000000
vn -1.000000 -0.000000 0.000000
vn -1.000000 -0.000000 0.000000
vn -1.000000 -0.000000 0.000000
vn -1.000000 -0.000000 0.000000
vn -1.000000 -0.000000 0.000000
vn -1.000000 -0.000000 0.000000
vn -1.000000 -0.000000 0.000000
vn -1.000000 -0.000000 0.000000
vn -1.000000 -0.000000 0.000000
vn -1.000000 -0.000000 0.000000
vn -1.000000 -0.000000 0.000000
vn -1.000000 -0.000000 0.000000
vn 0.000000 -1.000000 0.000000
vn 0.000000 -1.000000 0.000000
vn 0.000000 -1.000000 0.000000
vn 0.000000 -1.000000 0.000000
vn 0.000000 0.000000 1.000000
vn 0.000000 0.000000 1.000000
vn 0.000000 0.000000 1.000000
vn 0.000000 0.000000 1.000000
vn 0.000000 0.000000 1.000000
vn 0.000000 0.000000 1.000000
vn 0.000000 0.000000 1.000000
vn 0.000000 0.000000 1.000000
vn 0.000000 0.000000 1.000000
vn 0.000000 0.000000 1.000000
vn 0.000000 0.000000 1.000000
vn 0.000000 0.000000 1.000000
vn 0.000000 0.000000 1.000000
vn 0.000000 0.000000 1.000000
vn 0.000000 0.000000 1.000000
vn 0.000000 0.000000 1.000000
vn 1.000000 0.000000 0.000000
vn 1.000000 0.000000 0.000000
vn 1.000000 0.000000 0.000000
vn 1.000000 0.000000 0.000000
vn 1.000000 0.000000 0.000000
vn 1.000000 0.000000 0.000000
vn 1.000000 0.000000 0.000000
vn 1.000000 0.000000 0.000000
vn 1.000000 0.000000 0.000000
vn 1.000000 0.000000 0.000000
vn 1.000000 0.000000 0.000000
vn 1.000000 0.000000 0.000000
vn 1.000000 0.000000 0.000000
vn 1.000000 0.000000 0.000000
vn 1.000000 0.000000 0.000000
vn 1.000000 0.000000 0.000000
vn 1.000000 0.000000 0.000000
vn 1.000000 0.000000 0.000000
vn 1.000000 0.000000 0.000000
vn 1.000000 0.000000 0.000000
vn 1.000000 0.000000 0.000000
vn 1.000000 0.000000 0.000000
vn 1.000000 0.000000 0.000000
vn 1.000000 0.000000 0.000000
vn 1.000000 0.000000 0.000000
vn 1.000000 0.000000 0.000000
vn 1.000000 0.000000 0.000000
vn 1.000000 0.000000 0.000000
vn 1.000000 0.000000 0.000000
vn 1.000000 0.000000 0.000000
vn 1.000000 0.000000 0.000000
vn 1.000000 0.000000 0.000000
vn 1.000000 0.000000 0.000000
vn 1.000000 0.000000 0.000000
vn 1.000000 0.000000 0.000000
vn 1.000000 0.000000 0.000000
vn 1.000000 0.000000 0.000000
vn 1.000000 0.000000 0.000000
vn 1.000000 0.000000 0.000000
vn 1.000000 0.000000 0.000000
vn 1.000000 0.000000 0.000000
vn 1.000000 0.000000 0.000000
vn 1.000000 0.000000 0.000000
vn 1.000000 0.000000 0.000000
vn 1.000000 0.000000 0.000000
vn 1.000000 0.000000 0.000000
vn 1.000000 0.000000 0.000000
vn 1.000000 0.000000 0.000000
vn 1.000000 0.000000 0.000000
vn 1.000000 0.000000 0.000000
vn 1.000000 0.000000 0.000000
vn 1.000000 0.000000 0.000000
vn 1.000000 0.000000 0.000000
vn 1.000000 0.000000 0.000000
vn 1.000000 0.000000 0.000000
vn 1.000000 0.000000 0.000000
vn 1.000000 0.000000 0.000000
vn 1.000000 0.000000 0.000000
vn 1.000000 0.000000 0.000000
vn 1.000000 0.000000 0.000000
vn 1.000000 0.000000 0.000000
vn 1.000000 0.000000 0.000000
vn 1.000000 0.000000 0.000000
vn 1.000000 0.000000 0.000000
vn 1.000000 0.000000 0.000000
vn 1.000000 0.000000 0.000000
vn 1.000000 0.000000 0.000000
vn 1.000000 0.000000 0.000000
vn 1.000000 0.000000 0.000000
vn 1.000000 0.000000 0.000000
vn 1.000000 -0.000000 0.000000
vn 0.999583 -0.028868 0.000000
vn 1.000000 0.000000 0.000000
vn 1.000000 -0.000353 0.000000
vn 1.000000 -0.000471 0.000000
vn 0.998942 -0.045977 0.000000
vn 1.000000 -0.000353 0.000000
vn 1.000000 0.000000 0.000000
vn 1.000000 0.000000 0.000000
vn 0.998321 -0.057930 0.000000
vn 0.997968 -0.063725 0.000000
vn 0.998065 -0.062172 0.000000
vn 0.998951 -0.045800 0.000000
vn 0.999179 -0.040511 0.000000
vn 0.999998 -0.001823 0.000000
vn 0.999998 -0.001811 0.000000
vn 0.999999 -0.001043 0.000000
vn 1.000000 0.000000 0.000000
vn 0.999998 -0.001823 0.000000
vn 0.999997 -0.002300 0.000000
vn 0.999997 -0.002456 0.000000
vn 1.000000 0.000000 0.000000
vn 0.999999 -0.001046 0.000000
vn 0.999997 -0.002288 0.000000
vn 0.999999 -0.001046 0.000000
vn 1.000000 0.000000 0.000000
vn 1.000000 0.000000 0.000000
vn 0.999997 -0.002300 0.000000
vn 0.999997 -0.002457 0.000000
vn 0.999997 -0.002288 0.000000
vn 0.999998 -0.001811 0.000000
vn 1.000000 0.000000 0.000000
vn 0.999999 -0.001043 0.000000
vn 1.000000 0.000000 0.000000
vn 1.000000 0.000000 0.000000
vn 1.000000 0.000000 0.000000
vn 1.000000 0.000000 0.000000
vn 1.000000 0.000000 0.000000
vn 1.000000 0.000000 0.000000
vn 1.000000 0.000000 0.000000
vn 1.000000 0.000000 0.000000
vn 1.000000 0.000000 0.000000
vn 1.000000 0.000000 0.000000
vn 1.000000 0.000000 0.000000
vn 1.000000 0.000000 0.000000
vn 1.000000 0.000000 0.000000
vn 1.000000 0.000000 0.000000
vn 1.000000 0.000000 0.000000
vn 1.000000 0.000000 0.000000
vn 1.000000 0.000000 0.000000
vn 1.000000 0.000000 0.000000
vn 1.000000 0.000000 0.000000
vn 1.000000 0.000000 0.000000
vn 1.000000 0.000000 0.000000
vn 1.000000 0.000000 0.000000
vn 1.000000 0.000000 0.000000
vn 1.000000 0.000000 0.000000
vn 1.000000 0.000000 0.000000
vn 1.000000 0.000000 0.000000
vn 1.000000 0.000000 0.000000
vn 1.000000 0.000000 0.000000
vn 1.000000 0.000000 0.000000
vn 1.000000 0.000000 0.000000
vn 1.000000 0.000000 0.000000
vn 1.000000 0.000000 0.000000
vn 1.000000 0.000000 0.000000
vn 1.000000 0.000000 0.000000
vn 1.000000 0.000000 0.000000
vn 1.000000 0.000000 0.000000
vn 1.000000 0.000000 0.000000
vn 1.000000 0.000000 0.000000
vn 1.000000 0.000000 0.000000
vn 1.000000 0.000000 0.000000
vn 1.000000 0.000000 0.000000
vn 1.000000 0.000000 0.000000
vn 1.000000 0.000000 0.000000
vn 1.000000 0.000000 0.000000
vn 1.000000 0.000000 0.000000
vn 1.000000 0.000000 0.000000
vn 1.000000 0.000000 0.000000
vn 1.000000 0.000000 0.000000
vn 1.000000 0.000000 0.000000
vn 1.000000 0.000000 0.000000
vn 1.000000 0.000000 0.000000
vn 1.000000 0.000000 0.000000
vn 1.000000 0.000000 0.000000
vn 1.000000 0.000000 0.000000
vn 1.000000 0.000000 0.000000
vn 1.000000 0.000000 0.000000
vn 1.000000 0.000000 0.000000
vn 1.000000 0.000000 0.000000
vn 1.000000 0.000000 0.000000
vn 1.000000 0.000000 0.000000
vn 1.000000 0.000000 0.000000
vn 1.000000 0.000000 0.000000
vn 1.000000 0.000000 0.000000
vn 1.000000 0.000000 0.000000
vn 1.000000 0.000000 0.000000
vn 1.000000 0.000000 0.000000
vn 1.000000 0.000000 0.000000
vn 1.000000 0.000000 0.000000
vn 1.000000 0.000000 0.000000
vn 1.000000 0.000000 0.000000
vn 1.000000 0.000000 0.000000
vn 1.000000 0.000000 0.000000
vn 1.000000 0.000000 0.000000
vn 1.000000 0.000000 0.000000
vn 1.000000 0.000000 0.000000
vn 1.000000 0.000000 0.000000
vn 1.000000 0.000000 0.000000
vn 1.000000 0.000000 0.000000
vn 1.000000 0.000000 0.000000
vn 1.000000 0.000000 0.000000
vn 1.000000 0.000000 0.000000
vn 1.000000 0.000000 0.000000
vn 1.000000 0.000000 0.000000
vn 1.000000 0.000000 0.000000
vn 1.000000 0.000000 0.000000
vn 1.000000 0.000000 0.000000
vn 1.000000 0.000000 0.000000
vn 1.000000 0.000000 0.000000
vn 1.000000 0.000000 0.000000
vn 1.000000 0.000000 0.000000
vn 1.000000 0.000000 0.000000
vn 1.000000 0.000000 0.000000
vn 1.000000 0.000000 0.000000
vn 1.000000 0.000000 0.000000
vn 1.000000 0.000000 0.000000
vn 1.000000 0.000000 0.000000
vn 1.000000 0.000000 0.000000
vn 1.000000 0.000000 0.000000
vn 1.000000 0.000000 0.000000
vn 1.000000 0.000000 0.000000
vn 1.000000 0.000000 0.000000
vn 1.000000 0.000000 0.000000
vn 1.000000 0.000000 0.000000
vn 1.000000 0.000000 0.000000
vn 1.000000 0.000000 0.000000
vn 1.000000 0.000000 0.000000
vn 1.000000 0.000000 0.000000
vn 1.000000 0.000000 0.000000
vn 1.000000 0.000000 0.000000
vn 1.000000 0.000000 0.000000
vn 1.000000 0.000000 0.000000
vn -0.000000 -0.000000 -1.000000
vn -0.000000 -0.000000 -1.000000
vn -0.000000 -0.000000 -1.000000
vn -0.000000 -0.000000 -1.000000
vn -0.000000 -0.000000 -1.000000
vn -0.000000 -0.000000 -1.000000
vn -0.000000 -0.000000 -1.000000
vn -0.000000 -0.000000 -1.000000
vn -0.000000 -0.000000 -1.000000
vn -0.000000 -0.000000 -1.000000
vn -0.000000 -0.000000 -1.000000
vn -0.000000 -0.000000 -1.000000
vn -0.000000 -0.000000 -1.000000
vn -0.000000 -0.000000 -1.000000
vn -0.000000 -0.000000 -1.000000
vn -0.000000 -0.000000 -1.000000
vn -0.000000 -0.000000 -1.000000
vn -0.000000 -0.000000 -1.000000
vn -0.000000 -0.000000 -1.000000
vn -0.000000 -0.000000 -1.000000
vn -0.000000 -0.000000 -1.000000
vn -0.000000 -0.000000 -1.000000
vn -0.000000 -0.000000 -1.000000
vn -0.000000 -0.000000 -1.000000
vn -0.000000 -0.000000 -1.000000
vn -0.000000 -0.000000 -1.000000
vn -0.000000 -0.000000 -1.000000
vn -0.000000 -0.000000 -1.000000
vn -0.000000 -0.000000 -1.000000
vn -0.000000 -0.000000 -1.000000
vn -0.000000 -0.000000 -1.000000
vn -0.000000 -0.000000 -1.000000
vn -0.000000 -0.000000 -1.000000
vn -0.000000 -0.000000 -1.000000
vn -0.000000 -0.000000 -1.000000
vn -0.000000 -0.000000 -1.000000
vn -0.000000 -0.000000 -1.000000
vn -0.000000 -0.000000 -1.000000
vn -0.000000 -0.000000 -1.000000
vn -0.000000 -0.000000 -1.000000
vn -0.000000 -0.000000 -1.000000
vn -0.000000 -0.000000 -1.000000
vn -0.000000 -0.000000 -1.000000
vn -1.000000 0.000000 0.000000
vn -1.000000 0.000000 0.000000
vn -0.984847 0.173424 0.000000
vn -0.980192 0.198050 0.000000
vn -0.928042 0.372476 0.000000
vn -0.913071 0.407800 0.000000
vn -0.826869 0.562394 0.000000
vn -0.804701 0.593681 0.000000
vn -0.704939 0.709268 0.000000
vn -0.679430 0.733741 0.000000
vn -0.580998 0.813905 0.000000
vn -0.560341 0.828262 0.000000
vn -0.462874 0.886424 0.000000
vn -0.458640 0.888622 0.000000
vn -0.309797 0.950803 0.000000
vn -0.281240 0.959638 0.000000
vn -0.212468 0.977168 0.000000
vn -0.183082 0.983098 0.000000
vn -0.141197 0.989982 0.000000
vn -0.127340 0.991859 0.000000
vn -0.076128 0.997098 0.000000
vn 0.000000 1.000000 -0.000000
vn 0.000000 1.000000 -0.000000
vn -0.000000 0.729015 -0.684497
vn -0.000000 0.729015 -0.684497
vn -1.000000 0.000000 0.000000
vn -1.000000 0.000000 0.000000
vn -1.000000 0.000000 0.000000
vn -1.000000 0.000000 0.000000
vn -1.000000 0.000000 0.000000
vn -1.000000 0.000000 0.000000
vn -1.000000 0.000000 0.000000
vn -1.000000 0.000000 0.000000
vn -1.000000 0.000000 0.000000
vn -1.000000 0.000000 0.000000
vn -1.000000 0.000000 0.000000
vn -1.000000 0.000000 0.000000
vn -1.000000 0.000000 0.000000
vn -1.000000 0.000000 0.000000
vn -1.000000 0.000000 0.000000
vn -1.000000 0.000000 0.000000
vn -1.000000 0.000000 0.000000
vn -1.000000 0.000000 0.000000
vn -1.000000 0.000000 0.000000
vn -1.000000 0.000000 0.000000
vn -1.000000 0.000000 0.000000
vn -1.000000 0.000000 0.000000
vn -1.000000 0.000000 0.000000
vn -1.000000 0.000000 0.000000
vn -1.000000 0.000000 0.000000
vn -1.000000 0.000000 0.000000
vn -1.000000 0.000000 0.000000
vn -1.000000 0.000000 0.000000
vn -1.000000 0.000000 0.000000
vn -1.000000 0.000000 0.000000
vn -1.000000 0.000000 0.000000
vn -1.000000 0.000000 0.000000
vn -1.000000 0.000000 0.000000
vn -1.000000 0.000000 0.000000
vn -1.000000 0.000000 0.000000
vn -1.000000 0.000000 0.000000
vn -1.000000 0.000000 0.000000
vn -1.000000 0.000000 0.000000
vn -1.000000 0.000000 0.000000
vn -1.000000 0.000000 0.000000
vn -1.000000 0.000000 0.000000
vn -1.000000 0.000000 0.000000
vn -1.000000 0.000000 0.000000
vn -1.000000 0.000000 0.000000
vn -1.000000 0.000000 0.000000
vn -1.000000 0.000000 0.000000
vn -1.000000 0.000000 0.000000
vn -1.000000 0.000000 0.000000
vn -1.000000 0.000000 0.000000
vn -1.000000 0.000000 0.000000
vn -1.000000 0.000000 0.000000
vn -1.000000 0.000000 0.000000
vn -1.000000 0.000000 0.000000
vn -1.000000 0.000000 0.000000
vn -1.000000 0.000000 0.000000
vn -1.000000 0.000000 0.000000
vn -1.000000 0.000000 0.000000
vn -1.000000 0.000000 0.000000
vn -1.000000 0.000000 0.000000
vn -1.000000 0.000000 0.000000
vn -1.000000 0.000000 0.000000
vn -1.000000 0.000000 0.000000
vn -1.000000 0.000000 0.000000
vn -1.000000 0.000000 0.000000
vn -1.000000 0.000000 0.000000
vn -1.000000 0.000000 0.000000
vn -1.000000 0.000000 0.000000
vn -1.000000 0.000000 0.000000
vn -1.000000 0.000000 0.000000
vn -1.000000 0.000000 0.000000
vn -1.000000 0.000000 0.000000
vn -1.000000 0.000000 0.000000
vn -1.000000 0.000000 0.000000
vn -1.000000 0.000000 0.000000
vn -1.000000 0.000000 0.000000
vn -1.000000 0.000000 0.000000
vn -1.000000 0.000000 0.000000
vn -1.000000 0.000000 0.000000
vn -1.000000 0.000000 0.000000
vn -1.000000 0.000000 0.000000
vn -1.000000 0.000000 0.000000
vn -1.000000 0.000000 0.000000
vn -1.000000 0.000000 0.000000
vn -1.000000 0.000000 0.000000
vn -1.000000 0.000000 0.000000
vn -1.000000 0.000000 0.000000
vn -1.000000 0.000000 0.000000
vn -1.000000 0.000000 0.000000
vn -1.000000 0.000000 0.000000
vn -1.000000 0.000000 0.000000
vn -1.000000 0.000000 0.000000
vn -1.000000 0.000000 0.000000
vn -1.000000 0.000000 0.000000
vn -1.000000 0.000000 0.000000
vn -1.000000 0.000000 0.000000
vn -1.000000 0.000000 0.000000
vn -1.000000 0.000000 0.000000
vn -1.000000 0.000000 0.000000
vn -1.000000 0.000000 0.000000
vn -1.000000 0.000000 0.000000
vn -1.000000 0.000000 0.000000
vn -1.000000 0.000000 0.000000
vn -1.000000 0.000000 0.000000
vn -1.000000 0.000000 0.000000
vn -1.000000 0.000000 0.000000
vn -1.000000 0.000000 0.000000
vn -1.000000 0.000000 0.000000
vn -0.000000 0.292512 0.956262
vn -0.000000 0.292512 0.956262
vn -0.000000 0.292512 0.956262
vn -0.000000 0.292512 0.956262
vn -0.000000 0.292512 0.956262
vn -0.000000 0.292512 0.956262
vn -0.000000 0.292512 0.956262
vn -0.000000 0.292512 0.956262
vn -0.000000 0.292512 0.956262
vn -0.000000 0.292512 0.956262
vn -0.000000 0.292512 0.956262
vn -0.000000 0.292512 0.956262
vn -0.000000 0.292512 0.956262
vn -0.000000 0.292512 0.956262
vn -0.000000 0.292512 0.956262
vn -0.000000 0.292512 0.956262
vn -0.000000 0.292512 0.956262
vn -0.000000 0.292512 0.956262
vn -0.000000 0.292512 0.956262
vn -0.000000 0.292512 0.956262
vn -0.000000 0.292512 0.956262
vn -0.000000 0.292512 0.956262
vn -0.000000 0.292512 0.956262
vn -0.000000 0.292512 0.956262
vn -0.000000 0.292512 0.956262
vn 1.000000 -0.000000 -0.000000
vn 1.000000 -0.000000 -0.000000
vn 1.000000 -0.000000 -0.000000
vn 1.000000 -0.000000 -0.000000
vn 1.000000 -0.000000 -0.000000
vn 1.000000 -0.000000 -0.000000
vn 1.000000 -0.000000 -0.000000
vn 1.000000 -0.000000 -0.000000
vn 1.000000 -0.000000 -0.000000
vn 1.000000 -0.000000 -0.000000
vn 1.000000 -0.000000 -0.000000
vn 1.000000 -0.000000 -0.000000
vn 1.000000 -0.000000 -0.000000
vn 1.000000 -0.000000 -0.000000
vn 1.000000 -0.000000 -0.000000
vn 1.000000 -0.000000 -0.000000
vn 1.000000 -0.000000 -0.000000
vn 1.000000 -0.000000 -0.000000
vn 1.000000 -0.000000 -0.000000
vn 1.000000 -0.000000 -0.000000
vn 1.000000 -0.000000 -0.000000
vn 1.000000 -0.000000 -0.000000
vn 1.000000 -0.000000 -0.000000
vn 1.000000 -0.000000 -0.000000
vn 1.000000 -0.000000 -0.000000
vn 1.000000 -0.000000 -0.000000
vn 1.000000 -0.000000 -0.000000
vn 1.000000 -0.000000 -0.000000
vn 1.000000 -0.000000 -0.000000
vn 1.000000 -0.000000 -0.000000
vn 1.000000 -0.000000 -0.000000
vn 1.000000 -0.000000 -0.000000
vn 1.000000 -0.000000 -0.000000
vn 1.000000 -0.000000 -0.000000
vn 1.000000 -0.000000 -0.000000
vn 1.000000 -0.000000 -0.000000
vn 1.000000 -0.000000 -0.000000
vn 1.000000 -0.000000 -0.000000
vn 1.000000 -0.000000 -0.000000
vn 1.000000 -0.000000 -0.000000
vn 1.000000 -0.000000 -0.000000
vn 1.000000 -0.000000 -0.000000
vn 1.000000 -0.000000 -0.000000
vn 1.000000 -0.000000 -0.000000
vn 1.000000 -0.000000 -0.000000
vn 1.000000 -0.000000 -0.000000
vn 1.000000 -0.000000 -0.000000
vn 1.000000 -0.000000 -0.000000
vn 1.000000 -0.000000 -0.000000
vn 1.000000 -0.000000 -0.000000
vn 1.000000 -0.000000 -0.000000
vn 1.000000 -0.000000 -0.000000
vn 0.000000 -1.000000 -0.000000
vn 0.000000 -1.000000 -0.000000
vn 0.000000 -1.000000 -0.000000
vn 0.000000 -1.000000 -0.000000
vn -1.000000 -0.000000 -0.000000
vn -1.000000 -0.000000 -0.000000
vn -0.999583 -0.028868 0.000000
vn -1.000000 -0.000353 0.000000
vn -1.000000 -0.000471 0.000000
vn -0.998942 -0.045977 0.000000
vn -1.000000 -0.000353 0.000000
vn -1.000000 -0.000000 -0.000000
vn -1.000000 -0.000000 -0.000000
vn -0.998321 -0.057930 0.000000
vn -0.997968 -0.063725 0.000000
vn -0.998065 -0.062172 0.000000
vn -0.998951 -0.045800 0.000000
vn -0.999179 -0.040511 0.000000
vn -0.999998 -0.001819 0.000000
vn -0.999998 -0.001811 0.000000
vn -0.999999 -0.001038 0.000000
vn -0.999999 -0.001043 0.000000
vn -1.000000 -0.000000 -0.000000
vn -1.000000 -0.000000 -0.000000
vn -1.000000 -0.000000 -0.000000
vn -0.999998 -0.001811 0.000000
vn -0.999997 -0.002289 0.000000
vn -0.999997 -0.002454 0.000000
vn -1.000000 -0.000000 -0.000000
vn -0.999999 -0.001038 0.000000
vn -0.999997 -0.002299 0.000000
vn -0.999997 -0.002289 0.000000
vn -0.999997 -0.002454 0.000000
vn -0.999997 -0.002299 0.000000
vn -0.999998 -0.001819 0.000000
vn -1.000000 -0.000000 -0.000000
vn -0.999999 -0.001043 0.000000
vn -1.000000 -0.000000 -0.000000
vn -1.000000 -0.000000 -0.000000
vn -1.000000 -0.000000 -0.000000
vn -1.000000 -0.000000 -0.000000
vn -1.000000 -0.000000 -0.000000
vn -1.000000 -0.000000 -0.000000
vn -1.000000 -0.000000 -0.000000
vn -1.000000 -0.000000 -0.000000
vn -1.000000 -0.000000 -0.000000
vn -1.000000 -0.000000 -0.000000
vn -1.000000 -0.000000 -0.000000
vn -1.000000 -0.000000 -0.000000
vn -1.000000 -0.000000 -0.000000
vn -1.000000 -0.000000 -0.000000
vn -1.000000 -0.000000 -0.000000
vn -1.000000 -0.000000 -0.000000
vn -1.000000 -0.000000 -0.000000
vn -1.000000 -0.000000 -0.000000
vn -1.000000 -0.000000 -0.000000
vn -1.000000 -0.000000 -0.000000
vn -1.000000 -0.000000 -0.000000
vn -1.000000 -0.000000 -0.000000
vn -1.000000 -0.000000 -0.000000
vn -1.000000 -0.000000 -0.000000
vn -1.000000 -0.000000 -0.000000
vn -1.000000 -0.000000 -0.000000
vn -1.000000 -0.000000 -0.000000
vn -1.000000 -0.000000 -0.000000
vn -1.000000 -0.000000 -0.000000
vn -1.000000 -0.000000 -0.000000
vn -1.000000 -0.000000 -0.000000
vn -1.000000 -0.000000 -0.000000
vn -1.000000 -0.000000 -0.000000
vn -1.000000 -0.000000 -0.000000
vn -1.000000 -0.000000 -0.000000
vn -1.000000 -0.000000 -0.000000
vn -1.000000 -0.000000 -0.000000
vn -1.000000 -0.000000 -0.000000
vn -1.000000 -0.000000 -0.000000
vn -1.000000 -0.000000 -0.000000
vn -1.000000 -0.000000 -0.000000
vn -1.000000 -0.000000 -0.000000
vn -1.000000 -0.000000 -0.000000
vn -1.000000 -0.000000 -0.000000
vn -1.000000 -0.000000 -0.000000
vn -1.000000 -0.000000 -0.000000
vn -1.000000 -0.000000 -0.000000
vn -1.000000 -0.000000 -0.000000
vn -1.000000 -0.000000 -0.000000
vn -1.000000 -0.000000 -0.000000
vn -1.000000 -0.000000 -0.000000
vn -1.000000 -0.000000 -0.000000
vn -1.000000 -0.000000 -0.000000
vn -1.000000 -0.000000 -0.000000
vn -1.000000 -0.000000 -0.000000
vn -1.000000 -0.000000 -0.000000
vn -1.000000 -0.000000 -0.000000
vn -1.000000 -0.000000 -0.000000
vn -1.000000 -0.000000 -0.000000
vn -1.000000 -0.000000 -0.000000
vn -1.000000 -0.000000 -0.000000
vn -1.000000 -0.000000 -0.000000
vn -1.000000 -0.000000 -0.000000
vn -1.000000 -0.000000 -0.000000
vn -1.000000 -0.000000 -0.000000
vn -1.000000 -0.000000 -0.000000
vn -1.000000 -0.000000 -0.000000
vn -1.000000 -0.000000 -0.000000
vn -1.000000 -0.000000 -0.000000
vn -1.000000 -0.000000 -0.000000
vn -1.000000 -0.000000 -0.000000
vn -1.000000 -0.000000 -0.000000
vn -1.000000 -0.000000 -0.000000
vn -1.000000 -0.000000 -0.000000
vn -1.000000 -0.000000 -0.000000
vn -1.000000 -0.000000 -0.000000
vn -1.000000 -0.000000 -0.000000
vn -1.000000 -0.000000 -0.000000
vn -1.000000 -0.000000 -0.000000
vn -1.000000 -0.000000 -0.000000
vn -1.000000 -0.000000 -0.000000
vn -1.000000 -0.000000 -0.000000
vn -1.000000 -0.000000 -0.000000
vn -1.000000 -0.000000 -0.000000
vn -1.000000 -0.000000 -0.000000
vn -1.000000 -0.000000 -0.000000
vn -1.000000 -0.000000 -0.000000
vn -1.000000 -0.000000 -0.000000
vn -1.000000 -0.000000 -0.000000
vn -1.000000 -0.000000 -0.000000
vn -1.000000 -0.000000 -0.000000
vn -1.000000 -0.000000 -0.000000
vn -1.000000 -0.000000 -0.000000
vn -1.000000 -0.000000 -0.000000
vn -1.000000 -0.000000 -0.000000
vn -1.000000 -0.000000 -0.000000
vn -1.000000 -0.000000 -0.000000
vn -1.000000 -0.000000 -0.000000
vn -1.000000 -0.000000 -0.000000
vn -1.000000 -0.000000 -0.000000
vn -1.000000 -0.000000 -0.000000
vn -1.000000 -0.000000 -0.000000
vn -1.000000 -0.000000 -0.000000
vn -1.000000 -0.000000 -0.000000
vn -1.000000 -0.000000 -0.000000
vn -1.000000 -0.000000 -0.000000
vn -1.000000 -0.000000 -0.000000
vn -1.000000 -0.000000 -0.000000
vn -1.000000 -0.000000 -0.000000
vn -1.000000 -0.000000 -0.000000
vn -1.000000 -0.000000 -0.000000
vn 1.000000 -0.000000 -0.000000
vn 0.984847 0.173424 -0.000000
vn 1.000000 -0.000000 -0.000000
vn 0.980192 0.198050 -0.000000
vn 0.928042 0.372476 -0.000000
vn 0.913071 0.407800 -0.000000
vn 0.826869 0.562394 -0.000000
vn 0.804701 0.593681 -0.000000
vn 0.704939 0.709268 -0.000000
vn 0.679430 0.733741 -0.000000
vn 0.580998 0.813905 -0.000000
vn 0.560341 0.828262 -0.000000
vn 0.462874 0.886424 -0.000000
vn 0.458640 0.888622 -0.000000
vn 0.309797 0.950803 -0.000000
vn 0.281240 0.959638 -0.000000
vn 0.212468 0.977168 -0.000000
vn 0.183082 0.983098 -0.000000
vn 0.141197 0.989982 -0.000000
vn 0.127340 0.991859 -0.000000
vn 0.076128 0.997098 -0.000000
vn 0.000000 0.729015 -0.684497
vn 0.000000 0.729015 -0.684497
vn 1.000000 -0.000000 -0.000000
vn 1.000000 -0.000000 -0.000000
vn 1.000000 -0.000000 -0.000000
vn 1.000000 -0.000000 -0.000000
vn 1.000000 -0.000000 -0.000000
vn 1.000000 -0.000000 -0.000000
vn 1.000000 -0.000000 -0.000000
vn 1.000000 -0.000000 -0.000000
vn 1.000000 -0.000000 -0.000000
vn 1.000000 -0.000000 -0.000000
vn 1.000000 -0.000000 -0.000000
vn 1.000000 -0.000000 -0.000000
vn 1.000000 -0.000000 -0.000000
vn 1.000000 -0.000000 -0.000000
vn 1.000000 -0.000000 -0.000000
vn 1.000000 -0.000000 -0.000000
vn 1.000000 -0.000000 -0.000000
vn 1.000000 -0.000000 -0.000000
vn 1.000000 -0.000000 -0.000000
vn 1.000000 -0.000000 -0.000000
vn 1.000000 -0.000000 -0.000000
vn 1.000000 -0.000000 -0.000000
vn 1.000000 -0.000000 -0.000000
vn 1.000000 -0.000000 -0.000000
vn 1.000000 -0.000000 -0.000000
vn 1.000000 -0.000000 -0.000000
vn 1.000000 -0.000000 -0.000000
vn 1.000000 -0.000000 -0.000000
vn 1.000000 -0.000000 -0.000000
vn 1.000000 -0.000000 -0.000000
vn 1.000000 -0.000000 -0.000000
vn 1.000000 -0.000000 -0.000000
vn 1.000000 -0.000000 -0.000000
vn 1.000000 -0.000000 -0.000000
vn 1.000000 -0.000000 -0.000000
vn 1.000000 -0.000000 -0.000000
vn 1.000000 -0.000000 -0.000000
vn 1.000000 -0.000000 -0.000000
vn 1.000000 -0.000000 -0.000000
vn 1.000000 -0.000000 -0.000000
vn 1.000000 -0.000000 -0.000000
vn 1.000000 -0.000000 -0.000000
vn 1.000000 -0.000000 -0.000000
vn 1.000000 -0.000000 -0.000000
vn 1.000000 -0.000000 -0.000000
vn 1.000000 -0.000000 -0.000000
vn 1.000000 -0.000000 -0.000000
vn 1.000000 -0.000000 -0.000000
vn 1.000000 -0.000000 -0.000000
vn 1.000000 -0.000000 -0.000000
vn 1.000000 -0.000000 -0.000000
vn 1.000000 -0.000000 -0.000000
vn 1.000000 -0.000000 -0.000000
vn 1.000000 -0.000000 -0.000000
vn 1.000000 -0.000000 -0.000000
vn 1.000000 -0.000000 -0.000000
vn 1.000000 -0.000000 -0.000000
vn 1.000000 -0.000000 -0.000000
vn 1.000000 -0.000000 -0.000000
vn 1.000000 -0.000000 -0.000000
vn 1.000000 -0.000000 -0.000000
vn 1.000000 -0.000000 -0.000000
vn 1.000000 -0.000000 -0.000000
vn 1.000000 -0.000000 -0.000000
vn 1.000000 -0.000000 -0.000000
vn 1.000000 -0.000000 -0.000000
vn 1.000000 -0.000000 -0.000000
vn 1.000000 -0.000000 -0.000000
vn 1.000000 -0.000000 -0.000000
vn 1.000000 -0.000000 -0.000000
vn 1.000000 -0.000000 -0.000000
vn 1.000000 -0.000000 -0.000000
vn 1.000000 -0.000000 -0.000000
vn 1.000000 -0.000000 -0.000000
vn 1.000000 -0.000000 -0.000000
vn 1.000000 -0.000000 -0.000000
vn 1.000000 -0.000000 -0.000000
vn 1.000000 -0.000000 -0.000000
vn 1.000000 -0.000000 -0.000000
vn 1.000000 -0.000000 -0.000000
vn 1.000000 -0.000000 -0.000000
vn 1.000000 -0.000000 -0.000000
vn 1.000000 -0.000000 -0.000000
vn 1.000000 -0.000000 -0.000000
vn 1.000000 -0.000000 -0.000000
vn 1.000000 -0.000000 -0.000000
vn 1.000000 -0.000000 -0.000000
vn 1.000000 -0.000000 -0.000000
vn 1.000000 -0.000000 -0.000000
vn 1.000000 -0.000000 -0.000000
vn 1.000000 -0.000000 -0.000000
vn 1.000000 -0.000000 -0.000000
vn 1.000000 -0.000000 -0.000000
vn 1.000000 -0.000000 -0.000000
vn 1.000000 -0.000000 -0.000000
vn 1.000000 -0.000000 -0.000000
vn 1.000000 -0.000000 -0.000000
vn 1.000000 -0.000000 -0.000000
vn 1.000000 -0.000000 -0.000000
vn 1.000000 -0.000000 -0.000000
vn 1.000000 -0.000000 -0.000000
vn 1.000000 -0.000000 -0.000000
vn 1.000000 -0.000000 -0.000000
vn 1.000000 -0.000000 -0.000000
vn 1.000000 -0.000000 -0.000000
vn 1.000000 -0.000000 -0.000000
vn 1.000000 -0.000000 -0.000000
vn 1.000000 -0.000000 -0.000000
vn 1.000000 -0.000000 -0.000000
vn 1.000000 -0.000000 -0.000000
vn 1.000000 -0.000000 -0.000000
vn 1.000000 -0.000000 -0.000000
vn 1.000000 -0.000000 -0.000000
vn 1.000000 -0.000000 -0.000000
vn 1.000000 -0.000000 -0.000000
vn 1.000000 -0.000000 -0.000000
vn 1.000000 -0.000000 -0.000000
vn 1.000000 -0.000000 -0.000000
vn 1.000000 -0.000000 -0.000000
vn 1.000000 -0.000000 -0.000000
vn 1.000000 -0.000000 -0.000000
vn 1.000000 -0.000000 -0.000000
vn 1.000000 -0.000000 -0.000000
vn 1.000000 -0.000000 -0.000000
vn 1.000000 -0.000000 -0.000000
vn 1.000000 -0.000000 -0.000000
vn 1.000000 -0.000000 -0.000000
vn 1.000000 -0.000000 -0.000000
vn 1.000000 -0.000000 -0.000000
vn 1.000000 -0.000000 -0.000000
vn 1.000000 -0.000000 -0.000000
vn 1.000000 -0.000000 -0.000000
vn 1.000000 -0.000000 -0.000000
vn 1.000000 -0.000000 -0.000000
vn 1.000000 -0.000000 -0.000000
vn 1.000000 -0.000000 -0.000000
vn 1.000000 -0.000000 -0.000000
vn 1.000000 -0.000000 -0.000000
vn 1.000000 -0.000000 -0.000000
vn 1.000000 -0.000000 -0.000000
vn 1.000000 -0.000000 -0.000000
vn 1.000000 -0.000000 -0.000000
vn 1.000000 -0.000000 -0.000000
vn 1.000000 -0.000000 -0.000000
vn 1.000000 -0.000000 -0.000000
vn 1.000000 -0.000000 -0.000000
vn 1.000000 -0.000000 -0.000000
vn 1.000000 -0.000000 -0.000000
vn 1.000000 -0.000000 -0.000000
vn 1.000000 -0.000000 -0.000000
vn 1.000000 -0.000000 -0.000000
vn 1.000000 -0.000000 -0.000000
vn 1.000000 -0.000000 -0.000000
vn 1.000000 -0.000000 -0.000000
vn 1.000000 -0.000000 -0.000000
vn 1.000000 -0.000000 -0.000000
vn 1.000000 -0.000000 -0.000000
vn 1.000000 -0.000000 -0.000000
vn 1.000000 -0.000000 -0.000000
vn 1.000000 -0.000000 -0.000000
vn 1.000000 -0.000000 -0.000000
vn 1.000000 -0.000000 -0.000000
vn 1.000000 -0.000000 -0.000000
vn 1.000000 -0.000000 -0.000000
vn 1.000000 -0.000000 -0.000000
vn 1.000000 -0.000000 -0.000000
vn 1.000000 -0.000000 -0.000000
vn 1.000000 -0.000000 -0.000000
vn 1.000000 -0.000000 -0.000000
vn 1.000000 -0.000000 -0.000000
vn 1.000000 -0.000000 -0.000000
vn 1.000000 -0.000000 -0.000000
vn 1.000000 -0.000000 -0.000000
vn 1.000000 -0.000000 -0.000000
vn 1.000000 -0.000000 -0.000000
vn 1.000000 -0.000000 -0.000000
vn 1.000000 -0.000000 -0.000000
vn 1.000000 -0.000000 -0.000000
vn 1.000000 -0.000000 -0.000000
vn 1.000000 -0.000000 -0.000000
vn 1.000000 -0.000000 -0.000000
vn 1.000000 -0.000000 -0.000000
vn 1.000000 -0.000000 -0.000000
vn 1.000000 -0.000000 -0.000000
vn 1.000000 -0.000000 -0.000000
vn 1.000000 -0.000000 -0.000000
vn 1.000000 -0.000000 -0.000000
vn 1.000000 -0.000000 -0.000000
vn 1.000000 -0.000000 -0.000000
vn 1.000000 -0.000000 -0.000000
vn 1.000000 -0.000000 -0.000000
vn 1.000000 -0.000000 -0.000000
vn 1.000000 -0.000000 -0.000000
vn 1.000000 -0.000000 -0.000000
vn 1.000000 -0.000000 -0.000000
vn 1.000000 -0.000000 -0.000000
vn 1.000000 -0.000000 -0.000000
vn 1.000000 -0.000000 -0.000000
vn 1.000000 -0.000000 -0.000000
vn 1.000000 -0.000000 -0.000000
vn 1.000000 -0.000000 -0.000000
vn 1.000000 -0.000000 -0.000000
vn 1.000000 -0.000000 -0.000000
vn -1.000000 -0.000000 -0.000000
vn -1.000000 -0.000000 -0.000000
vn -1.000000 -0.000000 -0.000000
vn -1.000000 -0.000000 -0.000000
vn -1.000000 -0.000000 -0.000000
vn -1.000000 -0.000000 -0.000000
vn -1.000000 -0.000000 -0.000000
vn -1.000000 -0.000000 -0.000000
vn -1.000000 -0.000000 -0.000000
vn -1.000000 -0.000000 -0.000000
vn -1.000000 -0.000000 -0.000000
vn -1.000000 -0.000000 -0.000000
vn -1.000000 -0.000000 -0.000000
vn -1.000000 -0.000000 -0.000000
vn -1.000000 -0.000000 -0.000000
vn -1.000000 -0.000000 -0.000000
vn -1.000000 -0.000000 -0.000000
vn -1.000000 -0.000000 -0.000000
vn -1.000000 -0.000000 -0.000000
vn -1.000000 -0.000000 -0.000000
vn -1.000000 -0.000000 -0.000000
vn -1.000000 -0.000000 -0.000000
vn -1.000000 -0.000000 -0.000000
vn -1.000000 -0.000000 -0.000000
vn -1.000000 -0.000000 -0.000000
vn -1.000000 -0.000000 -0.000000
vn -1.000000 -0.000000 -0.000000
vn -1.000000 -0.000000 -0.000000
vn -1.000000 -0.000000 -0.000000
vn -1.000000 -0.000000 -0.000000
vn -1.000000 -0.000000 -0.000000
vn -1.000000 -0.000000 -0.000000
vn -1.000000 -0.000000 -0.000000
vn -1.000000 -0.000000 -0.000000
vn -1.000000 -0.000000 -0.000000
vn -1.000000 -0.000000 -0.000000
vn -1.000000 -0.000000 -0.000000
vn -1.000000 -0.000000 -0.000000
vn -1.000000 -0.000000 -0.000000
vn -1.000000 -0.000000 -0.000000
vn -1.000000 -0.000000 -0.000000
vn -1.000000 -0.000000 -0.000000
vn -1.000000 -0.000000 -0.000000
vn -1.000000 -0.000000 -0.000000
vn -1.000000 -0.000000 -0.000000
vn -1.000000 -0.000000 -0.000000
vn -1.000000 -0.000000 -0.000000
vn -1.000000 -0.000000 -0.000000
vn -1.000000 -0.000000 -0.000000
vn -1.000000 -0.000000 -0.000000
vn -1.000000 -0.000000 -0.000000
vn -1.000000 -0.000000 -0.000000
vn -1.000000 -0.000000 -0.000000
vn -1.000000 -0.000000 -0.000000
vn -1.000000 -0.000000 -0.000000
vn -1.000000 -0.000000 -0.000000
vn -1.000000 -0.000000 -0.000000
vn -1.000000 -0.000000 -0.000000
vn -1.000000 -0.000000 -0.000000
vn -1.000000 -0.000000 -0.000000
vn -1.000000 -0.000000 -0.000000
vn -1.000000 -0.000000 -0.000000
vn -1.000000 -0.000000 -0.000000
vn -1.000000 -0.000000 -0.000000
vn -1.000000 -0.000000 -0.000000
vn -1.000000 -0.000000 -0.000000
vn -1.000000 -0.000000 -0.000000
vn -1.000000 -0.000000 -0.000000
vn -1.000000 -0.000000 -0.000000
vn -1.000000 -0.000000 -0.000000
vn -1.000000 -0.000000 -0.000000
vn -1.000000 -0.000000 -0.000000
vn -1.000000 -0.000000 -0.000000
vn -1.000000 -0.000000 -0.000000
vn -1.000000 -0.000000 -0.000000
vn -1.000000 -0.000000 -0.000000
vn -1.000000 -0.000000 -0.000000
vn -1.000000 -0.000000 -0.000000
vn -1.000000 -0.000000 -0.000000
vn -1.000000 -0.000000 -0.000000
vn -1.000000 -0.000000 -0.000000
vn -1.000000 -0.000000 -0.000000
vn -1.000000 -0.000000 -0.000000
vn -1.000000 -0.000000 -0.000000
vn -1.000000 -0.000000 -0.000000
vn -1.000000 -0.000000 -0.000000
vn -1.000000 -0.000000 -0.000000
vn -1.000000 -0.000000 -0.000000
vn -1.000000 -0.000000 -0.000000
vn -1.000000 -0.000000 -0.000000
vn -1.000000 -0.000000 -0.000000
vn -1.000000 -0.000000 -0.000000
vn -1.000000 -0.000000 -0.000000
vn -1.000000 -0.000000 -0.000000
vn -1.000000 -0.000000 -0.000000
vn -1.000000 -0.000000 -0.000000
usemtl Stahl_-_satiniert
f 2/1/1 48/2/2 1/3/3
f 1/3/3 48/2/2 25/4/4
f 1/3/3 25/4/4 24/5/5
f 24/5/5 25/4/4 26/6/6
f 24/5/5 26/6/6 23/7/7
f 23/7/7 26/6/6 27/8/8
f 23/7/7 27/8/8 22/9/9
f 22/9/9 27/8/8 28/10/10
f 22/9/9 28/10/10 21/11/11
f 21/11/11 28/10/10 29/12/12
f 21/11/11 29/12/12 20/13/13
f 20/13/13 29/12/12 30/14/14
f 20/13/13 30/14/14 19/15/15
f 19/15/15 30/14/14 31/16/16
f 19/15/15 31/16/16 18/17/17
f 18/17/17 31/16/16 32/18/18
f 18/17/17 32/18/18 17/19/19
f 17/19/19 32/18/18 33/20/20
f 17/19/19 33/20/20 16/21/21
f 16/21/21 33/20/20 34/22/22
f 16/21/21 34/22/22 15/23/23
f 15/23/23 34/22/22 35/24/24
f 15/23/23 35/24/24 14/25/25
f 14/25/25 35/24/24 36/26/26
f 14/25/25 36/26/26 13/27/27
f 13/27/27 36/26/26 37/28/28
f 13/29/27 37/30/28 12/31/29
f 12/31/29 37/30/28 38/32/30
f 12/31/29 38/32/30 11/33/31
f 11/33/31 38/32/30 39/34/32
f 11/33/31 39/34/32 10/35/33
f 10/35/33 39/34/32 40/36/34
f 10/35/33 40/36/34 9/37/35
f 9/37/35 40/36/34 41/38/36
f 9/37/35 41/38/36 8/39/37
f 8/39/37 41/38/36 42/40/38
f 8/39/37 42/40/38 7/41/39
f 7/41/39 42/40/38 43/42/40
f 7/41/39 43/42/40 6/43/41
f 6/43/41 43/42/40 44/44/42
f 6/43/41 44/44/42 5/45/43
f 5/45/43 44/44/42 45/46/44
f 5/45/43 45/46/44 4/47/45
f 4/47/45 45/46/44 46/48/46
f 4/47/45 46/48/46 3/49/47
f 3/49/47 46/48/46 47/50/48
f 3/49/47 47/50/48 2/1/1
f 2/1/1 47/50/48 48/2/2
f 50/51/49 96/52/50 49/53/51
f 49/53/51 96/52/50 73/54/52
f 49/53/51 73/54/52 72/55/53
f 72/55/53 73/54/52 74/56/54
f 72/55/53 74/56/54 71/57/55
f 71/57/55 74/56/54 75/58/56
f 71/57/55 75/58/56 70/59/57
f 70/59/57 75/58/56 76/60/58
f 70/59/57 76/60/58 69/61/59
f 69/61/59 76/60/58 77/62/60
f 69/61/59 77/62/60 68/63/61
f 68/63/61 77/62/60 78/64/62
f 68/63/61 78/64/62 67/65/63
f 67/65/63 78/64/62 79/66/64
f 67/65/63 79/66/64 66/67/65
f 66/67/65 79/66/64 80/68/66
f 66/67/65 80/68/66 65/69/67
f 65/69/67 80/68/66 81/70/68
f 65/69/67 81/70/68 64/71/69
f 64/71/69 81/70/68 82/72/70
f 64/71/69 82/72/70 63/73/71
f 63/73/71 82/72/70 83/74/72
f 63/73/71 83/74/72 62/75/73
f 62/75/73 83/74/72 84/76/74
f 62/75/73 84/76/74 61/77/75
f 61/77/75 84/76/74 85/78/76
f 61/79/75 85/80/76 60/81/77
f 60/81/77 85/80/76 86/82/78
f 60/81/77 86/82/78 59/83/79
f 59/83/79 86/82/78 87/84/80
f 59/83/79 87/84/80 58/85/81
f 58/85/81 87/84/80 88/86/82
f 58/85/81 88/86/82 57/87/83
f 57/87/83 88/86/82 89/88/84
f 57/87/83 89/88/84 56/89/85
f 56/89/85 89/88/84 90/90/86
f 56/89/85 90/90/86 55/91/87
f 55/91/87 90/90/86 91/92/88
f 55/91/87 91/92/88 54/93/89
f 54/93/89 91/92/88 92/94/90
f 54/93/89 92/94/90 53/95/91
f 53/95/91 92/94/90 93/96/92
f 53/95/91 93/96/92 52/97/93
f 52/97/93 93/96/92 94/98/94
f 52/97/93 94/98/94 51/99/95
f 51/99/95 94/98/94 95/100/96
f 51/99/95 95/100/96 50/51/49
f 50/51/49 95/100/96 96/52/50
f 98/101/97 144/102/98 97/103/99
f 97/103/99 144/102/98 121/104/100
f 97/103/99 121/104/100 120/105/101
f 120/105/101 121/104/100 122/106/102
f 120/105/101 122/106/102 119/107/103
f 119/107/103 122/106/102 123/108/104
f 119/107/103 123/108/104 118/109/105
f 118/109/105 123/108/104 124/110/106
f 118/109/105 124/110/106 117/111/107
f 117/111/107 124/110/106 125/112/108
f 117/111/107 125/112/108 116/113/109
f 116/113/109 125/112/108 126/114/110
f 116/113/109 126/114/110 115/115/111
f 115/115/111 126/114/110 127/116/112
f 115/115/111 127/116/112 114/117/113
f 114/117/113 127/116/112 128/118/114
f 114/117/113 128/118/114 113/119/115
f 113/119/115 128/118/114 129/120/116
f 113/119/115 129/120/116 112/121/117
f 112/121/117 129/120/116 130/122/118
f 112/121/117 130/122/118 111/123/119
f 111/123/119 130/122/118 131/124/120
f 111/123/119 131/124/120 110/125/121
f 110/125/121 131/124/120 132/126/122
f 110/125/121 132/126/122 109/127/123
f 109/127/123 132/126/122 133/128/124
f 109/129/123 133/130/124 108/131/125
f 108/131/125 133/130/124 134/132/126
f 108/131/125 134/132/126 107/133/127
f 107/133/127 134/132/126 135/134/128
f 107/133/127 135/134/128 106/135/129
f 106/135/129 135/134/128 136/136/130
f 106/135/129 136/136/130 105/137/131
f 105/137/131 136/136/130 137/138/132
f 105/137/131 137/138/132 104/139/133
f 104/139/133 137/138/132 138/140/134
f 104/139/133 138/140/134 103/141/135
f 103/141/135 138/140/134 139/142/136
f 103/141/135 139/142/136 102/143/137
f 102/143/137 139/142/136 140/144/138
f 102/143/137 140/144/138 101/145/139
f 101/145/139 140/144/138 141/146/140
f 101/145/139 141/146/140 100/147/141
f 100/147/141 141/146/140 142/148/142
f 100/147/141 142/148/142 99/149/143
f 99/149/143 142/148/142 143/150/144
f 99/149/143 143/150/144 98/101/97
f 98/101/97 143/150/144 144/102/98
f 146/151/145 192/152/146 145/153/147
f 145/153/147 192/152/146 169/154/148
f 145/153/147 169/154/148 168/155/149
f 168/155/149 169/154/148 170/156/150
f 168/155/149 170/156/150 167/157/151
f 167/157/151 170/156/150 171/158/152
f 167/157/151 171/158/152 166/159/153
f 166/159/153 171/158/152 172/160/154
f 166/159/153 172/160/154 165/161/155
f 165/161/155 172/160/154 173/162/156
f 165/161/155 173/162/156 164/163/157
f 164/163/157 173/162/156 174/164/158
f 164/163/157 174/164/158 163/165/159
f 163/165/159 174/164/158 175/166/160
f 163/165/159 175/166/160 162/167/161
f 162/167/161 175/166/160 176/168/162
f 162/167/161 176/168/162 161/169/163
f 161/169/163 176/168/162 177/170/164
f 161/169/163 177/170/164 160/171/165
f 160/171/165 177/170/164 178/172/166
f 160/171/165 178/172/166 159/173/167
f 159/173/167 178/172/166 179/174/168
f 159/173/167 179/174/168 158/175/169
f 158/175/169 179/174/168 180/176/170
f 158/175/169 180/176/170 157/177/171
f 157/177/171 180/176/170 181/178/172
f 157/179/171 181/180/172 156/181/173
f 156/181/173 181/180/172 182/182/174
f 156/181/173 182/182/174 155/183/175
f 155/183/175 182/182/174 183/184/176
f 155/183/175 183/184/176 154/185/177
f 154/185/177 183/184/176 184/186/178
f 154/185/177 184/186/178 153/187/179
f 153/187/179 184/186/178 185/188/180
f 153/187/179 185/188/180 152/189/181
f 152/189/181 185/188/180 186/190/182
f 152/189/181 186/190/182 151/191/183
f 151/191/183 186/190/182 187/192/184
f 151/191/183 187/192/184 150/193/185
f 150/193/185 187/192/184 188/194/186
f 150/193/185 188/194/186 149/195/187
f 149/195/187 188/194/186 189/196/188
f 149/195/187 189/196/188 148/197/189
f 148/197/189 189/196/188 190/198/190
f 148/197/189 190/198/190 147/199/191
f 147/199/191 190/198/190 191/200/192
f 147/199/191 191/200/192 146/151/145
f 146/151/145 191/200/192 192/152/146
f 194/201/193 240/202/194 193/203/195
f 193/203/195 240/202/194 217/204/196
f 193/203/195 217/204/196 216/205/197
f 216/205/197 217/204/196 218/206/198
f 216/205/197 218/206/198 215/207/199
f 215/207/199 218/206/198 219/208/200
f 215/207/199 219/208/200 214/209/201
f 214/209/201 219/208/200 220/210/202
f 214/209/201 220/210/202 213/211/203
f 213/211/203 220/210/202 221/212/204
f 213/211/203 221/212/204 212/213/205
f 212/213/205 221/212/204 222/214/206
f 212/213/205 222/214/206 211/215/207
f 211/215/207 222/214/206 223/216/208
f 211/215/207 223/216/208 210/217/209
f 210/217/209 223/216/208 224/218/210
f 210/217/209 224/218/210 209/219/211
f 209/219/211 224/218/210 225/220/212
f 209/219/211 225/220/212 208/221/213
f 208/221/213 225/220/212 226/222/214
f 208/221/213 226/222/214 207/223/215
f 207/223/215 226/222/214 227/224/216
f 207/223/215 227/224/216 206/225/217
f 206/225/217 227/224/216 228/226/218
f 206/225/217 228/226/218 205/227/219
f 205/227/219 228/226/218 229/228/220
f 205/229/219 229/230/220 204/231/221
f 204/231/221 229/230/220 230/232/222
f 204/231/221 230/232/222 203/233/223
f 203/233/223 230/232/222 231/234/224
f 203/233/223 231/234/224 202/235/225
f 202/235/225 231/234/224 232/236/226
f 202/235/225 232/236/226 201/237/227
f 201/237/227 232/236/226 233/238/228
f 201/237/227 233/238/228 200/239/229
f 200/239/229 233/238/228 234/240/230
f 200/239/229 234/240/230 199/241/231
f 199/241/231 234/240/230 235/242/232
f 199/241/231 235/242/232 198/243/233
f 198/243/233 235/242/232 236/244/234
f 198/243/233 236/244/234 197/245/235
f 197/245/235 236/244/234 237/246/236
f 197/245/235 237/246/236 196/247/237
f 196/247/237 237/246/236 238/248/238
f 196/247/237 238/248/238 195/249/239
f 195/249/239 238/248/238 239/250/240
f 195/249/239 239/250/240 194/201/193
f 194/201/193 239/250/240 240/202/194
f 242/251/241 288/252/242 241/253/243
f 241/253/243 288/252/242 265/254/244
f 241/253/243 265/254/244 264/255/245
f 264/255/245 265/254/244 266/256/246
f 264/255/245 266/256/246 263/257/247
f 263/257/247 266/256/246 267/258/248
f 263/257/247 267/258/248 262/259/249
f 262/259/249 267/258/248 268/260/250
f 262/259/249 268/260/250 261/261/251
f 261/261/251 268/260/250 269/262/252
f 261/261/251 269/262/252 260/263/253
f 260/263/253 269/262/252 270/264/254
f 260/263/253 270/264/254 259/265/255
f 259/265/255 270/264/254 271/266/256
f 259/265/255 271/266/256 258/267/257
f 258/267/257 271/266/256 272/268/258
f 258/267/257 272/268/258 257/269/259
f 257/269/259 272/268/258 273/270/260
f 257/269/259 273/270/260 256/271/261
f 256/271/261 273/270/260 274/272/262
f 256/271/261 274/272/262 255/273/263
f 255/273/263 274/272/262 275/274/264
f 255/273/263 275/274/264 254/275/265
f 254/275/265 275/274/264 276/276/266
f 254/275/265 276/276/266 253/277/267
f 253/277/267 276/276/266 277/278/268
f 253/279/267 277/280/268 252/281/269
f 252/281/269 277/280/268 278/282/270
f 252/281/269 278/282/270 251/283/271
f 251/283/271 278/282/270 279/284/272
f 251/283/271 279/284/272 250/285/273
f 250/285/273 279/284/272 280/286/274
f 250/285/273 280/286/274 249/287/275
f 249/287/275 280/286/274 281/288/276
f 249/287/275 281/288/276 248/289/277
f 248/289/277 281/288/276 282/290/278
f 248/289/277 282/290/278 247/291/279
f 247/291/279 282/290/278 283/292/280
f 247/291/279 283/292/280 246/293/281
f 246/293/281 283/292/280 284/294/282
f 246/293/281 284/294/282 245/295/283
f 245/295/283 284/294/282 285/296/284
f 245/295/283 285/296/284 244/297/285
f 244/297/285 285/296/284 286/298/286
f 244/297/285 286/298/286 243/299/287
f 243/299/287 286/298/286 287/300/288
f 243/299/287 287/300/288 242/251/241
f 242/251/241 287/300/288 288/252/242
f 290/301/289 336/302/290 289/303/291
f 289/303/291 336/302/290 313/304/292
f 289/303/291 313/304/292 312/305/293
f 312/305/293 313/304/292 314/306/294
f 312/305/293 314/306/294 311/307/295
f 311/307/295 314/306/294 315/308/296
f 311/307/295 315/308/296 310/309/297
f 310/309/297 315/308/296 316/310/298
f 310/309/297 316/310/298 309/311/299
f 309/311/299 316/310/298 317/312/300
f 309/311/299 317/312/300 308/313/301
f 308/313/301 317/312/300 318/314/302
f 308/313/301 318/314/302 307/315/303
f 307/315/303 318/314/302 319/316/304
f 307/315/303 319/316/304 306/317/305
f 306/317/305 319/316/304 320/318/306
f 306/317/305 320/318/306 305/319/307
f 305/319/307 320/318/306 321/320/308
f 305/319/307 321/320/308 304/321/309
f 304/321/309 321/320/308 322/322/310
f 304/321/309 322/322/310 303/323/311
f 303/323/311 322/322/310 323/324/312
f 303/323/311 323/324/312 302/325/313
f 302/325/313 323/324/312 324/326/314
f 302/325/313 324/326/314 301/327/315
f 301/327/315 324/326/314 325/328/316
f 301/329/315 325/330/316 300/331/317
f 300/331/317 325/330/316 326/332/318
f 300/331/317 326/332/318 299/333/319
f 299/333/319 326/332/318 327/334/320
f 299/333/319 327/334/320 298/335/321
f 298/335/321 327/334/320 328/336/322
f 298/335/321 328/336/322 297/337/323
f 297/337/323 328/336/322 329/338/324
f 297/337/323 329/338/324 296/339/325
f 296/339/325 329/338/324 330/340/326
f 296/339/325 330/340/326 295/341/327
f 295/341/327 330/340/326 331/342/328
f 295/341/327 331/342/328 294/343/329
f 294/343/329 331/342/328 332/344/330
f 294/343/329 332/344/330 293/345/331
f 293/345/331 332/344/330 333/346/332
f 293/345/331 333/346/332 292/347/333
f 292/347/333 333/346/332 334/348/334
f 292/347/333 334/348/334 291/349/335
f 291/349/335 334/348/334 335/350/336
f 291/349/335 335/350/336 290/301/289
f 290/301/289 335/350/336 336/302/290
f 338/351/337 384/352/338 337/353/339
f 337/353/339 384/352/338 361/354/340
f 337/353/339 361/354/340 360/355/341
f 360/355/341 361/354/340 362/356/342
f 360/355/341 362/356/342 359/357/343
f 359/357/343 362/356/342 363/358/344
f 359/357/343 363/358/344 358/359/345
f 358/359/345 363/358/344 364/360/346
f 358/359/345 364/360/346 357/361/347
f 357/361/347 364/360/346 365/362/348
f 357/361/347 365/362/348 356/363/349
f 356/363/349 365/362/348 366/364/350
f 356/363/349 366/364/350 355/365/351
f 355/365/351 366/364/350 367/366/352
f 355/365/351 367/366/352 354/367/353
f 354/367/353 367/366/352 368/368/354
f 354/367/353 368/368/354 353/369/355
f 353/369/355 368/368/354 369/370/356
f 353/369/355 369/370/356 352/371/357
f 352/371/357 369/370/356 370/372/358
f 352/371/357 370/372/358 351/373/359
f 351/373/359 370/372/358 371/374/360
f 351/373/359 371/374/360 350/375/361
f 350/375/361 371/374/360 372/376/362
f 350/375/361 372/376/362 349/377/363
f 349/377/363 372/376/362 373/378/364
f 349/379/363 373/380/364 348/381/365
f 348/381/365 373/380/364 374/382/366
f 348/381/365 374/382/366 347/383/367
f 347/383/367 374/382/366 375/384/368
f 347/383/367 375/384/368 346/385/369
f 346/385/369 375/384/368 376/386/370
f 346/385/369 376/386/370 345/387/371
f 345/387/371 376/386/370 377/388/372
f 345/387/371 377/388/372 344/389/373
f 344/389/373 377/388/372 378/390/374
f 344/389/373 378/390/374 343/391/375
f 343/391/375 378/390/374 379/392/376
f 343/391/375 379/392/376 342/393/377
f 342/393/377 379/392/376 380/394/378
f 342/393/377 380/394/378 341/395/379
f 341/395/379 380/394/378 381/396/380
f 341/395/379 381/396/380 340/397/381
f 340/397/381 381/396/380 382/398/382
f 340/397/381 382/398/382 339/399/383
f 339/399/383 382/398/382 383/400/384
f 339/399/383 383/400/384 338/351/337
f 338/351/337 383/400/384 384/352/338
f 386/401/385 432/402/386 385/403/387
f 385/403/387 432/402/386 409/404/388
f 385/403/387 409/404/388 408/405/389
f 408/405/389 409/404/388 410/406/390
f 408/405/389 410/406/390 407/407/391
f 407/407/391 410/406/390 411/408/392
f 407/407/391 411/408/392 406/409/393
f 406/409/393 411/408/392 412/410/394
f 406/409/393 412/410/394 405/411/395
f 405/411/395 412/410/394 413/412/396
f 405/411/395 413/412/396 404/413/397
f 404/413/397 413/412/396 414/414/398
f 404/413/397 414/414/398 403/415/399
f 403/415/399 414/414/398 415/416/400
f 403/415/399 415/416/400 402/417/401
f 402/417/401 415/416/400 416/418/402
f 402/417/401 416/418/402 401/419/403
f 401/419/403 416/418/402 417/420/404
f 401/419/403 417/420/404 400/421/405
f 400/421/405 417/420/404 418/422/406
f 400/421/405 418/422/406 399/423/407
f 399/423/407 418/422/406 419/424/408
f 399/423/407 419/424/408 398/425/409
f 398/425/409 419/424/408 420/426/410
f 398/425/409 420/426/410 397/427/411
f 397/427/411 420/426/410 421/428/412
f 397/429/411 421/430/412 396/431/413
f 396/431/413 421/430/412 422/432/414
f 396/431/413 422/432/414 395/433/415
f 395/433/415 422/432/414 423/434/416
f 395/433/415 423/434/416 394/435/417
f 394/435/417 423/434/416 424/436/418
f 394/435/417 424/436/418 393/437/419
f 393/437/419 424/436/418 425/438/420
f 393/437/419 425/438/420 392/439/421
f 392/439/421 425/438/420 426/440/422
f 392/439/421 426/440/422 391/441/423
f 391/441/423 426/440/422 427/442/424
f 391/441/423 427/442/424 390/443/425
f 390/443/425 427/442/424 428/444/426
f 390/443/425 428/444/426 389/445/427
f 389/445/427 428/444/426 429/446/428
f 389/445/427 429/446/428 388/447/429
f 388/447/429 429/446/428 430/448/430
f 388/447/429 430/448/430 387/449/431
f 387/449/431 430/448/430 431/450/432
f 387/449/431 431/450/432 386/401/385
f 386/401/385 431/450/432 432/402/386
f 434/451/433 480/452/434 433/453/435
f 433/453/435 480/452/434 457/454/436
f 433/453/435 457/454/436 456/455/437
f 456/455/437 457/454/436 458/456/438
f 456/455/437 458/456/438 455/457/439
f 455/457/439 458/456/438 459/458/440
f 455/457/439 459/458/440 454/459/441
f 454/459/441 459/458/440 460/460/442
f 454/459/441 460/460/442 453/461/443
f 453/461/443 460/460/442 461/462/444
f 453/461/443 461/462/444 452/463/445
f 452/463/445 461/462/444 462/464/446
f 452/463/445 462/464/446 451/465/447
f 451/465/447 462/464/446 463/466/448
f 451/465/447 463/466/448 450/467/449
f 450/467/449 463/466/448 464/468/450
f 450/467/449 464/468/450 449/469/451
f 449/469/451 464/468/450 465/470/452
f 449/469/451 465/470/452 448/471/453
f 448/471/453 465/470/452 466/472/454
f 448/471/453 466/472/454 447/473/455
f 447/473/455 466/472/454 467/474/456
f 447/473/455 467/474/456 446/475/457
f 446/475/457 467/474/456 468/476/458
f 446/475/457 468/476/458 445/477/459
f 445/477/459 468/476/458 469/478/460
f 445/479/459 469/480/460 444/481/461
f 444/481/461 469/480/460 470/482/462
f 444/481/461 470/482/462 443/483/463
f 443/483/463 470/482/462 471/484/464
f 443/483/463 471/484/464 442/485/465
f 442/485/465 471/484/464 472/486/466
f 442/485/465 472/486/466 441/487/467
f 441/487/467 472/486/466 473/488/468
f 441/487/467 473/488/468 440/489/469
f 440/489/469 473/488/468 474/490/470
f 440/489/469 474/490/470 439/491/471
f 439/491/471 474/490/470 475/492/472
f 439/491/471 475/492/472 438/493/473
f 438/493/473 475/492/472 476/494/474
f 438/493/473 476/494/474 437/495/475
f 437/495/475 476/494/474 477/496/476
f 437/495/475 477/496/476 436/497/477
f 436/497/477 477/496/476 478/498/478
f 436/497/477 478/498/478 435/499/479
f 435/499/479 478/498/478 479/500/480
f 435/499/479 479/500/480 434/451/433
f 434/451/433 479/500/480 480/452/434
f 482/501/481 528/502/482 481/503/483
f 481/503/483 528/502/482 505/504/484
f 481/503/483 505/504/484 504/505/485
f 504/505/485 505/504/484 506/506/486
f 504/505/485 506/506/486 503/507/487
f 503/507/487 506/506/486 507/508/488
f 503/507/487 507/508/488 502/509/489
f 502/509/489 507/508/488 508/510/490
f 502/509/489 508/510/490 501/511/491
f 501/511/491 508/510/490 509/512/492
f 501/511/491 509/512/492 500/513/493
f 500/513/493 509/512/492 510/514/494
f 500/513/493 510/514/494 499/515/495
f 499/515/495 510/514/494 511/516/496
f 499/515/495 511/516/496 498/517/497
f 498/517/497 511/516/496 512/518/498
f 498/517/497 512/518/498 497/519/499
f 497/519/499 512/518/498 513/520/500
f 497/519/499 513/520/500 496/521/501
f 496/521/501 513/520/500 514/522/502
f 496/521/501 514/522/502 495/523/503
f 495/523/503 514/522/502 515/524/504
f 495/523/503 515/524/504 494/525/505
f 494/525/505 515/524/504 516/526/506
f 494/525/505 516/526/506 493/527/507
f 493/527/507 516/526/506 517/528/508
f 493/529/507 517/530/508 492/531/509
f 492/531/509 517/530/508 518/532/510
f 492/531/509 518/532/510 491/533/511
f 491/533/511 518/532/510 519/534/512
f 491/533/511 519/534/512 490/535/513
f 490/535/513 519/534/512 520/536/514
f 490/535/513 520/536/514 489/537/515
f 489/537/515 520/536/514 521/538/516
f 489/537/515 521/538/516 488/539/517
f 488/539/517 521/538/516 522/540/518
f 488/539/517 522/540/518 487/541/519
f 487/541/519 522/540/518 523/542/520
f 487/541/519 523/542/520 486/543/521
f 486/543/521 523/542/520 524/544/522
f 486/543/521 524/544/522 485/545/523
f 485/545/523 524/544/522 525/546/524
f 485/545/523 525/546/524 484/547/525
f 484/547/525 525/546/524 526/548/526
f 484/547/525 526/548/526 483/549/527
f 483/549/527 526/548/526 527/550/528
f 483/549/527 527/550/528 482/501/481
f 482/501/481 527/550/528 528/502/482
f 530/551/529 576/552/530 529/553/531
f 529/553/531 576/552/530 553/554/532
f 529/553/531 553/554/532 552/555/533
f 552/555/533 553/554/532 554/556/534
f 552/555/533 554/556/534 551/557/535
f 551/557/535 554/556/534 555/558/536
f 551/557/535 555/558/536 550/559/537
f 550/559/537 555/558/536 556/560/538
f 550/559/537 556/560/538 549/561/539
f 549/561/539 556/560/538 557/562/540
f 549/561/539 557/562/540 548/563/541
f 548/563/541 557/562/540 558/564/542
f 548/563/541 558/564/542 547/565/543
f 547/565/543 558/564/542 559/566/544
f 547/565/543 559/566/544 546/567/545
f 546/567/545 559/566/544 560/568/546
f 546/567/545 560/568/546 545/569/547
f 545/569/547 560/568/546 561/570/548
f 545/569/547 561/570/548 544/571/549
f 544/571/549 561/570/548 562/572/550
f 544/571/549 562/572/550 543/573/551
f 543/573/551 562/572/550 563/574/552
f 543/573/551 563/574/552 542/575/553
f 542/575/553 563/574/552 564/576/554
f 542/575/553 564/576/554 541/577/555
f 541/577/555 564/576/554 565/578/556
f 541/579/555 565/580/556 540/581/557
f 540/581/557 565/580/556 566/582/558
f 540/581/557 566/582/558 539/583/559
f 539/583/559 566/582/558 567/584/560
f 539/583/559 567/584/560 538/585/561
f 538/585/561 567/584/560 568/586/562
f 538/585/561 568/586/562 537/587/563
f 537/587/563 568/586/562 569/588/564
f 537/587/563 569/588/564 536/589/565
f 536/589/565 569/588/564 570/590/566
f 536/589/565 570/590/566 535/591/567
f 535/591/567 570/590/566 571/592/568
f 535/591/567 571/592/568 534/593/569
f 534/593/569 571/592/568 572/594/570
f 534/593/569 572/594/570 533/595/571
f 533/595/571 572/594/570 573/596/572
f 533/595/571 573/596/572 532/597/573
f 532/597/573 573/596/572 574/598/574
f 532/597/573 574/598/574 531/599/575
f 531/599/575 574/598/574 575/600/576
f 531/599/575 575/600/576 530/551/529
f 530/551/529 575/600/576 576/552/530
f 578/601/577 624/602/578 577/603/579
f 577/603/579 624/602/578 601/604/580
f 577/603/579 601/604/580 600/605/581
f 600/605/581 601/604/580 602/606/582
f 600/605/581 602/606/582 599/607/583
f 599/607/583 602/606/582 603/608/584
f 599/607/583 603/608/584 598/609/585
f 598/609/585 603/608/584 604/610/586
f 598/609/585 604/610/586 597/611/587
f 597/611/587 604/610/586 605/612/588
f 597/611/587 605/612/588 596/613/589
f 596/613/589 605/612/588 606/614/590
f 596/613/589 606/614/590 595/615/591
f 595/615/591 606/614/590 607/616/592
f 595/615/591 607/616/592 594/617/593
f 594/617/593 607/616/592 608/618/594
f 594/617/593 608/618/594 593/619/595
f 593/619/595 608/618/594 609/620/596
f 593/619/595 609/620/596 592/621/597
f 592/621/597 609/620/596 610/622/598
f 592/621/597 610/622/598 591/623/599
f 591/623/599 610/622/598 611/624/600
f 591/623/599 611/624/600 590/625/601
f 590/625/601 611/624/600 612/626/602
f 590/625/601 612/626/602 589/627/603
f 589/627/603 612/626/602 613/628/604
f 589/629/603 613/630/604 588/631/605
f 588/631/605 613/630/604 614/632/606
f 588/631/605 614/632/606 587/633/607
f 587/633/607 614/632/606 615/634/608
f 587/633/607 615/634/608 586/635/609
f 586/635/609 615/634/608 616/636/610
f 586/635/609 616/636/610 585/637/611
f 585/637/611 616/636/610 617/638/612
f 585/637/611 617/638/612 584/639/613
f 584/639/613 617/638/612 618/640/614
f 584/639/613 618/640/614 583/641/615
f 583/641/615 618/640/614 619/642/616
f 583/641/615 619/642/616 582/643/617
f 582/643/617 619/642/616 620/644/618
f 582/643/617 620/644/618 581/645/619
f 581/645/619 620/644/618 621/646/620
f 581/645/619 621/646/620 580/647/621
f 580/647/621 621/646/620 622/648/622
f 580/647/621 622/648/622 579/649/623
f 579/649/623 622/648/622 623/650/624
f 579/649/623 623/650/624 578/601/577
f 578/601/577 623/650/624 624/602/578
f 626/651/625 672/652/626 625/653/627
f 625/653/627 672/652/626 649/654/628
f 625/653/627 649/654/628 648/655/629
f 648/655/629 649/654/628 650/656/630
f 648/655/629 650/656/630 647/657/631
f 647/657/631 650/656/630 651/658/632
f 647/657/631 651/658/632 646/659/633
f 646/659/633 651/658/632 652/660/634
f 646/659/633 652/660/634 645/661/635
f 645/661/635 652/660/634 653/662/636
f 645/661/635 653/662/636 644/663/637
f 644/663/637 653/662/636 654/664/638
f 644/663/637 654/664/638 643/665/639
f 643/665/639 654/664/638 655/666/640
f 643/665/639 655/666/640 642/667/641
f 642/667/641 655/666/640 656/668/642
f 642/667/641 656/668/642 641/669/643
f 641/669/643 656/668/642 657/670/644
f 641/669/643 657/670/644 640/671/645
f 640/671/645 657/670/644 658/672/646
f 640/671/645 658/672/646 639/673/647
f 639/673/647 658/672/646 659/674/648
f 639/673/647 659/674/648 638/675/649
f 638/675/649 659/674/648 660/676/650
f 638/675/649 660/676/650 637/677/651
f 637/677/651 660/676/650 661/678/652
f 637/679/651 661/680/652 636/681/653
f 636/681/653 661/680/652 662/682/654
f 636/681/653 662/682/654 635/683/655
f 635/683/655 662/682/654 663/684/656
f 635/683/655 663/684/656 634/685/657
f 634/685/657 663/684/656 664/686/658
f 634/685/657 664/686/658 633/687/659
f 633/687/659 664/686/658 665/688/660
f 633/687/659 665/688/660 632/689/661
f 632/689/661 665/688/660 666/690/662
f 632/689/661 666/690/662 631/691/663
f 631/691/663 666/690/662 667/692/664
f 631/691/663 667/692/664 630/693/665
f 630/693/665 667/692/664 668/694/666
f 630/693/665 668/694/666 629/695/667
f 629/695/667 668/694/666 669/696/668
f 629/695/667 669/696/668 628/697/669
f 628/697/669 669/696/668 670/698/670
f 628/697/669 670/698/670 627/699/671
f 627/699/671 670/698/670 671/700/672
f 627/699/671 671/700/672 626/651/625
f 626/651/625 671/700/672 672/652/626
f 674/701/673 720/702/674 673/703/675
f 673/703/675 720/702/674 697/704/676
f 673/703/675 697/704/676 696/705/677
f 696/705/677 697/704/676 698/706/678
f 696/705/677 698/706/678 695/707/679
f 695/707/679 698/706/678 699/708/680
f 695/707/679 699/708/680 694/709/681
f 694/709/681 699/708/680 700/710/682
f 694/709/681 700/710/682 693/711/683
f 693/711/683 700/710/682 701/712/684
f 693/711/683 701/712/684 692/713/685
f 692/713/685 701/712/684 702/714/686
f 692/713/685 702/714/686 691/715/687
f 691/715/687 702/714/686 703/716/688
f 691/715/687 703/716/688 690/717/689
f 690/717/689 703/716/688 704/718/690
f 690/717/689 704/718/690 689/719/691
f 689/719/691 704/718/690 705/720/692
f 689/719/691 705/720/692 688/721/693
f 688/721/693 705/720/692 706/722/694
f 688/721/693 706/722/694 687/723/695
f 687/723/695 706/722/694 707/724/696
f 687/723/695 707/724/696 686/725/697
f 686/725/697 707/724/696 708/726/698
f 686/725/697 708/726/698 685/727/699
f 685/727/699 708/726/698 709/728/700
f 685/729/699 709/730/700 684/731/701
f 684/731/701 709/730/700 710/732/702
f 684/731/701 710/732/702 683/733/703
f 683/733/703 710/732/702 711/734/704
f 683/733/703 711/734/704 682/735/705
f 682/735/705 711/734/704 712/736/706
f 682/735/705 712/736/706 681/737/707
f 681/737/707 712/736/706 713/738/708
f 681/737/707 713/738/708 680/739/709
f 680/739/709 713/738/708 714/740/710
f 680/739/709 714/740/710 679/741/711
f 679/741/711 714/740/710 715/742/712
f 679/741/711 715/742/712 678/743/713
f 678/743/713 715/742/712 716/744/714
f 678/743/713 716/744/714 677/745/715
f 677/745/715 716/744/714 717/746/716
f 677/745/715 717/746/716 676/747/717
f 676/747/717 717/746/716 718/748/718
f 676/747/717 718/748/718 675/749/719
f 675/749/719 718/748/718 719/750/720
f 675/749/719 719/750/720 674/701/673
f 674/701/673 719/750/720 720/702/674
f 722/751/721 768/752/722 721/753/723
f 721/753/723 768/752/722 745/754/724
f 721/753/723 745/754/724 744/755/725
f 744/755/725 745/754/724 746/756/726
f 744/755/725 746/756/726 743/757/727
f 743/757/727 746/756/726 747/758/728
f 743/757/727 747/758/728 742/759/729
f 742/759/729 747/758/728 748/760/730
f 742/759/729 748/760/730 741/761/731
f 741/761/731 748/760/730 749/762/732
f 741/761/731 749/762/732 740/763/733
f 740/763/733 749/762/732 750/764/734
f 740/763/733 750/764/734 739/765/735
f 739/765/735 750/764/734 751/766/736
f 739/765/735 751/766/736 738/767/737
f 738/767/737 751/766/736 752/768/738
f 738/767/737 752/768/738 737/769/739
f 737/769/739 752/768/738 753/770/740
f 737/769/739 753/770/740 736/771/741
f 736/771/741 753/770/740 754/772/742
f 736/771/741 754/772/742 735/773/743
f 735/773/743 754/772/742 755/774/744
f 735/773/743 755/774/744 734/775/745
f 734/775/745 755/774/744 756/776/746
f 734/775/745 756/776/746 733/777/747
f 733/777/747 756/776/746 757/778/748
f 733/779/747 757/780/748 732/781/749
f 732/781/749 757/780/748 758/782/750
f 732/781/749 758/782/750 731/783/751
f 731/783/751 758/782/750 759/784/752
f 731/783/751 759/784/752 730/785/753
f 730/785/753 759/784/752 760/786/754
f 730/785/753 760/786/754 729/787/755
f 729/787/755 760/786/754 761/788/756
f 729/787/755 761/788/756 728/789/757
f 728/789/757 761/788/756 762/790/758
f 728/789/757 762/790/758 727/791/759
f 727/791/759 762/790/758 763/792/760
f 727/791/759 763/792/760 726/793/761
f 726/793/761 763/792/760 764/794/762
f 726/793/761 764/794/762 725/795/763
f 725/795/763 764/794/762 765/796/764
f 725/795/763 765/796/764 724/797/765
f 724/797/765 765/796/764 766/798/766
f 724/797/765 766/798/766 723/799/767
f 723/799/767 766/798/766 767/800/768
f 723/799/767 767/800/768 722/751/721
f 722/751/721 767/800/768 768/752/722
f 776/801/769 769/802/770 775/803/771
f 775/803/771 769/802/770 770/804/772
f 775/803/771 770/804/772 774/805/773
f 774/805/773 770/804/772 771/806/774
f 774/805/773 771/806/774 773/807/775
f 773/807/775 771/806/774 772/808/776
f 788/809/777 777/810/778 787/811/779
f 787/811/779 777/810/778 778/812/780
f 787/811/779 778/812/780 786/813/781
f 786/813/781 778/812/780 779/814/782
f 786/813/781 779/814/782 785/815/783
f 785/815/783 779/814/782 780/816/784
f 785/815/783 780/816/784 784/817/785
f 784/817/785 780/816/784 781/818/786
f 784/817/785 781/818/786 783/819/787
f 783/819/787 781/818/786 782/820/788
f 796/821/789 789/822/790 795/823/791
f 795/823/791 789/822/790 790/824/792
f 795/823/791 790/824/792 794/825/793
f 794/825/793 790/824/792 791/826/794
f 794/825/793 791/826/794 793/827/795
f 793/827/795 791/826/794 792/828/796
f 808/829/797 797/830/798 807/831/799
f 807/831/799 797/830/798 798/832/800
f 807/831/799 798/832/800 806/833/801
f 806/833/801 798/832/800 799/834/802
f 806/833/801 799/834/802 805/835/803
f 805/835/803 799/834/802 800/836/804
f 805/835/803 800/836/804 804/837/805
f 804/837/805 800/836/804 801/838/806
f 804/837/805 801/838/806 803/839/807
f 803/839/807 801/838/806 802/840/808
f 810/841/809 508/842/810 809/843/811
f 809/843/811 508/842/810 507/844/812
f 809/843/811 507/844/812 418/845/813
f 418/845/813 507/844/812 419/846/814
f 419/846/814 507/844/812 420/847/815
f 420/847/815 507/844/812 506/848/816
f 420/847/815 506/848/816 505/849/817
f 811/850/818 510/851/819 810/841/809
f 810/841/809 510/851/819 509/852/820
f 810/841/809 509/852/820 508/842/810
f 811/850/818 812/853/821 510/851/819
f 510/851/819 812/853/821 511/854/822
f 511/854/822 812/853/821 813/855/823
f 511/854/822 813/855/823 814/856/824
f 814/856/824 815/857/825 511/854/822
f 511/854/822 815/857/825 816/858/826
f 511/854/822 816/858/826 512/859/827
f 512/859/827 816/858/826 817/860/828
f 512/859/827 817/860/828 818/861/829
f 819/862/830 514/863/831 818/861/829
f 818/861/829 514/863/831 513/864/832
f 818/861/829 513/864/832 512/859/827
f 820/865/833 517/866/834 819/862/830
f 819/862/830 517/866/834 516/867/835
f 819/862/830 516/867/835 515/868/836
f 821/869/837 426/870/838 820/865/833
f 820/865/833 426/870/838 524/871/839
f 820/865/833 524/871/839 523/872/840
f 822/873/841 409/874/842 821/869/837
f 821/869/837 409/874/842 432/875/843
f 821/869/837 432/875/843 431/876/844
f 823/877/845 412/878/846 822/873/841
f 822/873/841 412/878/846 411/879/847
f 822/873/841 411/879/847 410/880/848
f 824/881/849 414/882/850 823/877/845
f 823/877/845 414/882/850 413/883/851
f 823/877/845 413/883/851 412/878/846
f 824/881/849 825/884/852 414/882/850
f 414/882/850 825/884/852 415/885/853
f 415/885/853 825/884/852 826/886/854
f 415/885/853 826/886/854 827/887/855
f 827/887/855 828/888/856 415/885/853
f 415/885/853 828/888/856 829/889/857
f 415/885/853 829/889/857 416/890/858
f 416/890/858 829/889/857 830/891/859
f 416/890/858 830/891/859 809/843/811
f 431/876/844 430/892/860 821/869/837
f 821/869/837 430/892/860 429/893/861
f 821/869/837 429/893/861 428/894/862
f 428/894/862 427/895/863 821/869/837
f 821/869/837 427/895/863 426/870/838
f 524/871/839 426/870/838 525/896/864
f 525/896/864 426/870/838 425/897/865
f 525/896/864 425/897/865 526/898/866
f 526/898/866 425/897/865 424/899/867
f 526/898/866 424/899/867 527/900/868
f 527/900/868 424/899/867 423/901/869
f 527/900/868 423/901/869 528/902/870
f 528/902/870 423/901/869 422/903/871
f 528/902/870 422/903/871 505/849/817
f 505/849/817 422/903/871 421/904/872
f 505/849/817 421/904/872 420/847/815
f 418/845/813 417/905/873 809/843/811
f 809/843/811 417/905/873 416/890/858
f 410/880/848 409/874/842 822/873/841
f 523/872/840 522/906/874 820/865/833
f 820/865/833 522/906/874 521/907/875
f 820/865/833 521/907/875 520/908/876
f 520/908/876 519/909/877 820/865/833
f 820/865/833 519/909/877 518/910/878
f 820/865/833 518/910/878 517/866/834
f 515/868/836 514/863/831 819/862/830
f 832/911/879 833/912/880 831/913/881
f 831/913/881 833/912/880 834/914/882
f 835/915/883 722/916/884 832/917/885
f 832/917/885 722/916/884 721/918/886
f 832/917/885 721/918/886 744/919/887
f 836/920/888 630/921/889 835/915/883
f 835/915/883 630/921/889 728/922/890
f 835/915/883 728/922/890 727/923/891
f 833/924/892 636/925/893 836/920/888
f 836/920/888 636/925/893 635/926/894
f 836/920/888 635/926/894 634/927/895
f 832/917/885 644/928/896 833/924/892
f 833/924/892 644/928/896 643/929/897
f 833/924/892 643/929/897 642/930/898
f 626/931/899 625/932/900 733/933/901
f 733/933/901 625/932/900 648/934/902
f 733/933/901 648/934/902 734/935/903
f 734/935/903 648/934/902 647/936/904
f 734/935/903 647/936/904 735/937/905
f 735/937/905 647/936/904 646/938/906
f 735/937/905 646/938/906 736/939/907
f 736/939/907 646/938/906 645/940/908
f 736/939/907 645/940/908 737/941/909
f 737/941/909 645/940/908 644/928/896
f 737/941/909 644/928/896 738/942/910
f 738/942/910 644/928/896 832/917/885
f 738/942/910 832/917/885 739/943/911
f 739/943/911 832/917/885 740/944/912
f 740/944/912 832/917/885 741/945/913
f 741/945/913 832/917/885 742/946/914
f 742/946/914 832/917/885 743/947/915
f 743/947/915 832/917/885 744/919/887
f 642/930/898 641/948/916 833/924/892
f 833/924/892 641/948/916 640/949/917
f 833/924/892 640/949/917 639/950/918
f 639/950/918 638/951/919 833/924/892
f 833/924/892 638/951/919 637/952/920
f 833/924/892 637/952/920 636/925/893
f 634/927/895 633/953/921 836/920/888
f 836/920/888 633/953/921 632/954/922
f 836/920/888 632/954/922 631/955/923
f 631/955/923 630/921/889 836/920/888
f 630/921/889 629/956/924 728/922/890
f 728/922/890 629/956/924 729/957/925
f 729/957/925 629/956/924 730/958/926
f 730/958/926 629/956/924 628/959/927
f 730/958/926 628/959/927 731/960/928
f 731/960/928 628/959/927 627/961/929
f 731/960/928 627/961/929 732/962/930
f 732/962/930 627/961/929 626/931/899
f 732/962/930 626/931/899 733/933/901
f 727/923/891 726/963/931 835/915/883
f 835/915/883 726/963/931 725/964/932
f 835/915/883 725/964/932 724/965/933
f 724/965/933 723/966/934 835/915/883
f 835/915/883 723/966/934 722/916/884
f 837/967/935 838/968/936 835/969/937
f 835/969/937 838/968/936 836/970/938
f 821/971/939 839/972/940 822/973/941
f 822/973/941 839/972/940 834/974/942
f 822/973/941 834/974/942 848/975/943
f 848/975/943 834/974/942 833/976/944
f 848/975/943 833/976/944 841/977/945
f 841/977/945 833/976/944 840/978/946
f 840/978/946 833/976/944 838/979/947
f 838/979/947 833/976/944 836/980/948
f 848/975/943 841/977/945 847/981/949
f 847/981/949 841/977/945 842/982/950
f 847/981/949 842/982/950 846/983/951
f 846/983/951 842/982/950 843/984/952
f 846/983/951 843/984/952 845/985/953
f 845/985/953 843/984/952 844/986/954
f 850/987/955 700/988/956 849/989/957
f 849/989/957 700/988/956 699/990/958
f 849/989/957 699/990/958 698/991/959
f 851/992/960 702/993/961 850/987/955
f 850/987/955 702/993/961 701/994/962
f 850/987/955 701/994/962 700/988/956
f 851/992/960 852/995/963 702/993/961
f 702/993/961 852/995/963 703/996/964
f 703/996/964 852/995/963 853/997/965
f 703/996/964 853/997/965 854/998/966
f 854/998/966 855/999/967 703/996/964
f 703/996/964 855/999/967 856/1000/968
f 703/996/964 856/1000/968 704/1001/969
f 704/1001/969 856/1000/968 857/1002/970
f 704/1001/969 857/1002/970 858/1003/971
f 859/1004/972 604/1005/973 858/1003/971
f 858/1003/971 604/1005/973 603/1006/974
f 858/1003/971 603/1006/974 706/1007/975
f 706/1007/975 603/1006/974 707/1008/976
f 707/1008/976 603/1006/974 708/1009/977
f 708/1009/977 603/1006/974 602/1010/978
f 708/1009/977 602/1010/978 601/1011/979
f 860/1012/980 606/1013/981 859/1004/972
f 859/1004/972 606/1013/981 605/1014/982
f 859/1004/972 605/1014/982 604/1005/973
f 860/1012/980 861/1015/983 606/1013/981
f 606/1013/981 861/1015/983 607/1016/984
f 607/1016/984 861/1015/983 862/1017/985
f 607/1016/984 862/1017/985 863/1018/986
f 863/1018/986 864/1019/987 607/1016/984
f 607/1016/984 864/1019/987 865/1020/988
f 607/1016/984 865/1020/988 608/1021/989
f 608/1021/989 865/1020/988 866/1022/990
f 608/1021/989 866/1022/990 867/1023/991
f 840/1024/992 610/1025/993 867/1023/991
f 867/1023/991 610/1025/993 609/1026/994
f 867/1023/991 609/1026/994 608/1021/989
f 838/1027/995 613/1028/996 840/1024/992
f 840/1024/992 613/1028/996 612/1029/997
f 840/1024/992 612/1029/997 611/1030/998
f 837/1031/999 620/1032/1000 838/1027/995
f 838/1027/995 620/1032/1000 619/1033/1001
f 838/1027/995 619/1033/1001 618/1034/1002
f 849/989/957 697/1035/1003 837/1031/999
f 837/1031/999 697/1035/1003 720/1036/1004
f 837/1031/999 720/1036/1004 719/1037/1005
f 624/1038/1006 710/1039/1007 601/1011/979
f 601/1011/979 710/1039/1007 709/1040/1008
f 601/1011/979 709/1040/1008 708/1009/977
f 710/1039/1007 624/1038/1006 711/1041/1009
f 711/1041/1009 624/1038/1006 623/1042/1010
f 711/1041/1009 623/1042/1010 712/1043/1011
f 712/1043/1011 623/1042/1010 622/1044/1012
f 712/1043/1011 622/1044/1012 713/1045/1013
f 713/1045/1013 622/1044/1012 621/1046/1014
f 713/1045/1013 621/1046/1014 714/1047/1015
f 714/1047/1015 621/1046/1014 620/1032/1000
f 714/1047/1015 620/1032/1000 837/1031/999
f 618/1034/1002 617/1048/1016 838/1027/995
f 838/1027/995 617/1048/1016 616/1049/1017
f 838/1027/995 616/1049/1017 615/1050/1018
f 615/1050/1018 614/1051/1019 838/1027/995
f 838/1027/995 614/1051/1019 613/1028/996
f 611/1030/998 610/1025/993 840/1024/992
f 719/1037/1005 718/1052/1020 837/1031/999
f 837/1031/999 718/1052/1020 717/1053/1021
f 837/1031/999 717/1053/1021 716/1054/1022
f 716/1054/1022 715/1055/1023 837/1031/999
f 837/1031/999 715/1055/1023 714/1047/1015
f 706/1007/975 705/1056/1024 858/1003/971
f 858/1003/971 705/1056/1024 704/1001/969
f 698/991/959 697/1035/1003 849/989/957
f 868/1057/1025 844/1058/1026 877/1059/1027
f 877/1059/1027 844/1058/1026 876/1060/1028
f 876/1060/1028 844/1058/1026 875/1061/1029
f 875/1061/1029 844/1058/1026 871/1062/1030
f 875/1061/1029 871/1062/1030 874/1063/1031
f 874/1063/1031 871/1062/1030 873/1064/1032
f 873/1064/1032 871/1062/1030 872/1065/1033
f 844/1058/1026 843/1066/1034 871/1062/1030
f 871/1062/1030 843/1066/1034 870/1067/1035
f 870/1067/1035 843/1066/1034 842/1068/1036
f 870/1067/1035 842/1068/1036 869/1069/1037
f 869/1069/1037 842/1068/1036 841/1070/1038
f 869/1069/1037 841/1070/1038 856/1071/1039
f 856/1071/1039 841/1070/1038 861/1072/1040
f 856/1071/1039 861/1072/1040 860/1073/1041
f 840/1074/1042 865/1075/1043 841/1070/1038
f 841/1070/1038 865/1075/1043 864/1076/1044
f 841/1070/1038 864/1076/1044 863/1077/1045
f 867/1078/1046 866/1079/1047 840/1074/1042
f 840/1074/1042 866/1079/1047 865/1075/1043
f 863/1077/1045 862/1080/1048 841/1070/1038
f 841/1070/1038 862/1080/1048 861/1072/1040
f 856/1071/1039 860/1073/1041 857/1081/1049
f 857/1081/1049 860/1073/1041 859/1082/1050
f 857/1081/1049 859/1082/1050 858/1083/1051
f 856/1071/1039 855/1084/1052 869/1069/1037
f 869/1069/1037 855/1084/1052 854/1085/1053
f 869/1069/1037 854/1085/1053 853/1086/1054
f 853/1086/1054 852/1087/1055 869/1069/1037
f 869/1069/1037 852/1087/1055 849/1088/1056
f 849/1088/1056 852/1087/1055 851/1089/1057
f 849/1088/1056 851/1089/1057 850/1090/1058
f 795/1091/1059 126/1092/1060 796/1093/1061
f 796/1093/1061 126/1092/1060 125/1094/1062
f 796/1093/1061 125/1094/1062 87/1095/1063
f 87/1095/1063 125/1094/1062 88/1096/1064
f 88/1096/1064 125/1094/1062 124/1097/1065
f 88/1096/1064 124/1097/1065 89/1098/1066
f 89/1098/1066 124/1097/1065 123/1099/1067
f 89/1098/1066 123/1099/1067 90/1100/1068
f 90/1100/1068 123/1099/1067 122/1101/1069
f 90/1100/1068 122/1101/1069 91/1102/1070
f 91/1102/1070 122/1101/1069 121/1103/1071
f 91/1102/1070 121/1103/1071 325/1104/1072
f 325/1104/1072 121/1103/1071 223/1105/1073
f 325/1104/1072 223/1105/1073 326/1106/1074
f 326/1106/1074 223/1105/1073 222/1107/1075
f 326/1106/1074 222/1107/1075 327/1108/1076
f 327/1108/1076 222/1107/1075 221/1109/1077
f 327/1108/1076 221/1109/1077 328/1110/1078
f 328/1110/1078 221/1109/1077 220/1111/1079
f 328/1110/1078 220/1111/1079 329/1112/1080
f 329/1112/1080 220/1111/1079 219/1113/1081
f 329/1112/1080 219/1113/1081 330/1114/1082
f 330/1114/1082 219/1113/1081 218/1115/1083
f 330/1114/1082 218/1115/1083 331/1116/1084
f 331/1116/1084 218/1115/1083 872/1117/1033
f 331/1116/1084 872/1117/1033 332/1118/1085
f 332/1118/1085 872/1117/1033 333/1119/1086
f 333/1119/1086 872/1117/1033 334/1120/1087
f 334/1120/1087 872/1117/1033 335/1121/1088
f 335/1121/1088 872/1117/1033 878/1122/1089
f 335/1121/1088 878/1122/1089 336/1123/1090
f 336/1123/1090 878/1122/1089 313/1124/1091
f 313/1124/1091 878/1122/1089 314/1125/1092
f 314/1125/1092 878/1122/1089 315/1126/1093
f 315/1126/1093 878/1122/1089 316/1127/1094
f 316/1127/1094 878/1122/1089 317/1128/1095
f 317/1128/1095 878/1122/1089 318/1129/1096
f 318/1129/1096 878/1122/1089 319/1130/1097
f 319/1130/1097 878/1122/1089 808/1131/1098
f 319/1130/1097 808/1131/1098 96/1132/1099
f 96/1132/1099 808/1131/1098 73/1133/1100
f 73/1133/1100 808/1131/1098 74/1134/1101
f 74/1134/1101 808/1131/1098 75/1135/1102
f 75/1135/1102 808/1131/1098 76/1136/1103
f 76/1136/1103 808/1131/1098 807/1137/1104
f 76/1136/1103 807/1137/1104 77/1138/1105
f 77/1138/1105 807/1137/1104 78/1139/1106
f 78/1139/1106 807/1137/1104 806/1140/1107
f 78/1139/1106 806/1140/1107 79/1141/1108
f 79/1141/1108 806/1140/1107 805/1142/1109
f 79/1141/1108 805/1142/1109 80/1143/1110
f 80/1143/1110 805/1142/1109 81/1144/1111
f 81/1144/1111 805/1142/1109 804/1145/1112
f 81/1144/1111 804/1145/1112 82/1146/1113
f 82/1146/1113 804/1145/1112 803/1147/1114
f 82/1146/1113 803/1147/1114 83/1148/1115
f 83/1148/1115 803/1147/1114 84/1149/1116
f 84/1149/1116 803/1147/1114 85/1150/1117
f 85/1150/1117 803/1147/1114 796/1093/1061
f 85/1150/1117 796/1093/1061 86/1151/1118
f 86/1151/1118 796/1093/1061 87/1095/1063
f 795/1091/1059 794/1152/1119 126/1092/1060
f 126/1092/1060 794/1152/1119 793/1153/1120
f 126/1092/1060 793/1153/1120 127/1154/1121
f 127/1154/1121 793/1153/1120 128/1155/1122
f 128/1155/1122 793/1153/1120 129/1156/1123
f 129/1156/1123 793/1153/1120 130/1157/1124
f 130/1157/1124 793/1153/1120 131/1158/1125
f 131/1158/1125 793/1153/1120 132/1159/1126
f 132/1159/1126 793/1153/1120 133/1160/1127
f 133/1160/1127 793/1153/1120 868/1161/1025
f 133/1160/1127 868/1161/1025 134/1162/1128
f 134/1162/1128 868/1161/1025 135/1163/1129
f 135/1163/1129 868/1161/1025 136/1164/1130
f 136/1164/1130 868/1161/1025 137/1165/1131
f 137/1165/1131 868/1161/1025 138/1166/1132
f 138/1166/1132 868/1161/1025 139/1167/1133
f 139/1167/1133 868/1161/1025 229/1168/1134
f 139/1167/1133 229/1168/1134 228/1169/1135
f 229/1168/1134 868/1161/1025 230/1170/1136
f 230/1170/1136 868/1161/1025 877/1171/1027
f 230/1170/1136 877/1171/1027 231/1172/1137
f 231/1172/1137 877/1171/1027 232/1173/1138
f 232/1173/1138 877/1171/1027 233/1174/1139
f 233/1174/1139 877/1171/1027 234/1175/1140
f 234/1175/1140 877/1171/1027 876/1176/1141
f 234/1175/1140 876/1176/1141 235/1177/1142
f 235/1177/1142 876/1176/1141 875/1178/1143
f 235/1177/1142 875/1178/1143 874/1179/1144
f 235/1177/1142 874/1179/1144 236/1180/1145
f 236/1180/1145 874/1179/1144 873/1181/1032
f 236/1180/1145 873/1181/1032 237/1182/1146
f 237/1182/1146 873/1181/1032 238/1183/1147
f 238/1183/1147 873/1181/1032 239/1184/1148
f 239/1184/1148 873/1181/1032 872/1117/1033
f 239/1184/1148 872/1117/1033 240/1185/1149
f 240/1185/1149 872/1117/1033 217/1186/1150
f 217/1186/1150 872/1117/1033 218/1115/1083
f 319/1130/1097 96/1132/1099 320/1187/1151
f 320/1187/1151 96/1132/1099 95/1188/1152
f 320/1187/1151 95/1188/1152 321/1189/1153
f 321/1189/1153 95/1188/1152 94/1190/1154
f 321/1189/1153 94/1190/1154 322/1191/1155
f 322/1191/1155 94/1190/1154 93/1192/1156
f 322/1191/1155 93/1192/1156 323/1193/1157
f 323/1193/1157 93/1192/1156 92/1194/1158
f 323/1193/1157 92/1194/1158 324/1195/1159
f 324/1195/1159 92/1194/1158 91/1102/1070
f 324/1195/1159 91/1102/1070 325/1104/1072
f 121/1103/1071 144/1196/1160 223/1105/1073
f 223/1105/1073 144/1196/1160 224/1197/1161
f 224/1197/1161 144/1196/1160 143/1198/1162
f 224/1197/1161 143/1198/1162 225/1199/1163
f 225/1199/1163 143/1198/1162 142/1200/1164
f 225/1199/1163 142/1200/1164 226/1201/1165
f 226/1201/1165 142/1200/1164 141/1202/1166
f 226/1201/1165 141/1202/1166 227/1203/1167
f 227/1203/1167 141/1202/1166 140/1204/1168
f 227/1203/1167 140/1204/1168 228/1169/1135
f 228/1169/1135 140/1204/1168 139/1167/1133
f 909/1205/1169 820/1206/1170 831/1207/1171
f 831/1207/1171 820/1206/1170 819/1208/1172
f 831/1207/1171 819/1208/1172 879/1209/1173
f 880/1210/1174 895/1211/1175 879/1209/1173
f 879/1209/1173 895/1211/1175 896/1212/1176
f 879/1209/1173 896/1212/1176 869/1213/1177
f 869/1213/1177 896/1212/1176 897/1214/1178
f 869/1213/1177 897/1214/1178 870/1215/1179
f 870/1215/1179 897/1214/1178 898/1216/1180
f 870/1215/1179 898/1216/1180 899/1217/1181
f 881/1218/1182 892/1219/1183 880/1210/1174
f 880/1210/1174 892/1219/1183 893/1220/1184
f 880/1210/1174 893/1220/1184 894/1221/1185
f 882/1222/1186 887/1223/1187 881/1218/1182
f 881/1218/1182 887/1223/1187 888/1224/1188
f 881/1218/1182 888/1224/1188 889/1225/1189
f 883/1226/1190 885/1227/1191 882/1222/1186
f 882/1222/1186 885/1227/1191 886/1228/1192
f 882/1222/1186 886/1228/1192 887/1223/1187
f 883/1226/1190 884/1229/1193 885/1227/1191
f 889/1225/1189 890/1230/1194 881/1218/1182
f 881/1218/1182 890/1230/1194 891/1231/1195
f 881/1218/1182 891/1231/1195 892/1219/1183
f 894/1221/1185 895/1211/1175 880/1210/1174
f 899/1217/1181 900/1232/1196 870/1215/1179
f 870/1215/1179 900/1232/1196 871/1233/1197
f 871/1233/1197 900/1232/1196 901/1234/1198
f 871/1233/1197 901/1234/1198 902/1235/1199
f 902/1235/1199 903/1236/1200 871/1233/1197
f 871/1233/1197 903/1236/1200 904/1237/1201
f 871/1233/1197 904/1237/1201 905/1238/1202
f 871/1233/1197 905/1238/1202 872/1239/1203
f 872/1239/1203 905/1238/1202 906/1240/1204
f 872/1239/1203 906/1240/1204 907/1241/1205
f 908/1242/1206 878/1243/1207 907/1241/1205
f 907/1241/1205 878/1243/1207 872/1239/1203
f 849/1244/1208 832/1245/1209 869/1213/1177
f 869/1213/1177 832/1245/1209 831/1207/1171
f 869/1213/1177 831/1207/1171 879/1209/1173
f 837/1246/1210 835/1247/1211 849/1244/1208
f 849/1244/1208 835/1247/1211 832/1245/1209
f 796/1248/789 803/1249/807 789/1250/790
f 789/1250/790 803/1249/807 802/1251/808
f 920/1252/1212 907/1253/1213 919/1254/1214
f 919/1254/1214 907/1253/1213 906/1255/1215
f 919/1254/1214 906/1255/1215 918/1256/1216
f 918/1256/1216 906/1255/1215 905/1257/1217
f 918/1256/1216 905/1257/1217 917/1258/1218
f 917/1258/1218 905/1257/1217 904/1259/1219
f 917/1258/1218 904/1259/1219 916/1260/1220
f 916/1260/1220 904/1259/1219 903/1261/1221
f 916/1260/1220 903/1261/1221 915/1262/1222
f 915/1262/1222 903/1261/1221 902/1263/1223
f 915/1262/1222 902/1263/1223 914/1264/1224
f 914/1264/1224 902/1263/1223 901/1265/1225
f 914/1264/1224 901/1265/1225 900/1266/1226
f 914/1264/1224 900/1266/1226 913/1267/1227
f 913/1267/1227 900/1266/1226 899/1268/1228
f 913/1267/1227 899/1268/1228 912/1269/1229
f 912/1269/1229 899/1268/1228 898/1270/1230
f 912/1269/1229 898/1270/1230 911/1271/1231
f 911/1271/1231 898/1270/1230 897/1272/1232
f 911/1271/1231 897/1272/1232 910/1273/1233
f 910/1273/1233 897/1272/1232 896/1274/1234
f 797/1275/798 808/1276/797 908/1277/1235
f 908/1277/1235 808/1276/797 878/1278/1236
f 791/1279/1237 116/1280/1238 792/1281/1239
f 792/1281/1239 116/1280/1238 115/1282/1240
f 792/1281/1239 115/1282/1240 114/1283/1241
f 791/1279/1237 790/1284/1242 116/1280/1238
f 116/1280/1238 790/1284/1242 789/1285/1243
f 116/1280/1238 789/1285/1243 117/1286/1244
f 117/1286/1244 789/1285/1243 59/1287/1245
f 117/1286/1244 59/1287/1245 58/1288/1246
f 802/1289/1247 61/1290/1248 789/1285/1243
f 789/1285/1243 61/1290/1248 60/1291/1249
f 789/1285/1243 60/1291/1249 59/1287/1245
f 801/1292/1250 64/1293/1251 802/1289/1247
f 802/1289/1247 64/1293/1251 63/1294/1252
f 802/1289/1247 63/1294/1252 62/1295/1253
f 64/1293/1251 801/1292/1250 65/1296/1254
f 65/1296/1254 801/1292/1250 800/1297/1255
f 65/1296/1254 800/1297/1255 66/1298/1256
f 66/1298/1256 800/1297/1255 67/1299/1257
f 67/1299/1257 800/1297/1255 799/1300/1258
f 67/1299/1257 799/1300/1258 68/1301/1259
f 68/1301/1259 799/1300/1258 798/1302/1260
f 68/1301/1259 798/1302/1260 69/1303/1261
f 69/1303/1261 798/1302/1260 70/1304/1262
f 70/1304/1262 798/1302/1260 797/1305/1263
f 70/1304/1262 797/1305/1263 71/1306/1264
f 71/1306/1264 797/1305/1263 72/1307/1265
f 72/1307/1265 797/1305/1263 49/1308/1266
f 49/1308/1266 797/1305/1263 50/1309/1267
f 50/1309/1267 797/1305/1263 307/1310/1268
f 50/1309/1267 307/1310/1268 306/1311/1269
f 797/1305/1263 908/1312/1270 307/1310/1268
f 307/1310/1268 908/1312/1270 308/1313/1271
f 308/1313/1271 908/1312/1270 309/1314/1272
f 309/1314/1272 908/1312/1270 310/1315/1273
f 310/1315/1273 908/1312/1270 311/1316/1274
f 311/1316/1274 908/1312/1270 312/1317/1275
f 312/1317/1275 908/1312/1270 289/1318/1276
f 289/1318/1276 908/1312/1270 290/1319/1277
f 290/1319/1277 908/1312/1270 291/1320/1278
f 291/1320/1278 908/1312/1270 907/1321/1213
f 291/1320/1278 907/1321/1213 292/1322/1279
f 292/1322/1279 907/1321/1213 293/1323/1280
f 293/1323/1280 907/1321/1213 294/1324/1281
f 294/1324/1281 907/1321/1213 295/1325/1282
f 295/1325/1282 907/1321/1213 216/1326/1283
f 295/1325/1282 216/1326/1283 296/1327/1284
f 296/1327/1284 216/1326/1283 215/1328/1285
f 296/1327/1284 215/1328/1285 297/1329/1286
f 297/1329/1286 215/1328/1285 214/1330/1287
f 297/1329/1286 214/1330/1287 298/1331/1288
f 298/1331/1288 214/1330/1287 213/1332/1289
f 298/1331/1288 213/1332/1289 299/1333/1290
f 299/1333/1290 213/1332/1289 212/1334/1291
f 299/1333/1290 212/1334/1291 300/1335/1292
f 300/1335/1292 212/1334/1291 211/1336/1293
f 300/1335/1292 211/1336/1293 98/1337/1294
f 98/1337/1294 211/1336/1293 210/1338/1295
f 98/1337/1294 210/1338/1295 99/1339/1296
f 99/1339/1296 210/1338/1295 209/1340/1297
f 99/1339/1296 209/1340/1297 100/1341/1298
f 100/1341/1298 209/1340/1297 208/1342/1299
f 100/1341/1298 208/1342/1299 101/1343/1300
f 101/1343/1300 208/1342/1299 207/1344/1301
f 101/1343/1300 207/1344/1301 102/1345/1302
f 102/1345/1302 207/1344/1301 206/1346/1303
f 102/1345/1302 206/1346/1303 103/1347/1304
f 103/1347/1304 206/1346/1303 205/1348/1305
f 103/1347/1304 205/1348/1305 920/1349/1212
f 920/1349/1212 205/1348/1305 204/1350/1306
f 920/1349/1212 204/1350/1306 203/1351/1307
f 920/1349/1212 199/1352/1308 907/1321/1213
f 907/1321/1213 199/1352/1308 198/1353/1309
f 907/1321/1213 198/1353/1309 197/1354/1310
f 792/1281/1239 109/1355/1311 920/1349/1212
f 920/1349/1212 109/1355/1311 108/1356/1312
f 920/1349/1212 108/1356/1312 107/1357/1313
f 62/1295/1253 61/1290/1248 802/1289/1247
f 117/1286/1244 58/1288/1246 118/1358/1314
f 118/1358/1314 58/1288/1246 57/1359/1315
f 118/1358/1314 57/1359/1315 119/1360/1316
f 119/1360/1316 57/1359/1315 56/1361/1317
f 119/1360/1316 56/1361/1317 120/1362/1318
f 120/1362/1318 56/1361/1317 55/1363/1319
f 120/1362/1318 55/1363/1319 302/1364/1320
f 302/1364/1320 55/1363/1319 54/1365/1321
f 302/1364/1320 54/1365/1321 303/1366/1322
f 303/1366/1322 54/1365/1321 53/1367/1323
f 303/1366/1322 53/1367/1323 304/1368/1324
f 304/1368/1324 53/1367/1323 52/1369/1325
f 304/1368/1324 52/1369/1325 305/1370/1326
f 305/1370/1326 52/1369/1325 51/1371/1327
f 305/1370/1326 51/1371/1327 306/1311/1269
f 306/1311/1269 51/1371/1327 50/1309/1267
f 120/1362/1318 302/1364/1320 97/1372/1328
f 97/1372/1328 302/1364/1320 301/1373/1329
f 97/1372/1328 301/1373/1329 98/1337/1294
f 98/1337/1294 301/1373/1329 300/1335/1292
f 114/1283/1241 113/1374/1330 792/1281/1239
f 792/1281/1239 113/1374/1330 112/1375/1331
f 792/1281/1239 112/1375/1331 111/1376/1332
f 111/1376/1332 110/1377/1333 792/1281/1239
f 792/1281/1239 110/1377/1333 109/1355/1311
f 107/1357/1313 106/1378/1334 920/1349/1212
f 920/1349/1212 106/1378/1334 105/1379/1335
f 920/1349/1212 105/1379/1335 104/1380/1336
f 104/1380/1336 103/1347/1304 920/1349/1212
f 194/1381/1337 193/1382/1338 907/1321/1213
f 907/1321/1213 193/1382/1338 216/1326/1283
f 203/1351/1307 202/1383/1339 920/1349/1212
f 920/1349/1212 202/1383/1339 201/1384/1340
f 920/1349/1212 201/1384/1340 200/1385/1341
f 200/1385/1341 199/1352/1308 920/1349/1212
f 197/1354/1310 196/1386/1342 907/1321/1213
f 907/1321/1213 196/1386/1342 195/1387/1343
f 907/1321/1213 195/1387/1343 194/1381/1337
f 773/1388/775 772/1389/776 931/1390/1344
f 931/1390/1344 772/1389/776 921/1391/1345
f 931/1390/1344 921/1391/1345 930/1392/1346
f 930/1392/1346 921/1391/1345 929/1393/1347
f 929/1393/1347 921/1391/1345 928/1394/1348
f 928/1394/1348 921/1391/1345 845/1395/1349
f 928/1394/1348 845/1395/1349 927/1396/1350
f 927/1396/1350 845/1395/1349 926/1397/1351
f 926/1397/1351 845/1395/1349 925/1398/1352
f 925/1398/1352 845/1395/1349 924/1399/1353
f 924/1399/1353 845/1395/1349 923/1400/1354
f 923/1400/1354 845/1395/1349 922/1401/1355
f 922/1401/1355 845/1395/1349 910/1402/1356
f 910/1402/1356 845/1395/1349 844/1403/1357
f 910/1402/1356 844/1403/1357 911/1404/1358
f 911/1404/1358 844/1403/1357 912/1405/1359
f 912/1405/1359 844/1403/1357 913/1406/1360
f 913/1406/1360 844/1403/1357 914/1407/1361
f 914/1407/1361 844/1403/1357 915/1408/1362
f 915/1408/1362 844/1403/1357 916/1409/1363
f 916/1409/1363 844/1403/1357 917/1410/1364
f 917/1410/1364 844/1403/1357 868/1411/1365
f 917/1410/1364 868/1411/1365 918/1412/1366
f 918/1412/1366 868/1411/1365 919/1413/1367
f 919/1413/1367 868/1411/1365 920/1414/1368
f 920/1414/1368 868/1411/1365 793/1415/795
f 920/1414/1368 793/1415/795 792/1416/796
f 831/1417/1369 540/1418/1370 909/1419/1371
f 909/1419/1371 540/1418/1370 539/1420/1372
f 909/1419/1371 539/1420/1372 538/1421/1373
f 834/1422/1374 450/1423/1375 831/1417/1369
f 831/1417/1369 450/1423/1375 548/1424/1376
f 831/1417/1369 548/1424/1376 547/1425/1377
f 839/1426/1378 434/1427/1379 834/1422/1374
f 834/1422/1374 434/1427/1379 433/1428/1380
f 834/1422/1374 433/1428/1380 456/1429/1381
f 909/1419/1371 440/1430/1382 839/1426/1378
f 839/1426/1378 440/1430/1382 439/1431/1383
f 839/1426/1378 439/1431/1383 438/1432/1384
f 456/1429/1381 455/1433/1385 834/1422/1374
f 834/1422/1374 455/1433/1385 454/1434/1386
f 834/1422/1374 454/1434/1386 453/1435/1387
f 453/1435/1387 452/1436/1388 834/1422/1374
f 834/1422/1374 452/1436/1388 451/1437/1389
f 834/1422/1374 451/1437/1389 450/1423/1375
f 548/1424/1376 450/1423/1375 549/1438/1390
f 549/1438/1390 450/1423/1375 449/1439/1391
f 549/1438/1390 449/1439/1391 550/1440/1392
f 550/1440/1392 449/1439/1391 448/1441/1393
f 550/1440/1392 448/1441/1393 551/1442/1394
f 551/1442/1394 448/1441/1393 447/1443/1395
f 551/1442/1394 447/1443/1395 552/1444/1396
f 552/1444/1396 447/1443/1395 446/1445/1397
f 552/1444/1396 446/1445/1397 529/1446/1398
f 529/1446/1398 446/1445/1397 445/1447/1399
f 529/1446/1398 445/1447/1399 530/1448/1400
f 530/1448/1400 445/1447/1399 444/1449/1401
f 530/1448/1400 444/1449/1401 531/1450/1402
f 531/1450/1402 444/1449/1401 443/1451/1403
f 531/1450/1402 443/1451/1403 532/1452/1404
f 532/1452/1404 443/1451/1403 442/1453/1405
f 532/1452/1404 442/1453/1405 533/1454/1406
f 533/1454/1406 442/1453/1405 441/1455/1407
f 533/1454/1406 441/1455/1407 534/1456/1408
f 534/1456/1408 441/1455/1407 440/1430/1382
f 534/1456/1408 440/1430/1382 909/1419/1371
f 438/1432/1384 437/1457/1409 839/1426/1378
f 839/1426/1378 437/1457/1409 436/1458/1410
f 839/1426/1378 436/1458/1410 435/1459/1411
f 435/1459/1411 434/1427/1379 839/1426/1378
f 547/1425/1377 546/1460/1412 831/1417/1369
f 831/1417/1369 546/1460/1412 545/1461/1413
f 831/1417/1369 545/1461/1413 544/1462/1414
f 544/1462/1414 543/1463/1415 831/1417/1369
f 831/1417/1369 543/1463/1415 542/1464/1416
f 831/1417/1369 542/1464/1416 541/1465/1417
f 541/1465/1417 540/1418/1370 831/1417/1369
f 538/1421/1373 537/1466/1418 909/1419/1371
f 909/1419/1371 537/1466/1418 536/1467/1419
f 909/1419/1371 536/1467/1419 535/1468/1420
f 535/1468/1420 534/1456/1408 909/1419/1371
f 820/1469/1421 909/1470/1422 821/1471/1423
f 821/1471/1423 909/1470/1422 839/1472/1424
f 921/1473/1425 932/1474/1426 845/1475/1427
f 845/1475/1427 932/1474/1426 933/1476/1428
f 845/1475/1427 933/1476/1428 934/1477/1429
f 845/1475/1427 934/1477/1429 881/1478/1430
f 881/1478/1430 934/1477/1429 935/1479/1431
f 881/1478/1430 935/1479/1431 936/1480/1432
f 936/1480/1432 882/1481/1433 881/1478/1430
f 845/1475/1427 881/1478/1430 846/1482/1434
f 846/1482/1434 881/1478/1430 880/1483/1435
f 846/1482/1434 880/1483/1435 847/1484/1436
f 847/1484/1436 880/1483/1435 879/1485/1437
f 847/1484/1436 879/1485/1437 848/1486/1438
f 848/1486/1438 879/1485/1437 812/1487/1439
f 848/1486/1438 812/1487/1439 829/1488/1440
f 829/1488/1440 812/1487/1439 830/1489/1441
f 830/1489/1441 812/1487/1439 811/1490/1442
f 830/1489/1441 811/1490/1442 809/1491/1443
f 809/1491/1443 811/1490/1442 810/1492/1444
f 819/1493/1445 816/1494/1446 879/1485/1437
f 879/1485/1437 816/1494/1446 815/1495/1447
f 879/1485/1437 815/1495/1447 814/1496/1448
f 818/1497/1449 817/1498/1450 819/1493/1445
f 819/1493/1445 817/1498/1450 816/1494/1446
f 814/1496/1448 813/1499/1451 879/1485/1437
f 879/1485/1437 813/1499/1451 812/1487/1439
f 829/1488/1440 828/1500/1452 848/1486/1438
f 848/1486/1438 828/1500/1452 827/1501/1453
f 848/1486/1438 827/1501/1453 826/1502/1454
f 826/1502/1454 825/1503/1455 848/1486/1438
f 848/1486/1438 825/1503/1455 822/1504/1456
f 822/1504/1456 825/1503/1455 824/1505/1457
f 822/1504/1456 824/1505/1457 823/1506/1458
f 771/1507/1459 164/1508/1460 772/1509/1461
f 772/1509/1461 164/1508/1460 163/1510/1462
f 772/1509/1461 163/1510/1462 162/1511/1463
f 771/1507/1459 770/1512/1464 164/1508/1460
f 164/1508/1460 770/1512/1464 769/1513/1465
f 164/1508/1460 769/1513/1465 165/1514/1466
f 165/1514/1466 769/1513/1465 11/1515/1467
f 165/1514/1466 11/1515/1467 10/1516/1468
f 782/1517/1469 13/1518/1470 769/1513/1465
f 769/1513/1465 13/1518/1470 12/1519/1471
f 769/1513/1465 12/1519/1471 11/1515/1467
f 781/1520/1472 16/1521/1473 782/1517/1469
f 782/1517/1469 16/1521/1473 15/1522/1474
f 782/1517/1469 15/1522/1474 14/1523/1475
f 16/1521/1473 781/1520/1472 17/1524/1476
f 17/1524/1476 781/1520/1472 780/1525/1477
f 17/1524/1476 780/1525/1477 18/1526/1478
f 18/1526/1478 780/1525/1477 19/1527/1479
f 19/1527/1479 780/1525/1477 779/1528/1480
f 19/1527/1479 779/1528/1480 20/1529/1481
f 20/1529/1481 779/1528/1480 778/1530/1482
f 20/1529/1481 778/1530/1482 21/1531/1483
f 21/1531/1483 778/1530/1482 22/1532/1484
f 22/1532/1484 778/1530/1482 777/1533/1485
f 22/1532/1484 777/1533/1485 23/1534/1486
f 23/1534/1486 777/1533/1485 24/1535/1487
f 24/1535/1487 777/1533/1485 1/1536/1488
f 1/1536/1488 777/1533/1485 2/1537/1489
f 2/1537/1489 777/1533/1485 355/1538/1490
f 2/1537/1489 355/1538/1490 354/1539/1491
f 777/1533/1485 883/1540/1492 355/1538/1490
f 355/1538/1490 883/1540/1492 356/1541/1493
f 356/1541/1493 883/1540/1492 357/1542/1494
f 357/1542/1494 883/1540/1492 358/1543/1495
f 358/1543/1495 883/1540/1492 359/1544/1496
f 359/1544/1496 883/1540/1492 360/1545/1497
f 360/1545/1497 883/1540/1492 337/1546/1498
f 337/1546/1498 883/1540/1492 338/1547/1499
f 338/1547/1499 883/1540/1492 339/1548/1500
f 339/1548/1500 883/1540/1492 882/1549/1433
f 339/1548/1500 882/1549/1433 340/1550/1501
f 340/1550/1501 882/1549/1433 341/1551/1502
f 341/1551/1502 882/1549/1433 342/1552/1503
f 342/1552/1503 882/1549/1433 343/1553/1504
f 343/1553/1504 882/1549/1433 264/1554/1505
f 343/1553/1504 264/1554/1505 344/1555/1506
f 344/1555/1506 264/1554/1505 263/1556/1507
f 344/1555/1506 263/1556/1507 345/1557/1508
f 345/1557/1508 263/1556/1507 262/1558/1509
f 345/1557/1508 262/1558/1509 346/1559/1510
f 346/1559/1510 262/1558/1509 261/1560/1511
f 346/1559/1510 261/1560/1511 347/1561/1512
f 347/1561/1512 261/1560/1511 260/1562/1513
f 347/1561/1512 260/1562/1513 348/1563/1514
f 348/1563/1514 260/1562/1513 259/1564/1515
f 348/1563/1514 259/1564/1515 349/1565/1516
f 349/1565/1516 259/1564/1515 145/1566/1517
f 349/1565/1516 145/1566/1517 7/1567/1518
f 7/1567/1518 145/1566/1517 168/1568/1519
f 7/1567/1518 168/1568/1519 8/1569/1520
f 8/1569/1520 168/1568/1519 167/1570/1521
f 8/1569/1520 167/1570/1521 9/1571/1522
f 9/1571/1522 167/1570/1521 166/1572/1523
f 9/1571/1522 166/1572/1523 10/1516/1468
f 10/1516/1468 166/1572/1523 165/1514/1466
f 936/1573/1432 243/1574/1524 882/1549/1433
f 882/1549/1433 243/1574/1524 242/1575/1525
f 882/1549/1433 242/1575/1525 241/1576/1526
f 935/1577/1527 246/1578/1528 936/1573/1432
f 936/1573/1432 246/1578/1528 245/1579/1529
f 936/1573/1432 245/1579/1529 244/1580/1530
f 246/1578/1528 935/1577/1527 247/1581/1531
f 247/1581/1531 935/1577/1527 934/1582/1532
f 247/1581/1531 934/1582/1532 933/1583/1533
f 247/1581/1531 933/1583/1533 248/1584/1534
f 248/1584/1534 933/1583/1533 932/1585/1426
f 248/1584/1534 932/1585/1426 249/1586/1535
f 249/1586/1535 932/1585/1426 250/1587/1536
f 250/1587/1536 932/1585/1426 251/1588/1537
f 251/1588/1537 932/1585/1426 252/1589/1538
f 252/1589/1538 932/1585/1426 921/1590/1425
f 252/1589/1538 921/1590/1425 253/1591/1539
f 253/1591/1539 921/1590/1425 151/1592/1540
f 253/1591/1539 151/1592/1540 254/1593/1541
f 254/1593/1541 151/1592/1540 150/1594/1542
f 254/1593/1541 150/1594/1542 255/1595/1543
f 255/1595/1543 150/1594/1542 149/1596/1544
f 255/1595/1543 149/1596/1544 256/1597/1545
f 256/1597/1545 149/1596/1544 148/1598/1546
f 256/1597/1545 148/1598/1546 257/1599/1547
f 257/1599/1547 148/1598/1546 147/1600/1548
f 257/1599/1547 147/1600/1548 258/1601/1549
f 258/1601/1549 147/1600/1548 146/1602/1550
f 258/1601/1549 146/1602/1550 259/1564/1515
f 259/1564/1515 146/1602/1550 145/1566/1517
f 772/1509/1461 157/1603/1551 921/1590/1425
f 921/1590/1425 157/1603/1551 156/1604/1552
f 921/1590/1425 156/1604/1552 155/1605/1553
f 14/1523/1475 13/1518/1470 782/1517/1469
f 349/1565/1516 7/1567/1518 350/1606/1554
f 350/1606/1554 7/1567/1518 6/1607/1555
f 350/1606/1554 6/1607/1555 351/1608/1556
f 351/1608/1556 6/1607/1555 5/1609/1557
f 351/1608/1556 5/1609/1557 352/1610/1558
f 352/1610/1558 5/1609/1557 4/1611/1559
f 352/1610/1558 4/1611/1559 353/1612/1560
f 353/1612/1560 4/1611/1559 3/1613/1561
f 353/1612/1560 3/1613/1561 354/1539/1491
f 354/1539/1491 3/1613/1561 2/1537/1489
f 162/1511/1463 161/1614/1562 772/1509/1461
f 772/1509/1461 161/1614/1562 160/1615/1563
f 772/1509/1461 160/1615/1563 159/1616/1564
f 159/1616/1564 158/1617/1565 772/1509/1461
f 772/1509/1461 158/1617/1565 157/1603/1551
f 155/1605/1553 154/1618/1566 921/1590/1425
f 921/1590/1425 154/1618/1566 153/1619/1567
f 921/1590/1425 153/1619/1567 152/1620/1568
f 152/1620/1568 151/1592/1540 921/1590/1425
f 241/1576/1526 264/1554/1505 882/1549/1433
f 244/1580/1530 243/1574/1524 936/1573/1432
f 769/1621/770 776/1622/769 782/1623/788
f 782/1623/788 776/1622/769 783/1624/787
f 931/1625/1569 930/1626/1570 885/1627/1571
f 885/1627/1571 930/1626/1570 886/1628/1572
f 886/1628/1572 930/1626/1570 929/1629/1573
f 886/1628/1572 929/1629/1573 887/1630/1574
f 887/1630/1574 929/1629/1573 928/1631/1575
f 887/1630/1574 928/1631/1575 888/1632/1576
f 888/1632/1576 928/1631/1575 927/1633/1577
f 888/1632/1576 927/1633/1577 889/1634/1578
f 889/1634/1578 927/1633/1577 926/1635/1579
f 889/1634/1578 926/1635/1579 890/1636/1580
f 890/1636/1580 926/1635/1579 925/1637/1581
f 890/1636/1580 925/1637/1581 891/1638/1582
f 891/1638/1582 925/1637/1581 892/1639/1583
f 892/1639/1583 925/1637/1581 924/1640/1584
f 892/1639/1583 924/1640/1584 893/1641/1585
f 893/1641/1585 924/1640/1584 923/1642/1586
f 893/1641/1585 923/1642/1586 894/1643/1587
f 894/1643/1587 923/1642/1586 922/1644/1588
f 894/1643/1587 922/1644/1588 895/1645/1589
f 895/1645/1589 922/1644/1588 910/1646/1233
f 895/1645/1589 910/1646/1233 896/1647/1234
f 777/1648/778 788/1649/777 883/1650/1590
f 883/1650/1590 788/1649/777 884/1651/1591
f 775/1652/1592 174/1653/1593 776/1654/1594
f 776/1654/1594 174/1653/1593 173/1655/1595
f 776/1654/1594 173/1655/1595 39/1656/1596
f 39/1656/1596 173/1655/1595 40/1657/1597
f 40/1657/1597 173/1655/1595 172/1658/1598
f 40/1657/1597 172/1658/1598 41/1659/1599
f 41/1659/1599 172/1658/1598 171/1660/1600
f 41/1659/1599 171/1660/1600 42/1661/1601
f 42/1661/1601 171/1660/1600 170/1662/1602
f 42/1661/1601 170/1662/1602 43/1663/1603
f 43/1663/1603 170/1662/1602 372/1664/1604
f 43/1663/1603 372/1664/1604 44/1665/1605
f 44/1665/1605 372/1664/1604 371/1666/1606
f 44/1665/1605 371/1666/1606 45/1667/1607
f 45/1667/1607 371/1666/1606 370/1668/1608
f 45/1667/1607 370/1668/1608 46/1669/1609
f 46/1669/1609 370/1668/1608 369/1670/1610
f 46/1669/1609 369/1670/1610 47/1671/1611
f 47/1671/1611 369/1670/1610 368/1672/1612
f 47/1671/1611 368/1672/1612 48/1673/1613
f 48/1673/1613 368/1672/1612 367/1674/1614
f 48/1673/1613 367/1674/1614 788/1675/1615
f 788/1675/1615 367/1674/1614 884/1676/1616
f 884/1676/1616 367/1674/1614 366/1677/1617
f 884/1676/1616 366/1677/1617 365/1678/1618
f 775/1652/1592 774/1679/1619 174/1653/1593
f 174/1653/1593 774/1679/1619 773/1680/1620
f 174/1653/1593 773/1680/1620 175/1681/1621
f 175/1681/1621 773/1680/1620 176/1682/1622
f 176/1682/1622 773/1680/1620 177/1683/1623
f 177/1683/1623 773/1680/1620 178/1684/1624
f 178/1684/1624 773/1680/1620 179/1685/1625
f 179/1685/1625 773/1680/1620 180/1686/1626
f 180/1686/1626 773/1680/1620 181/1687/1627
f 181/1687/1627 773/1680/1620 931/1688/1569
f 181/1687/1627 931/1688/1569 182/1689/1628
f 182/1689/1628 931/1688/1569 183/1690/1629
f 183/1690/1629 931/1688/1569 184/1691/1630
f 184/1691/1630 931/1688/1569 185/1692/1631
f 185/1692/1631 931/1688/1569 186/1693/1632
f 186/1693/1632 931/1688/1569 187/1694/1633
f 187/1694/1633 931/1688/1569 277/1695/1634
f 187/1694/1633 277/1695/1634 276/1696/1635
f 885/1697/1571 283/1698/1636 931/1688/1569
f 931/1688/1569 283/1698/1636 282/1699/1637
f 931/1688/1569 282/1699/1637 281/1700/1638
f 884/1676/1616 383/1701/1639 885/1697/1571
f 885/1697/1571 383/1701/1639 382/1702/1640
f 885/1697/1571 382/1702/1640 381/1703/1641
f 787/1704/1642 28/1705/1643 788/1675/1615
f 788/1675/1615 28/1705/1643 27/1706/1644
f 788/1675/1615 27/1706/1644 26/1707/1645
f 786/1708/1646 30/1709/1647 787/1704/1642
f 787/1704/1642 30/1709/1647 29/1710/1648
f 787/1704/1642 29/1710/1648 28/1705/1643
f 30/1709/1647 786/1708/1646 31/1711/1649
f 31/1711/1649 786/1708/1646 785/1712/1650
f 31/1711/1649 785/1712/1650 32/1713/1651
f 32/1713/1651 785/1712/1650 33/1714/1652
f 33/1714/1652 785/1712/1650 784/1715/1653
f 33/1714/1652 784/1715/1653 34/1716/1654
f 34/1716/1654 784/1715/1653 783/1717/1655
f 34/1716/1654 783/1717/1655 35/1718/1656
f 35/1718/1656 783/1717/1655 36/1719/1657
f 36/1719/1657 783/1717/1655 37/1720/1658
f 37/1720/1658 783/1717/1655 776/1654/1594
f 37/1720/1658 776/1654/1594 38/1721/1659
f 38/1721/1659 776/1654/1594 39/1656/1596
f 26/1707/1645 25/1722/1660 788/1675/1615
f 788/1675/1615 25/1722/1660 48/1673/1613
f 192/1723/1661 374/1724/1662 169/1725/1663
f 169/1725/1663 374/1724/1662 373/1726/1664
f 169/1725/1663 373/1726/1664 170/1662/1602
f 170/1662/1602 373/1726/1664 372/1664/1604
f 191/1727/1665 272/1728/1666 192/1723/1661
f 192/1723/1661 272/1728/1666 271/1729/1667
f 192/1723/1661 271/1729/1667 374/1724/1662
f 374/1724/1662 271/1729/1667 270/1730/1668
f 374/1724/1662 270/1730/1668 375/1731/1669
f 375/1731/1669 270/1730/1668 269/1732/1670
f 375/1731/1669 269/1732/1670 376/1733/1671
f 376/1733/1671 269/1732/1670 268/1734/1672
f 376/1733/1671 268/1734/1672 377/1735/1673
f 377/1735/1673 268/1734/1672 267/1736/1674
f 377/1735/1673 267/1736/1674 378/1737/1675
f 378/1737/1675 267/1736/1674 266/1738/1676
f 378/1737/1675 266/1738/1676 379/1739/1677
f 379/1739/1677 266/1738/1676 885/1697/1571
f 379/1739/1677 885/1697/1571 380/1740/1678
f 380/1740/1678 885/1697/1571 381/1703/1641
f 272/1728/1666 191/1727/1665 273/1741/1679
f 273/1741/1679 191/1727/1665 190/1742/1680
f 273/1741/1679 190/1742/1680 274/1743/1681
f 274/1743/1681 190/1742/1680 189/1744/1682
f 274/1743/1681 189/1744/1682 275/1745/1683
f 275/1745/1683 189/1744/1682 188/1746/1684
f 275/1745/1683 188/1746/1684 276/1696/1635
f 276/1696/1635 188/1746/1684 187/1694/1633
f 266/1738/1676 265/1747/1685 885/1697/1571
f 885/1697/1571 265/1747/1685 288/1748/1686
f 885/1697/1571 288/1748/1686 287/1749/1687
f 287/1749/1687 286/1750/1688 885/1697/1571
f 885/1697/1571 286/1750/1688 285/1751/1689
f 885/1697/1571 285/1751/1689 284/1752/1690
f 284/1752/1690 283/1698/1636 885/1697/1571
f 281/1700/1638 280/1753/1691 931/1688/1569
f 931/1688/1569 280/1753/1691 279/1754/1692
f 931/1688/1569 279/1754/1692 278/1755/1693
f 278/1755/1693 277/1695/1634 931/1688/1569
f 362/1756/1694 361/1757/1695 884/1676/1616
f 884/1676/1616 361/1757/1695 384/1758/1696
f 884/1676/1616 384/1758/1696 383/1701/1639
f 365/1678/1618 364/1759/1697 884/1676/1616
f 884/1676/1616 364/1759/1697 363/1760/1698
f 884/1676/1616 363/1760/1698 362/1756/1694
f 696/1761/1699 746/1762/1700 673/1763/1701
f 673/1763/1701 746/1762/1700 745/1764/1702
f 673/1763/1701 745/1764/1702 674/1765/1703
f 674/1765/1703 745/1764/1702 768/1766/1704
f 674/1765/1703 768/1766/1704 767/1767/1705
f 746/1762/1700 696/1761/1699 747/1768/1706
f 747/1768/1706 696/1761/1699 695/1769/1707
f 747/1768/1706 695/1769/1707 748/1770/1708
f 748/1770/1708 695/1769/1707 694/1771/1709
f 748/1770/1708 694/1771/1709 749/1772/1710
f 749/1772/1710 694/1771/1709 693/1773/1711
f 749/1772/1710 693/1773/1711 750/1774/1712
f 750/1774/1712 693/1773/1711 692/1775/1713
f 750/1774/1712 692/1775/1713 751/1776/1714
f 751/1776/1714 692/1775/1713 691/1777/1715
f 751/1776/1714 691/1777/1715 690/1778/1716
f 751/1776/1714 690/1778/1716 752/1779/1717
f 752/1779/1717 690/1778/1716 689/1780/1718
f 752/1779/1717 689/1780/1718 753/1781/1719
f 753/1781/1719 689/1780/1718 688/1782/1720
f 753/1781/1719 688/1782/1720 754/1783/1721
f 754/1783/1721 688/1782/1720 687/1784/1722
f 754/1783/1721 687/1784/1722 755/1785/1723
f 755/1785/1723 687/1784/1722 686/1786/1724
f 755/1785/1723 686/1786/1724 756/1787/1725
f 756/1787/1725 686/1786/1724 685/1788/1726
f 756/1787/1725 685/1788/1726 757/1789/1727
f 757/1789/1727 685/1788/1726 758/1790/1728
f 758/1790/1728 685/1788/1726 684/1791/1729
f 758/1790/1728 684/1791/1729 759/1792/1730
f 759/1792/1730 684/1791/1729 683/1793/1731
f 759/1792/1730 683/1793/1731 760/1794/1732
f 760/1794/1732 683/1793/1731 682/1795/1733
f 760/1794/1732 682/1795/1733 761/1796/1734
f 761/1796/1734 682/1795/1733 681/1797/1735
f 761/1796/1734 681/1797/1735 762/1798/1736
f 762/1798/1736 681/1797/1735 680/1799/1737
f 762/1798/1736 680/1799/1737 763/1800/1738
f 763/1800/1738 680/1799/1737 679/1801/1739
f 763/1800/1738 679/1801/1739 678/1802/1740
f 763/1800/1738 678/1802/1740 764/1803/1741
f 764/1803/1741 678/1802/1740 677/1804/1742
f 764/1803/1741 677/1804/1742 765/1805/1743
f 765/1805/1743 677/1804/1742 676/1806/1744
f 765/1805/1743 676/1806/1744 766/1807/1745
f 766/1807/1745 676/1806/1744 675/1808/1746
f 766/1807/1745 675/1808/1746 767/1767/1705
f 767/1767/1705 675/1808/1746 674/1765/1703
f 600/1809/1747 650/1810/1748 577/1811/1749
f 577/1811/1749 650/1810/1748 649/1812/1750
f 577/1811/1749 649/1812/1750 578/1813/1751
f 578/1813/1751 649/1812/1750 672/1814/1752
f 578/1813/1751 672/1814/1752 671/1815/1753
f 650/1810/1748 600/1809/1747 651/1816/1754
f 651/1816/1754 600/1809/1747 599/1817/1755
f 651/1816/1754 599/1817/1755 652/1818/1756
f 652/1818/1756 599/1817/1755 598/1819/1757
f 652/1818/1756 598/1819/1757 653/1820/1758
f 653/1820/1758 598/1819/1757 597/1821/1759
f 653/1820/1758 597/1821/1759 654/1822/1760
f 654/1822/1760 597/1821/1759 596/1823/1761
f 654/1822/1760 596/1823/1761 655/1824/1762
f 655/1824/1762 596/1823/1761 595/1825/1763
f 655/1824/1762 595/1825/1763 594/1826/1764
f 655/1824/1762 594/1826/1764 656/1827/1765
f 656/1827/1765 594/1826/1764 593/1828/1766
f 656/1827/1765 593/1828/1766 657/1829/1767
f 657/1829/1767 593/1828/1766 592/1830/1768
f 657/1829/1767 592/1830/1768 658/1831/1769
f 658/1831/1769 592/1830/1768 591/1832/1770
f 658/1831/1769 591/1832/1770 659/1833/1771
f 659/1833/1771 591/1832/1770 590/1834/1772
f 659/1833/1771 590/1834/1772 660/1835/1773
f 660/1835/1773 590/1834/1772 589/1836/1774
f 660/1835/1773 589/1836/1774 661/1837/1775
f 661/1837/1775 589/1836/1774 662/1838/1776
f 662/1838/1776 589/1836/1774 588/1839/1777
f 662/1838/1776 588/1839/1777 663/1840/1778
f 663/1840/1778 588/1839/1777 587/1841/1779
f 663/1840/1778 587/1841/1779 664/1842/1780
f 664/1842/1780 587/1841/1779 586/1843/1781
f 664/1842/1780 586/1843/1781 665/1844/1782
f 665/1844/1782 586/1843/1781 585/1845/1783
f 665/1844/1782 585/1845/1783 666/1846/1784
f 666/1846/1784 585/1845/1783 584/1847/1785
f 666/1846/1784 584/1847/1785 667/1848/1786
f 667/1848/1786 584/1847/1785 583/1849/1787
f 667/1848/1786 583/1849/1787 582/1850/1788
f 667/1848/1786 582/1850/1788 668/1851/1789
f 668/1851/1789 582/1850/1788 581/1852/1790
f 668/1851/1789 581/1852/1790 669/1853/1791
f 669/1853/1791 581/1852/1790 580/1854/1792
f 669/1853/1791 580/1854/1792 670/1855/1793
f 670/1855/1793 580/1854/1792 579/1856/1794
f 670/1855/1793 579/1856/1794 671/1815/1753
f 671/1815/1753 579/1856/1794 578/1813/1751
f 504/1857/1795 554/1858/1796 481/1859/1797
f 481/1859/1797 554/1858/1796 553/1860/1798
f 481/1859/1797 553/1860/1798 482/1861/1799
f 482/1861/1799 553/1860/1798 576/1862/1800
f 482/1861/1799 576/1862/1800 575/1863/1801
f 554/1858/1796 504/1857/1795 555/1864/1802
f 555/1864/1802 504/1857/1795 503/1865/1803
f 555/1864/1802 503/1865/1803 556/1866/1804
f 556/1866/1804 503/1865/1803 502/1867/1805
f 556/1866/1804 502/1867/1805 557/1868/1806
f 557/1868/1806 502/1867/1805 501/1869/1807
f 557/1868/1806 501/1869/1807 558/1870/1808
f 558/1870/1808 501/1869/1807 500/1871/1809
f 558/1870/1808 500/1871/1809 559/1872/1810
f 559/1872/1810 500/1871/1809 499/1873/1811
f 559/1872/1810 499/1873/1811 498/1874/1812
f 559/1872/1810 498/1874/1812 560/1875/1813
f 560/1875/1813 498/1874/1812 497/1876/1814
f 560/1875/1813 497/1876/1814 561/1877/1815
f 561/1877/1815 497/1876/1814 496/1878/1816
f 561/1877/1815 496/1878/1816 562/1879/1817
f 562/1879/1817 496/1878/1816 495/1880/1818
f 562/1879/1817 495/1880/1818 563/1881/1819
f 563/1881/1819 495/1880/1818 494/1882/1820
f 563/1881/1819 494/1882/1820 564/1883/1821
f 564/1883/1821 494/1882/1820 493/1884/1822
f 564/1883/1821 493/1884/1822 565/1885/1823
f 565/1885/1823 493/1884/1822 566/1886/1824
f 566/1886/1824 493/1884/1822 492/1887/1825
f 566/1886/1824 492/1887/1825 567/1888/1826
f 567/1888/1826 492/1887/1825 491/1889/1827
f 567/1888/1826 491/1889/1827 568/1890/1828
f 568/1890/1828 491/1889/1827 490/1891/1829
f 568/1890/1828 490/1891/1829 569/1892/1830
f 569/1892/1830 490/1891/1829 489/1893/1831
f 569/1892/1830 489/1893/1831 570/1894/1832
f 570/1894/1832 489/1893/1831 488/1895/1833
f 570/1894/1832 488/1895/1833 571/1896/1834
f 571/1896/1834 488/1895/1833 487/1897/1835
f 571/1896/1834 487/1897/1835 486/1898/1836
f 571/1896/1834 486/1898/1836 572/1899/1837
f 572/1899/1837 486/1898/1836 485/1900/1838
f 572/1899/1837 485/1900/1838 573/1901/1839
f 573/1901/1839 485/1900/1838 484/1902/1840
f 573/1901/1839 484/1902/1840 574/1903/1841
f 574/1903/1841 484/1902/1840 483/1904/1842
f 574/1903/1841 483/1904/1842 575/1863/1801
f 575/1863/1801 483/1904/1842 482/1861/1799
f 408/1905/1843 458/1906/1844 385/1907/1845
f 385/1907/1845 458/1906/1844 457/1908/1846
f 385/1907/1845 457/1908/1846 386/1909/1847
f 386/1909/1847 457/1908/1846 480/1910/1848
f 386/1909/1847 480/1910/1848 479/1911/1849
f 458/1906/1844 408/1905/1843 459/1912/1850
f 459/1912/1850 408/1905/1843 407/1913/1851
f 459/1912/1850 407/1913/1851 460/1914/1852
f 460/1914/1852 407/1913/1851 406/1915/1853
f 460/1914/1852 406/1915/1853 461/1916/1854
f 461/1916/1854 406/1915/1853 405/1917/1855
f 461/1916/1854 405/1917/1855 462/1918/1856
f 462/1918/1856 405/1917/1855 404/1919/1857
f 462/1918/1856 404/1919/1857 463/1920/1858
f 463/1920/1858 404/1919/1857 403/1921/1859
f 463/1920/1858 403/1921/1859 402/1922/1860
f 463/1920/1858 402/1922/1860 464/1923/1861
f 464/1923/1861 402/1922/1860 401/1924/1862
f 464/1923/1861 401/1924/1862 465/1925/1863
f 465/1925/1863 401/1924/1862 400/1926/1864
f 465/1925/1863 400/1926/1864 466/1927/1865
f 466/1927/1865 400/1926/1864 399/1928/1866
f 466/1927/1865 399/1928/1866 467/1929/1867
f 467/1929/1867 399/1928/1866 398/1930/1868
f 467/1929/1867 398/1930/1868 468/1931/1869
f 468/1931/1869 398/1930/1868 397/1932/1870
f 468/1931/1869 397/1932/1870 469/1933/1871
f 469/1933/1871 397/1932/1870 470/1934/1872
f 470/1934/1872 397/1932/1870 396/1935/1873
f 470/1934/1872 396/1935/1873 471/1936/1874
f 471/1936/1874 396/1935/1873 395/1937/1875
f 471/1936/1874 395/1937/1875 472/1938/1876
f 472/1938/1876 395/1937/1875 394/1939/1877
f 472/1938/1876 394/1939/1877 473/1940/1878
f 473/1940/1878 394/1939/1877 393/1941/1879
f 473/1940/1878 393/1941/1879 474/1942/1880
f 474/1942/1880 393/1941/1879 392/1943/1881
f 474/1942/1880 392/1943/1881 475/1944/1882
f 475/1944/1882 392/1943/1881 391/1945/1883
f 475/1944/1882 391/1945/1883 390/1946/1884
f 475/1944/1882 390/1946/1884 476/1947/1885
f 476/1947/1885 390/1946/1884 389/1948/1886
f 476/1947/1885 389/1948/1886 477/1949/1887
f 477/1949/1887 389/1948/1886 388/1950/1888
f 477/1949/1887 388/1950/1888 478/1951/1889
f 478/1951/1889 388/1950/1888 387/1952/1890
f 478/1951/1889 387/1952/1890 479/1911/1849
f 479/1911/1849 387/1952/1890 386/1909/1847
# 936 vertices
# 1952 texture params
# 1890 normals
# 1916 facets

# 1 groups
