# WaveFront *.obj file (generated by Autodesk ATF)

mtllib Follower_Gripper_Moving_Part.mtl

g Körper1

v -0.462832 23.881498 -0.145744
v -0.493891 23.881498 -0.141655
v -0.522832 23.881498 -0.129667
v -0.547685 23.881498 -0.110597
v -0.566755 23.881498 -0.085744
v -0.578743 23.881498 -0.056802
v -0.582832 23.881498 -0.025744
v -0.578743 23.881498 0.005314
v -0.566755 23.881498 0.034256
v -0.547685 23.881498 0.059109
v -0.522832 23.881498 0.078179
v -0.493891 23.881498 0.090167
v -0.462832 23.881498 0.094256
v -0.431774 23.881498 0.090167
v -0.402832 23.881498 0.078179
v -0.377980 23.881498 0.059109
v -0.358909 23.881498 0.034256
v -0.346921 23.881498 0.005314
v -0.342832 23.881498 -0.025744
v -0.346921 23.881498 -0.056802
v -0.358909 23.881498 -0.085744
v -0.377980 23.881498 -0.110597
v -0.402832 23.881498 -0.129667
v -0.431774 23.881498 -0.141655
v -0.462832 23.581498 -0.145744
v -0.431774 23.581498 -0.141655
v -0.402832 23.581498 -0.129667
v -0.377980 23.581498 -0.110597
v -0.358909 23.581498 -0.085744
v -0.346921 23.581498 -0.056802
v -0.342832 23.581498 -0.025744
v -0.346921 23.581498 0.005314
v -0.358909 23.581498 0.034256
v -0.377980 23.581498 0.059109
v -0.402832 23.581498 0.078179
v -0.431774 23.581498 0.090167
v -0.462832 23.581498 0.094256
v -0.493891 23.581498 0.090167
v -0.522832 23.581498 0.078179
v -0.547685 23.581498 0.059109
v -0.566755 23.581498 0.034256
v -0.578743 23.581498 0.005314
v -0.582832 23.581498 -0.025744
v -0.578743 23.581498 -0.056802
v -0.566755 23.581498 -0.085744
v -0.547685 23.581498 -0.110597
v -0.522832 23.581498 -0.129667
v -0.493891 23.581498 -0.141655
v -0.462832 20.631498 -0.145744
v -0.493891 20.631498 -0.141655
v -0.522832 20.631498 -0.129667
v -0.547685 20.631498 -0.110597
v -0.566755 20.631498 -0.085744
v -0.578743 20.631498 -0.056802
v -0.582832 20.631498 -0.025744
v -0.578743 20.631498 0.005314
v -0.566755 20.631498 0.034256
v -0.547685 20.631498 0.059109
v -0.522832 20.631498 0.078179
v -0.493891 20.631498 0.090167
v -0.462832 20.631498 0.094256
v -0.431774 20.631498 0.090167
v -0.402832 20.631498 0.078179
v -0.377980 20.631498 0.059109
v -0.358909 20.631498 0.034256
v -0.346921 20.631498 0.005314
v -0.342832 20.631498 -0.025744
v -0.346921 20.631498 -0.056802
v -0.358909 20.631498 -0.085744
v -0.377980 20.631498 -0.110597
v -0.402832 20.631498 -0.129667
v -0.431774 20.631498 -0.141655
v -0.462832 20.331498 -0.145744
v -0.431774 20.331498 -0.141655
v -0.402832 20.331498 -0.129667
v -0.377980 20.331498 -0.110597
v -0.358909 20.331498 -0.085744
v -0.346921 20.331498 -0.056802
v -0.342832 20.331498 -0.025744
v -0.346921 20.331498 0.005314
v -0.358909 20.331498 0.034256
v -0.377980 20.331498 0.059109
v -0.402832 20.331498 0.078179
v -0.431774 20.331498 0.090167
v -0.462832 20.331498 0.094256
v -0.493891 20.331498 0.090167
v -0.522832 20.331498 0.078179
v -0.547685 20.331498 0.059109
v -0.566755 20.331498 0.034256
v -0.578743 20.331498 0.005314
v -0.582832 20.331498 -0.025744
v -0.578743 20.331498 -0.056802
v -0.566755 20.331498 -0.085744
v -0.547685 20.331498 -0.110597
v -0.522832 20.331498 -0.129667
v -0.493891 20.331498 -0.141655
v 0.137128 23.881498 0.454256
v 0.106070 23.881498 0.458345
v 0.077128 23.881498 0.470333
v 0.052275 23.881498 0.489403
v 0.033205 23.881498 0.514256
v 0.021217 23.881498 0.543198
v 0.017128 23.881498 0.574256
v 0.021217 23.881498 0.605314
v 0.033205 23.881498 0.634256
v 0.052275 23.881498 0.659109
v 0.077128 23.881498 0.678179
v 0.106070 23.881498 0.690167
v 0.137128 23.881498 0.694256
v 0.168186 23.881498 0.690167
v 0.197128 23.881498 0.678179
v 0.221981 23.881498 0.659109
v 0.241051 23.881498 0.634256
v 0.253039 23.881498 0.605314
v 0.257128 23.881498 0.574256
v 0.253039 23.881498 0.543198
v 0.241051 23.881498 0.514256
v 0.221981 23.881498 0.489403
v 0.197128 23.881498 0.470333
v 0.168186 23.881498 0.458345
v 0.137128 23.581498 0.454256
v 0.168186 23.581498 0.458345
v 0.197128 23.581498 0.470333
v 0.221981 23.581498 0.489403
v 0.241051 23.581498 0.514256
v 0.253039 23.581498 0.543198
v 0.257128 23.581498 0.574256
v 0.253039 23.581498 0.605314
v 0.241051 23.581498 0.634256
v 0.221981 23.581498 0.659109
v 0.197128 23.581498 0.678179
v 0.168186 23.581498 0.690167
v 0.137128 23.581498 0.694256
v 0.106070 23.581498 0.690167
v 0.077128 23.581498 0.678179
v 0.052275 23.581498 0.659109
v 0.033205 23.581498 0.634256
v 0.021217 23.581498 0.605314
v 0.017128 23.581498 0.574256
v 0.021217 23.581498 0.543198
v 0.033205 23.581498 0.514256
v 0.052275 23.581498 0.489403
v 0.077128 23.581498 0.470333
v 0.106070 23.581498 0.458345
v 0.137128 20.631498 0.454256
v 0.106070 20.631498 0.458345
v 0.077128 20.631498 0.470333
v 0.052275 20.631498 0.489403
v 0.033205 20.631498 0.514256
v 0.021217 20.631498 0.543198
v 0.017128 20.631498 0.574256
v 0.021217 20.631498 0.605314
v 0.033205 20.631498 0.634256
v 0.052275 20.631498 0.659109
v 0.077128 20.631498 0.678179
v 0.106070 20.631498 0.690167
v 0.137128 20.631498 0.694256
v 0.168186 20.631498 0.690167
v 0.197128 20.631498 0.678179
v 0.221981 20.631498 0.659109
v 0.241051 20.631498 0.634256
v 0.253039 20.631498 0.605314
v 0.257128 20.631498 0.574256
v 0.253039 20.631498 0.543198
v 0.241051 20.631498 0.514256
v 0.221981 20.631498 0.489403
v 0.197128 20.631498 0.470333
v 0.168186 20.631498 0.458345
v 0.137128 20.331498 0.454256
v 0.168186 20.331498 0.458345
v 0.197128 20.331498 0.470333
v 0.221981 20.331498 0.489403
v 0.241051 20.331498 0.514256
v 0.253039 20.331498 0.543198
v 0.257128 20.331498 0.574256
v 0.253039 20.331498 0.605314
v 0.241051 20.331498 0.634256
v 0.221981 20.331498 0.659109
v 0.197128 20.331498 0.678179
v 0.168186 20.331498 0.690167
v 0.137128 20.331498 0.694256
v 0.106070 20.331498 0.690167
v 0.077128 20.331498 0.678179
v 0.052275 20.331498 0.659109
v 0.033205 20.331498 0.634256
v 0.021217 20.331498 0.605314
v 0.017128 20.331498 0.574256
v 0.021217 20.331498 0.543198
v 0.033205 20.331498 0.514256
v 0.052275 20.331498 0.489403
v 0.077128 20.331498 0.470333
v 0.106070 20.331498 0.458345
v -0.462832 23.881498 1.054256
v -0.493891 23.881498 1.058345
v -0.522832 23.881498 1.070333
v -0.547685 23.881498 1.089403
v -0.566755 23.881498 1.114256
v -0.578743 23.881498 1.143198
v -0.582832 23.881498 1.174256
v -0.578743 23.881498 1.205314
v -0.566755 23.881498 1.234256
v -0.547685 23.881498 1.259109
v -0.522832 23.881498 1.278179
v -0.493891 23.881498 1.290167
v -0.462832 23.881498 1.294256
v -0.431774 23.881498 1.290167
v -0.402832 23.881498 1.278179
v -0.377980 23.881498 1.259109
v -0.358909 23.881498 1.234256
v -0.346921 23.881498 1.205314
v -0.342832 23.881498 1.174256
v -0.346921 23.881498 1.143198
v -0.358909 23.881498 1.114256
v -0.377980 23.881498 1.089403
v -0.402832 23.881498 1.070333
v -0.431774 23.881498 1.058345
v -0.462832 23.581498 1.054256
v -0.431774 23.581498 1.058345
v -0.402832 23.581498 1.070333
v -0.377980 23.581498 1.089403
v -0.358909 23.581498 1.114256
v -0.346921 23.581498 1.143198
v -0.342832 23.581498 1.174256
v -0.346921 23.581498 1.205314
v -0.358909 23.581498 1.234256
v -0.377980 23.581498 1.259109
v -0.402832 23.581498 1.278179
v -0.431774 23.581498 1.290167
v -0.462832 23.581498 1.294256
v -0.493891 23.581498 1.290167
v -0.522832 23.581498 1.278179
v -0.547685 23.581498 1.259109
v -0.566755 23.581498 1.234256
v -0.578743 23.581498 1.205314
v -0.582832 23.581498 1.174256
v -0.578743 23.581498 1.143198
v -0.566755 23.581498 1.114256
v -0.547685 23.581498 1.089403
v -0.522832 23.581498 1.070333
v -0.493891 23.581498 1.058345
v -0.462832 20.631498 1.054256
v -0.493891 20.631498 1.058345
v -0.522832 20.631498 1.070333
v -0.547685 20.631498 1.089403
v -0.566755 20.631498 1.114256
v -0.578743 20.631498 1.143198
v -0.582832 20.631498 1.174256
v -0.578743 20.631498 1.205314
v -0.566755 20.631498 1.234256
v -0.547685 20.631498 1.259109
v -0.522832 20.631498 1.278179
v -0.493891 20.631498 1.290167
v -0.462832 20.631498 1.294256
v -0.431774 20.631498 1.290167
v -0.402832 20.631498 1.278179
v -0.377980 20.631498 1.259109
v -0.358909 20.631498 1.234256
v -0.346921 20.631498 1.205314
v -0.342832 20.631498 1.174256
v -0.346921 20.631498 1.143198
v -0.358909 20.631498 1.114256
v -0.377980 20.631498 1.089403
v -0.402832 20.631498 1.070333
v -0.431774 20.631498 1.058345
v -0.462832 20.331498 1.054256
v -0.431774 20.331498 1.058345
v -0.402832 20.331498 1.070333
v -0.377980 20.331498 1.089403
v -0.358909 20.331498 1.114256
v -0.346921 20.331498 1.143198
v -0.342832 20.331498 1.174256
v -0.346921 20.331498 1.205314
v -0.358909 20.331498 1.234256
v -0.377980 20.331498 1.259109
v -0.402832 20.331498 1.278179
v -0.431774 20.331498 1.290167
v -0.462832 20.331498 1.294256
v -0.493891 20.331498 1.290167
v -0.522832 20.331498 1.278179
v -0.547685 20.331498 1.259109
v -0.566755 20.331498 1.234256
v -0.578743 20.331498 1.205314
v -0.582832 20.331498 1.174256
v -0.578743 20.331498 1.143198
v -0.566755 20.331498 1.114256
v -0.547685 20.331498 1.089403
v -0.522832 20.331498 1.070333
v -0.493891 20.331498 1.058345
v -1.062793 23.881498 0.454256
v -1.093851 23.881498 0.458345
v -1.122793 23.881498 0.470333
v -1.147645 23.881498 0.489403
v -1.166716 23.881498 0.514256
v -1.178704 23.881498 0.543198
v -1.182793 23.881498 0.574256
v -1.178704 23.881498 0.605314
v -1.166716 23.881498 0.634256
v -1.147645 23.881498 0.659109
v -1.122793 23.881498 0.678179
v -1.093851 23.881498 0.690167
v -1.062793 23.881498 0.694256
v -1.031734 23.881498 0.690167
v -1.002793 23.881498 0.678179
v -0.977940 23.881498 0.659109
v -0.958869 23.881498 0.634256
v -0.946881 23.881498 0.605314
v -0.942793 23.881498 0.574256
v -0.946881 23.881498 0.543198
v -0.958869 23.881498 0.514256
v -0.977940 23.881498 0.489403
v -1.002793 23.881498 0.470333
v -1.031734 23.881498 0.458345
v -1.062793 23.581498 0.454256
v -1.031734 23.581498 0.458345
v -1.002793 23.581498 0.470333
v -0.977940 23.581498 0.489403
v -0.958869 23.581498 0.514256
v -0.946881 23.581498 0.543198
v -0.942793 23.581498 0.574256
v -0.946881 23.581498 0.605314
v -0.958869 23.581498 0.634256
v -0.977940 23.581498 0.659109
v -1.002793 23.581498 0.678179
v -1.031734 23.581498 0.690167
v -1.062793 23.581498 0.694256
v -1.093851 23.581498 0.690167
v -1.122793 23.581498 0.678179
v -1.147645 23.581498 0.659109
v -1.166716 23.581498 0.634256
v -1.178704 23.581498 0.605314
v -1.182793 23.581498 0.574256
v -1.178704 23.581498 0.543198
v -1.166716 23.581498 0.514256
v -1.147645 23.581498 0.489403
v -1.122793 23.581498 0.470333
v -1.093851 23.581498 0.458345
v -1.062793 20.631498 0.454256
v -1.093851 20.631498 0.458345
v -1.122793 20.631498 0.470333
v -1.147645 20.631498 0.489403
v -1.166716 20.631498 0.514256
v -1.178704 20.631498 0.543198
v -1.182793 20.631498 0.574256
v -1.178704 20.631498 0.605314
v -1.166716 20.631498 0.634256
v -1.147645 20.631498 0.659109
v -1.122793 20.631498 0.678179
v -1.093851 20.631498 0.690167
v -1.062793 20.631498 0.694256
v -1.031734 20.631498 0.690167
v -1.002793 20.631498 0.678179
v -0.977940 20.631498 0.659109
v -0.958869 20.631498 0.634256
v -0.946881 20.631498 0.605314
v -0.942793 20.631498 0.574256
v -0.946881 20.631498 0.543198
v -0.958869 20.631498 0.514256
v -0.977940 20.631498 0.489403
v -1.002793 20.631498 0.470333
v -1.031734 20.631498 0.458345
v -1.062793 20.333998 0.454256
v -1.031734 20.333998 0.458345
v -1.002793 20.333998 0.470333
v -0.977940 20.333998 0.489403
v -0.958869 20.333998 0.514256
v -0.946881 20.333998 0.543198
v -0.942793 20.333998 0.574256
v -0.946881 20.333998 0.605314
v -0.958869 20.333998 0.634256
v -0.977940 20.333998 0.659109
v -1.002793 20.333998 0.678179
v -1.031734 20.333998 0.690167
v -1.062793 20.333998 0.694256
v -1.093851 20.333998 0.690167
v -1.122793 20.333998 0.678179
v -1.147645 20.333998 0.659109
v -1.166716 20.333998 0.634256
v -1.178704 20.333998 0.605314
v -1.182793 20.333998 0.574256
v -1.178704 20.333998 0.543198
v -1.166716 20.333998 0.514256
v -1.147645 20.333998 0.489403
v -1.122793 20.333998 0.470333
v -1.093851 20.333998 0.458345
v -1.062793 20.331498 0.451756
v -1.031087 20.331498 0.455930
v -1.001543 20.331498 0.468168
v -0.976172 20.331498 0.487635
v -0.956704 20.331498 0.513006
v -0.944467 20.331498 0.542551
v -0.940293 20.331498 0.574256
v -0.944467 20.331498 0.605961
v -0.956704 20.331498 0.635506
v -0.976172 20.331498 0.660877
v -1.001543 20.331498 0.680344
v -1.031087 20.331498 0.692582
v -1.062793 20.331498 0.696756
v -1.094498 20.331498 0.692582
v -1.124043 20.331498 0.680344
v -1.149413 20.331498 0.660877
v -1.168881 20.331498 0.635506
v -1.181118 20.331498 0.605961
v -1.185293 20.331498 0.574256
v -1.181118 20.331498 0.542551
v -1.168881 20.331498 0.513006
v -1.149413 20.331498 0.487635
v -1.124043 20.331498 0.468168
v -1.094498 20.331498 0.455930
v -1.234296 20.631498 -0.781712
v -1.247931 20.631498 -0.112157
v -1.249490 20.631498 0.602283
v -1.222231 20.631498 0.809338
v -1.142310 20.631498 1.002283
v -1.015175 20.631498 1.167968
v -0.849490 20.631498 1.295103
v -0.656545 20.631498 1.375023
v -0.449490 20.631498 1.402283
v -0.242435 20.631498 1.375023
v -0.049490 20.631498 1.295103
v 0.116195 20.631498 1.167968
v 0.243330 20.631498 1.002283
v 0.323251 20.631498 0.809338
v 0.350510 20.631498 0.602283
v 0.343316 20.631498 0.240105
v 0.323731 20.631498 -0.111430
v 0.259355 20.631498 -0.781473
v 0.022367 20.631498 -0.887051
v -0.228912 20.631498 -0.951622
v -0.487440 20.631498 -0.973376
v -0.745975 20.631498 -0.951705
v -0.997274 20.631498 -0.887215
v 0.350510 20.331498 0.602283
v 0.323251 20.331498 0.809338
v 0.243330 20.331498 1.002283
v 0.116195 20.331498 1.167968
v -0.049490 20.331498 1.295103
v -0.242435 20.331498 1.375023
v -0.449490 20.331498 1.402283
v -0.656545 20.331498 1.375023
v -0.849490 20.331498 1.295103
v -1.015175 20.331498 1.167968
v -1.142310 20.331498 1.002283
v -1.222231 20.331498 0.809338
v -1.249490 20.331498 0.602283
v -1.249476 20.331498 0.539248
v -1.249398 20.331498 0.445425
v -1.249203 20.331498 0.327837
v -1.248837 20.331498 0.193505
v -1.247374 20.331498 -0.097297
v -1.244579 20.331498 -0.370799
v -1.232023 20.331498 -0.839161
v -1.202908 20.331498 -1.310744
v 0.196904 20.331498 -1.310744
v 0.248918 20.331498 -0.867018
v 0.299770 20.331498 -0.399506
v 0.337071 20.331498 0.090587
v 0.850510 22.160237 -4.997573
v 0.850510 22.260890 -4.987168
v 0.850510 22.352121 -4.959400
v 0.850510 22.435361 -4.912874
v 0.850510 22.509813 -4.847167
v 0.850510 22.567890 -4.773415
v 0.850510 22.619936 -4.684194
v 0.850510 22.695918 -4.497717
v 0.850510 21.624557 -4.497717
v 0.850510 21.710104 -4.701581
v 0.850510 21.762495 -4.786672
v 0.850510 21.822671 -4.858933
v 0.850510 21.891663 -4.917165
v 0.850510 21.970501 -4.960165
v 0.850510 22.059938 -4.987064
v 0.848585 22.716741 -4.431587
v 0.840616 22.739643 -4.350810
v 0.823309 22.764473 -4.254548
v 0.793875 22.790750 -4.143657
v 0.706005 22.842069 -3.914166
v 0.585718 22.900404 -3.666172
v 0.503366 22.942917 -3.505859
v 0.408551 23.003710 -3.310131
v 0.315609 23.086788 -3.089891
v 0.238599 23.195970 -2.856406
v 0.184317 23.334773 -2.614947
v 0.152368 23.510800 -2.350292
v 0.143118 23.711389 -2.063588
v 0.154292 23.881498 -1.770478
v 0.205502 23.881498 -1.235419
v 0.273203 23.881498 -0.659841
v 0.328968 23.881498 -0.046570
v 0.350510 23.881498 0.602283
v 0.350510 23.581498 0.602283
v 0.343316 23.581498 0.240105
v 0.323731 23.581498 -0.111430
v 0.259355 23.581498 -0.781473
v 0.177145 20.348689 -1.496686
v 0.160970 20.399791 -1.677622
v 0.149674 20.478637 -1.849499
v 0.143780 20.577787 -2.015969
v 0.151559 20.803105 -2.340822
v 0.170457 20.929296 -2.525561
v 0.208586 21.059126 -2.736347
v 0.272975 21.180665 -2.969863
v 0.361267 21.278886 -3.203525
v 0.471684 21.358615 -3.441496
v 0.590145 21.422126 -3.674500
v 0.700539 21.475331 -3.901720
v 0.788892 21.526027 -4.127843
v 0.820378 21.552818 -4.241690
v 0.839654 21.579033 -4.344276
v 0.848430 21.603074 -4.429408
v -1.249490 23.581498 0.602283
v -1.222231 23.581498 0.809338
v -1.142310 23.581498 1.002283
v -1.015175 23.581498 1.167968
v -0.849490 23.581498 1.295103
v -0.656545 23.581498 1.375023
v -0.449490 23.581498 1.402283
v -0.242435 23.581498 1.375023
v -0.049490 23.581498 1.295103
v 0.116195 23.581498 1.167968
v 0.243330 23.581498 1.002283
v 0.323251 23.581498 0.809338
v 0.323251 23.881498 0.809338
v 0.243330 23.881498 1.002283
v 0.116195 23.881498 1.167968
v -0.049490 23.881498 1.295103
v -0.242435 23.881498 1.375023
v -0.449490 23.881498 1.402283
v -0.656545 23.881498 1.375023
v -0.849490 23.881498 1.295103
v -1.015175 23.881498 1.167968
v -1.142310 23.881498 1.002283
v -1.222231 23.881498 0.809338
v -1.249490 23.881498 0.602283
v -1.234296 23.581498 -0.781712
v 0.022367 23.581498 -0.887051
v -0.228912 23.581498 -0.951622
v -0.487440 23.581498 -0.973376
v -0.745975 23.581498 -0.951705
v -0.997274 23.581498 -0.887215
v -1.247931 23.581498 -0.112157
v 0.639142 22.160237 -4.997573
v 0.483802 22.330751 -4.967641
v 0.402152 22.405663 -4.932209
v 0.319942 22.472097 -4.883867
v 0.155445 22.581892 -4.751907
v -0.006813 22.666476 -4.579282
v -0.165199 22.733725 -4.372939
v -0.317334 22.791520 -4.140125
v -0.461047 22.848091 -3.887573
v -0.594185 22.911682 -3.621994
v -0.713824 22.989831 -3.352095
v -0.819264 23.089937 -3.082144
v -0.906512 23.210558 -2.828642
v -0.975556 23.344471 -2.598354
v -1.079121 23.635703 -2.173575
v -1.117818 23.770378 -1.972354
v -1.150188 23.881498 -1.770478
v -1.184936 20.348636 -1.496412
v -1.163411 20.399087 -1.675724
v -1.138061 20.480549 -1.852417
v -1.105814 20.593173 -2.038760
v -1.063035 20.737344 -2.247829
v -1.005228 20.905436 -2.489346
v -0.924354 21.079031 -2.771606
v -0.813502 21.237082 -3.097941
v -0.679462 21.356045 -3.433120
v -0.522433 21.445129 -3.769224
v -0.347365 21.517661 -4.090140
v -0.158660 21.589378 -4.382258
v 0.039548 21.676207 -4.632685
v 0.140631 21.730000 -4.737829
v 0.242340 21.793067 -4.827269
v 0.344411 21.867265 -4.899538
v 0.445744 21.953636 -4.952735
v 0.544992 22.052284 -4.985507
v -1.247574 23.881498 -0.075732
v -1.243906 23.881498 -0.403713
v -1.237294 23.881498 -0.693668
v -1.209259 23.881498 -1.232182
vt -3.550000 -0.031416 0.000000
vt -3.250000 -0.031416 0.000000
vt -3.550000 0.000000 0.000000
vt -3.250000 0.000000 0.000000
vt -3.550000 0.031416 0.000000
vt -3.250000 0.031416 0.000000
vt -3.550000 0.062832 0.000000
vt -3.250000 0.062832 0.000000
vt -3.550000 0.094248 0.000000
vt -3.250000 0.094248 0.000000
vt -3.550000 0.125664 0.000000
vt -3.250000 0.125664 0.000000
vt -3.550000 0.157080 0.000000
vt -3.250000 0.157080 0.000000
vt -3.550000 0.188496 0.000000
vt -3.250000 0.188496 0.000000
vt -3.550000 0.219911 0.000000
vt -3.250000 0.219911 0.000000
vt -3.550000 0.251327 0.000000
vt -3.250000 0.251327 0.000000
vt -3.550000 0.282743 0.000000
vt -3.250000 0.282743 0.000000
vt -3.550000 0.314159 0.000000
vt -3.250000 0.314159 0.000000
vt -3.550000 0.345575 0.000000
vt -3.250000 0.345575 0.000000
vt -3.550000 0.376991 0.000000
vt -3.250000 0.376991 0.000000
vt -3.550000 -0.376991 0.000000
vt -3.250000 -0.376991 0.000000
vt -3.550000 -0.345575 0.000000
vt -3.250000 -0.345575 0.000000
vt -3.550000 -0.314159 0.000000
vt -3.250000 -0.314159 0.000000
vt -3.550000 -0.282743 0.000000
vt -3.250000 -0.282743 0.000000
vt -3.550000 -0.251327 0.000000
vt -3.250000 -0.251327 0.000000
vt -3.550000 -0.219911 0.000000
vt -3.250000 -0.219911 0.000000
vt -3.550000 -0.188496 0.000000
vt -3.250000 -0.188496 0.000000
vt -3.550000 -0.157080 0.000000
vt -3.250000 -0.157080 0.000000
vt -3.550000 -0.125664 0.000000
vt -3.250000 -0.125664 0.000000
vt -3.550000 -0.094248 0.000000
vt -3.250000 -0.094248 0.000000
vt -3.550000 -0.062832 0.000000
vt -3.250000 -0.062832 0.000000
vt -0.300000 -0.031416 0.000000
vt 0.000000 -0.031416 0.000000
vt -0.300000 0.000000 0.000000
vt 0.000000 0.000000 0.000000
vt -0.300000 0.031416 0.000000
vt 0.000000 0.031416 0.000000
vt -0.300000 0.062832 0.000000
vt 0.000000 0.062832 0.000000
vt -0.300000 0.094248 0.000000
vt 0.000000 0.094248 0.000000
vt -0.300000 0.125664 0.000000
vt 0.000000 0.125664 0.000000
vt -0.300000 0.157080 0.000000
vt 0.000000 0.157080 0.000000
vt -0.300000 0.188496 0.000000
vt 0.000000 0.188496 0.000000
vt -0.300000 0.219911 0.000000
vt 0.000000 0.219911 0.000000
vt -0.300000 0.251327 0.000000
vt 0.000000 0.251327 0.000000
vt -0.300000 0.282743 0.000000
vt 0.000000 0.282743 0.000000
vt -0.300000 0.314159 0.000000
vt 0.000000 0.314159 0.000000
vt -0.300000 0.345575 0.000000
vt 0.000000 0.345575 0.000000
vt -0.300000 0.376991 0.000000
vt 0.000000 0.376991 0.000000
vt -0.300000 -0.376991 0.000000
vt 0.000000 -0.376991 0.000000
vt -0.300000 -0.345575 0.000000
vt 0.000000 -0.345575 0.000000
vt -0.300000 -0.314159 0.000000
vt 0.000000 -0.314159 0.000000
vt -0.300000 -0.282743 0.000000
vt 0.000000 -0.282743 0.000000
vt -0.300000 -0.251327 0.000000
vt 0.000000 -0.251327 0.000000
vt -0.300000 -0.219911 0.000000
vt 0.000000 -0.219911 0.000000
vt -0.300000 -0.188496 0.000000
vt 0.000000 -0.188496 0.000000
vt -0.300000 -0.157080 0.000000
vt 0.000000 -0.157080 0.000000
vt -0.300000 -0.125664 0.000000
vt 0.000000 -0.125664 0.000000
vt -0.300000 -0.094248 0.000000
vt 0.000000 -0.094248 0.000000
vt -0.300000 -0.062832 0.000000
vt 0.000000 -0.062832 0.000000
vt -3.550000 -0.031416 0.000000
vt -3.250000 -0.031416 0.000000
vt -3.550000 0.000000 0.000000
vt -3.250000 0.000000 0.000000
vt -3.550000 0.031416 0.000000
vt -3.250000 0.031416 0.000000
vt -3.550000 0.062832 0.000000
vt -3.250000 0.062832 0.000000
vt -3.550000 0.094248 0.000000
vt -3.250000 0.094248 0.000000
vt -3.550000 0.125664 0.000000
vt -3.250000 0.125664 0.000000
vt -3.550000 0.157080 0.000000
vt -3.250000 0.157080 0.000000
vt -3.550000 0.188496 0.000000
vt -3.250000 0.188496 0.000000
vt -3.550000 0.219911 0.000000
vt -3.250000 0.219911 0.000000
vt -3.550000 0.251327 0.000000
vt -3.250000 0.251327 0.000000
vt -3.550000 0.282743 0.000000
vt -3.250000 0.282743 0.000000
vt -3.550000 0.314159 0.000000
vt -3.250000 0.314159 0.000000
vt -3.550000 0.345575 0.000000
vt -3.250000 0.345575 0.000000
vt -3.550000 0.376991 0.000000
vt -3.250000 0.376991 0.000000
vt -3.550000 -0.376991 0.000000
vt -3.250000 -0.376991 0.000000
vt -3.550000 -0.345575 0.000000
vt -3.250000 -0.345575 0.000000
vt -3.550000 -0.314159 0.000000
vt -3.250000 -0.314159 0.000000
vt -3.550000 -0.282743 0.000000
vt -3.250000 -0.282743 0.000000
vt -3.550000 -0.251327 0.000000
vt -3.250000 -0.251327 0.000000
vt -3.550000 -0.219911 0.000000
vt -3.250000 -0.219911 0.000000
vt -3.550000 -0.188496 0.000000
vt -3.250000 -0.188496 0.000000
vt -3.550000 -0.157080 0.000000
vt -3.250000 -0.157080 0.000000
vt -3.550000 -0.125664 0.000000
vt -3.250000 -0.125664 0.000000
vt -3.550000 -0.094248 0.000000
vt -3.250000 -0.094248 0.000000
vt -3.550000 -0.062832 0.000000
vt -3.250000 -0.062832 0.000000
vt -0.300000 -0.031416 0.000000
vt 0.000000 -0.031416 0.000000
vt -0.300000 0.000000 0.000000
vt 0.000000 0.000000 0.000000
vt -0.300000 0.031416 0.000000
vt 0.000000 0.031416 0.000000
vt -0.300000 0.062832 0.000000
vt 0.000000 0.062832 0.000000
vt -0.300000 0.094248 0.000000
vt 0.000000 0.094248 0.000000
vt -0.300000 0.125664 0.000000
vt 0.000000 0.125664 0.000000
vt -0.300000 0.157080 0.000000
vt 0.000000 0.157080 0.000000
vt -0.300000 0.188496 0.000000
vt 0.000000 0.188496 0.000000
vt -0.300000 0.219911 0.000000
vt 0.000000 0.219911 0.000000
vt -0.300000 0.251327 0.000000
vt 0.000000 0.251327 0.000000
vt -0.300000 0.282743 0.000000
vt 0.000000 0.282743 0.000000
vt -0.300000 0.314159 0.000000
vt 0.000000 0.314159 0.000000
vt -0.300000 0.345575 0.000000
vt 0.000000 0.345575 0.000000
vt -0.300000 0.376991 0.000000
vt 0.000000 0.376991 0.000000
vt -0.300000 -0.376991 0.000000
vt 0.000000 -0.376991 0.000000
vt -0.300000 -0.345575 0.000000
vt 0.000000 -0.345575 0.000000
vt -0.300000 -0.314159 0.000000
vt 0.000000 -0.314159 0.000000
vt -0.300000 -0.282743 0.000000
vt 0.000000 -0.282743 0.000000
vt -0.300000 -0.251327 0.000000
vt 0.000000 -0.251327 0.000000
vt -0.300000 -0.219911 0.000000
vt 0.000000 -0.219911 0.000000
vt -0.300000 -0.188496 0.000000
vt 0.000000 -0.188496 0.000000
vt -0.300000 -0.157080 0.000000
vt 0.000000 -0.157080 0.000000
vt -0.300000 -0.125664 0.000000
vt 0.000000 -0.125664 0.000000
vt -0.300000 -0.094248 0.000000
vt 0.000000 -0.094248 0.000000
vt -0.300000 -0.062832 0.000000
vt 0.000000 -0.062832 0.000000
vt -3.550000 -0.031416 0.000000
vt -3.250000 -0.031416 0.000000
vt -3.550000 0.000000 0.000000
vt -3.250000 0.000000 0.000000
vt -3.550000 0.031416 0.000000
vt -3.250000 0.031416 0.000000
vt -3.550000 0.062832 0.000000
vt -3.250000 0.062832 0.000000
vt -3.550000 0.094248 0.000000
vt -3.250000 0.094248 0.000000
vt -3.550000 0.125664 0.000000
vt -3.250000 0.125664 0.000000
vt -3.550000 0.157080 0.000000
vt -3.250000 0.157080 0.000000
vt -3.550000 0.188496 0.000000
vt -3.250000 0.188496 0.000000
vt -3.550000 0.219911 0.000000
vt -3.250000 0.219911 0.000000
vt -3.550000 0.251327 0.000000
vt -3.250000 0.251327 0.000000
vt -3.550000 0.282743 0.000000
vt -3.250000 0.282743 0.000000
vt -3.550000 0.314159 0.000000
vt -3.250000 0.314159 0.000000
vt -3.550000 0.345575 0.000000
vt -3.250000 0.345575 0.000000
vt -3.550000 0.376991 0.000000
vt -3.250000 0.376991 0.000000
vt -3.550000 -0.376991 0.000000
vt -3.250000 -0.376991 0.000000
vt -3.550000 -0.345575 0.000000
vt -3.250000 -0.345575 0.000000
vt -3.550000 -0.314159 0.000000
vt -3.250000 -0.314159 0.000000
vt -3.550000 -0.282743 0.000000
vt -3.250000 -0.282743 0.000000
vt -3.550000 -0.251327 0.000000
vt -3.250000 -0.251327 0.000000
vt -3.550000 -0.219911 0.000000
vt -3.250000 -0.219911 0.000000
vt -3.550000 -0.188496 0.000000
vt -3.250000 -0.188496 0.000000
vt -3.550000 -0.157080 0.000000
vt -3.250000 -0.157080 0.000000
vt -3.550000 -0.125664 0.000000
vt -3.250000 -0.125664 0.000000
vt -3.550000 -0.094248 0.000000
vt -3.250000 -0.094248 0.000000
vt -3.550000 -0.062832 0.000000
vt -3.250000 -0.062832 0.000000
vt -0.300000 -0.031416 0.000000
vt 0.000000 -0.031416 0.000000
vt -0.300000 0.000000 0.000000
vt 0.000000 0.000000 0.000000
vt -0.300000 0.031416 0.000000
vt 0.000000 0.031416 0.000000
vt -0.300000 0.062832 0.000000
vt 0.000000 0.062832 0.000000
vt -0.300000 0.094248 0.000000
vt 0.000000 0.094248 0.000000
vt -0.300000 0.125664 0.000000
vt 0.000000 0.125664 0.000000
vt -0.300000 0.157080 0.000000
vt 0.000000 0.157080 0.000000
vt -0.300000 0.188496 0.000000
vt 0.000000 0.188496 0.000000
vt -0.300000 0.219911 0.000000
vt 0.000000 0.219911 0.000000
vt -0.300000 0.251327 0.000000
vt 0.000000 0.251327 0.000000
vt -0.300000 0.282743 0.000000
vt 0.000000 0.282743 0.000000
vt -0.300000 0.314159 0.000000
vt 0.000000 0.314159 0.000000
vt -0.300000 0.345575 0.000000
vt 0.000000 0.345575 0.000000
vt -0.300000 0.376991 0.000000
vt 0.000000 0.376991 0.000000
vt -0.300000 -0.376991 0.000000
vt 0.000000 -0.376991 0.000000
vt -0.300000 -0.345575 0.000000
vt 0.000000 -0.345575 0.000000
vt -0.300000 -0.314159 0.000000
vt 0.000000 -0.314159 0.000000
vt -0.300000 -0.282743 0.000000
vt 0.000000 -0.282743 0.000000
vt -0.300000 -0.251327 0.000000
vt 0.000000 -0.251327 0.000000
vt -0.300000 -0.219911 0.000000
vt 0.000000 -0.219911 0.000000
vt -0.300000 -0.188496 0.000000
vt 0.000000 -0.188496 0.000000
vt -0.300000 -0.157080 0.000000
vt 0.000000 -0.157080 0.000000
vt -0.300000 -0.125664 0.000000
vt 0.000000 -0.125664 0.000000
vt -0.300000 -0.094248 0.000000
vt 0.000000 -0.094248 0.000000
vt -0.300000 -0.062832 0.000000
vt 0.000000 -0.062832 0.000000
vt -3.550000 -0.031416 0.000000
vt -3.250000 -0.031416 0.000000
vt -3.550000 0.000000 0.000000
vt -3.250000 0.000000 0.000000
vt -3.550000 0.031416 0.000000
vt -3.250000 0.031416 0.000000
vt -3.550000 0.062832 0.000000
vt -3.250000 0.062832 0.000000
vt -3.550000 0.094248 0.000000
vt -3.250000 0.094248 0.000000
vt -3.550000 0.125664 0.000000
vt -3.250000 0.125664 0.000000
vt -3.550000 0.157080 0.000000
vt -3.250000 0.157080 0.000000
vt -3.550000 0.188496 0.000000
vt -3.250000 0.188496 0.000000
vt -3.550000 0.219911 0.000000
vt -3.250000 0.219911 0.000000
vt -3.550000 0.251327 0.000000
vt -3.250000 0.251327 0.000000
vt -3.550000 0.282743 0.000000
vt -3.250000 0.282743 0.000000
vt -3.550000 0.314159 0.000000
vt -3.250000 0.314159 0.000000
vt -3.550000 0.345575 0.000000
vt -3.250000 0.345575 0.000000
vt -3.550000 0.376991 0.000000
vt -3.250000 0.376991 0.000000
vt -3.550000 -0.376991 0.000000
vt -3.250000 -0.376991 0.000000
vt -3.550000 -0.345575 0.000000
vt -3.250000 -0.345575 0.000000
vt -3.550000 -0.314159 0.000000
vt -3.250000 -0.314159 0.000000
vt -3.550000 -0.282743 0.000000
vt -3.250000 -0.282743 0.000000
vt -3.550000 -0.251327 0.000000
vt -3.250000 -0.251327 0.000000
vt -3.550000 -0.219911 0.000000
vt -3.250000 -0.219911 0.000000
vt -3.550000 -0.188496 0.000000
vt -3.250000 -0.188496 0.000000
vt -3.550000 -0.157080 0.000000
vt -3.250000 -0.157080 0.000000
vt -3.550000 -0.125664 0.000000
vt -3.250000 -0.125664 0.000000
vt -3.550000 -0.094248 0.000000
vt -3.250000 -0.094248 0.000000
vt -3.550000 -0.062832 0.000000
vt -3.250000 -0.062832 0.000000
vt -0.300000 -0.031416 0.000000
vt -0.002500 -0.031416 0.000000
vt -0.300000 0.000000 0.000000
vt -0.002500 0.000000 0.000000
vt -0.300000 0.031416 0.000000
vt -0.002500 0.031416 0.000000
vt -0.300000 0.062832 0.000000
vt -0.002500 0.062832 0.000000
vt -0.300000 0.094248 0.000000
vt -0.002500 0.094248 0.000000
vt -0.300000 0.125664 0.000000
vt -0.002500 0.125664 0.000000
vt -0.300000 0.157080 0.000000
vt -0.002500 0.157080 0.000000
vt -0.300000 0.188496 0.000000
vt -0.002500 0.188496 0.000000
vt -0.300000 0.219911 0.000000
vt -0.002500 0.219911 0.000000
vt -0.300000 0.251327 0.000000
vt -0.002500 0.251327 0.000000
vt -0.300000 0.282743 0.000000
vt -0.002500 0.282743 0.000000
vt -0.300000 0.314159 0.000000
vt -0.002500 0.314159 0.000000
vt -0.300000 0.345575 0.000000
vt -0.002500 0.345575 0.000000
vt -0.300000 0.376991 0.000000
vt -0.002500 0.376991 0.000000
vt -0.300000 -0.376991 0.000000
vt -0.002500 -0.376991 0.000000
vt -0.300000 -0.345575 0.000000
vt -0.002500 -0.345575 0.000000
vt -0.300000 -0.314159 0.000000
vt -0.002500 -0.314159 0.000000
vt -0.300000 -0.282743 0.000000
vt -0.002500 -0.282743 0.000000
vt -0.300000 -0.251327 0.000000
vt -0.002500 -0.251327 0.000000
vt -0.300000 -0.219911 0.000000
vt -0.002500 -0.219911 0.000000
vt -0.300000 -0.188496 0.000000
vt -0.002500 -0.188496 0.000000
vt -0.300000 -0.157080 0.000000
vt -0.002500 -0.157080 0.000000
vt -0.300000 -0.125664 0.000000
vt -0.002500 -0.125664 0.000000
vt -0.300000 -0.094248 0.000000
vt -0.002500 -0.094248 0.000000
vt -0.300000 -0.062832 0.000000
vt -0.002500 -0.062832 0.000000
vt -0.003536 -0.031743 0.000000
vt 0.000000 -0.031743 0.000000
vt -0.003536 0.000000 0.000000
vt 0.000000 0.000000 0.000000
vt -0.003536 0.031743 0.000000
vt -0.000000 0.031743 0.000000
vt -0.003536 0.063486 0.000000
vt -0.000000 0.063486 0.000000
vt -0.003536 0.095230 0.000000
vt 0.000000 0.095230 0.000000
vt -0.003536 0.126973 0.000000
vt 0.000000 0.126973 0.000000
vt -0.003536 0.158716 0.000000
vt -0.000000 0.158716 0.000000
vt -0.003536 0.190459 0.000000
vt 0.000000 0.190459 0.000000
vt -0.003536 0.222202 0.000000
vt -0.000000 0.222202 0.000000
vt -0.003536 0.253945 0.000000
vt 0.000000 0.253945 0.000000
vt -0.003536 0.285689 0.000000
vt 0.000000 0.285689 0.000000
vt -0.003536 0.317432 0.000000
vt 0.000000 0.317432 0.000000
vt -0.003536 0.349175 0.000000
vt -0.000000 0.349175 0.000000
vt -0.003536 0.380918 0.000000
vt 0.000000 0.380918 0.000000
vt -0.003536 -0.380918 0.000000
vt 0.000000 -0.380918 0.000000
vt -0.003536 -0.349175 0.000000
vt -0.000000 -0.349175 0.000000
vt -0.003536 -0.317432 0.000000
vt 0.000000 -0.317432 0.000000
vt -0.003536 -0.285689 0.000000
vt 0.000000 -0.285689 0.000000
vt -0.003536 -0.253945 0.000000
vt -0.000000 -0.253945 0.000000
vt -0.003536 -0.222202 0.000000
vt 0.000000 -0.222202 0.000000
vt -0.003536 -0.190459 0.000000
vt 0.000000 -0.190459 0.000000
vt -0.003536 -0.158716 0.000000
vt -0.000000 -0.158716 0.000000
vt -0.003536 -0.126973 0.000000
vt 0.000000 -0.126973 0.000000
vt -0.003536 -0.095230 0.000000
vt 0.000000 -0.095230 0.000000
vt -0.003536 -0.063486 0.000000
vt -0.000000 -0.063486 0.000000
vt -0.746608 1.358336 0.000000
vt -0.760242 0.688780 0.000000
vt -0.509586 1.463838 0.000000
vt -0.091055 0.633426 0.000000
vt -0.079067 0.662368 0.000000
vt -0.761801 -0.025659 0.000000
vt -0.679027 0.062368 0.000000
vt -0.659957 0.087220 0.000000
vt -0.635104 0.106291 0.000000
vt -0.734542 -0.232714 0.000000
vt -0.679027 -0.057632 0.000000
vt -0.691015 -0.028691 0.000000
vt -0.695104 0.002368 0.000000
vt -0.654622 -0.425659 0.000000
vt -0.606162 -0.113544 0.000000
vt -0.635104 -0.101555 0.000000
vt -0.659957 -0.082485 0.000000
vt -0.527487 -0.591345 0.000000
vt -0.544046 -0.113544 0.000000
vt -0.575104 -0.117632 0.000000
vt -0.361801 -0.718479 0.000000
vt -0.490251 -0.082485 0.000000
vt -0.515104 -0.101555 0.000000
vt -0.168857 -0.798400 0.000000
vt -0.095144 -0.597632 0.000000
vt -0.091055 -0.566574 0.000000
vt -0.079067 -0.537632 0.000000
vt 0.038199 -0.825659 0.000000
vt -0.035144 -0.701555 0.000000
vt -0.059997 -0.682485 0.000000
vt -0.079067 -0.657632 0.000000
vt 0.245254 -0.798400 0.000000
vt 0.084856 -0.701555 0.000000
vt 0.055914 -0.713544 0.000000
vt 0.024856 -0.717632 0.000000
vt 0.438199 -0.718479 0.000000
vt 0.144856 -0.597632 0.000000
vt 0.140767 -0.628691 0.000000
vt 0.128779 -0.657632 0.000000
vt 0.603884 -0.591345 0.000000
vt 0.539964 -0.082485 0.000000
vt 0.520893 -0.057632 0.000000
vt 0.140767 -0.566574 0.000000
vt 0.128779 -0.537632 0.000000
vt 0.508905 -0.028691 0.000000
vt 0.109709 -0.512780 0.000000
vt 0.084856 -0.493709 0.000000
vt 0.504816 0.002368 0.000000
vt 0.055914 -0.481721 0.000000
vt 0.055914 0.486456 0.000000
vt 0.024856 -0.477632 0.000000
vt 0.024856 0.482368 0.000000
vt -0.006202 0.486456 0.000000
vt 0.731019 -0.425659 0.000000
vt 0.593758 -0.113544 0.000000
vt 0.564816 -0.101555 0.000000
vt 0.810939 -0.232714 0.000000
vt 0.684816 -0.101555 0.000000
vt 0.655875 -0.113544 0.000000
vt 0.624816 -0.117632 0.000000
vt 0.838199 -0.025659 0.000000
vt 0.728739 -0.057632 0.000000
vt 0.709669 -0.082485 0.000000
vt 0.831005 0.336518 0.000000
vt 0.728739 0.062368 0.000000
vt 0.740728 0.033426 0.000000
vt 0.744816 0.002368 0.000000
vt 0.811419 0.688054 0.000000
vt 0.624816 0.122368 0.000000
vt 0.655875 0.118279 0.000000
vt 0.684816 0.106291 0.000000
vt 0.747043 1.358097 0.000000
vt 0.510055 1.463675 0.000000
vt 0.140767 0.633426 0.000000
vt 0.144856 0.602368 0.000000
vt 0.258777 1.528246 0.000000
vt 0.109709 0.687220 0.000000
vt 0.128779 0.662368 0.000000
vt 0.000249 1.550000 0.000000
vt 0.055914 0.718279 0.000000
vt 0.084856 0.706291 0.000000
vt -0.258287 1.528328 0.000000
vt -0.035144 0.706291 0.000000
vt -0.006202 0.718279 0.000000
vt 0.024856 0.722368 0.000000
vt -0.059997 0.687220 0.000000
vt 0.564816 0.106291 0.000000
vt 0.140767 0.571309 0.000000
vt 0.539964 0.087220 0.000000
vt 0.520893 0.062368 0.000000
vt 0.128779 0.542368 0.000000
vt 0.508905 0.033426 0.000000
vt 0.109709 0.517515 0.000000
vt 0.084856 0.498445 0.000000
vt -0.035144 0.498445 0.000000
vt -0.455104 0.002368 0.000000
vt -0.006202 -0.481721 0.000000
vt -0.459193 0.033426 0.000000
vt -0.059997 0.517515 0.000000
vt -0.079067 0.542368 0.000000
vt -0.471181 0.062368 0.000000
vt -0.091055 0.571309 0.000000
vt -0.490251 0.087220 0.000000
vt -0.515104 0.106291 0.000000
vt -0.095144 0.602368 0.000000
vt 0.709669 0.087220 0.000000
vt 0.740728 -0.028691 0.000000
vt 0.593758 0.118279 0.000000
vt 0.109709 -0.682485 0.000000
vt -0.006202 -0.713544 0.000000
vt -0.091055 -0.628691 0.000000
vt -0.059997 -0.512780 0.000000
vt -0.459193 -0.028691 0.000000
vt -0.471181 -0.057632 0.000000
vt -0.035144 -0.493709 0.000000
vt -0.606162 0.118279 0.000000
vt -0.575104 0.122368 0.000000
vt -0.544046 0.118279 0.000000
vt -0.691015 0.033426 0.000000
vt -0.522741 -2.607055 0.000000
vt -0.440541 -2.431973 0.000000
vt -0.550000 -2.400000 0.000000
vt -0.452529 -2.403032 0.000000
vt -0.456618 -2.371973 0.000000
vt -0.442820 -2.800000 0.000000
vt -0.396618 -2.475896 0.000000
vt -0.421471 -2.456826 0.000000
vt -0.315685 -2.965685 0.000000
vt -0.305560 -2.487884 0.000000
vt -0.336618 -2.491973 0.000000
vt -0.367676 -2.487884 0.000000
vt -0.150000 -3.092820 0.000000
vt -0.251765 -2.456826 0.000000
vt -0.276618 -2.475896 0.000000
vt 0.042945 -3.172741 0.000000
vt 0.143342 -2.971973 0.000000
vt 0.147431 -2.940915 0.000000
vt -0.232695 -2.431973 0.000000
vt 0.159419 -2.911973 0.000000
vt -0.220707 -2.403032 0.000000
vt 0.178489 -2.887120 0.000000
vt -0.216618 -2.371973 0.000000
vt 0.203342 -2.868050 0.000000
vt 0.203342 -1.875896 0.000000
vt 0.232284 -2.856062 0.000000
vt 0.232284 -1.887884 0.000000
vt 0.263342 -2.851973 0.000000
vt 0.263342 -1.891973 0.000000
vt 0.294401 -1.887884 0.000000
vt 0.294401 -2.856062 0.000000
vt 0.323342 -1.875896 0.000000
vt 0.323342 -2.868050 0.000000
vt 0.740803 -2.371973 0.000000
vt 0.348195 -2.887120 0.000000
vt 0.744977 -2.403679 0.000000
vt 0.367265 -2.911973 0.000000
vt 0.757214 -2.433223 0.000000
vt 0.379253 -2.940915 0.000000
vt 0.650000 -3.092820 0.000000
vt 0.383342 -2.971973 0.000000
vt 0.457055 -3.172741 0.000000
vt 0.379253 -3.003032 0.000000
vt 0.367265 -3.031973 0.000000
vt 0.250000 -3.200000 0.000000
vt 0.178489 -3.056826 0.000000
vt 0.159419 -3.031973 0.000000
vt 0.147431 -3.003032 0.000000
vt 0.323342 -3.075896 0.000000
vt 0.294401 -3.087884 0.000000
vt 0.263342 -3.091973 0.000000
vt 0.776682 -2.458594 0.000000
vt 0.815685 -2.965685 0.000000
vt 0.802053 -2.478061 0.000000
vt 0.831597 -2.490299 0.000000
vt 0.942820 -2.800000 0.000000
vt 0.863303 -2.494473 0.000000
vt 0.895008 -2.490299 0.000000
vt 1.022741 -2.607055 0.000000
vt 0.924553 -2.478061 0.000000
vt 0.949923 -2.458594 0.000000
vt 0.969391 -2.433223 0.000000
vt 1.050000 -2.400000 0.000000
vt 0.981628 -2.403679 0.000000
vt 0.985803 -2.371973 0.000000
vt 1.049986 -2.336966 0.000000
vt 0.981628 -2.340268 0.000000
vt 1.049908 -2.243143 0.000000
vt 0.969391 -2.310723 0.000000
vt 0.949923 -2.285353 0.000000
vt 1.049713 -2.125554 0.000000
vt 0.924553 -2.265885 0.000000
vt 0.895008 -2.253647 0.000000
vt 1.049347 -1.991222 0.000000
vt 0.863303 -2.249473 0.000000
vt 0.831597 -2.253647 0.000000
vt 1.047884 -1.700421 0.000000
vt 0.802053 -2.265885 0.000000
vt 0.383342 -1.771973 0.000000
vt 0.776682 -2.285353 0.000000
vt 0.379253 -1.803032 0.000000
vt 0.757214 -2.310723 0.000000
vt 0.367265 -1.831973 0.000000
vt 0.744977 -2.340268 0.000000
vt 0.348195 -1.856826 0.000000
vt 0.379253 -1.740915 0.000000
vt 1.045089 -1.426919 0.000000
vt 0.367265 -1.711973 0.000000
vt 1.032533 -0.958557 0.000000
vt 0.348195 -1.687120 0.000000
vt 0.323342 -1.668050 0.000000
vt 1.003418 -0.486973 0.000000
vt 0.294401 -1.656062 0.000000
vt 0.263342 -1.651973 0.000000
vt -0.396394 -0.486973 0.000000
vt 0.232284 -1.656062 0.000000
vt 0.203342 -1.668050 0.000000
vt -0.448408 -0.930700 0.000000
vt 0.178489 -1.687120 0.000000
vt 0.159419 -1.711973 0.000000
vt -0.499260 -1.398211 0.000000
vt 0.147431 -1.740915 0.000000
vt 0.143342 -1.771973 0.000000
vt -0.536561 -1.888304 0.000000
vt -0.276618 -2.268050 0.000000
vt -0.305560 -2.256062 0.000000
vt -0.336618 -2.251973 0.000000
vt -0.367676 -2.256062 0.000000
vt -0.396618 -2.268050 0.000000
vt -0.421471 -2.287120 0.000000
vt -0.440541 -2.311973 0.000000
vt -0.452529 -2.340915 0.000000
vt 0.178489 -1.856826 0.000000
vt -0.220707 -2.340915 0.000000
vt 0.159419 -1.831973 0.000000
vt -0.232695 -2.311973 0.000000
vt 0.147431 -1.803032 0.000000
vt -0.251765 -2.287120 0.000000
vt 0.348195 -3.056826 0.000000
vt 0.232284 -3.087884 0.000000
vt 0.203342 -3.075896 0.000000
vt -0.000145 -1.721261 0.000000
vt -0.010549 -1.620608 0.000000
vt -0.010653 -1.821560 0.000000
vt -0.038317 -1.529377 0.000000
vt -0.037553 -1.910997 0.000000
vt -0.084843 -1.446137 0.000000
vt -0.080553 -1.989835 0.000000
vt -0.150550 -1.371685 0.000000
vt -0.138784 -2.058827 0.000000
vt -0.211046 -2.119003 0.000000
vt -0.224302 -1.313608 0.000000
vt -0.296136 -2.171394 0.000000
vt -0.313524 -1.261562 0.000000
vt -0.500000 -2.256941 0.000000
vt -0.500000 -1.185581 0.000000
vt 0.000000 1.185581 0.000000
vt 0.090966 1.164757 0.000000
vt 0.000000 2.256941 0.000000
vt 0.093965 2.278424 0.000000
vt 0.202108 1.141855 0.000000
vt 0.211109 2.302465 0.000000
vt 0.334570 1.117025 0.000000
vt 0.352259 2.328680 0.000000
vt 0.486905 1.090748 0.000000
vt 0.508596 2.355471 0.000000
vt 0.799795 1.039429 0.000000
vt 0.816557 2.406167 0.000000
vt 1.130341 0.981094 0.000000
vt 1.119323 2.459372 0.000000
vt 1.337836 0.938581 0.000000
vt 1.419016 2.522883 0.000000
vt 1.581963 0.877788 0.000000
vt 1.710659 2.602612 0.000000
vt 1.844312 0.794710 0.000000
vt 1.981656 2.700833 0.000000
vt 2.107792 0.685528 0.000000
vt 2.237495 2.822372 0.000000
vt 2.364975 0.546726 0.000000
vt 2.456542 2.952202 0.000000
vt 2.630884 0.370699 0.000000
vt 2.640129 3.078393 0.000000
vt 2.902899 0.170109 0.000000
vt 2.946644 3.303711 0.000000
vt 3.096668 3.402861 0.000000
vt 3.166396 0.000000 0.000000
vt 3.247187 3.481707 0.000000
vt 3.401301 3.532809 0.000000
vt 3.616848 0.000000 0.000000
vt 3.555496 3.550000 0.000000
vt 3.908600 3.550000 0.000000
vt 3.974590 0.300000 0.000000
vt 3.974590 3.250000 0.000000
vt 4.067301 0.000000 0.000000
vt 4.471300 0.300000 0.000000
vt 4.517753 0.000000 0.000000
vt 4.719757 0.300000 0.000000
vt 4.968206 0.000000 0.000000
vt 4.968206 0.300000 0.000000
vt 4.261771 3.550000 0.000000
vt 4.471300 3.250000 0.000000
vt 4.615028 3.550000 0.000000
vt 4.719757 3.250000 0.000000
vt 4.968206 3.550000 0.000000
vt 4.968206 3.250000 0.000000
vt -3.550000 -0.000000 0.000000
vt -3.250000 0.000000 0.000000
vt -3.550000 0.209440 0.000000
vt -3.250000 0.209440 0.000000
vt -3.550000 0.418879 0.000000
vt -3.250000 0.418879 0.000000
vt -3.550000 0.628319 0.000000
vt -3.250000 0.628319 0.000000
vt -3.550000 0.837758 0.000000
vt -3.250000 0.837758 0.000000
vt -3.550000 1.047198 0.000000
vt -3.250000 1.047198 0.000000
vt -3.550000 1.256637 0.000000
vt -3.250000 1.256637 0.000000
vt -3.550000 1.466077 0.000000
vt -3.250000 1.466077 0.000000
vt -3.550000 1.675516 0.000000
vt -3.250000 1.675516 0.000000
vt -3.550000 1.884956 0.000000
vt -3.250000 1.884956 0.000000
vt -3.550000 2.094395 0.000000
vt -3.250000 2.094395 0.000000
vt -3.550000 2.303835 0.000000
vt -3.250000 2.303835 0.000000
vt -3.550000 2.513274 0.000000
vt -3.250000 2.513274 0.000000
vt 0.000000 -2.513274 0.000000
vt -0.300000 -2.513274 0.000000
vt -0.000000 -2.722714 0.000000
vt -0.300000 -2.722714 0.000000
vt 0.000000 -2.932153 0.000000
vt -0.300000 -2.932153 0.000000
vt -0.000000 -3.141593 0.000000
vt -0.300000 -3.141593 0.000000
vt 0.000000 -3.351032 0.000000
vt -0.300000 -3.351032 0.000000
vt 0.000000 -3.560472 0.000000
vt -0.300000 -3.560472 0.000000
vt -0.000000 -3.769911 0.000000
vt -0.300000 -3.769911 0.000000
vt -0.000000 -3.979351 0.000000
vt -0.300000 -3.979351 0.000000
vt 0.000000 -4.188790 0.000000
vt -0.300000 -4.188790 0.000000
vt -0.000000 -4.398230 0.000000
vt -0.300000 -4.398230 0.000000
vt 0.000000 -4.607669 0.000000
vt -0.300000 -4.607669 0.000000
vt 0.000000 -4.817109 0.000000
vt -0.300000 -4.817109 0.000000
vt 0.000000 -5.026548 0.000000
vt -0.300000 -5.026548 0.000000
vt 0.000000 1.655745 0.000000
vt 2.950000 1.655745 0.000000
vt 0.000000 1.915491 0.000000
vt 2.950000 1.915491 0.000000
vt 2.950000 2.175237 0.000000
vt 0.000000 2.175237 0.000000
vt 2.950000 2.434983 0.000000
vt -0.000000 2.434983 0.000000
vt 2.950000 2.694729 0.000000
vt -0.000000 2.694729 0.000000
vt 2.950000 2.954475 0.000000
vt 0.000000 2.954475 0.000000
vt 0.000000 3.214220 0.000000
vt 2.950000 3.214220 0.000000
vt -0.810939 -0.232714 0.000000
vt -0.728739 -0.057632 0.000000
vt -0.838199 -0.025659 0.000000
vt -0.740728 -0.028691 0.000000
vt -0.744816 0.002368 0.000000
vt -0.731019 -0.425659 0.000000
vt -0.684816 -0.101555 0.000000
vt -0.709669 -0.082485 0.000000
vt -0.603884 -0.591345 0.000000
vt -0.593758 -0.113544 0.000000
vt -0.624816 -0.117632 0.000000
vt -0.655875 -0.113544 0.000000
vt -0.438199 -0.718479 0.000000
vt -0.539964 -0.082485 0.000000
vt -0.564816 -0.101555 0.000000
vt -0.245254 -0.798400 0.000000
vt -0.144856 -0.597632 0.000000
vt -0.140767 -0.566574 0.000000
vt -0.520893 -0.057632 0.000000
vt -0.128779 -0.537632 0.000000
vt -0.508905 -0.028691 0.000000
vt -0.109709 -0.512780 0.000000
vt -0.084856 -0.493709 0.000000
vt -0.038199 -0.825659 0.000000
vt -0.084856 -0.701555 0.000000
vt -0.109709 -0.682485 0.000000
vt -0.128779 -0.657632 0.000000
vt 0.168857 -0.798400 0.000000
vt 0.035144 -0.701555 0.000000
vt 0.006202 -0.713544 0.000000
vt -0.024856 -0.717632 0.000000
vt 0.361801 -0.718479 0.000000
vt 0.095144 -0.597632 0.000000
vt 0.091055 -0.628691 0.000000
vt 0.079067 -0.657632 0.000000
vt 0.527487 -0.591345 0.000000
vt 0.490251 -0.082485 0.000000
vt 0.471181 -0.057632 0.000000
vt 0.079067 -0.537632 0.000000
vt 0.459193 -0.028691 0.000000
vt 0.059997 -0.512780 0.000000
vt 0.035144 -0.493709 0.000000
vt 0.455104 0.002368 0.000000
vt 0.006202 -0.481721 0.000000
vt 0.006202 0.486456 0.000000
vt -0.024856 -0.477632 0.000000
vt -0.024856 0.482368 0.000000
vt -0.055914 0.486456 0.000000
vt 0.654622 -0.425659 0.000000
vt 0.544046 -0.113544 0.000000
vt 0.515104 -0.101555 0.000000
vt 0.734542 -0.232714 0.000000
vt 0.606162 -0.113544 0.000000
vt 0.575104 -0.117632 0.000000
vt 0.761801 -0.025659 0.000000
vt 0.679027 -0.057632 0.000000
vt 0.659957 -0.082485 0.000000
vt 0.635104 -0.101555 0.000000
vt 0.760242 0.688780 0.000000
vt 0.679027 0.062368 0.000000
vt 0.691015 0.033426 0.000000
vt 0.695104 0.002368 0.000000
vt 0.746608 1.358336 0.000000
vt 0.509586 1.463838 0.000000
vt 0.091055 0.633426 0.000000
vt 0.095144 0.602368 0.000000
vt 0.079067 0.662368 0.000000
vt 0.258287 1.528328 0.000000
vt 0.059997 0.687220 0.000000
vt 0.035144 0.706291 0.000000
vt -0.000249 1.550000 0.000000
vt 0.006202 0.718279 0.000000
vt -0.024856 0.722368 0.000000
vt -0.055914 0.718279 0.000000
vt -0.258777 1.528246 0.000000
vt -0.084856 0.706291 0.000000
vt -0.109709 0.687220 0.000000
vt -0.510055 1.463675 0.000000
vt -0.128779 0.662368 0.000000
vt -0.140767 0.633426 0.000000
vt -0.811419 0.688054 0.000000
vt -0.144856 0.602368 0.000000
vt -0.564816 0.106291 0.000000
vt -0.140767 0.571309 0.000000
vt -0.539964 0.087220 0.000000
vt -0.520893 0.062368 0.000000
vt -0.747043 1.358097 0.000000
vt -0.831005 0.336518 0.000000
vt -0.624816 0.122368 0.000000
vt -0.593758 0.118279 0.000000
vt -0.728739 0.062368 0.000000
vt -0.709669 0.087220 0.000000
vt -0.684816 0.106291 0.000000
vt 0.515104 0.106291 0.000000
vt 0.091055 0.571309 0.000000
vt 0.490251 0.087220 0.000000
vt 0.471181 0.062368 0.000000
vt 0.079067 0.542368 0.000000
vt 0.459193 0.033426 0.000000
vt 0.059997 0.517515 0.000000
vt 0.035144 0.498445 0.000000
vt -0.084856 0.498445 0.000000
vt -0.504816 0.002368 0.000000
vt -0.055914 -0.481721 0.000000
vt -0.508905 0.033426 0.000000
vt -0.109709 0.517515 0.000000
vt -0.128779 0.542368 0.000000
vt -0.740728 0.033426 0.000000
vt -0.655875 0.118279 0.000000
vt 0.091055 -0.566574 0.000000
vt 0.059997 -0.682485 0.000000
vt -0.055914 -0.713544 0.000000
vt -0.140767 -0.628691 0.000000
vt 0.544046 0.118279 0.000000
vt 0.575104 0.122368 0.000000
vt 0.606162 0.118279 0.000000
vt 0.635104 0.106291 0.000000
vt 0.659957 0.087220 0.000000
vt 0.691015 -0.028691 0.000000
vt 5.114485 1.451658 0.000000
vt 5.114485 1.663026 0.000000
vt 4.972979 1.451658 0.000000
vt 4.864191 1.818366 0.000000
vt 4.828880 1.451658 0.000000
vt 4.734886 1.900015 0.000000
vt 4.679077 1.451658 0.000000
vt 4.605702 1.982226 0.000000
vt 4.524512 1.451658 0.000000
vt 4.348382 2.146722 0.000000
vt 4.385058 1.451658 0.000000
vt 4.241123 1.451658 0.000000
vt 4.092203 2.308981 0.000000
vt 3.986169 1.451658 0.000000
vt 3.834989 2.467367 0.000000
vt 3.904691 1.453583 0.000000
vt 3.809278 1.461552 0.000000
vt 3.700075 1.478858 0.000000
vt 3.575016 2.619502 0.000000
vt 3.578806 1.508293 0.000000
vt 3.337362 1.596163 0.000000
vt 3.309872 2.763215 0.000000
vt 3.082421 1.716449 0.000000
vt 3.037016 2.896353 0.000000
vt 2.917113 1.798802 0.000000
vt 2.755852 3.015992 0.000000
vt 2.711206 1.893617 0.000000
vt 2.461619 3.121432 0.000000
vt 2.470285 1.986559 0.000000
vt 2.199067 2.063569 0.000000
vt 2.165481 3.208680 0.000000
vt 1.895795 2.117850 0.000000
vt 1.874453 3.277724 0.000000
vt 1.534384 2.149799 0.000000
vt 1.276361 3.381288 0.000000
vt 1.110985 2.159049 0.000000
vt 0.972357 3.419986 0.000000
vt 0.665177 2.147876 0.000000
vt 0.665177 3.452355 0.000000
vt -0.000000 3.505076 0.000000
vt -0.253786 3.487104 0.000000
vt -0.000000 2.105264 0.000000
vt -0.254170 2.125022 0.000000
vt -0.509466 3.465579 0.000000
vt -0.512217 2.141198 0.000000
vt -0.764818 2.152493 0.000000
vt -0.769359 3.440229 0.000000
vt -1.011979 2.158388 0.000000
vt -1.046061 3.407982 0.000000
vt -1.350497 3.365203 0.000000
vt -1.481715 2.150608 0.000000
vt -1.684045 3.307395 0.000000
vt -1.731810 2.131710 0.000000
vt -2.041575 3.226522 0.000000
vt -1.998778 2.093581 0.000000
vt -2.273159 2.029192 0.000000
vt -2.415426 3.115669 0.000000
vt -2.529226 1.940901 0.000000
vt -2.767984 2.981629 0.000000
vt -2.776539 1.830484 0.000000
vt -3.011294 1.712023 0.000000
vt -3.105976 2.824601 0.000000
vt -3.238741 1.601628 0.000000
vt -3.430827 2.649532 0.000000
vt -3.469994 1.513276 0.000000
vt -3.590783 1.481790 0.000000
vt -3.746795 2.460828 0.000000
vt -3.703723 1.462513 0.000000
vt -3.801482 1.453738 0.000000
vt -3.883424 1.451658 0.000000
vt -4.058516 2.262620 0.000000
vt -4.157982 1.451658 0.000000
vt -4.213667 2.161536 0.000000
vt -4.295393 1.451658 0.000000
vt -4.368723 2.059827 0.000000
vt -4.432957 1.451658 0.000000
vt -4.524369 1.957756 0.000000
vt -4.570476 1.451658 0.000000
vt -4.679948 1.856424 0.000000
vt -4.707849 1.451658 0.000000
vt -4.834125 1.757175 0.000000
vt -4.845264 1.451658 0.000000
vt -4.982657 1.663026 0.000000
vt -4.982657 1.451658 0.000000
vt -4.715740 3.532862 0.000000
vt -4.915986 3.550000 0.000000
vt -5.000655 0.000000 0.000000
vt -5.421782 3.550000 0.000000
vt -5.482778 0.300000 0.000000
vt -5.482778 3.250000 0.000000
vt -5.912447 3.550000 0.000000
vt -6.175531 3.250000 0.000000
vt -6.190444 3.550000 0.000000
vt -6.477873 3.550000 0.000000
vt -6.867217 3.250000 0.000000
vt -6.607699 3.550000 0.000000
vt -6.719820 3.550000 0.000000
vt -6.808277 3.550000 0.000000
vt -6.867217 3.550000 0.000000
vt -6.175531 0.300000 0.000000
vt -5.878522 0.000000 0.000000
vt -5.575872 0.000000 0.000000
vt -6.212055 0.000000 0.000000
vt -6.867217 0.300000 0.000000
vt -6.867217 0.000000 0.000000
vt -4.420736 0.000000 0.000000
vt -4.522577 3.482411 0.000000
vt -4.332912 3.400949 0.000000
vt -4.204624 0.111120 0.000000
vt -4.133832 3.288325 0.000000
vt -3.990581 0.245795 0.000000
vt -3.911945 3.144154 0.000000
vt -3.657797 2.976062 0.000000
vt -3.543647 0.537027 0.000000
vt -3.362881 2.802467 0.000000
vt -3.303528 0.670940 0.000000
vt -3.022988 2.644416 0.000000
vt -3.039453 0.791561 0.000000
vt -2.756500 0.891667 0.000000
vt -2.670694 2.525454 0.000000
vt -2.468020 0.969816 0.000000
vt -2.306443 2.436369 0.000000
vt -2.173362 1.033407 0.000000
vt -1.936379 2.363837 0.000000
vt -1.875538 1.089978 0.000000
vt -1.561875 2.292121 0.000000
vt -1.574650 1.147773 0.000000
vt -1.270218 1.215022 0.000000
vt -1.182002 2.205291 0.000000
vt -0.962000 1.299606 0.000000
vt -0.990119 2.151498 0.000000
vt -0.796865 2.088431 0.000000
vt -0.648645 1.409401 0.000000
vt -0.601682 2.014233 0.000000
vt -0.490337 1.475835 0.000000
vt -0.405718 1.927862 0.000000
vt -0.331392 1.550747 0.000000
vt -0.210912 1.829214 0.000000
vt -0.022927 1.721261 0.000000
vt -1.009769 -0.565536 0.000000
vt -0.323342 -1.668050 0.000000
vt -0.950698 -0.027240 0.000000
vt -0.294401 -1.656062 0.000000
vt -0.263342 -1.651973 0.000000
vt -0.348195 -1.687120 0.000000
vt -1.037804 -1.104049 0.000000
vt -0.367265 -1.711973 0.000000
vt -0.379253 -1.740915 0.000000
vt -1.044416 -1.394004 0.000000
vt -1.048084 -1.721986 0.000000
vt -1.050000 -2.400000 0.000000
vt -0.967226 -2.311973 0.000000
vt -0.948155 -2.287120 0.000000
vt -0.923303 -2.268050 0.000000
vt -1.022741 -2.607055 0.000000
vt -0.967226 -2.431973 0.000000
vt -0.979214 -2.403032 0.000000
vt -0.983303 -2.371973 0.000000
vt -0.942820 -2.800000 0.000000
vt -0.923303 -2.475896 0.000000
vt -0.948155 -2.456826 0.000000
vt -0.815685 -2.965685 0.000000
vt -0.832244 -2.487884 0.000000
vt -0.863303 -2.491973 0.000000
vt -0.894361 -2.487884 0.000000
vt -0.650000 -3.092820 0.000000
vt -0.778450 -2.456826 0.000000
vt -0.803303 -2.475896 0.000000
vt -0.457055 -3.172741 0.000000
vt -0.383342 -2.971973 0.000000
vt -0.379253 -2.940915 0.000000
vt -0.747391 -2.403032 0.000000
vt -0.367265 -2.911973 0.000000
vt -0.743303 -2.371973 0.000000
vt -0.348195 -2.887120 0.000000
vt -0.348195 -1.856826 0.000000
vt -0.323342 -2.868050 0.000000
vt -0.323342 -1.875896 0.000000
vt -0.294401 -2.856062 0.000000
vt -0.294401 -1.887884 0.000000
vt -0.263342 -2.851973 0.000000
vt -0.263342 -1.891973 0.000000
vt -0.232284 -1.887884 0.000000
vt -0.232284 -2.856062 0.000000
vt -0.203342 -1.875896 0.000000
vt -0.203342 -2.868050 0.000000
vt -0.178489 -1.856826 0.000000
vt -0.178489 -2.887120 0.000000
vt 0.216618 -2.371973 0.000000
vt -0.159419 -2.911973 0.000000
vt 0.220707 -2.403032 0.000000
vt -0.147431 -2.940915 0.000000
vt 0.150000 -3.092820 0.000000
vt -0.042945 -3.172741 0.000000
vt -0.143342 -2.971973 0.000000
vt -0.147431 -3.003032 0.000000
vt -0.250000 -3.200000 0.000000
vt -0.323342 -3.075896 0.000000
vt -0.348195 -3.056826 0.000000
vt -0.367265 -3.031973 0.000000
vt -0.178489 -3.056826 0.000000
vt -0.203342 -3.075896 0.000000
vt -0.232284 -3.087884 0.000000
vt 0.315685 -2.965685 0.000000
vt 0.251765 -2.456826 0.000000
vt 0.232695 -2.431973 0.000000
vt 0.442820 -2.800000 0.000000
vt 0.336618 -2.491973 0.000000
vt 0.305560 -2.487884 0.000000
vt 0.276618 -2.475896 0.000000
vt 0.522741 -2.607055 0.000000
vt 0.396618 -2.475896 0.000000
vt 0.367676 -2.487884 0.000000
vt 0.550000 -2.400000 0.000000
vt 0.452529 -2.403032 0.000000
vt 0.440541 -2.431973 0.000000
vt 0.421471 -2.456826 0.000000
vt 0.528458 -1.751147 0.000000
vt 0.440541 -2.311973 0.000000
vt 0.452529 -2.340915 0.000000
vt 0.456618 -2.371973 0.000000
vt 0.472693 -1.137876 0.000000
vt -0.147431 -1.740915 0.000000
vt -0.143342 -1.771973 0.000000
vt 0.276618 -2.268050 0.000000
vt 0.251765 -2.287120 0.000000
vt 0.232695 -2.311973 0.000000
vt -0.147431 -1.803032 0.000000
vt 0.220707 -2.340915 0.000000
vt -0.159419 -1.831973 0.000000
vt -0.159419 -1.711973 0.000000
vt 0.404992 -0.562298 0.000000
vt -0.178489 -1.687120 0.000000
vt -0.203342 -1.668050 0.000000
vt -0.232284 -1.656062 0.000000
vt 0.353782 -0.027240 0.000000
vt -0.367265 -1.831973 0.000000
vt -0.747391 -2.340915 0.000000
vt -0.379253 -1.803032 0.000000
vt -0.759379 -2.311973 0.000000
vt -0.383342 -1.771973 0.000000
vt -0.778450 -2.287120 0.000000
vt -0.803303 -2.268050 0.000000
vt -0.832244 -2.256062 0.000000
vt -0.863303 -2.251973 0.000000
vt -0.894361 -2.256062 0.000000
vt 0.305560 -2.256062 0.000000
vt 0.336618 -2.251973 0.000000
vt 0.367676 -2.256062 0.000000
vt 0.396618 -2.268050 0.000000
vt 0.421471 -2.287120 0.000000
vt -0.159419 -3.031973 0.000000
vt -0.263342 -3.091973 0.000000
vt -0.294401 -3.087884 0.000000
vt -0.379253 -3.003032 0.000000
vt -0.759379 -2.431973 0.000000
vt -0.979214 -2.340915 0.000000
vn 0.258819 -0.000000 0.965926
vn 0.258819 -0.000000 0.965926
vn -0.000000 -0.000000 1.000000
vn -0.000000 -0.000000 1.000000
vn -0.258819 -0.000000 0.965926
vn -0.258819 -0.000000 0.965926
vn -0.500000 -0.000000 0.866025
vn -0.500000 -0.000000 0.866025
vn -0.707107 -0.000000 0.707107
vn -0.707107 -0.000000 0.707107
vn -0.866025 -0.000000 0.500000
vn -0.866025 -0.000000 0.500000
vn -0.965926 -0.000000 0.258819
vn -0.965926 -0.000000 0.258819
vn -1.000000 -0.000000 -0.000000
vn -1.000000 -0.000000 -0.000000
vn -0.965926 -0.000000 -0.258819
vn -0.965926 -0.000000 -0.258819
vn -0.866025 -0.000000 -0.500000
vn -0.866025 -0.000000 -0.500000
vn -0.707107 -0.000000 -0.707107
vn -0.707107 -0.000000 -0.707107
vn -0.500000 -0.000000 -0.866025
vn -0.500000 -0.000000 -0.866025
vn -0.258819 -0.000000 -0.965926
vn -0.258819 -0.000000 -0.965926
vn -0.000000 -0.000000 -1.000000
vn -0.000000 -0.000000 -1.000000
vn 0.258819 -0.000000 -0.965926
vn 0.258819 -0.000000 -0.965926
vn 0.500000 -0.000000 -0.866025
vn 0.500000 -0.000000 -0.866025
vn 0.707107 -0.000000 -0.707107
vn 0.707107 -0.000000 -0.707107
vn 0.866025 -0.000000 -0.500000
vn 0.866025 -0.000000 -0.500000
vn 0.965926 -0.000000 -0.258819
vn 0.965926 -0.000000 -0.258819
vn 1.000000 -0.000000 0.000000
vn 1.000000 -0.000000 0.000000
vn 0.965926 -0.000000 0.258819
vn 0.965926 -0.000000 0.258819
vn 0.866025 -0.000000 0.500000
vn 0.866025 -0.000000 0.500000
vn 0.707107 -0.000000 0.707107
vn 0.707107 -0.000000 0.707107
vn 0.500000 -0.000000 0.866025
vn 0.500000 -0.000000 0.866025
vn 0.258819 -0.000000 0.965926
vn 0.258819 -0.000000 0.965926
vn -0.000000 -0.000000 1.000000
vn -0.000000 -0.000000 1.000000
vn -0.258819 -0.000000 0.965926
vn -0.258819 -0.000000 0.965926
vn -0.500000 -0.000000 0.866025
vn -0.500000 -0.000000 0.866025
vn -0.707107 -0.000000 0.707107
vn -0.707107 -0.000000 0.707107
vn -0.866025 -0.000000 0.500000
vn -0.866025 -0.000000 0.500000
vn -0.965926 -0.000000 0.258819
vn -0.965926 -0.000000 0.258819
vn -1.000000 -0.000000 -0.000000
vn -1.000000 -0.000000 -0.000000
vn -0.965926 -0.000000 -0.258819
vn -0.965926 -0.000000 -0.258819
vn -0.866025 -0.000000 -0.500000
vn -0.866025 -0.000000 -0.500000
vn -0.707107 -0.000000 -0.707107
vn -0.707107 -0.000000 -0.707107
vn -0.500000 -0.000000 -0.866025
vn -0.500000 -0.000000 -0.866025
vn -0.258819 -0.000000 -0.965926
vn -0.258819 -0.000000 -0.965926
vn -0.000000 -0.000000 -1.000000
vn -0.000000 -0.000000 -1.000000
vn 0.258819 -0.000000 -0.965926
vn 0.258819 -0.000000 -0.965926
vn 0.500000 -0.000000 -0.866025
vn 0.500000 -0.000000 -0.866025
vn 0.707107 -0.000000 -0.707107
vn 0.707107 -0.000000 -0.707107
vn 0.866025 -0.000000 -0.500000
vn 0.866025 -0.000000 -0.500000
vn 0.965926 -0.000000 -0.258819
vn 0.965926 -0.000000 -0.258819
vn 1.000000 -0.000000 0.000000
vn 1.000000 -0.000000 0.000000
vn 0.965926 -0.000000 0.258819
vn 0.965926 -0.000000 0.258819
vn 0.866025 -0.000000 0.500000
vn 0.866025 -0.000000 0.500000
vn 0.707107 -0.000000 0.707107
vn 0.707107 -0.000000 0.707107
vn 0.500000 -0.000000 0.866025
vn 0.500000 -0.000000 0.866025
vn 0.258819 -0.000000 0.965926
vn 0.258819 -0.000000 0.965926
vn -0.000000 -0.000000 1.000000
vn -0.000000 -0.000000 1.000000
vn -0.258819 -0.000000 0.965926
vn -0.258819 -0.000000 0.965926
vn -0.500000 -0.000000 0.866025
vn -0.500000 -0.000000 0.866025
vn -0.707107 -0.000000 0.707107
vn -0.707107 -0.000000 0.707107
vn -0.866025 -0.000000 0.500000
vn -0.866025 -0.000000 0.500000
vn -0.965926 -0.000000 0.258819
vn -0.965926 -0.000000 0.258819
vn -1.000000 -0.000000 0.000000
vn -1.000000 -0.000000 0.000000
vn -0.965926 -0.000000 -0.258819
vn -0.965926 -0.000000 -0.258819
vn -0.866025 -0.000000 -0.500000
vn -0.866025 -0.000000 -0.500000
vn -0.707107 -0.000000 -0.707107
vn -0.707107 -0.000000 -0.707107
vn -0.500000 -0.000000 -0.866025
vn -0.500000 -0.000000 -0.866025
vn -0.258819 -0.000000 -0.965926
vn -0.258819 -0.000000 -0.965926
vn -0.000000 -0.000000 -1.000000
vn -0.000000 -0.000000 -1.000000
vn 0.258819 -0.000000 -0.965926
vn 0.258819 -0.000000 -0.965926
vn 0.500000 -0.000000 -0.866025
vn 0.500000 -0.000000 -0.866025
vn 0.707107 -0.000000 -0.707107
vn 0.707107 -0.000000 -0.707107
vn 0.866025 -0.000000 -0.500000
vn 0.866025 -0.000000 -0.500000
vn 0.965926 -0.000000 -0.258819
vn 0.965926 -0.000000 -0.258819
vn 1.000000 -0.000000 0.000000
vn 1.000000 -0.000000 0.000000
vn 0.965926 -0.000000 0.258819
vn 0.965926 -0.000000 0.258819
vn 0.866025 -0.000000 0.500000
vn 0.866025 -0.000000 0.500000
vn 0.707107 -0.000000 0.707107
vn 0.707107 -0.000000 0.707107
vn 0.500000 -0.000000 0.866025
vn 0.500000 -0.000000 0.866025
vn 0.258819 -0.000000 0.965926
vn 0.258819 -0.000000 0.965926
vn -0.000000 -0.000000 1.000000
vn -0.000000 -0.000000 1.000000
vn -0.258819 -0.000000 0.965926
vn -0.258819 -0.000000 0.965926
vn -0.500000 -0.000000 0.866025
vn -0.500000 -0.000000 0.866025
vn -0.707107 -0.000000 0.707107
vn -0.707107 -0.000000 0.707107
vn -0.866025 -0.000000 0.500000
vn -0.866025 -0.000000 0.500000
vn -0.965926 -0.000000 0.258819
vn -0.965926 -0.000000 0.258819
vn -1.000000 -0.000000 0.000000
vn -1.000000 -0.000000 0.000000
vn -0.965926 -0.000000 -0.258819
vn -0.965926 -0.000000 -0.258819
vn -0.866025 -0.000000 -0.500000
vn -0.866025 -0.000000 -0.500000
vn -0.707107 -0.000000 -0.707107
vn -0.707107 -0.000000 -0.707107
vn -0.500000 -0.000000 -0.866025
vn -0.500000 -0.000000 -0.866025
vn -0.258819 -0.000000 -0.965926
vn -0.258819 -0.000000 -0.965926
vn -0.000000 -0.000000 -1.000000
vn -0.000000 -0.000000 -1.000000
vn 0.258819 -0.000000 -0.965926
vn 0.258819 -0.000000 -0.965926
vn 0.500000 -0.000000 -0.866025
vn 0.500000 -0.000000 -0.866025
vn 0.707107 -0.000000 -0.707107
vn 0.707107 -0.000000 -0.707107
vn 0.866025 -0.000000 -0.500000
vn 0.866025 -0.000000 -0.500000
vn 0.965926 -0.000000 -0.258819
vn 0.965926 -0.000000 -0.258819
vn 1.000000 -0.000000 0.000000
vn 1.000000 -0.000000 0.000000
vn 0.965926 -0.000000 0.258819
vn 0.965926 -0.000000 0.258819
vn 0.866025 -0.000000 0.500000
vn 0.866025 -0.000000 0.500000
vn 0.707107 -0.000000 0.707107
vn 0.707107 -0.000000 0.707107
vn 0.500000 -0.000000 0.866025
vn 0.500000 -0.000000 0.866025
vn 0.258819 -0.000000 0.965926
vn 0.258819 -0.000000 0.965926
vn -0.000000 -0.000000 1.000000
vn -0.000000 -0.000000 1.000000
vn -0.258819 -0.000000 0.965926
vn -0.258819 -0.000000 0.965926
vn -0.500000 -0.000000 0.866025
vn -0.500000 -0.000000 0.866025
vn -0.707107 -0.000000 0.707107
vn -0.707107 -0.000000 0.707107
vn -0.866025 -0.000000 0.500000
vn -0.866025 -0.000000 0.500000
vn -0.965926 -0.000000 0.258819
vn -0.965926 -0.000000 0.258819
vn -1.000000 -0.000000 0.000000
vn -1.000000 -0.000000 0.000000
vn -0.965926 -0.000000 -0.258819
vn -0.965926 -0.000000 -0.258819
vn -0.866025 -0.000000 -0.500000
vn -0.866025 -0.000000 -0.500000
vn -0.707107 -0.000000 -0.707107
vn -0.707107 -0.000000 -0.707107
vn -0.500000 -0.000000 -0.866025
vn -0.500000 -0.000000 -0.866025
vn -0.258819 -0.000000 -0.965926
vn -0.258819 -0.000000 -0.965926
vn -0.000000 -0.000000 -1.000000
vn -0.000000 -0.000000 -1.000000
vn 0.258819 -0.000000 -0.965926
vn 0.258819 -0.000000 -0.965926
vn 0.500000 -0.000000 -0.866025
vn 0.500000 -0.000000 -0.866025
vn 0.707107 -0.000000 -0.707107
vn 0.707107 -0.000000 -0.707107
vn 0.866025 -0.000000 -0.500000
vn 0.866025 -0.000000 -0.500000
vn 0.965926 -0.000000 -0.258819
vn 0.965926 -0.000000 -0.258819
vn 1.000000 -0.000000 0.000000
vn 1.000000 -0.000000 0.000000
vn 0.965926 -0.000000 0.258819
vn 0.965926 -0.000000 0.258819
vn 0.866025 -0.000000 0.500000
vn 0.866025 -0.000000 0.500000
vn 0.707107 -0.000000 0.707107
vn 0.707107 -0.000000 0.707107
vn 0.500000 -0.000000 0.866025
vn 0.500000 -0.000000 0.866025
vn 0.258819 -0.000000 0.965926
vn 0.258819 -0.000000 0.965926
vn -0.000000 -0.000000 1.000000
vn -0.000000 -0.000000 1.000000
vn -0.258819 -0.000000 0.965926
vn -0.258819 -0.000000 0.965926
vn -0.500000 -0.000000 0.866025
vn -0.500000 -0.000000 0.866025
vn -0.707107 -0.000000 0.707107
vn -0.707107 -0.000000 0.707107
vn -0.866025 -0.000000 0.500000
vn -0.866025 -0.000000 0.500000
vn -0.965926 -0.000000 0.258819
vn -0.965926 -0.000000 0.258819
vn -1.000000 -0.000000 0.000000
vn -1.000000 -0.000000 0.000000
vn -0.965926 -0.000000 -0.258819
vn -0.965926 -0.000000 -0.258819
vn -0.866025 -0.000000 -0.500000
vn -0.866025 -0.000000 -0.500000
vn -0.707107 -0.000000 -0.707107
vn -0.707107 -0.000000 -0.707107
vn -0.500000 -0.000000 -0.866025
vn -0.500000 -0.000000 -0.866025
vn -0.258819 -0.000000 -0.965926
vn -0.258819 -0.000000 -0.965926
vn -0.000000 -0.000000 -1.000000
vn -0.000000 -0.000000 -1.000000
vn 0.258819 -0.000000 -0.965926
vn 0.258819 -0.000000 -0.965926
vn 0.500000 -0.000000 -0.866025
vn 0.500000 -0.000000 -0.866025
vn 0.707107 -0.000000 -0.707107
vn 0.707107 -0.000000 -0.707107
vn 0.866025 -0.000000 -0.500000
vn 0.866025 -0.000000 -0.500000
vn 0.965926 -0.000000 -0.258819
vn 0.965926 -0.000000 -0.258819
vn 1.000000 -0.000000 0.000000
vn 1.000000 -0.000000 0.000000
vn 0.965926 -0.000000 0.258819
vn 0.965926 -0.000000 0.258819
vn 0.866025 -0.000000 0.500000
vn 0.866025 -0.000000 0.500000
vn 0.707107 -0.000000 0.707107
vn 0.707107 -0.000000 0.707107
vn 0.500000 -0.000000 0.866025
vn 0.500000 -0.000000 0.866025
vn 0.258819 -0.000000 0.965926
vn 0.258819 -0.000000 0.965926
vn -0.000000 -0.000000 1.000000
vn -0.000000 -0.000000 1.000000
vn -0.258819 -0.000000 0.965926
vn -0.258819 -0.000000 0.965926
vn -0.500000 -0.000000 0.866025
vn -0.500000 -0.000000 0.866025
vn -0.707107 -0.000000 0.707107
vn -0.707107 -0.000000 0.707107
vn -0.866025 -0.000000 0.500000
vn -0.866025 -0.000000 0.500000
vn -0.965926 -0.000000 0.258819
vn -0.965926 -0.000000 0.258819
vn -1.000000 -0.000000 0.000000
vn -1.000000 -0.000000 0.000000
vn -0.965926 -0.000000 -0.258819
vn -0.965926 -0.000000 -0.258819
vn -0.866025 -0.000000 -0.500000
vn -0.866025 -0.000000 -0.500000
vn -0.707107 -0.000000 -0.707107
vn -0.707107 -0.000000 -0.707107
vn -0.500000 -0.000000 -0.866025
vn -0.500000 -0.000000 -0.866025
vn -0.258819 -0.000000 -0.965926
vn -0.258819 -0.000000 -0.965926
vn -0.000000 -0.000000 -1.000000
vn -0.000000 -0.000000 -1.000000
vn 0.258819 -0.000000 -0.965926
vn 0.258819 -0.000000 -0.965926
vn 0.500000 -0.000000 -0.866025
vn 0.500000 -0.000000 -0.866025
vn 0.707107 -0.000000 -0.707107
vn 0.707107 -0.000000 -0.707107
vn 0.866025 -0.000000 -0.500000
vn 0.866025 -0.000000 -0.500000
vn 0.965926 -0.000000 -0.258819
vn 0.965926 -0.000000 -0.258819
vn 1.000000 -0.000000 0.000000
vn 1.000000 -0.000000 0.000000
vn 0.965926 -0.000000 0.258819
vn 0.965926 -0.000000 0.258819
vn 0.866025 -0.000000 0.500000
vn 0.866025 -0.000000 0.500000
vn 0.707107 -0.000000 0.707107
vn 0.707107 -0.000000 0.707107
vn 0.500000 -0.000000 0.866025
vn 0.500000 -0.000000 0.866025
vn 0.258819 -0.000000 0.965926
vn 0.258819 -0.000000 0.965926
vn -0.000000 -0.000000 1.000000
vn -0.000000 -0.000000 1.000000
vn -0.258819 -0.000000 0.965926
vn -0.258819 -0.000000 0.965926
vn -0.500000 -0.000000 0.866025
vn -0.500000 -0.000000 0.866025
vn -0.707107 -0.000000 0.707107
vn -0.707107 -0.000000 0.707107
vn -0.866025 -0.000000 0.500000
vn -0.866025 -0.000000 0.500000
vn -0.965926 -0.000000 0.258819
vn -0.965926 -0.000000 0.258819
vn -1.000000 -0.000000 0.000000
vn -1.000000 -0.000000 0.000000
vn -0.965926 -0.000000 -0.258819
vn -0.965926 -0.000000 -0.258819
vn -0.866025 -0.000000 -0.500000
vn -0.866025 -0.000000 -0.500000
vn -0.707107 -0.000000 -0.707107
vn -0.707107 -0.000000 -0.707107
vn -0.500000 -0.000000 -0.866025
vn -0.500000 -0.000000 -0.866025
vn -0.258819 -0.000000 -0.965926
vn -0.258819 -0.000000 -0.965926
vn -0.000000 -0.000000 -1.000000
vn -0.000000 -0.000000 -1.000000
vn 0.258819 -0.000000 -0.965926
vn 0.258819 -0.000000 -0.965926
vn 0.500000 -0.000000 -0.866025
vn 0.500000 -0.000000 -0.866025
vn 0.707107 -0.000000 -0.707107
vn 0.707107 -0.000000 -0.707107
vn 0.866025 -0.000000 -0.500000
vn 0.866025 -0.000000 -0.500000
vn 0.965926 -0.000000 -0.258819
vn 0.965926 -0.000000 -0.258819
vn 1.000000 -0.000000 0.000000
vn 1.000000 -0.000000 0.000000
vn 0.965926 -0.000000 0.258819
vn 0.965926 -0.000000 0.258819
vn 0.866025 -0.000000 0.500000
vn 0.866025 -0.000000 0.500000
vn 0.707107 -0.000000 0.707107
vn 0.707107 -0.000000 0.707107
vn 0.500000 -0.000000 0.866025
vn 0.500000 -0.000000 0.866025
vn 0.183013 -0.707107 0.683013
vn 0.183013 -0.707107 0.683013
vn -0.000000 -0.707107 0.707107
vn -0.000000 -0.707107 0.707107
vn -0.183013 -0.707107 0.683013
vn -0.183013 -0.707107 0.683013
vn -0.353553 -0.707107 0.612372
vn -0.353553 -0.707107 0.612372
vn -0.500000 -0.707107 0.500000
vn -0.500000 -0.707107 0.500000
vn -0.612372 -0.707107 0.353553
vn -0.612372 -0.707107 0.353553
vn -0.683013 -0.707107 0.183013
vn -0.683013 -0.707107 0.183013
vn -0.707107 -0.707107 0.000000
vn -0.707107 -0.707107 0.000000
vn -0.683013 -0.707107 -0.183013
vn -0.683013 -0.707107 -0.183013
vn -0.612372 -0.707107 -0.353553
vn -0.612372 -0.707107 -0.353553
vn -0.500000 -0.707107 -0.500000
vn -0.500000 -0.707107 -0.500000
vn -0.353553 -0.707107 -0.612372
vn -0.353553 -0.707107 -0.612372
vn -0.183013 -0.707107 -0.683013
vn -0.183013 -0.707107 -0.683013
vn -0.000000 -0.707107 -0.707107
vn -0.000000 -0.707107 -0.707107
vn 0.183013 -0.707107 -0.683013
vn 0.183013 -0.707107 -0.683013
vn 0.353553 -0.707107 -0.612372
vn 0.353553 -0.707107 -0.612372
vn 0.500000 -0.707107 -0.500000
vn 0.500000 -0.707107 -0.500000
vn 0.612372 -0.707107 -0.353553
vn 0.612372 -0.707107 -0.353553
vn 0.683013 -0.707107 -0.183013
vn 0.683013 -0.707107 -0.183013
vn 0.707107 -0.707107 0.000000
vn 0.707107 -0.707107 0.000000
vn 0.683013 -0.707107 0.183013
vn 0.683013 -0.707107 0.183013
vn 0.612372 -0.707107 0.353553
vn 0.612372 -0.707107 0.353553
vn 0.500000 -0.707107 0.500000
vn 0.500000 -0.707107 0.500000
vn 0.353553 -0.707107 0.612372
vn 0.353553 -0.707107 0.612372
vn -0.000000 1.000000 -0.000000
vn -0.000000 1.000000 -0.000000
vn -0.000000 1.000000 -0.000000
vn -0.000000 1.000000 -0.000000
vn -0.000000 1.000000 -0.000000
vn -0.000000 1.000000 -0.000000
vn -0.000000 1.000000 -0.000000
vn -0.000000 1.000000 -0.000000
vn -0.000000 1.000000 -0.000000
vn -0.000000 1.000000 -0.000000
vn -0.000000 1.000000 -0.000000
vn -0.000000 1.000000 -0.000000
vn -0.000000 1.000000 -0.000000
vn -0.000000 1.000000 -0.000000
vn -0.000000 1.000000 -0.000000
vn -0.000000 1.000000 -0.000000
vn -0.000000 1.000000 -0.000000
vn -0.000000 1.000000 -0.000000
vn -0.000000 1.000000 -0.000000
vn -0.000000 1.000000 -0.000000
vn -0.000000 1.000000 -0.000000
vn -0.000000 1.000000 -0.000000
vn -0.000000 1.000000 -0.000000
vn -0.000000 1.000000 -0.000000
vn -0.000000 1.000000 -0.000000
vn -0.000000 1.000000 -0.000000
vn -0.000000 1.000000 -0.000000
vn -0.000000 1.000000 -0.000000
vn -0.000000 1.000000 -0.000000
vn -0.000000 1.000000 -0.000000
vn -0.000000 1.000000 -0.000000
vn -0.000000 1.000000 -0.000000
vn -0.000000 1.000000 -0.000000
vn -0.000000 1.000000 -0.000000
vn -0.000000 1.000000 -0.000000
vn -0.000000 1.000000 -0.000000
vn -0.000000 1.000000 -0.000000
vn -0.000000 1.000000 -0.000000
vn -0.000000 1.000000 -0.000000
vn -0.000000 1.000000 -0.000000
vn -0.000000 1.000000 -0.000000
vn -0.000000 1.000000 -0.000000
vn -0.000000 1.000000 -0.000000
vn -0.000000 1.000000 -0.000000
vn -0.000000 1.000000 -0.000000
vn -0.000000 1.000000 -0.000000
vn -0.000000 1.000000 -0.000000
vn -0.000000 1.000000 -0.000000
vn -0.000000 1.000000 -0.000000
vn -0.000000 1.000000 -0.000000
vn -0.000000 1.000000 -0.000000
vn -0.000000 1.000000 -0.000000
vn -0.000000 1.000000 -0.000000
vn -0.000000 1.000000 -0.000000
vn -0.000000 1.000000 -0.000000
vn -0.000000 1.000000 -0.000000
vn -0.000000 1.000000 -0.000000
vn -0.000000 1.000000 -0.000000
vn -0.000000 1.000000 -0.000000
vn -0.000000 1.000000 -0.000000
vn -0.000000 1.000000 -0.000000
vn -0.000000 1.000000 -0.000000
vn -0.000000 1.000000 -0.000000
vn -0.000000 1.000000 -0.000000
vn -0.000000 1.000000 -0.000000
vn -0.000000 1.000000 -0.000000
vn -0.000000 1.000000 -0.000000
vn -0.000000 1.000000 -0.000000
vn -0.000000 1.000000 -0.000000
vn -0.000000 1.000000 -0.000000
vn -0.000000 1.000000 -0.000000
vn -0.000000 1.000000 -0.000000
vn -0.000000 1.000000 -0.000000
vn -0.000000 1.000000 -0.000000
vn -0.000000 1.000000 -0.000000
vn -0.000000 1.000000 -0.000000
vn -0.000000 1.000000 -0.000000
vn -0.000000 1.000000 -0.000000
vn -0.000000 1.000000 -0.000000
vn -0.000000 1.000000 -0.000000
vn -0.000000 1.000000 -0.000000
vn -0.000000 1.000000 -0.000000
vn -0.000000 1.000000 -0.000000
vn -0.000000 1.000000 -0.000000
vn -0.000000 1.000000 -0.000000
vn -0.000000 1.000000 -0.000000
vn -0.000000 1.000000 -0.000000
vn -0.000000 1.000000 -0.000000
vn -0.000000 1.000000 -0.000000
vn -0.000000 1.000000 -0.000000
vn -0.000000 1.000000 -0.000000
vn -0.000000 1.000000 -0.000000
vn -0.000000 1.000000 -0.000000
vn -0.000000 1.000000 -0.000000
vn -0.000000 1.000000 -0.000000
vn -0.000000 1.000000 -0.000000
vn -0.000000 1.000000 -0.000000
vn -0.000000 1.000000 -0.000000
vn -0.000000 1.000000 -0.000000
vn -0.000000 1.000000 -0.000000
vn -0.000000 1.000000 -0.000000
vn -0.000000 1.000000 -0.000000
vn -0.000000 1.000000 -0.000000
vn -0.000000 1.000000 -0.000000
vn -0.000000 1.000000 -0.000000
vn -0.000000 1.000000 -0.000000
vn -0.000000 1.000000 -0.000000
vn -0.000000 1.000000 -0.000000
vn -0.000000 1.000000 -0.000000
vn -0.000000 1.000000 -0.000000
vn -0.000000 1.000000 -0.000000
vn -0.000000 1.000000 -0.000000
vn -0.000000 1.000000 -0.000000
vn -0.000000 1.000000 -0.000000
vn -0.000000 1.000000 -0.000000
vn -0.000000 1.000000 -0.000000
vn -0.000000 1.000000 -0.000000
vn -0.000000 1.000000 -0.000000
vn -0.000000 1.000000 -0.000000
vn 0.000000 -1.000000 0.000000
vn 0.000000 -1.000000 0.000000
vn 0.000000 -1.000000 0.000000
vn 0.000000 -1.000000 0.000000
vn 0.000000 -1.000000 0.000000
vn 0.000000 -1.000000 0.000000
vn 0.000000 -1.000000 0.000000
vn 0.000000 -1.000000 0.000000
vn 0.000000 -1.000000 0.000000
vn 0.000000 -1.000000 0.000000
vn 0.000000 -1.000000 0.000000
vn 0.000000 -1.000000 0.000000
vn 0.000000 -1.000000 0.000000
vn 0.000000 -1.000000 0.000000
vn 0.000000 -1.000000 0.000000
vn 0.000000 -1.000000 0.000000
vn 0.000000 -1.000000 0.000000
vn 0.000000 -1.000000 0.000000
vn 0.000000 -1.000000 0.000000
vn 0.000000 -1.000000 0.000000
vn 0.000000 -1.000000 0.000000
vn 0.000000 -1.000000 0.000000
vn 0.000000 -1.000000 0.000000
vn 0.000000 -1.000000 0.000000
vn 0.000000 -1.000000 0.000000
vn 0.000000 -1.000000 0.000000
vn 0.000000 -1.000000 0.000000
vn 0.000000 -1.000000 0.000000
vn 0.000000 -1.000000 0.000000
vn 0.000000 -1.000000 0.000000
vn 0.000000 -1.000000 0.000000
vn 0.000000 -1.000000 0.000000
vn 0.000000 -1.000000 0.000000
vn 0.000000 -1.000000 0.000000
vn 0.000000 -1.000000 0.000000
vn 0.000000 -1.000000 0.000000
vn 0.000000 -1.000000 0.000000
vn 0.000000 -1.000000 0.000000
vn 0.000000 -1.000000 0.000000
vn 0.000000 -1.000000 0.000000
vn 0.000000 -1.000000 0.000000
vn 0.000000 -1.000000 0.000000
vn 0.000000 -1.000000 0.000000
vn 0.000000 -1.000000 0.000000
vn 0.000000 -1.000000 0.000000
vn 0.000000 -1.000000 0.000000
vn 0.000000 -1.000000 0.000000
vn 0.000000 -1.000000 0.000000
vn 0.000000 -1.000000 0.000000
vn 0.000000 -1.000000 0.000000
vn 0.000000 -1.000000 0.000000
vn 0.000000 -1.000000 0.000000
vn 0.000000 -1.000000 0.000000
vn 0.000000 -1.000000 0.000000
vn 0.000000 -1.000000 0.000000
vn 0.000000 -1.000000 0.000000
vn 0.000000 -1.000000 0.000000
vn 0.000000 -1.000000 0.000000
vn 0.000000 -1.000000 0.000000
vn 0.000000 -1.000000 0.000000
vn 0.000000 -1.000000 0.000000
vn 0.000000 -1.000000 0.000000
vn 0.000000 -1.000000 0.000000
vn 0.000000 -1.000000 0.000000
vn 0.000000 -1.000000 0.000000
vn 0.000000 -1.000000 0.000000
vn 0.000000 -1.000000 0.000000
vn 0.000000 -1.000000 0.000000
vn 0.000000 -1.000000 0.000000
vn 0.000000 -1.000000 0.000000
vn 0.000000 -1.000000 0.000000
vn 0.000000 -1.000000 0.000000
vn 0.000000 -1.000000 0.000000
vn 0.000000 -1.000000 0.000000
vn 0.000000 -1.000000 0.000000
vn 0.000000 -1.000000 0.000000
vn 0.000000 -1.000000 0.000000
vn 0.000000 -1.000000 0.000000
vn 0.000000 -1.000000 0.000000
vn 0.000000 -1.000000 0.000000
vn 0.000000 -1.000000 0.000000
vn 0.000000 -1.000000 0.000000
vn 0.000000 -1.000000 0.000000
vn 0.000000 -1.000000 0.000000
vn 0.000000 -1.000000 0.000000
vn 0.000000 -1.000000 0.000000
vn 0.000000 -1.000000 0.000000
vn 0.000000 -1.000000 0.000000
vn 0.000000 -1.000000 0.000000
vn 0.000000 -1.000000 0.000000
vn 0.000000 -1.000000 0.000000
vn 0.000000 -1.000000 0.000000
vn 0.000000 -1.000000 0.000000
vn 0.000000 -1.000000 0.000000
vn 0.000000 -1.000000 0.000000
vn 0.000000 -1.000000 0.000000
vn 0.000000 -1.000000 0.000000
vn 0.000000 -1.000000 0.000000
vn 0.000000 -1.000000 0.000000
vn 0.000000 -1.000000 0.000000
vn 0.000000 -1.000000 0.000000
vn 0.000000 -1.000000 0.000000
vn 0.000000 -1.000000 0.000000
vn 0.000000 -1.000000 0.000000
vn 0.000000 -1.000000 0.000000
vn 0.000000 -1.000000 0.000000
vn 0.000000 -1.000000 0.000000
vn 0.000000 -1.000000 0.000000
vn 0.000000 -1.000000 0.000000
vn 0.000000 -1.000000 0.000000
vn 0.000000 -1.000000 0.000000
vn 0.000000 -1.000000 0.000000
vn 0.000000 -1.000000 0.000000
vn 0.000000 -1.000000 0.000000
vn 0.000000 -1.000000 0.000000
vn 0.000000 -1.000000 0.000000
vn 0.000000 -1.000000 0.000000
vn 0.000000 -1.000000 0.000000
vn 0.000000 -1.000000 0.000000
vn 0.000000 -1.000000 0.000000
vn 0.000000 -1.000000 0.000000
vn 1.000000 0.000000 0.000000
vn 1.000000 0.000000 0.000000
vn 1.000000 0.000000 0.000000
vn 1.000000 0.000000 0.000000
vn 1.000000 0.000000 0.000000
vn 1.000000 0.000000 0.000000
vn 1.000000 0.000000 0.000000
vn 1.000000 0.000000 0.000000
vn 1.000000 0.000000 0.000000
vn 1.000000 0.000000 0.000000
vn 1.000000 0.000000 0.000000
vn 1.000000 0.000000 0.000000
vn 1.000000 0.000000 0.000000
vn 1.000000 0.000000 0.000000
vn 1.000000 0.000000 0.000000
vn 0.998096 0.000000 0.061672
vn 0.997970 0.000000 0.063687
vn 0.990886 0.000000 0.134702
vn 0.990091 0.000000 0.140428
vn 0.976610 0.000000 0.215019
vn 0.974355 0.000000 0.225017
vn 0.955648 0.000000 0.294512
vn 0.952496 0.000000 0.304551
vn 0.913478 0.000000 0.406888
vn 0.911648 0.000000 0.410971
vn 0.890873 0.000000 0.454252
vn 0.891135 0.000000 0.453739
vn 0.892320 0.000000 0.451402
vn 0.895979 0.000000 0.444096
vn 0.907723 0.000000 0.419569
vn 0.920193 0.000000 0.391466
vn 0.934875 0.000000 0.354976
vn 0.950409 0.000000 0.311003
vn 0.963863 0.000000 0.266399
vn 0.975918 0.000000 0.218137
vn 0.985428 0.000000 0.170090
vn 0.990692 0.000000 0.136126
vn 0.997198 0.000000 0.074802
vn 0.997425 0.000000 0.071718
vn 0.999977 0.000000 -0.006713
vn 0.999841 0.000000 -0.017849
vn 0.998670 0.000000 -0.051553
vn 0.997897 0.000000 -0.064824
vn 0.996929 0.000000 -0.078306
vn 0.995139 0.000000 -0.098477
vn 0.993365 0.000000 -0.115006
vn 0.993749 0.000000 -0.111636
vn 0.993060 0.000000 -0.117608
vn 0.993324 0.000000 -0.115358
vn 0.993324 0.000000 -0.115358
vn 0.993865 0.000000 -0.110601
vn 0.997435 0.000000 -0.071582
vn 0.997847 0.000000 -0.065586
vn 0.999307 0.000000 -0.037229
vn 1.000000 0.000000 -0.000000
vn 1.000000 0.000000 -0.000000
vn 0.995463 0.000000 -0.095146
vn 0.997435 0.000000 -0.071582
vn 0.998630 0.000000 -0.052327
vn 0.999307 0.000000 -0.037229
vn 1.000000 0.000000 -0.000000
vn 1.000000 0.000000 -0.000000
vn 0.965926 0.000000 0.258819
vn 0.965926 0.000000 0.258819
vn 0.866025 0.000000 0.500000
vn 0.866025 0.000000 0.500000
vn 0.707107 0.000000 0.707107
vn 0.707107 0.000000 0.707107
vn 0.500000 0.000000 0.866025
vn 0.500000 0.000000 0.866025
vn 0.258819 0.000000 0.965926
vn 0.258819 0.000000 0.965926
vn 0.000000 0.000000 1.000000
vn 0.000000 0.000000 1.000000
vn -0.258819 0.000000 0.965926
vn -0.258819 0.000000 0.965926
vn -0.500000 0.000000 0.866025
vn -0.500000 0.000000 0.866025
vn -0.707107 0.000000 0.707107
vn -0.707107 0.000000 0.707107
vn -0.866025 0.000000 0.500000
vn -0.866025 0.000000 0.500000
vn -0.965926 -0.000000 0.258819
vn -0.965926 -0.000000 0.258819
vn -1.000000 -0.000000 0.000000
vn -1.000000 -0.000000 0.000000
vn -1.000000 -0.000000 -0.000000
vn -1.000000 -0.000000 -0.000000
vn -0.965926 -0.000000 0.258819
vn -0.965926 -0.000000 0.258819
vn -0.866025 0.000000 0.500000
vn -0.866025 0.000000 0.500000
vn -0.707107 0.000000 0.707107
vn -0.707107 0.000000 0.707107
vn -0.500000 0.000000 0.866025
vn -0.500000 0.000000 0.866025
vn -0.258819 0.000000 0.965926
vn -0.258819 0.000000 0.965926
vn -0.000000 0.000000 1.000000
vn -0.000000 0.000000 1.000000
vn 0.258819 0.000000 0.965926
vn 0.258819 0.000000 0.965926
vn 0.500000 0.000000 0.866025
vn 0.500000 0.000000 0.866025
vn 0.707107 0.000000 0.707107
vn 0.707107 0.000000 0.707107
vn 0.866025 0.000000 0.500000
vn 0.866025 0.000000 0.500000
vn 0.965926 0.000000 0.258819
vn 0.965926 0.000000 0.258819
vn 0.481682 0.000000 0.876346
vn 0.481682 0.000000 0.876346
vn 0.328765 0.000000 0.944412
vn 0.328765 0.000000 0.944412
vn 0.166637 0.000000 0.986018
vn 0.166637 0.000000 0.986018
vn -0.000160 0.000000 1.000000
vn -0.000160 0.000000 1.000000
vn -0.166953 0.000000 0.985965
vn -0.166953 0.000000 0.985965
vn -0.329068 0.000000 0.944306
vn -0.329068 0.000000 0.944306
vn -0.481963 0.000000 0.876191
vn -0.481963 0.000000 0.876191
vn 0.000000 -1.000000 0.000000
vn 0.000000 -1.000000 0.000000
vn 0.000000 -1.000000 0.000000
vn 0.000000 -1.000000 0.000000
vn 0.000000 -1.000000 0.000000
vn 0.000000 -1.000000 0.000000
vn 0.000000 -1.000000 0.000000
vn 0.000000 -1.000000 0.000000
vn 0.000000 -1.000000 0.000000
vn 0.000000 -1.000000 0.000000
vn 0.000000 -1.000000 0.000000
vn 0.000000 -1.000000 0.000000
vn 0.000000 -1.000000 0.000000
vn 0.000000 -1.000000 0.000000
vn 0.000000 -1.000000 0.000000
vn 0.000000 -1.000000 0.000000
vn 0.000000 -1.000000 0.000000
vn 0.000000 -1.000000 0.000000
vn 0.000000 -1.000000 0.000000
vn 0.000000 -1.000000 0.000000
vn 0.000000 -1.000000 0.000000
vn 0.000000 -1.000000 0.000000
vn 0.000000 -1.000000 0.000000
vn 0.000000 -1.000000 0.000000
vn 0.000000 -1.000000 0.000000
vn 0.000000 -1.000000 0.000000
vn 0.000000 -1.000000 0.000000
vn 0.000000 -1.000000 0.000000
vn 0.000000 -1.000000 0.000000
vn 0.000000 -1.000000 0.000000
vn 0.000000 -1.000000 0.000000
vn 0.000000 -1.000000 0.000000
vn 0.000000 -1.000000 0.000000
vn 0.000000 -1.000000 0.000000
vn 0.000000 -1.000000 0.000000
vn 0.000000 -1.000000 0.000000
vn 0.000000 -1.000000 0.000000
vn 0.000000 -1.000000 0.000000
vn 0.000000 -1.000000 0.000000
vn 0.000000 -1.000000 0.000000
vn 0.000000 -1.000000 0.000000
vn 0.000000 -1.000000 0.000000
vn 0.000000 -1.000000 0.000000
vn 0.000000 -1.000000 0.000000
vn 0.000000 -1.000000 0.000000
vn 0.000000 -1.000000 0.000000
vn 0.000000 -1.000000 0.000000
vn 0.000000 -1.000000 0.000000
vn 0.000000 -1.000000 0.000000
vn 0.000000 -1.000000 0.000000
vn 0.000000 -1.000000 0.000000
vn 0.000000 -1.000000 0.000000
vn 0.000000 -1.000000 0.000000
vn 0.000000 -1.000000 0.000000
vn 0.000000 -1.000000 0.000000
vn 0.000000 -1.000000 0.000000
vn 0.000000 -1.000000 0.000000
vn 0.000000 -1.000000 0.000000
vn 0.000000 -1.000000 0.000000
vn 0.000000 -1.000000 0.000000
vn 0.000000 -1.000000 0.000000
vn 0.000000 -1.000000 0.000000
vn 0.000000 -1.000000 0.000000
vn 0.000000 -1.000000 0.000000
vn 0.000000 -1.000000 0.000000
vn 0.000000 -1.000000 0.000000
vn 0.000000 -1.000000 0.000000
vn 0.000000 -1.000000 0.000000
vn 0.000000 -1.000000 0.000000
vn 0.000000 -1.000000 0.000000
vn 0.000000 -1.000000 0.000000
vn 0.000000 -1.000000 0.000000
vn 0.000000 -1.000000 0.000000
vn 0.000000 -1.000000 0.000000
vn 0.000000 -1.000000 0.000000
vn 0.000000 -1.000000 0.000000
vn 0.000000 -1.000000 0.000000
vn 0.000000 -1.000000 0.000000
vn 0.000000 -1.000000 0.000000
vn 0.000000 -1.000000 0.000000
vn 0.000000 -1.000000 0.000000
vn 0.000000 -1.000000 0.000000
vn 0.000000 -1.000000 0.000000
vn 0.000000 -1.000000 0.000000
vn 0.000000 -1.000000 0.000000
vn 0.000000 -1.000000 0.000000
vn 0.000000 -1.000000 0.000000
vn 0.000000 -1.000000 0.000000
vn 0.000000 -1.000000 0.000000
vn 0.000000 -1.000000 0.000000
vn 0.000000 -1.000000 0.000000
vn 0.000000 -1.000000 0.000000
vn 0.000000 -1.000000 0.000000
vn 0.000000 -1.000000 0.000000
vn 0.000000 -1.000000 0.000000
vn 0.000000 -1.000000 0.000000
vn 0.000000 -1.000000 0.000000
vn 0.000000 -1.000000 0.000000
vn 0.000000 -1.000000 0.000000
vn 0.000000 -1.000000 0.000000
vn 0.000000 -1.000000 0.000000
vn 0.000000 -1.000000 0.000000
vn 0.000000 -1.000000 0.000000
vn 0.000000 -1.000000 0.000000
vn 0.000000 -1.000000 0.000000
vn 0.000000 -1.000000 0.000000
vn 0.000000 -1.000000 0.000000
vn 0.000000 -1.000000 0.000000
vn 0.000000 -1.000000 0.000000
vn 0.000000 -1.000000 0.000000
vn 0.000000 -1.000000 0.000000
vn 0.000000 -1.000000 0.000000
vn 0.000000 -1.000000 0.000000
vn 0.000000 -1.000000 0.000000
vn 0.000000 -1.000000 0.000000
vn 0.000000 -1.000000 0.000000
vn 0.000000 -1.000000 0.000000
vn 0.000000 -1.000000 0.000000
vn 0.000000 -1.000000 0.000000
vn -0.000000 0.020733 -0.999785
vn -0.000000 0.020733 -0.999785
vn -0.000000 0.194745 -0.980854
vn -0.000000 0.340966 -0.940076
vn -0.000000 0.388690 -0.921369
vn -0.000000 0.511346 -0.859375
vn -0.000000 0.578665 -0.815565
vn -0.000000 0.658329 -0.752730
vn -0.000000 0.733112 -0.680108
vn -0.000000 0.848060 -0.529900
vn -0.000000 0.828963 -0.559304
vn -0.000000 0.892116 -0.451806
vn -0.000000 0.931208 -0.364488
vn -0.000000 0.948496 -0.316791
vn -0.000000 0.963653 -0.267155
vn -0.000000 0.957767 -0.287544
vn -0.000000 0.965436 -0.260639
vn -0.000000 0.971140 -0.238510
vn -0.000000 0.974787 -0.223138
vn -0.000000 0.974713 -0.223461
vn -0.000000 0.975798 -0.218674
vn -0.000000 0.975501 -0.219994
vn -0.000000 0.969912 -0.243454
vn -0.000000 0.968097 -0.250575
vn -0.000000 0.962082 -0.272762
vn -0.000000 0.950982 -0.309246
vn -0.000000 0.947268 -0.320442
vn -0.000000 0.921537 -0.388290
vn -0.000000 0.922559 -0.385857
vn -0.000000 0.887782 -0.460264
vn -0.000000 0.883254 -0.468895
vn -0.000000 0.848513 -0.529174
vn -0.000000 0.846047 -0.533108
vn -0.000000 0.818503 -0.574502
vn -0.000000 0.818767 -0.574126
vn -0.000000 0.830946 -0.556353
vn -0.000000 0.848503 -0.529191
vn -0.000000 0.906211 -0.422825
vn -0.000000 0.906211 -0.422825
vn 0.000000 -0.982890 -0.184194
vn 0.000000 -0.982839 -0.184466
vn 0.000000 -0.936564 -0.350497
vn 0.000000 -0.935973 -0.352071
vn 0.000000 -0.881403 -0.472364
vn 0.000000 -0.880483 -0.474078
vn 0.000000 -0.839288 -0.543687
vn 0.000000 -0.835023 -0.550215
vn 0.000000 -0.815986 -0.578071
vn 0.000000 -0.817997 -0.575223
vn 0.000000 -0.831167 -0.556022
vn 0.000000 -0.835741 -0.549124
vn 0.000000 -0.873861 -0.486175
vn 0.000000 -0.868035 -0.496503
vn 0.000000 -0.905588 -0.424158
vn 0.000000 -0.923617 -0.383318
vn 0.000000 -0.936412 -0.350902
vn 0.000000 -0.957304 -0.289085
vn 0.000000 -0.957896 -0.287114
vn 0.000000 -0.970227 -0.242199
vn 0.000000 -0.973216 -0.229892
vn 0.000000 -0.975668 -0.219251
vn 0.000000 -0.975616 -0.219483
vn 0.000000 -0.975028 -0.222080
vn 0.000000 -0.971695 -0.236240
vn 0.000000 -0.962836 -0.270088
vn 0.000000 -0.965926 -0.258820
vn 0.000000 -0.958021 -0.286699
vn 0.000000 -0.948496 -0.316791
vn 0.000000 -0.914487 -0.404616
vn 0.000000 -0.882561 -0.470198
vn 0.000000 -0.859015 -0.511950
vn 0.000000 -0.815201 -0.579178
vn 0.000000 -0.764821 -0.644243
vn 0.000000 -0.710978 -0.703215
vn 0.000000 -0.618031 -0.786154
vn 0.000000 -0.564258 -0.825599
vn 0.000000 -0.422265 -0.906472
vn 0.000000 -0.383946 -0.923356
vn 0.000000 -0.209184 -0.977876
vn 0.000000 -0.194117 -0.980978
vn 0.000000 -0.020733 -0.999785
vn 0.000000 -0.020733 -0.999785
vn -0.994185 -0.000000 -0.107688
vn -0.996347 -0.000000 -0.085398
vn -0.997052 -0.000000 -0.076734
vn -0.999156 -0.000000 -0.041065
vn -0.999317 -0.000000 -0.036958
vn -0.999317 -0.000000 -0.036958
vn -0.999882 -0.000000 -0.015333
vn -0.999970 -0.000000 -0.007683
vn -0.999973 -0.000000 -0.007355
vn -0.999996 -0.000000 -0.002793
vn -0.999999 -0.000000 -0.001586
vn -1.000000 -0.000000 -0.000811
vn -1.000000 -0.000000 -0.000309
vn -0.999970 -0.000000 -0.007683
vn -0.999862 -0.000000 -0.016603
vn -0.999513 -0.000000 -0.031204
vn -0.999976 -0.000000 -0.006898
vn -0.989503 -0.000000 -0.144512
vn -0.991339 -0.000000 -0.131327
vn -0.987722 -0.000000 -0.156225
vn -0.984777 -0.000000 -0.173824
vn -0.982973 -0.000000 -0.183748
vn -0.978930 -0.000000 -0.204196
vn -0.976485 -0.000000 -0.215585
vn -0.967502 -0.000000 -0.252862
vn -0.962945 -0.000000 -0.269699
vn -0.955092 -0.000000 -0.296308
vn -0.952349 -0.000000 -0.305009
vn -0.938301 -0.000000 -0.345821
vn -0.939175 -0.000000 -0.343439
vn -0.923226 -0.000000 -0.384257
vn -0.917971 -0.000000 -0.396648
vn -0.904636 -0.000000 -0.426185
vn -0.892888 -0.000000 -0.450278
vn -0.882278 -0.000000 -0.470729
vn -0.860633 -0.000000 -0.509226
vn -0.854362 -0.000000 -0.519678
vn -0.815498 -0.000000 -0.578760
vn -0.817343 -0.000000 -0.576151
vn -0.764670 -0.000000 -0.644422
vn -0.745112 -0.000000 -0.666940
vn -0.684064 -0.000000 -0.729422
vn -0.693027 -0.000000 -0.720912
vn -0.622725 -0.000000 -0.782441
vn -0.552131 -0.000000 -0.833757
vn -0.526043 -0.000000 -0.850458
vn -0.455953 -0.000000 -0.890004
vn -0.394254 -0.000000 -0.919001
vn -0.333708 -0.000000 -0.942676
vn -0.223082 -0.000000 -0.974800
vn -0.025404 -0.000000 -0.999677
vn -0.000000 1.000000 -0.000000
vn -0.000000 1.000000 -0.000000
vn -0.000000 1.000000 -0.000000
vn -0.000000 1.000000 -0.000000
vn -0.000000 1.000000 -0.000000
vn -0.000000 1.000000 -0.000000
vn -0.000000 1.000000 -0.000000
vn -0.000000 1.000000 -0.000000
vn -0.000000 1.000000 -0.000000
vn -0.000000 1.000000 -0.000000
vn -0.000000 1.000000 -0.000000
vn -0.000000 1.000000 -0.000000
vn -0.000000 1.000000 -0.000000
vn -0.000000 1.000000 -0.000000
vn -0.000000 1.000000 -0.000000
vn -0.000000 1.000000 -0.000000
vn -0.000000 1.000000 -0.000000
vn -0.000000 1.000000 -0.000000
vn -0.000000 1.000000 -0.000000
vn -0.000000 1.000000 -0.000000
vn -0.000000 1.000000 -0.000000
vn -0.000000 1.000000 -0.000000
vn -0.000000 1.000000 -0.000000
vn -0.000000 1.000000 -0.000000
vn -0.000000 1.000000 -0.000000
vn -0.000000 1.000000 -0.000000
vn -0.000000 1.000000 -0.000000
vn -0.000000 1.000000 -0.000000
vn -0.000000 1.000000 -0.000000
vn -0.000000 1.000000 -0.000000
vn -0.000000 1.000000 -0.000000
vn -0.000000 1.000000 -0.000000
vn -0.000000 1.000000 -0.000000
vn -0.000000 1.000000 -0.000000
vn -0.000000 1.000000 -0.000000
vn -0.000000 1.000000 -0.000000
vn -0.000000 1.000000 -0.000000
vn -0.000000 1.000000 -0.000000
vn -0.000000 1.000000 -0.000000
vn -0.000000 1.000000 -0.000000
vn -0.000000 1.000000 -0.000000
vn -0.000000 1.000000 -0.000000
vn -0.000000 1.000000 -0.000000
vn -0.000000 1.000000 -0.000000
vn -0.000000 1.000000 -0.000000
vn -0.000000 1.000000 -0.000000
vn -0.000000 1.000000 -0.000000
vn -0.000000 1.000000 -0.000000
vn -0.000000 1.000000 -0.000000
vn -0.000000 1.000000 -0.000000
vn -0.000000 1.000000 -0.000000
vn -0.000000 1.000000 -0.000000
vn -0.000000 1.000000 -0.000000
vn -0.000000 1.000000 -0.000000
vn -0.000000 1.000000 -0.000000
vn -0.000000 1.000000 -0.000000
vn -0.000000 1.000000 -0.000000
vn -0.000000 1.000000 -0.000000
vn -0.000000 1.000000 -0.000000
vn -0.000000 1.000000 -0.000000
vn -0.000000 1.000000 -0.000000
vn -0.000000 1.000000 -0.000000
vn -0.000000 1.000000 -0.000000
vn -0.000000 1.000000 -0.000000
vn -0.000000 1.000000 -0.000000
vn -0.000000 1.000000 -0.000000
vn -0.000000 1.000000 -0.000000
vn -0.000000 1.000000 -0.000000
vn -0.000000 1.000000 -0.000000
vn -0.000000 1.000000 -0.000000
vn -0.000000 1.000000 -0.000000
vn -0.000000 1.000000 -0.000000
vn -0.000000 1.000000 -0.000000
vn -0.000000 1.000000 -0.000000
vn -0.000000 1.000000 -0.000000
vn -0.000000 1.000000 -0.000000
vn -0.000000 1.000000 -0.000000
vn -0.000000 1.000000 -0.000000
vn -0.000000 1.000000 -0.000000
vn -0.000000 1.000000 -0.000000
vn -0.000000 1.000000 -0.000000
vn -0.000000 1.000000 -0.000000
vn -0.000000 1.000000 -0.000000
vn -0.000000 1.000000 -0.000000
vn -0.000000 1.000000 -0.000000
vn -0.000000 1.000000 -0.000000
vn -0.000000 1.000000 -0.000000
vn -0.000000 1.000000 -0.000000
vn -0.000000 1.000000 -0.000000
vn -0.000000 1.000000 -0.000000
vn -0.000000 1.000000 -0.000000
vn -0.000000 1.000000 -0.000000
vn -0.000000 1.000000 -0.000000
vn -0.000000 1.000000 -0.000000
vn -0.000000 1.000000 -0.000000
vn -0.000000 1.000000 -0.000000
vn -0.000000 1.000000 -0.000000
vn -0.000000 1.000000 -0.000000
vn -0.000000 1.000000 -0.000000
vn -0.000000 1.000000 -0.000000
vn -0.000000 1.000000 -0.000000
vn -0.000000 1.000000 -0.000000
vn -0.000000 1.000000 -0.000000
vn -0.000000 1.000000 -0.000000
vn -0.000000 1.000000 -0.000000
vn -0.000000 1.000000 -0.000000
vn -0.000000 1.000000 -0.000000
vn -0.000000 1.000000 -0.000000
vn -0.000000 1.000000 -0.000000
vn -0.000000 1.000000 -0.000000
vn -0.000000 1.000000 -0.000000
vn -0.000000 1.000000 -0.000000
vn -0.000000 1.000000 -0.000000
vn -0.000000 1.000000 -0.000000
vn -0.000000 1.000000 -0.000000
vn -0.000000 1.000000 -0.000000
vn -0.000000 1.000000 -0.000000
vn -0.000000 1.000000 -0.000000
usemtl Stahl_-_satiniert
f 2/1/1 48/2/2 1/3/3
f 1/3/3 48/2/2 25/4/4
f 1/3/3 25/4/4 24/5/5
f 24/5/5 25/4/4 26/6/6
f 24/5/5 26/6/6 23/7/7
f 23/7/7 26/6/6 27/8/8
f 23/7/7 27/8/8 22/9/9
f 22/9/9 27/8/8 28/10/10
f 22/9/9 28/10/10 21/11/11
f 21/11/11 28/10/10 29/12/12
f 21/11/11 29/12/12 20/13/13
f 20/13/13 29/12/12 30/14/14
f 20/13/13 30/14/14 19/15/15
f 19/15/15 30/14/14 31/16/16
f 19/15/15 31/16/16 18/17/17
f 18/17/17 31/16/16 32/18/18
f 18/17/17 32/18/18 17/19/19
f 17/19/19 32/18/18 33/20/20
f 17/19/19 33/20/20 16/21/21
f 16/21/21 33/20/20 34/22/22
f 16/21/21 34/22/22 15/23/23
f 15/23/23 34/22/22 35/24/24
f 15/23/23 35/24/24 14/25/25
f 14/25/25 35/24/24 36/26/26
f 14/25/25 36/26/26 13/27/27
f 13/27/27 36/26/26 37/28/28
f 13/29/27 37/30/28 12/31/29
f 12/31/29 37/30/28 38/32/30
f 12/31/29 38/32/30 11/33/31
f 11/33/31 38/32/30 39/34/32
f 11/33/31 39/34/32 10/35/33
f 10/35/33 39/34/32 40/36/34
f 10/35/33 40/36/34 9/37/35
f 9/37/35 40/36/34 41/38/36
f 9/37/35 41/38/36 8/39/37
f 8/39/37 41/38/36 42/40/38
f 8/39/37 42/40/38 7/41/39
f 7/41/39 42/40/38 43/42/40
f 7/41/39 43/42/40 6/43/41
f 6/43/41 43/42/40 44/44/42
f 6/43/41 44/44/42 5/45/43
f 5/45/43 44/44/42 45/46/44
f 5/45/43 45/46/44 4/47/45
f 4/47/45 45/46/44 46/48/46
f 4/47/45 46/48/46 3/49/47
f 3/49/47 46/48/46 47/50/48
f 3/49/47 47/50/48 2/1/1
f 2/1/1 47/50/48 48/2/2
f 50/51/49 96/52/50 49/53/51
f 49/53/51 96/52/50 73/54/52
f 49/53/51 73/54/52 72/55/53
f 72/55/53 73/54/52 74/56/54
f 72/55/53 74/56/54 71/57/55
f 71/57/55 74/56/54 75/58/56
f 71/57/55 75/58/56 70/59/57
f 70/59/57 75/58/56 76/60/58
f 70/59/57 76/60/58 69/61/59
f 69/61/59 76/60/58 77/62/60
f 69/61/59 77/62/60 68/63/61
f 68/63/61 77/62/60 78/64/62
f 68/63/61 78/64/62 67/65/63
f 67/65/63 78/64/62 79/66/64
f 67/65/63 79/66/64 66/67/65
f 66/67/65 79/66/64 80/68/66
f 66/67/65 80/68/66 65/69/67
f 65/69/67 80/68/66 81/70/68
f 65/69/67 81/70/68 64/71/69
f 64/71/69 81/70/68 82/72/70
f 64/71/69 82/72/70 63/73/71
f 63/73/71 82/72/70 83/74/72
f 63/73/71 83/74/72 62/75/73
f 62/75/73 83/74/72 84/76/74
f 62/75/73 84/76/74 61/77/75
f 61/77/75 84/76/74 85/78/76
f 61/79/75 85/80/76 60/81/77
f 60/81/77 85/80/76 86/82/78
f 60/81/77 86/82/78 59/83/79
f 59/83/79 86/82/78 87/84/80
f 59/83/79 87/84/80 58/85/81
f 58/85/81 87/84/80 88/86/82
f 58/85/81 88/86/82 57/87/83
f 57/87/83 88/86/82 89/88/84
f 57/87/83 89/88/84 56/89/85
f 56/89/85 89/88/84 90/90/86
f 56/89/85 90/90/86 55/91/87
f 55/91/87 90/90/86 91/92/88
f 55/91/87 91/92/88 54/93/89
f 54/93/89 91/92/88 92/94/90
f 54/93/89 92/94/90 53/95/91
f 53/95/91 92/94/90 93/96/92
f 53/95/91 93/96/92 52/97/93
f 52/97/93 93/96/92 94/98/94
f 52/97/93 94/98/94 51/99/95
f 51/99/95 94/98/94 95/100/96
f 51/99/95 95/100/96 50/51/49
f 50/51/49 95/100/96 96/52/50
f 98/101/97 144/102/98 97/103/99
f 97/103/99 144/102/98 121/104/100
f 97/103/99 121/104/100 120/105/101
f 120/105/101 121/104/100 122/106/102
f 120/105/101 122/106/102 119/107/103
f 119/107/103 122/106/102 123/108/104
f 119/107/103 123/108/104 118/109/105
f 118/109/105 123/108/104 124/110/106
f 118/109/105 124/110/106 117/111/107
f 117/111/107 124/110/106 125/112/108
f 117/111/107 125/112/108 116/113/109
f 116/113/109 125/112/108 126/114/110
f 116/113/109 126/114/110 115/115/111
f 115/115/111 126/114/110 127/116/112
f 115/115/111 127/116/112 114/117/113
f 114/117/113 127/116/112 128/118/114
f 114/117/113 128/118/114 113/119/115
f 113/119/115 128/118/114 129/120/116
f 113/119/115 129/120/116 112/121/117
f 112/121/117 129/120/116 130/122/118
f 112/121/117 130/122/118 111/123/119
f 111/123/119 130/122/118 131/124/120
f 111/123/119 131/124/120 110/125/121
f 110/125/121 131/124/120 132/126/122
f 110/125/121 132/126/122 109/127/123
f 109/127/123 132/126/122 133/128/124
f 109/129/123 133/130/124 108/131/125
f 108/131/125 133/130/124 134/132/126
f 108/131/125 134/132/126 107/133/127
f 107/133/127 134/132/126 135/134/128
f 107/133/127 135/134/128 106/135/129
f 106/135/129 135/134/128 136/136/130
f 106/135/129 136/136/130 105/137/131
f 105/137/131 136/136/130 137/138/132
f 105/137/131 137/138/132 104/139/133
f 104/139/133 137/138/132 138/140/134
f 104/139/133 138/140/134 103/141/135
f 103/141/135 138/140/134 139/142/136
f 103/141/135 139/142/136 102/143/137
f 102/143/137 139/142/136 140/144/138
f 102/143/137 140/144/138 101/145/139
f 101/145/139 140/144/138 141/146/140
f 101/145/139 141/146/140 100/147/141
f 100/147/141 141/146/140 142/148/142
f 100/147/141 142/148/142 99/149/143
f 99/149/143 142/148/142 143/150/144
f 99/149/143 143/150/144 98/101/97
f 98/101/97 143/150/144 144/102/98
f 146/151/145 192/152/146 145/153/147
f 145/153/147 192/152/146 169/154/148
f 145/153/147 169/154/148 168/155/149
f 168/155/149 169/154/148 170/156/150
f 168/155/149 170/156/150 167/157/151
f 167/157/151 170/156/150 171/158/152
f 167/157/151 171/158/152 166/159/153
f 166/159/153 171/158/152 172/160/154
f 166/159/153 172/160/154 165/161/155
f 165/161/155 172/160/154 173/162/156
f 165/161/155 173/162/156 164/163/157
f 164/163/157 173/162/156 174/164/158
f 164/163/157 174/164/158 163/165/159
f 163/165/159 174/164/158 175/166/160
f 163/165/159 175/166/160 162/167/161
f 162/167/161 175/166/160 176/168/162
f 162/167/161 176/168/162 161/169/163
f 161/169/163 176/168/162 177/170/164
f 161/169/163 177/170/164 160/171/165
f 160/171/165 177/170/164 178/172/166
f 160/171/165 178/172/166 159/173/167
f 159/173/167 178/172/166 179/174/168
f 159/173/167 179/174/168 158/175/169
f 158/175/169 179/174/168 180/176/170
f 158/175/169 180/176/170 157/177/171
f 157/177/171 180/176/170 181/178/172
f 157/179/171 181/180/172 156/181/173
f 156/181/173 181/180/172 182/182/174
f 156/181/173 182/182/174 155/183/175
f 155/183/175 182/182/174 183/184/176
f 155/183/175 183/184/176 154/185/177
f 154/185/177 183/184/176 184/186/178
f 154/185/177 184/186/178 153/187/179
f 153/187/179 184/186/178 185/188/180
f 153/187/179 185/188/180 152/189/181
f 152/189/181 185/188/180 186/190/182
f 152/189/181 186/190/182 151/191/183
f 151/191/183 186/190/182 187/192/184
f 151/191/183 187/192/184 150/193/185
f 150/193/185 187/192/184 188/194/186
f 150/193/185 188/194/186 149/195/187
f 149/195/187 188/194/186 189/196/188
f 149/195/187 189/196/188 148/197/189
f 148/197/189 189/196/188 190/198/190
f 148/197/189 190/198/190 147/199/191
f 147/199/191 190/198/190 191/200/192
f 147/199/191 191/200/192 146/151/145
f 146/151/145 191/200/192 192/152/146
f 194/201/193 240/202/194 193/203/195
f 193/203/195 240/202/194 217/204/196
f 193/203/195 217/204/196 216/205/197
f 216/205/197 217/204/196 218/206/198
f 216/205/197 218/206/198 215/207/199
f 215/207/199 218/206/198 219/208/200
f 215/207/199 219/208/200 214/209/201
f 214/209/201 219/208/200 220/210/202
f 214/209/201 220/210/202 213/211/203
f 213/211/203 220/210/202 221/212/204
f 213/211/203 221/212/204 212/213/205
f 212/213/205 221/212/204 222/214/206
f 212/213/205 222/214/206 211/215/207
f 211/215/207 222/214/206 223/216/208
f 211/215/207 223/216/208 210/217/209
f 210/217/209 223/216/208 224/218/210
f 210/217/209 224/218/210 209/219/211
f 209/219/211 224/218/210 225/220/212
f 209/219/211 225/220/212 208/221/213
f 208/221/213 225/220/212 226/222/214
f 208/221/213 226/222/214 207/223/215
f 207/223/215 226/222/214 227/224/216
f 207/223/215 227/224/216 206/225/217
f 206/225/217 227/224/216 228/226/218
f 206/225/217 228/226/218 205/227/219
f 205/227/219 228/226/218 229/228/220
f 205/229/219 229/230/220 204/231/221
f 204/231/221 229/230/220 230/232/222
f 204/231/221 230/232/222 203/233/223
f 203/233/223 230/232/222 231/234/224
f 203/233/223 231/234/224 202/235/225
f 202/235/225 231/234/224 232/236/226
f 202/235/225 232/236/226 201/237/227
f 201/237/227 232/236/226 233/238/228
f 201/237/227 233/238/228 200/239/229
f 200/239/229 233/238/228 234/240/230
f 200/239/229 234/240/230 199/241/231
f 199/241/231 234/240/230 235/242/232
f 199/241/231 235/242/232 198/243/233
f 198/243/233 235/242/232 236/244/234
f 198/243/233 236/244/234 197/245/235
f 197/245/235 236/244/234 237/246/236
f 197/245/235 237/246/236 196/247/237
f 196/247/237 237/246/236 238/248/238
f 196/247/237 238/248/238 195/249/239
f 195/249/239 238/248/238 239/250/240
f 195/249/239 239/250/240 194/201/193
f 194/201/193 239/250/240 240/202/194
f 242/251/241 288/252/242 241/253/243
f 241/253/243 288/252/242 265/254/244
f 241/253/243 265/254/244 264/255/245
f 264/255/245 265/254/244 266/256/246
f 264/255/245 266/256/246 263/257/247
f 263/257/247 266/256/246 267/258/248
f 263/257/247 267/258/248 262/259/249
f 262/259/249 267/258/248 268/260/250
f 262/259/249 268/260/250 261/261/251
f 261/261/251 268/260/250 269/262/252
f 261/261/251 269/262/252 260/263/253
f 260/263/253 269/262/252 270/264/254
f 260/263/253 270/264/254 259/265/255
f 259/265/255 270/264/254 271/266/256
f 259/265/255 271/266/256 258/267/257
f 258/267/257 271/266/256 272/268/258
f 258/267/257 272/268/258 257/269/259
f 257/269/259 272/268/258 273/270/260
f 257/269/259 273/270/260 256/271/261
f 256/271/261 273/270/260 274/272/262
f 256/271/261 274/272/262 255/273/263
f 255/273/263 274/272/262 275/274/264
f 255/273/263 275/274/264 254/275/265
f 254/275/265 275/274/264 276/276/266
f 254/275/265 276/276/266 253/277/267
f 253/277/267 276/276/266 277/278/268
f 253/279/267 277/280/268 252/281/269
f 252/281/269 277/280/268 278/282/270
f 252/281/269 278/282/270 251/283/271
f 251/283/271 278/282/270 279/284/272
f 251/283/271 279/284/272 250/285/273
f 250/285/273 279/284/272 280/286/274
f 250/285/273 280/286/274 249/287/275
f 249/287/275 280/286/274 281/288/276
f 249/287/275 281/288/276 248/289/277
f 248/289/277 281/288/276 282/290/278
f 248/289/277 282/290/278 247/291/279
f 247/291/279 282/290/278 283/292/280
f 247/291/279 283/292/280 246/293/281
f 246/293/281 283/292/280 284/294/282
f 246/293/281 284/294/282 245/295/283
f 245/295/283 284/294/282 285/296/284
f 245/295/283 285/296/284 244/297/285
f 244/297/285 285/296/284 286/298/286
f 244/297/285 286/298/286 243/299/287
f 243/299/287 286/298/286 287/300/288
f 243/299/287 287/300/288 242/251/241
f 242/251/241 287/300/288 288/252/242
f 290/301/289 336/302/290 289/303/291
f 289/303/291 336/302/290 313/304/292
f 289/303/291 313/304/292 312/305/293
f 312/305/293 313/304/292 314/306/294
f 312/305/293 314/306/294 311/307/295
f 311/307/295 314/306/294 315/308/296
f 311/307/295 315/308/296 310/309/297
f 310/309/297 315/308/296 316/310/298
f 310/309/297 316/310/298 309/311/299
f 309/311/299 316/310/298 317/312/300
f 309/311/299 317/312/300 308/313/301
f 308/313/301 317/312/300 318/314/302
f 308/313/301 318/314/302 307/315/303
f 307/315/303 318/314/302 319/316/304
f 307/315/303 319/316/304 306/317/305
f 306/317/305 319/316/304 320/318/306
f 306/317/305 320/318/306 305/319/307
f 305/319/307 320/318/306 321/320/308
f 305/319/307 321/320/308 304/321/309
f 304/321/309 321/320/308 322/322/310
f 304/321/309 322/322/310 303/323/311
f 303/323/311 322/322/310 323/324/312
f 303/323/311 323/324/312 302/325/313
f 302/325/313 323/324/312 324/326/314
f 302/325/313 324/326/314 301/327/315
f 301/327/315 324/326/314 325/328/316
f 301/329/315 325/330/316 300/331/317
f 300/331/317 325/330/316 326/332/318
f 300/331/317 326/332/318 299/333/319
f 299/333/319 326/332/318 327/334/320
f 299/333/319 327/334/320 298/335/321
f 298/335/321 327/334/320 328/336/322
f 298/335/321 328/336/322 297/337/323
f 297/337/323 328/336/322 329/338/324
f 297/337/323 329/338/324 296/339/325
f 296/339/325 329/338/324 330/340/326
f 296/339/325 330/340/326 295/341/327
f 295/341/327 330/340/326 331/342/328
f 295/341/327 331/342/328 294/343/329
f 294/343/329 331/342/328 332/344/330
f 294/343/329 332/344/330 293/345/331
f 293/345/331 332/344/330 333/346/332
f 293/345/331 333/346/332 292/347/333
f 292/347/333 333/346/332 334/348/334
f 292/347/333 334/348/334 291/349/335
f 291/349/335 334/348/334 335/350/336
f 291/349/335 335/350/336 290/301/289
f 290/301/289 335/350/336 336/302/290
f 338/351/337 384/352/338 337/353/339
f 337/353/339 384/352/338 361/354/340
f 337/353/339 361/354/340 360/355/341
f 360/355/341 361/354/340 362/356/342
f 360/355/341 362/356/342 359/357/343
f 359/357/343 362/356/342 363/358/344
f 359/357/343 363/358/344 358/359/345
f 358/359/345 363/358/344 364/360/346
f 358/359/345 364/360/346 357/361/347
f 357/361/347 364/360/346 365/362/348
f 357/361/347 365/362/348 356/363/349
f 356/363/349 365/362/348 366/364/350
f 356/363/349 366/364/350 355/365/351
f 355/365/351 366/364/350 367/366/352
f 355/365/351 367/366/352 354/367/353
f 354/367/353 367/366/352 368/368/354
f 354/367/353 368/368/354 353/369/355
f 353/369/355 368/368/354 369/370/356
f 353/369/355 369/370/356 352/371/357
f 352/371/357 369/370/356 370/372/358
f 352/371/357 370/372/358 351/373/359
f 351/373/359 370/372/358 371/374/360
f 351/373/359 371/374/360 350/375/361
f 350/375/361 371/374/360 372/376/362
f 350/375/361 372/376/362 349/377/363
f 349/377/363 372/376/362 373/378/364
f 349/379/363 373/380/364 348/381/365
f 348/381/365 373/380/364 374/382/366
f 348/381/365 374/382/366 347/383/367
f 347/383/367 374/382/366 375/384/368
f 347/383/367 375/384/368 346/385/369
f 346/385/369 375/384/368 376/386/370
f 346/385/369 376/386/370 345/387/371
f 345/387/371 376/386/370 377/388/372
f 345/387/371 377/388/372 344/389/373
f 344/389/373 377/388/372 378/390/374
f 344/389/373 378/390/374 343/391/375
f 343/391/375 378/390/374 379/392/376
f 343/391/375 379/392/376 342/393/377
f 342/393/377 379/392/376 380/394/378
f 342/393/377 380/394/378 341/395/379
f 341/395/379 380/394/378 381/396/380
f 341/395/379 381/396/380 340/397/381
f 340/397/381 381/396/380 382/398/382
f 340/397/381 382/398/382 339/399/383
f 339/399/383 382/398/382 383/400/384
f 339/399/383 383/400/384 338/351/337
f 338/351/337 383/400/384 384/352/338
f 384/401/385 408/402/386 361/403/387
f 361/403/387 408/402/386 385/404/388
f 361/403/387 385/404/388 362/405/389
f 362/405/389 385/404/388 386/406/390
f 362/405/389 386/406/390 363/407/391
f 363/407/391 386/406/390 387/408/392
f 363/407/391 387/408/392 364/409/393
f 364/409/393 387/408/392 388/410/394
f 364/409/393 388/410/394 365/411/395
f 365/411/395 388/410/394 389/412/396
f 365/411/395 389/412/396 366/413/397
f 366/413/397 389/412/396 390/414/398
f 366/413/397 390/414/398 367/415/399
f 367/415/399 390/414/398 391/416/400
f 367/415/399 391/416/400 368/417/401
f 368/417/401 391/416/400 392/418/402
f 368/417/401 392/418/402 369/419/403
f 369/419/403 392/418/402 393/420/404
f 369/419/403 393/420/404 370/421/405
f 370/421/405 393/420/404 394/422/406
f 370/421/405 394/422/406 371/423/407
f 371/423/407 394/422/406 395/424/408
f 371/423/407 395/424/408 372/425/409
f 372/425/409 395/424/408 396/426/410
f 372/425/409 396/426/410 373/427/411
f 373/427/411 396/426/410 397/428/412
f 373/429/411 397/430/412 374/431/413
f 374/431/413 397/430/412 398/432/414
f 374/431/413 398/432/414 375/433/415
f 375/433/415 398/432/414 399/434/416
f 375/433/415 399/434/416 376/435/417
f 376/435/417 399/434/416 400/436/418
f 376/435/417 400/436/418 377/437/419
f 377/437/419 400/436/418 401/438/420
f 377/437/419 401/438/420 378/439/421
f 378/439/421 401/438/420 402/440/422
f 378/439/421 402/440/422 379/441/423
f 379/441/423 402/440/422 403/442/424
f 379/441/423 403/442/424 380/443/425
f 380/443/425 403/442/424 404/444/426
f 380/443/425 404/444/426 381/445/427
f 381/445/427 404/444/426 405/446/428
f 381/445/427 405/446/428 382/447/429
f 382/447/429 405/446/428 406/448/430
f 382/447/429 406/448/430 383/449/431
f 383/449/431 406/448/430 407/450/432
f 383/449/431 407/450/432 384/401/385
f 384/401/385 407/450/432 408/402/386
f 409/451/433 410/452/434 431/453/435
f 431/453/435 410/452/434 54/454/436
f 431/453/435 54/454/436 53/455/437
f 411/456/438 341/457/439 410/452/434
f 410/452/434 341/457/439 340/458/440
f 410/452/434 340/458/440 339/459/441
f 412/460/442 345/461/443 411/456/438
f 411/456/438 345/461/443 344/462/444
f 411/456/438 344/462/444 343/463/445
f 413/464/446 348/465/447 412/460/442
f 412/460/442 348/465/447 347/466/448
f 412/460/442 347/466/448 346/467/449
f 414/468/450 350/469/451 413/464/446
f 413/464/446 350/469/451 349/470/452
f 413/464/446 349/470/452 348/465/447
f 415/471/453 352/472/454 414/468/450
f 414/468/450 352/472/454 351/473/455
f 414/468/450 351/473/455 350/469/451
f 416/474/456 247/475/457 415/471/453
f 415/471/453 247/475/457 246/476/458
f 415/471/453 246/476/458 245/477/459
f 417/478/460 251/479/461 416/474/456
f 416/474/456 251/479/461 250/480/462
f 416/474/456 250/480/462 249/481/463
f 418/482/464 255/483/465 417/478/460
f 417/478/460 255/483/465 254/484/466
f 417/478/460 254/484/466 253/485/467
f 419/486/468 259/487/469 418/482/464
f 418/482/464 259/487/469 258/488/470
f 418/482/464 258/488/470 257/489/471
f 420/490/472 154/491/473 419/486/468
f 419/486/468 154/491/473 153/492/474
f 419/486/468 153/492/474 260/493/475
f 260/493/475 153/492/474 261/494/476
f 261/494/476 153/492/474 152/495/477
f 261/494/476 152/495/477 262/496/478
f 262/496/478 152/495/477 263/497/479
f 263/497/479 152/495/477 151/498/480
f 263/497/479 151/498/480 264/499/481
f 264/499/481 151/498/480 62/500/482
f 264/499/481 62/500/482 241/501/483
f 241/501/483 62/500/482 61/502/484
f 241/501/483 61/502/484 60/503/485
f 421/504/486 156/505/487 420/490/472
f 420/490/472 156/505/487 155/506/488
f 420/490/472 155/506/488 154/491/473
f 422/507/489 159/508/490 421/504/486
f 421/504/486 159/508/490 158/509/491
f 421/504/486 158/509/491 157/510/492
f 423/511/493 161/512/494 422/507/489
f 422/507/489 161/512/494 160/513/495
f 422/507/489 160/513/495 159/508/490
f 424/514/496 165/515/497 423/511/493
f 423/511/493 165/515/497 164/516/498
f 423/511/493 164/516/498 163/517/499
f 425/518/500 145/519/501 424/514/496
f 424/514/496 145/519/501 168/520/502
f 424/514/496 168/520/502 167/521/503
f 426/522/504 427/523/505 425/518/500
f 425/518/500 427/523/505 68/524/506
f 425/518/500 68/524/506 67/525/507
f 428/526/508 70/527/509 427/523/505
f 427/523/505 70/527/509 69/528/510
f 427/523/505 69/528/510 68/524/506
f 429/529/511 72/530/512 428/526/508
f 428/526/508 72/530/512 71/531/513
f 428/526/508 71/531/513 70/527/509
f 430/532/514 51/533/515 429/529/511
f 429/529/511 51/533/515 50/534/516
f 429/529/511 50/534/516 49/535/517
f 431/453/435 53/455/437 430/532/514
f 430/532/514 53/455/437 52/536/518
f 430/532/514 52/536/518 51/533/515
f 49/535/517 72/530/512 429/529/511
f 425/518/500 67/525/507 147/537/519
f 147/537/519 67/525/507 66/538/520
f 147/537/519 66/538/520 148/539/521
f 148/539/521 66/538/520 149/540/522
f 149/540/522 66/538/520 65/541/523
f 149/540/522 65/541/523 150/542/524
f 150/542/524 65/541/523 64/543/525
f 150/542/524 64/543/525 63/544/526
f 150/542/524 63/544/526 151/498/480
f 151/498/480 63/544/526 62/500/482
f 59/545/527 355/546/528 60/503/485
f 60/503/485 355/546/528 242/547/529
f 60/503/485 242/547/529 241/501/483
f 355/546/528 59/545/527 356/548/530
f 356/548/530 59/545/527 58/549/531
f 356/548/530 58/549/531 57/550/532
f 356/548/530 57/550/532 357/551/533
f 357/551/533 57/550/532 56/552/534
f 357/551/533 56/552/534 358/553/535
f 358/553/535 56/552/534 359/554/536
f 359/554/536 56/552/534 55/555/537
f 359/554/536 55/555/537 410/452/434
f 410/452/434 55/555/537 54/454/436
f 167/521/503 166/556/538 424/514/496
f 424/514/496 166/556/538 165/515/497
f 163/517/499 162/557/539 423/511/493
f 423/511/493 162/557/539 161/512/494
f 157/510/492 156/505/487 421/504/486
f 147/537/519 146/558/540 425/518/500
f 425/518/500 146/558/540 145/519/501
f 260/493/475 259/487/469 419/486/468
f 257/489/471 256/559/541 418/482/464
f 418/482/464 256/559/541 255/483/465
f 253/485/467 252/560/542 417/478/460
f 417/478/460 252/560/542 251/479/461
f 249/481/463 248/561/543 416/474/456
f 416/474/456 248/561/543 247/475/457
f 244/562/544 354/563/545 245/477/459
f 245/477/459 354/563/545 353/564/546
f 245/477/459 353/564/546 415/471/453
f 415/471/453 353/564/546 352/472/454
f 244/562/544 243/565/547 354/563/545
f 354/563/545 243/565/547 355/546/528
f 355/546/528 243/565/547 242/547/529
f 338/566/548 337/567/549 410/452/434
f 410/452/434 337/567/549 360/568/550
f 410/452/434 360/568/550 359/554/536
f 346/467/449 345/461/443 412/460/442
f 343/463/445 342/569/551 411/456/438
f 411/456/438 342/569/551 341/457/439
f 339/459/441 338/566/548 410/452/434
f 433/570/552 177/571/553 432/572/554
f 432/572/554 177/571/553 176/573/555
f 432/572/554 176/573/555 175/574/556
f 434/575/557 179/576/558 433/570/552
f 433/570/552 179/576/558 178/577/559
f 433/570/552 178/577/559 177/571/553
f 435/578/560 182/579/561 434/575/557
f 434/575/557 182/579/561 181/580/562
f 434/575/557 181/580/562 180/581/563
f 436/582/564 184/583/565 435/578/560
f 435/578/560 184/583/565 183/584/566
f 435/578/560 183/584/566 182/579/561
f 437/585/567 271/586/568 436/582/564
f 436/582/564 271/586/568 270/587/569
f 436/582/564 270/587/569 185/588/570
f 185/588/570 270/587/569 269/589/571
f 185/588/570 269/589/571 186/590/572
f 186/590/572 269/589/571 268/591/573
f 186/590/572 268/591/573 187/592/574
f 187/592/574 268/591/573 267/593/575
f 187/592/574 267/593/575 83/594/576
f 83/594/576 267/593/575 266/595/577
f 83/594/576 266/595/577 84/596/578
f 84/596/578 266/595/577 265/597/579
f 84/596/578 265/597/579 85/598/580
f 85/598/580 265/597/579 86/599/581
f 86/599/581 265/597/579 288/600/582
f 86/599/581 288/600/582 87/601/583
f 87/601/583 288/600/582 287/602/584
f 87/601/583 287/602/584 391/603/585
f 391/603/585 287/602/584 286/604/586
f 391/603/585 286/604/586 392/605/587
f 392/605/587 286/604/586 285/606/588
f 392/605/587 285/606/588 393/607/589
f 393/607/589 285/606/588 284/608/590
f 393/607/589 284/608/590 440/609/591
f 440/609/591 284/608/590 283/610/592
f 440/609/591 283/610/592 439/611/593
f 439/611/593 283/610/592 282/612/594
f 439/611/593 282/612/594 281/613/595
f 438/614/596 274/615/597 437/585/567
f 437/585/567 274/615/597 273/616/598
f 437/585/567 273/616/598 272/617/599
f 439/611/593 279/618/600 438/614/596
f 438/614/596 279/618/600 278/619/601
f 438/614/596 278/619/601 277/620/602
f 393/607/589 440/609/591 394/621/603
f 394/621/603 440/609/591 441/622/604
f 394/621/603 441/622/604 395/623/605
f 395/623/605 441/622/604 396/624/606
f 396/624/606 441/622/604 442/625/607
f 396/624/606 442/625/607 397/626/608
f 397/626/608 442/625/607 398/627/609
f 398/627/609 442/625/607 443/628/610
f 398/627/609 443/628/610 399/629/611
f 399/629/611 443/628/610 400/630/612
f 400/630/612 443/628/610 401/631/613
f 401/631/613 443/628/610 444/632/614
f 401/631/613 444/632/614 402/633/615
f 402/633/615 444/632/614 403/634/616
f 403/634/616 444/632/614 445/635/617
f 403/634/616 445/635/617 404/636/618
f 404/636/618 445/635/617 446/637/619
f 404/636/618 446/637/619 405/638/620
f 405/638/620 446/637/619 406/639/621
f 406/639/621 446/637/619 447/640/622
f 406/639/621 447/640/622 407/641/623
f 407/641/623 447/640/622 408/642/624
f 408/642/624 447/640/622 448/643/625
f 408/642/624 448/643/625 385/644/626
f 385/644/626 448/643/625 386/645/627
f 386/645/627 448/643/625 449/646/628
f 386/645/627 449/646/628 387/647/629
f 387/647/629 449/646/628 91/648/630
f 387/647/629 91/648/630 388/649/631
f 388/649/631 91/648/630 90/650/632
f 388/649/631 90/650/632 389/651/633
f 389/651/633 90/650/632 89/652/634
f 389/651/633 89/652/634 390/653/635
f 390/653/635 89/652/634 88/654/636
f 390/653/635 88/654/636 391/603/585
f 391/603/585 88/654/636 87/601/583
f 91/648/630 449/646/628 92/655/637
f 92/655/637 449/646/628 450/656/638
f 92/655/637 450/656/638 93/657/639
f 93/657/639 450/656/638 451/658/640
f 93/657/639 451/658/640 94/659/641
f 94/659/641 451/658/640 95/660/642
f 95/660/642 451/658/640 452/661/643
f 95/660/642 452/661/643 96/662/644
f 96/662/644 452/661/643 73/663/645
f 73/663/645 452/661/643 453/664/646
f 73/663/645 453/664/646 74/665/647
f 74/665/647 453/664/646 75/666/648
f 75/666/648 453/664/646 454/667/649
f 75/666/648 454/667/649 76/668/650
f 76/668/650 454/667/649 77/669/651
f 77/669/651 454/667/649 455/670/652
f 77/669/651 455/670/652 78/671/653
f 78/671/653 455/670/652 79/672/654
f 79/672/654 455/670/652 456/673/655
f 79/672/654 456/673/655 191/674/656
f 191/674/656 456/673/655 192/675/657
f 192/675/657 456/673/655 169/676/658
f 169/676/658 456/673/655 170/677/659
f 170/677/659 456/673/655 171/678/660
f 171/678/660 456/673/655 172/679/661
f 172/679/661 456/673/655 173/680/662
f 173/680/662 456/673/655 432/572/554
f 173/680/662 432/572/554 174/681/663
f 174/681/663 432/572/554 175/574/556
f 83/594/576 82/682/664 187/592/574
f 187/592/574 82/682/664 188/683/665
f 188/683/665 82/682/664 81/684/666
f 188/683/665 81/684/666 189/685/667
f 189/685/667 81/684/666 80/686/668
f 189/685/667 80/686/668 190/687/669
f 190/687/669 80/686/668 79/672/654
f 190/687/669 79/672/654 191/674/656
f 185/588/570 184/583/565 436/582/564
f 180/581/563 179/576/558 434/575/557
f 281/613/595 280/688/670 439/611/593
f 439/611/593 280/688/670 279/618/600
f 277/620/602 276/689/671 438/614/596
f 438/614/596 276/689/671 275/690/672
f 438/614/596 275/690/672 274/615/597
f 272/617/599 271/586/568 437/585/567
f 457/691/673 458/692/674 471/693/675
f 471/693/675 458/692/674 459/694/676
f 471/693/675 459/694/676 470/695/677
f 470/695/677 459/694/676 460/696/678
f 470/695/677 460/696/678 469/697/679
f 469/697/679 460/696/678 461/698/680
f 469/697/679 461/698/680 468/699/681
f 468/699/681 461/698/680 467/700/682
f 467/700/682 461/698/680 462/701/683
f 467/700/682 462/701/683 466/702/684
f 466/702/684 462/701/683 463/703/685
f 466/702/684 463/703/685 465/704/686
f 465/704/686 463/703/685 464/705/687
f 464/706/687 472/707/688 465/708/686
f 465/708/686 472/707/688 509/709/689
f 509/709/689 472/707/688 473/710/690
f 509/709/689 473/710/690 508/711/691
f 508/711/691 473/710/690 474/712/692
f 508/711/691 474/712/692 507/713/693
f 507/713/693 474/712/692 475/714/694
f 507/713/693 475/714/694 506/715/695
f 506/715/695 475/714/694 476/716/696
f 506/715/695 476/716/696 505/717/697
f 505/717/697 476/716/696 477/718/698
f 505/717/697 477/718/698 504/719/699
f 504/719/699 477/718/698 478/720/700
f 504/719/699 478/720/700 503/721/701
f 503/721/701 478/720/700 479/722/702
f 503/721/701 479/722/702 502/723/703
f 502/723/703 479/722/702 480/724/704
f 502/723/703 480/724/704 501/725/705
f 501/725/705 480/724/704 481/726/706
f 501/725/705 481/726/706 500/727/707
f 500/727/707 481/726/706 482/728/708
f 500/727/707 482/728/708 499/729/709
f 499/729/709 482/728/708 483/730/710
f 499/729/709 483/730/710 498/731/711
f 498/731/711 483/730/710 484/732/712
f 498/731/711 484/732/712 497/733/713
f 497/733/713 484/732/712 496/734/714
f 496/734/714 484/732/712 485/735/715
f 496/734/714 485/735/715 495/736/716
f 495/736/716 485/735/715 494/737/717
f 494/737/717 485/735/715 486/738/718
f 494/737/717 486/738/718 453/739/719
f 453/739/719 486/738/718 454/740/720
f 454/740/720 486/738/718 493/741/721
f 454/740/720 493/741/721 426/742/722
f 486/738/718 487/743/723 493/741/721
f 493/741/721 487/743/723 492/744/724
f 492/744/724 487/743/723 488/745/725
f 492/744/724 488/745/725 491/746/726
f 491/746/726 488/745/725 489/747/727
f 491/746/726 489/747/727 490/748/728
f 454/740/720 426/742/722 455/749/729
f 455/749/729 426/742/722 425/750/730
f 455/749/729 425/750/730 456/751/731
f 456/751/731 425/750/730 424/752/732
f 456/751/731 424/752/732 432/753/733
f 432/753/733 424/752/732 423/754/734
f 432/755/733 423/756/734 433/757/735
f 433/757/735 423/756/734 422/758/736
f 433/757/735 422/758/736 434/759/737
f 434/759/737 422/758/736 421/760/738
f 434/759/737 421/760/738 435/761/739
f 435/761/739 421/760/738 420/762/740
f 435/761/739 420/762/740 436/763/741
f 436/763/741 420/762/740 419/764/742
f 436/763/741 419/764/742 437/765/743
f 437/765/743 419/764/742 418/766/744
f 437/765/743 418/766/744 438/767/745
f 438/767/745 418/766/744 417/768/746
f 438/767/745 417/768/746 439/769/747
f 439/769/747 417/768/746 416/770/748
f 439/769/747 416/770/748 440/771/749
f 440/771/749 416/770/748 415/772/750
f 440/771/749 415/772/750 441/773/751
f 441/773/751 415/772/750 414/774/752
f 441/773/751 414/774/752 442/775/753
f 442/775/753 414/774/752 413/776/754
f 442/775/753 413/776/754 443/777/755
f 443/777/755 413/776/754 412/778/756
f 443/777/755 412/778/756 444/779/757
f 444/779/757 412/778/756 411/780/758
f 533/781/759 510/782/760 532/783/761
f 532/783/761 510/782/760 511/784/762
f 532/783/761 511/784/762 531/785/763
f 531/785/763 511/784/762 512/786/764
f 531/785/763 512/786/764 530/787/765
f 530/787/765 512/786/764 513/788/766
f 530/787/765 513/788/766 529/789/767
f 529/789/767 513/788/766 514/790/768
f 529/789/767 514/790/768 528/791/769
f 528/791/769 514/790/768 515/792/770
f 528/791/769 515/792/770 527/793/771
f 527/793/771 515/792/770 516/794/772
f 527/793/771 516/794/772 526/795/773
f 526/795/773 516/794/772 517/796/774
f 526/795/773 517/796/774 525/797/775
f 525/797/775 517/796/774 518/798/776
f 525/797/775 518/798/776 524/799/777
f 524/799/777 518/798/776 519/800/778
f 524/799/777 519/800/778 523/801/779
f 523/801/779 519/800/778 520/802/780
f 523/801/779 520/802/780 522/803/781
f 522/803/781 520/802/780 521/804/782
f 522/803/781 521/804/782 489/805/727
f 489/805/727 521/804/782 490/806/728
f 534/807/783 409/808/784 539/809/785
f 539/809/785 409/808/784 431/810/786
f 539/809/785 431/810/786 430/811/787
f 539/809/785 430/811/787 538/812/788
f 538/812/788 430/811/787 429/813/789
f 538/812/788 429/813/789 537/814/790
f 537/814/790 429/813/789 428/815/791
f 537/814/790 428/815/791 536/816/792
f 536/816/792 428/815/791 427/817/793
f 536/816/792 427/817/793 535/818/794
f 535/818/794 427/817/793 493/819/795
f 493/819/795 427/817/793 426/820/796
f 521/821/797 129/822/798 490/823/799
f 490/823/799 129/822/798 128/824/800
f 490/823/799 128/824/800 127/825/801
f 520/826/802 131/827/803 521/821/797
f 521/821/797 131/827/803 130/828/804
f 521/821/797 130/828/804 129/822/798
f 519/829/805 134/830/806 520/826/802
f 520/826/802 134/830/806 133/831/807
f 520/826/802 133/831/807 132/832/808
f 518/833/809 136/834/810 519/829/805
f 519/829/805 136/834/810 135/835/811
f 519/829/805 135/835/811 134/830/806
f 517/836/812 223/837/813 518/833/809
f 518/833/809 223/837/813 222/838/814
f 518/833/809 222/838/814 137/839/815
f 137/839/815 222/838/814 221/840/816
f 137/839/815 221/840/816 138/841/817
f 138/841/817 221/840/816 220/842/818
f 138/841/817 220/842/818 219/843/819
f 516/844/820 227/845/821 517/836/812
f 517/836/812 227/845/821 226/846/822
f 517/836/812 226/846/822 225/847/823
f 515/848/824 231/849/825 516/844/820
f 516/844/820 231/849/825 230/850/826
f 516/844/820 230/850/826 229/851/827
f 514/852/828 235/853/829 515/848/824
f 515/848/824 235/853/829 234/854/830
f 515/848/824 234/854/830 233/855/831
f 513/856/832 322/857/833 514/852/828
f 514/852/828 322/857/833 321/858/834
f 514/852/828 321/858/834 237/859/835
f 237/859/835 321/858/834 320/860/836
f 237/859/835 320/860/836 238/861/837
f 238/861/837 320/860/836 239/862/838
f 239/862/838 320/860/836 319/863/839
f 239/862/838 319/863/839 240/864/840
f 240/864/840 319/863/839 38/865/841
f 240/864/840 38/865/841 217/866/842
f 217/866/842 38/865/841 37/867/843
f 217/866/842 37/867/843 36/868/844
f 512/869/845 324/870/846 513/856/832
f 513/856/832 324/870/846 323/871/847
f 513/856/832 323/871/847 322/857/833
f 511/872/848 326/873/849 512/869/845
f 512/869/845 326/873/849 325/874/850
f 512/869/845 325/874/850 324/870/846
f 510/875/851 329/876/852 511/872/848
f 511/872/848 329/876/852 328/877/853
f 511/872/848 328/877/853 327/878/854
f 540/879/855 333/880/856 510/875/851
f 510/875/851 333/880/856 332/881/857
f 510/875/851 332/881/857 331/882/858
f 534/883/859 539/884/860 540/879/855
f 540/879/855 539/884/860 44/885/861
f 540/879/855 44/885/861 43/886/862
f 44/885/861 539/884/860 45/887/863
f 45/887/863 539/884/860 538/888/864
f 45/887/863 538/888/864 46/889/865
f 46/889/865 538/888/864 47/890/866
f 47/890/866 538/888/864 537/891/867
f 47/890/866 537/891/867 48/892/868
f 48/892/868 537/891/867 25/893/869
f 25/893/869 537/891/867 26/894/870
f 26/894/870 537/891/867 536/895/871
f 26/894/870 536/895/871 27/896/872
f 27/896/872 536/895/871 28/897/873
f 28/897/873 536/895/871 535/898/874
f 28/897/873 535/898/874 29/899/875
f 29/899/875 535/898/874 30/900/876
f 30/900/876 535/898/874 492/901/877
f 30/900/876 492/901/877 31/902/878
f 31/902/878 492/901/877 143/903/879
f 31/902/878 143/903/879 32/904/880
f 32/904/880 143/903/879 142/905/881
f 32/904/880 142/905/881 141/906/882
f 535/898/874 493/907/883 492/901/877
f 491/908/884 121/909/885 492/901/877
f 492/901/877 121/909/885 144/910/886
f 492/901/877 144/910/886 143/903/879
f 490/823/799 125/911/887 491/908/884
f 491/908/884 125/911/887 124/912/888
f 491/908/884 124/912/888 123/913/889
f 540/879/855 43/886/862 315/914/890
f 315/914/890 43/886/862 42/915/891
f 315/914/890 42/915/891 316/916/892
f 316/916/892 42/915/891 317/917/893
f 317/917/893 42/915/891 41/918/894
f 317/917/893 41/918/894 318/919/895
f 318/919/895 41/918/894 40/920/896
f 318/919/895 40/920/896 39/921/897
f 318/919/895 39/921/897 319/863/839
f 319/863/839 39/921/897 38/865/841
f 35/922/898 139/923/899 36/868/844
f 36/868/844 139/923/899 218/924/900
f 36/868/844 218/924/900 217/866/842
f 139/923/899 35/922/898 140/925/901
f 140/925/901 35/922/898 34/926/902
f 140/925/901 34/926/902 33/927/903
f 140/925/901 33/927/903 141/906/882
f 141/906/882 33/927/903 32/904/880
f 218/924/900 139/923/899 219/843/819
f 219/843/819 139/923/899 138/841/817
f 137/839/815 136/834/810 518/833/809
f 132/832/808 131/827/803 520/826/802
f 127/825/801 126/928/904 490/823/799
f 490/823/799 126/928/904 125/911/887
f 123/913/889 122/929/905 491/908/884
f 491/908/884 122/929/905 121/909/885
f 237/859/835 236/930/906 514/852/828
f 514/852/828 236/930/906 235/853/829
f 233/855/831 232/931/907 515/848/824
f 515/848/824 232/931/907 231/849/825
f 229/851/827 228/932/908 516/844/820
f 516/844/820 228/932/908 227/845/821
f 225/847/823 224/933/909 517/836/812
f 517/836/812 224/933/909 223/837/813
f 314/934/910 313/935/911 540/879/855
f 540/879/855 313/935/911 336/936/912
f 540/879/855 336/936/912 335/937/913
f 335/937/913 334/938/914 540/879/855
f 540/879/855 334/938/914 333/880/856
f 331/882/858 330/939/915 510/875/851
f 510/875/851 330/939/915 329/876/852
f 327/878/854 326/873/849 511/872/848
f 315/914/890 314/934/910 540/879/855
f 457/940/916 541/941/917 458/942/918
f 458/942/918 541/941/917 542/943/919
f 458/942/918 542/943/919 459/944/920
f 459/944/920 542/943/919 543/945/921
f 459/944/920 543/945/921 460/946/922
f 460/946/922 543/945/921 544/947/923
f 460/946/922 544/947/923 461/948/924
f 461/948/924 544/947/923 545/949/925
f 461/948/924 545/949/925 462/950/926
f 462/950/926 545/949/925 463/951/927
f 463/951/927 545/949/925 546/952/928
f 463/951/927 546/952/928 464/953/929
f 464/953/929 546/952/928 547/954/930
f 464/953/929 547/954/930 472/955/931
f 472/955/931 547/954/930 473/956/932
f 473/956/932 547/954/930 474/957/933
f 474/957/933 547/954/930 548/958/934
f 474/957/933 548/958/934 475/959/935
f 475/959/935 548/958/934 476/960/936
f 476/960/936 548/958/934 549/961/937
f 476/960/936 549/961/937 477/962/938
f 477/962/938 549/961/937 550/963/939
f 477/962/938 550/963/939 478/964/940
f 478/964/940 550/963/939 551/965/941
f 478/964/940 551/965/941 479/966/942
f 479/966/942 551/965/941 552/967/943
f 479/966/942 552/967/943 480/968/944
f 480/968/944 552/967/943 481/969/945
f 481/969/945 552/967/943 553/970/946
f 481/969/945 553/970/946 482/971/947
f 482/971/947 553/970/946 554/972/948
f 482/971/947 554/972/948 483/973/949
f 483/973/949 554/972/948 555/974/950
f 483/973/949 555/974/950 484/975/951
f 484/975/951 555/974/950 556/976/952
f 484/975/951 556/976/952 485/977/953
f 485/977/953 556/976/952 557/978/954
f 452/979/643 558/980/955 453/981/646
f 453/981/646 558/980/955 494/982/956
f 494/982/956 558/980/955 559/983/957
f 494/982/956 559/983/957 495/984/958
f 495/984/958 559/983/957 496/985/959
f 496/985/959 559/983/957 560/986/960
f 496/985/959 560/986/960 497/987/961
f 497/987/961 560/986/960 561/988/962
f 497/987/961 561/988/962 562/989/963
f 497/987/961 562/989/963 498/990/964
f 498/990/964 562/989/963 563/991/965
f 498/990/964 563/991/965 499/992/966
f 499/992/966 563/991/965 564/993/967
f 499/992/966 564/993/967 500/994/968
f 500/994/968 564/993/967 501/995/969
f 501/995/969 564/993/967 565/996/970
f 501/995/969 565/996/970 502/997/971
f 502/997/971 565/996/970 566/998/972
f 502/997/971 566/998/972 503/999/973
f 503/999/973 566/998/972 504/1000/974
f 504/1000/974 566/998/972 567/1001/975
f 504/1000/974 567/1001/975 505/1002/976
f 505/1002/976 567/1001/975 568/1003/977
f 505/1002/976 568/1003/977 506/1004/978
f 506/1004/978 568/1003/977 507/1005/979
f 507/1005/979 568/1003/977 569/1006/980
f 507/1005/979 569/1006/980 508/1007/981
f 508/1007/981 569/1006/980 509/1008/982
f 509/1008/982 569/1006/980 465/1009/983
f 465/1009/983 569/1006/980 570/1010/984
f 465/1009/983 570/1010/984 466/1011/985
f 466/1011/985 570/1010/984 571/1012/986
f 466/1011/985 571/1012/986 467/1013/987
f 467/1013/987 571/1012/986 572/1014/988
f 467/1013/987 572/1014/988 468/1015/989
f 468/1015/989 572/1014/988 573/1016/990
f 468/1015/989 573/1016/990 469/1017/991
f 469/1017/991 573/1016/990 574/1018/992
f 469/1017/991 574/1018/992 470/1019/993
f 470/1019/993 574/1018/992 575/1020/994
f 470/1019/993 575/1020/994 471/1021/995
f 471/1021/995 575/1020/994 541/1022/996
f 471/1021/995 541/1022/996 457/1023/997
f 558/1024/998 452/1025/999 579/1026/1000
f 579/1026/1000 452/1025/999 451/1027/1001
f 579/1026/1000 451/1027/1001 534/1028/1002
f 534/1028/1002 451/1027/1001 409/1029/1003
f 409/1029/1003 451/1027/1001 450/1030/1004
f 409/1029/1003 450/1030/1004 410/1031/1005
f 410/1031/1005 450/1030/1004 449/1032/1006
f 410/1031/1005 449/1032/1006 448/1033/1007
f 410/1031/1005 448/1033/1007 411/1034/758
f 411/1034/758 448/1033/1007 447/1035/1008
f 411/1034/758 447/1035/1008 446/1036/1009
f 446/1036/1009 445/1037/1010 411/1034/758
f 411/1034/758 445/1037/1010 444/1038/757
f 540/1039/1011 577/1040/1012 534/1028/1002
f 534/1028/1002 577/1040/1012 578/1041/1013
f 534/1028/1002 578/1041/1013 579/1026/1000
f 577/1040/1012 540/1039/1011 576/1042/1014
f 576/1042/1014 540/1039/1011 510/1043/760
f 576/1042/1014 510/1043/760 533/1044/759
f 579/1026/1000 557/1045/1015 558/1024/998
f 558/1024/998 557/1045/1015 559/1046/1016
f 559/1046/1016 557/1045/1015 560/1047/1017
f 560/1047/1017 557/1045/1015 556/1048/1018
f 560/1047/1017 556/1048/1018 561/1049/1019
f 561/1049/1019 556/1048/1018 555/1050/1020
f 561/1049/1019 555/1050/1020 562/1051/1021
f 562/1051/1021 555/1050/1020 563/1052/1022
f 563/1052/1022 555/1050/1020 554/1053/1023
f 563/1052/1022 554/1053/1023 564/1054/1024
f 564/1054/1024 554/1053/1023 553/1055/1025
f 564/1054/1024 553/1055/1025 565/1056/1026
f 565/1056/1026 553/1055/1025 552/1057/1027
f 565/1056/1026 552/1057/1027 551/1058/1028
f 565/1056/1026 551/1058/1028 566/1059/1029
f 566/1059/1029 551/1058/1028 550/1060/1030
f 566/1059/1029 550/1060/1030 567/1061/1031
f 567/1061/1031 550/1060/1030 549/1062/1032
f 567/1061/1031 549/1062/1032 568/1063/1033
f 568/1063/1033 549/1062/1032 548/1064/1034
f 568/1063/1033 548/1064/1034 569/1065/1035
f 569/1065/1035 548/1064/1034 547/1066/1036
f 569/1065/1035 547/1066/1036 546/1067/1037
f 569/1065/1035 546/1067/1037 570/1068/1038
f 570/1068/1038 546/1067/1037 545/1069/1039
f 570/1068/1038 545/1069/1039 571/1070/1040
f 571/1070/1040 545/1069/1039 572/1071/1041
f 572/1071/1041 545/1069/1039 544/1072/1042
f 572/1071/1041 544/1072/1042 573/1073/1043
f 573/1073/1043 544/1072/1042 543/1074/1044
f 573/1073/1043 543/1074/1044 574/1075/1045
f 574/1075/1045 543/1074/1044 542/1076/1046
f 574/1075/1045 542/1076/1046 575/1077/1047
f 575/1077/1047 542/1076/1046 541/1078/1048
f 579/1079/1049 3/1080/1050 557/1081/1051
f 557/1081/1051 3/1080/1050 2/1082/1052
f 557/1081/1051 2/1082/1052 1/1083/1053
f 3/1080/1050 579/1079/1049 4/1084/1054
f 4/1084/1054 579/1079/1049 578/1085/1055
f 4/1084/1054 578/1085/1055 5/1086/1056
f 5/1086/1056 578/1085/1055 6/1087/1057
f 6/1087/1057 578/1085/1055 577/1088/1058
f 6/1087/1057 577/1088/1058 576/1089/1059
f 533/1090/1060 293/1091/1061 576/1089/1059
f 576/1089/1059 293/1091/1061 292/1092/1062
f 576/1089/1059 292/1092/1062 291/1093/1063
f 532/1094/1064 297/1095/1065 533/1090/1060
f 533/1090/1060 297/1095/1065 296/1096/1066
f 533/1090/1060 296/1096/1066 295/1097/1067
f 531/1098/1068 299/1099/1069 532/1094/1064
f 532/1094/1064 299/1099/1069 298/1100/1070
f 532/1094/1064 298/1100/1070 297/1095/1065
f 530/1101/1071 302/1102/1072 531/1098/1068
f 531/1098/1068 302/1102/1072 301/1103/1073
f 531/1098/1068 301/1103/1073 300/1104/1074
f 529/1105/1075 304/1106/1076 530/1101/1071
f 530/1101/1071 304/1106/1076 303/1107/1077
f 530/1101/1071 303/1107/1077 302/1102/1072
f 528/1108/1078 199/1109/1079 529/1105/1075
f 529/1105/1075 199/1109/1079 198/1110/1080
f 529/1105/1075 198/1110/1080 306/1111/1081
f 306/1111/1081 198/1110/1080 197/1112/1082
f 306/1111/1081 197/1112/1082 307/1113/1083
f 307/1113/1083 197/1112/1082 196/1114/1084
f 307/1113/1083 196/1114/1084 10/1115/1085
f 10/1115/1085 196/1114/1084 195/1116/1086
f 10/1115/1085 195/1116/1086 11/1117/1087
f 11/1117/1087 195/1116/1086 194/1118/1088
f 11/1117/1087 194/1118/1088 12/1119/1089
f 12/1119/1089 194/1118/1088 193/1120/1090
f 12/1119/1089 193/1120/1090 13/1121/1091
f 13/1121/1091 193/1120/1090 14/1122/1092
f 14/1122/1092 193/1120/1090 216/1123/1093
f 14/1122/1092 216/1123/1093 15/1124/1094
f 15/1124/1094 216/1123/1093 215/1125/1095
f 15/1124/1094 215/1125/1095 16/1126/1096
f 16/1126/1096 215/1125/1095 214/1127/1097
f 16/1126/1096 214/1127/1097 103/1128/1098
f 103/1128/1098 214/1127/1097 213/1129/1099
f 103/1128/1098 213/1129/1099 104/1130/1100
f 104/1130/1100 213/1129/1099 212/1131/1101
f 104/1130/1100 212/1131/1101 525/1132/1102
f 525/1132/1102 212/1131/1101 526/1133/1103
f 526/1133/1103 212/1131/1101 211/1134/1104
f 526/1133/1103 211/1134/1104 210/1135/1105
f 527/1136/1106 203/1137/1107 528/1108/1078
f 528/1108/1078 203/1137/1107 202/1138/1108
f 528/1108/1078 202/1138/1108 201/1139/1109
f 526/1133/1103 208/1140/1110 527/1136/1106
f 527/1136/1106 208/1140/1110 207/1141/1111
f 527/1136/1106 207/1141/1111 206/1142/1112
f 524/1143/1113 106/1144/1114 525/1132/1102
f 525/1132/1102 106/1144/1114 105/1145/1115
f 525/1132/1102 105/1145/1115 104/1130/1100
f 523/1146/1116 109/1147/1117 524/1143/1113
f 524/1143/1113 109/1147/1117 108/1148/1118
f 524/1143/1113 108/1148/1118 107/1149/1119
f 522/1150/1120 111/1151/1121 523/1146/1116
f 523/1146/1116 111/1151/1121 110/1152/1122
f 523/1146/1116 110/1152/1122 109/1147/1117
f 489/1153/1123 114/1154/1124 522/1150/1120
f 522/1150/1120 114/1154/1124 113/1155/1125
f 522/1150/1120 113/1155/1125 112/1156/1126
f 488/1157/1127 117/1158/1128 489/1153/1123
f 489/1153/1123 117/1158/1128 116/1159/1129
f 489/1153/1123 116/1159/1129 115/1160/1130
f 487/1161/1131 20/1162/1132 488/1157/1127
f 488/1157/1127 20/1162/1132 19/1163/1133
f 488/1157/1127 19/1163/1133 99/1164/1134
f 99/1164/1134 19/1163/1133 100/1165/1135
f 100/1165/1135 19/1163/1133 101/1166/1136
f 101/1166/1136 19/1163/1133 18/1167/1137
f 101/1166/1136 18/1167/1137 102/1168/1138
f 102/1168/1138 18/1167/1137 17/1169/1139
f 102/1168/1138 17/1169/1139 103/1128/1098
f 103/1128/1098 17/1169/1139 16/1126/1096
f 20/1162/1132 487/1161/1131 21/1170/1140
f 21/1170/1140 487/1161/1131 486/1171/1141
f 21/1170/1140 486/1171/1141 22/1172/1142
f 22/1172/1142 486/1171/1141 23/1173/1143
f 23/1173/1143 486/1171/1141 24/1174/1144
f 24/1174/1144 486/1171/1141 485/1175/1145
f 24/1174/1144 485/1175/1145 1/1083/1053
f 1/1083/1053 485/1175/1145 557/1081/1051
f 10/1115/1085 9/1176/1146 307/1113/1083
f 307/1113/1083 9/1176/1146 308/1177/1147
f 308/1177/1147 9/1176/1146 8/1178/1148
f 308/1177/1147 8/1178/1148 309/1179/1149
f 309/1179/1149 8/1178/1148 7/1180/1150
f 309/1179/1149 7/1180/1150 310/1181/1151
f 310/1181/1151 7/1180/1150 311/1182/1152
f 311/1182/1152 7/1180/1150 576/1089/1059
f 311/1182/1152 576/1089/1059 312/1183/1153
f 312/1183/1153 576/1089/1059 289/1184/1154
f 289/1184/1154 576/1089/1059 290/1185/1155
f 290/1185/1155 576/1089/1059 291/1093/1063
f 7/1180/1150 6/1087/1057 576/1089/1059
f 98/1186/1156 97/1187/1157 488/1157/1127
f 488/1157/1127 97/1187/1157 120/1188/1158
f 488/1157/1127 120/1188/1158 119/1189/1159
f 119/1189/1159 118/1190/1160 488/1157/1127
f 488/1157/1127 118/1190/1160 117/1158/1128
f 115/1160/1130 114/1154/1124 489/1153/1123
f 112/1156/1126 111/1151/1121 522/1150/1120
f 107/1149/1119 106/1144/1114 524/1143/1113
f 99/1164/1134 98/1186/1156 488/1157/1127
f 210/1135/1105 209/1191/1161 526/1133/1103
f 526/1133/1103 209/1191/1161 208/1140/1110
f 206/1142/1112 205/1192/1162 527/1136/1106
f 527/1136/1106 205/1192/1162 204/1193/1163
f 527/1136/1106 204/1193/1163 203/1137/1107
f 201/1139/1109 200/1194/1164 528/1108/1078
f 528/1108/1078 200/1194/1164 199/1109/1079
f 306/1111/1081 305/1195/1165 529/1105/1075
f 529/1105/1075 305/1195/1165 304/1106/1076
f 300/1104/1074 299/1099/1069 531/1098/1068
f 295/1097/1067 294/1196/1166 533/1090/1060
f 533/1090/1060 294/1196/1166 293/1091/1061
# 579 vertices
# 1196 texture params
# 1166 normals
# 1186 facets

# 1 groups
