# WaveFront *.obj file (generated by Autodesk ATF)

mtllib Follower_Shoulder_To_Elbow.mtl

g Körper1

v -1.375000 10.860435 -4.543671
v -1.375000 10.829376 -4.547760
v -1.375000 10.800435 -4.559748
v -1.375000 10.775582 -4.578818
v -1.375000 10.756512 -4.603671
v -1.375000 10.744524 -4.632613
v -1.375000 10.740435 -4.663671
v -1.375000 10.744524 -4.694729
v -1.375000 10.756512 -4.723671
v -1.375000 10.775582 -4.748524
v -1.375000 10.800435 -4.767594
v -1.375000 10.829376 -4.779582
v -1.375000 10.860435 -4.783671
v -1.375000 10.891493 -4.779582
v -1.375000 10.920435 -4.767594
v -1.375000 10.945287 -4.748524
v -1.375000 10.964358 -4.723671
v -1.375000 10.976346 -4.694729
v -1.375000 10.980435 -4.663671
v -1.375000 10.976346 -4.632613
v -1.375000 10.964358 -4.603671
v -1.375000 10.945287 -4.578818
v -1.375000 10.920435 -4.559748
v -1.375000 10.891493 -4.547760
v -1.675000 10.860435 -4.543671
v -1.675000 10.891493 -4.547760
v -1.675000 10.920435 -4.559748
v -1.675000 10.945287 -4.578818
v -1.675000 10.964358 -4.603671
v -1.675000 10.976346 -4.632613
v -1.675000 10.980435 -4.663671
v -1.675000 10.976346 -4.694729
v -1.675000 10.964358 -4.723671
v -1.675000 10.945287 -4.748524
v -1.675000 10.920435 -4.767594
v -1.675000 10.891493 -4.779582
v -1.675000 10.860435 -4.783671
v -1.675000 10.829376 -4.779582
v -1.675000 10.800435 -4.767594
v -1.675000 10.775582 -4.748524
v -1.675000 10.756512 -4.723671
v -1.675000 10.744524 -4.694729
v -1.675000 10.740435 -4.663671
v -1.675000 10.744524 -4.632613
v -1.675000 10.756512 -4.603671
v -1.675000 10.775582 -4.578818
v -1.675000 10.800435 -4.559748
v -1.675000 10.829376 -4.547760
v -1.375000 11.660435 -5.343671
v -1.375000 11.629376 -5.347760
v -1.375000 11.600435 -5.359748
v -1.375000 11.575582 -5.378818
v -1.375000 11.556512 -5.403671
v -1.375000 11.544524 -5.432613
v -1.375000 11.540435 -5.463671
v -1.375000 11.544524 -5.494729
v -1.375000 11.556512 -5.523671
v -1.375000 11.575582 -5.548524
v -1.375000 11.600435 -5.567594
v -1.375000 11.629376 -5.579582
v -1.375000 11.660435 -5.583671
v -1.375000 11.691493 -5.579582
v -1.375000 11.720435 -5.567594
v -1.375000 11.745287 -5.548524
v -1.375000 11.764358 -5.523671
v -1.375000 11.776346 -5.494729
v -1.375000 11.780435 -5.463671
v -1.375000 11.776346 -5.432613
v -1.375000 11.764358 -5.403671
v -1.375000 11.745287 -5.378818
v -1.375000 11.720435 -5.359748
v -1.375000 11.691493 -5.347760
v -1.675000 11.660435 -5.343671
v -1.675000 11.691493 -5.347760
v -1.675000 11.720435 -5.359748
v -1.675000 11.745287 -5.378818
v -1.675000 11.764358 -5.403671
v -1.675000 11.776346 -5.432613
v -1.675000 11.780435 -5.463671
v -1.675000 11.776346 -5.494729
v -1.675000 11.764358 -5.523671
v -1.675000 11.745287 -5.548524
v -1.675000 11.720435 -5.567594
v -1.675000 11.691493 -5.579582
v -1.675000 11.660435 -5.583671
v -1.675000 11.629376 -5.579582
v -1.675000 11.600435 -5.567594
v -1.675000 11.575582 -5.548524
v -1.675000 11.556512 -5.523671
v -1.675000 11.544524 -5.494729
v -1.675000 11.540435 -5.463671
v -1.675000 11.544524 -5.432613
v -1.675000 11.556512 -5.403671
v -1.675000 11.575582 -5.378818
v -1.675000 11.600435 -5.359748
v -1.675000 11.629376 -5.347760
v -1.375000 11.660435 -3.743671
v -1.375000 11.629376 -3.747760
v -1.375000 11.600435 -3.759748
v -1.375000 11.575582 -3.778818
v -1.375000 11.556512 -3.803671
v -1.375000 11.544524 -3.832613
v -1.375000 11.540435 -3.863671
v -1.375000 11.544524 -3.894729
v -1.375000 11.556512 -3.923671
v -1.375000 11.575582 -3.948524
v -1.375000 11.600435 -3.967594
v -1.375000 11.629376 -3.979582
v -1.375000 11.660435 -3.983671
v -1.375000 11.691493 -3.979582
v -1.375000 11.720435 -3.967594
v -1.375000 11.745287 -3.948524
v -1.375000 11.764358 -3.923671
v -1.375000 11.776346 -3.894729
v -1.375000 11.780435 -3.863671
v -1.375000 11.776346 -3.832613
v -1.375000 11.764358 -3.803671
v -1.375000 11.745287 -3.778818
v -1.375000 11.720435 -3.759748
v -1.375000 11.691493 -3.747760
v -1.675000 11.660435 -3.743671
v -1.675000 11.691493 -3.747760
v -1.675000 11.720435 -3.759748
v -1.675000 11.745287 -3.778818
v -1.675000 11.764358 -3.803671
v -1.675000 11.776346 -3.832613
v -1.675000 11.780435 -3.863671
v -1.675000 11.776346 -3.894729
v -1.675000 11.764358 -3.923671
v -1.675000 11.745287 -3.948524
v -1.675000 11.720435 -3.967594
v -1.675000 11.691493 -3.979582
v -1.675000 11.660435 -3.983671
v -1.675000 11.629376 -3.979582
v -1.675000 11.600435 -3.967594
v -1.675000 11.575582 -3.948524
v -1.675000 11.556512 -3.923671
v -1.675000 11.544524 -3.894729
v -1.675000 11.540435 -3.863671
v -1.675000 11.544524 -3.832613
v -1.675000 11.556512 -3.803671
v -1.675000 11.575582 -3.778818
v -1.675000 11.600435 -3.759748
v -1.675000 11.629376 -3.747760
v -1.375000 12.460435 -4.543671
v -1.375000 12.429376 -4.547760
v -1.375000 12.400435 -4.559748
v -1.375000 12.375582 -4.578818
v -1.375000 12.356512 -4.603671
v -1.375000 12.344524 -4.632613
v -1.375000 12.340435 -4.663671
v -1.375000 12.344524 -4.694729
v -1.375000 12.356512 -4.723671
v -1.375000 12.375582 -4.748524
v -1.375000 12.400435 -4.767594
v -1.375000 12.429376 -4.779582
v -1.375000 12.460435 -4.783671
v -1.375000 12.491493 -4.779582
v -1.375000 12.520435 -4.767594
v -1.375000 12.545287 -4.748524
v -1.375000 12.564358 -4.723671
v -1.375000 12.576346 -4.694729
v -1.375000 12.580435 -4.663671
v -1.375000 12.576346 -4.632613
v -1.375000 12.564358 -4.603671
v -1.375000 12.545287 -4.578818
v -1.375000 12.520435 -4.559748
v -1.375000 12.491493 -4.547760
v -1.675000 12.460435 -4.543671
v -1.675000 12.491493 -4.547760
v -1.675000 12.520435 -4.559748
v -1.675000 12.545287 -4.578818
v -1.675000 12.564358 -4.603671
v -1.675000 12.576346 -4.632613
v -1.675000 12.580435 -4.663671
v -1.675000 12.576346 -4.694729
v -1.675000 12.564358 -4.723671
v -1.675000 12.545287 -4.748524
v -1.675000 12.520435 -4.767594
v -1.675000 12.491493 -4.779582
v -1.675000 12.460435 -4.783671
v -1.675000 12.429376 -4.779582
v -1.675000 12.400435 -4.767594
v -1.675000 12.375582 -4.748524
v -1.675000 12.356512 -4.723671
v -1.675000 12.344524 -4.694729
v -1.675000 12.340435 -4.663671
v -1.675000 12.344524 -4.632613
v -1.675000 12.356512 -4.603671
v -1.675000 12.375582 -4.578818
v -1.675000 12.400435 -4.559748
v -1.675000 12.429376 -4.547760
v -0.790000 10.890435 5.616329
v -0.790000 10.825730 5.607811
v -0.790000 10.765435 5.582835
v -0.790000 10.713658 5.543106
v -0.790000 10.673928 5.491329
v -0.790000 10.648953 5.431034
v -0.790000 10.640435 5.366329
v -0.790000 10.648953 5.301624
v -0.790000 10.673928 5.241329
v -0.790000 10.713658 5.189552
v -0.790000 10.765435 5.149823
v -0.790000 10.825730 5.124848
v -0.790000 10.890435 5.116329
v -0.790000 10.955139 5.124848
v -0.790000 11.015435 5.149823
v -0.790000 11.067211 5.189552
v -0.790000 11.106941 5.241329
v -0.790000 11.131916 5.301624
v -0.790000 11.140435 5.366329
v -0.790000 11.131916 5.431034
v -0.790000 11.106941 5.491329
v -0.790000 11.067211 5.543106
v -0.790000 11.015435 5.582835
v -0.790000 10.955139 5.607811
v -0.950000 10.792455 5.136329
v -0.950000 10.736453 5.169378
v -0.950000 10.690869 5.215752
v -0.950000 10.658786 5.272313
v -0.950000 10.642376 5.335235
v -0.950000 10.642748 5.400261
v -0.950000 10.659878 5.462991
v -0.950000 10.692606 5.519181
v -0.950000 10.738718 5.565030
v -0.950000 10.795094 5.597436
v -0.950000 10.857921 5.614206
v -0.950000 10.922948 5.614206
v -0.950000 10.985775 5.597436
v -0.950000 11.042152 5.565030
v -0.950000 11.088264 5.519181
v -0.950000 11.120992 5.462991
v -0.950000 11.138121 5.400261
v -0.950000 11.138493 5.335235
v -0.950000 11.122083 5.272313
v -0.950000 11.090001 5.215752
v -0.950000 11.044416 5.169378
v -0.950000 10.988414 5.136329
v -0.949992 10.940437 5.121381
v -0.949986 10.890435 5.116329
v -0.949992 10.840432 5.121381
v -0.650000 10.890435 5.486329
v -0.650000 10.859376 5.482240
v -0.650000 10.830435 5.470252
v -0.650000 10.805582 5.451182
v -0.650000 10.786512 5.426329
v -0.650000 10.774524 5.397387
v -0.650000 10.770435 5.366329
v -0.650000 10.774524 5.335271
v -0.650000 10.786512 5.306329
v -0.650000 10.805582 5.281476
v -0.650000 10.830435 5.262406
v -0.650000 10.859376 5.250418
v -0.650000 10.890435 5.246329
v -0.650000 10.921493 5.250418
v -0.650000 10.950435 5.262406
v -0.650000 10.975287 5.281476
v -0.650000 10.994358 5.306329
v -0.650000 11.006346 5.335271
v -0.650000 11.010435 5.366329
v -0.650000 11.006346 5.397387
v -0.650000 10.994358 5.426329
v -0.650000 10.975287 5.451182
v -0.650000 10.950435 5.470252
v -0.650000 10.921493 5.482240
v -0.790000 10.890435 5.486329
v -0.790000 10.921493 5.482240
v -0.790000 10.950435 5.470252
v -0.790000 10.975287 5.451182
v -0.790000 10.994358 5.426329
v -0.790000 11.006346 5.397387
v -0.790000 11.010435 5.366329
v -0.790000 11.006346 5.335271
v -0.790000 10.994358 5.306329
v -0.790000 10.975287 5.281476
v -0.790000 10.950435 5.262406
v -0.790000 10.921493 5.250418
v -0.790000 10.890435 5.246329
v -0.790000 10.859376 5.250418
v -0.790000 10.830435 5.262406
v -0.790000 10.805582 5.281476
v -0.790000 10.786512 5.306329
v -0.790000 10.774524 5.335271
v -0.790000 10.770435 5.366329
v -0.790000 10.774524 5.397387
v -0.790000 10.786512 5.426329
v -0.790000 10.805582 5.451182
v -0.790000 10.830435 5.470252
v -0.790000 10.859376 5.482240
v -0.790000 10.890435 7.216329
v -0.790000 10.825730 7.207811
v -0.790000 10.765435 7.182835
v -0.790000 10.713658 7.143106
v -0.790000 10.673928 7.091329
v -0.790000 10.648953 7.031034
v -0.790000 10.640435 6.966329
v -0.790000 10.648953 6.901624
v -0.790000 10.673928 6.841329
v -0.790000 10.713658 6.789552
v -0.790000 10.765435 6.749823
v -0.790000 10.825730 6.724848
v -0.790000 10.890435 6.716329
v -0.790000 10.955139 6.724848
v -0.790000 11.015435 6.749823
v -0.790000 11.067211 6.789552
v -0.790000 11.106941 6.841329
v -0.790000 11.131916 6.901624
v -0.790000 11.140435 6.966329
v -0.790000 11.131916 7.031034
v -0.790000 11.106941 7.091329
v -0.790000 11.067211 7.143106
v -0.790000 11.015435 7.182835
v -0.790000 10.955139 7.207811
v -0.950000 10.890435 7.216329
v -0.950000 10.955139 7.207811
v -0.950000 11.015435 7.182835
v -0.950000 11.067211 7.143106
v -0.950000 11.106941 7.091329
v -0.950000 11.131916 7.031034
v -0.950000 11.140435 6.966329
v -0.950000 11.131916 6.901624
v -0.950000 11.106941 6.841329
v -0.950000 11.067211 6.789552
v -0.950000 11.015435 6.749823
v -0.950000 10.955139 6.724848
v -0.950000 10.890435 6.716329
v -0.950000 10.825730 6.724848
v -0.950000 10.765435 6.749823
v -0.950000 10.713658 6.789552
v -0.950000 10.673928 6.841329
v -0.950000 10.648953 6.901624
v -0.950000 10.640435 6.966329
v -0.950000 10.648953 7.031034
v -0.950000 10.673928 7.091329
v -0.950000 10.713658 7.143106
v -0.950000 10.765435 7.182835
v -0.950000 10.825730 7.207811
v -0.650000 10.890435 7.086329
v -0.650000 10.859376 7.082240
v -0.650000 10.830435 7.070252
v -0.650000 10.805582 7.051182
v -0.650000 10.786512 7.026329
v -0.650000 10.774524 6.997387
v -0.650000 10.770435 6.966329
v -0.650000 10.774524 6.935271
v -0.650000 10.786512 6.906329
v -0.650000 10.805582 6.881476
v -0.650000 10.830435 6.862406
v -0.650000 10.859376 6.850418
v -0.650000 10.890435 6.846329
v -0.650000 10.921493 6.850418
v -0.650000 10.950435 6.862406
v -0.650000 10.975287 6.881476
v -0.650000 10.994358 6.906329
v -0.650000 11.006346 6.935271
v -0.650000 11.010435 6.966329
v -0.650000 11.006346 6.997387
v -0.650000 10.994358 7.026329
v -0.650000 10.975287 7.051182
v -0.650000 10.950435 7.070252
v -0.650000 10.921493 7.082240
v -0.790000 10.890435 7.086329
v -0.790000 10.921493 7.082240
v -0.790000 10.950435 7.070252
v -0.790000 10.975287 7.051182
v -0.790000 10.994358 7.026329
v -0.790000 11.006346 6.997387
v -0.790000 11.010435 6.966329
v -0.790000 11.006346 6.935271
v -0.790000 10.994358 6.906329
v -0.790000 10.975287 6.881476
v -0.790000 10.950435 6.862406
v -0.790000 10.921493 6.850418
v -0.790000 10.890435 6.846329
v -0.790000 10.859376 6.850418
v -0.790000 10.830435 6.862406
v -0.790000 10.805582 6.881476
v -0.790000 10.786512 6.906329
v -0.790000 10.774524 6.935271
v -0.790000 10.770435 6.966329
v -0.790000 10.774524 6.997387
v -0.790000 10.786512 7.026329
v -0.790000 10.805582 7.051182
v -0.790000 10.830435 7.070252
v -0.790000 10.859376 7.082240
v -1.675000 11.660435 -5.113671
v -1.675000 11.543966 -5.098338
v -1.675000 11.435435 -5.053382
v -1.675000 11.342237 -4.981869
v -1.675000 11.270723 -4.888671
v -1.675000 11.225768 -4.780139
v -1.675000 11.210435 -4.663671
v -1.675000 11.225768 -4.547202
v -1.675000 11.270723 -4.438671
v -1.675000 11.342237 -4.345473
v -1.675000 11.435435 -4.273959
v -1.675000 11.543966 -4.229004
v -1.675000 11.660435 -4.213671
v -1.675000 11.776903 -4.229004
v -1.675000 11.885435 -4.273959
v -1.675000 11.978633 -4.345473
v -1.675000 12.050146 -4.438671
v -1.675000 12.095101 -4.547202
v -1.675000 12.110435 -4.663671
v -1.675000 12.095101 -4.780139
v -1.675000 12.050146 -4.888671
v -1.675000 11.978633 -4.981869
v -1.675000 11.885435 -5.053382
v -1.675000 11.776903 -5.098338
v -1.375000 11.660435 -5.113671
v -1.375000 11.776903 -5.098338
v -1.375000 11.885435 -5.053382
v -1.375000 11.978633 -4.981869
v -1.375000 12.050146 -4.888671
v -1.375000 12.095101 -4.780139
v -1.375000 12.110435 -4.663671
v -1.375000 12.095101 -4.547202
v -1.375000 12.050146 -4.438671
v -1.375000 11.978633 -4.345473
v -1.375000 11.885435 -4.273959
v -1.375000 11.776903 -4.229004
v -1.375000 11.660435 -4.213671
v -1.375000 11.543966 -4.229004
v -1.375000 11.435435 -4.273959
v -1.375000 11.342237 -4.345473
v -1.375000 11.270723 -4.438671
v -1.375000 11.225768 -4.547202
v -1.375000 11.210435 -4.663671
v -1.375000 11.225768 -4.780139
v -1.375000 11.270723 -4.888671
v -1.375000 11.342237 -4.981869
v -1.375000 11.435435 -5.053382
v -1.375000 11.543966 -5.098338
v 2.425000 11.660435 -5.113671
v 2.425000 11.543966 -5.098338
v 2.425000 11.435435 -5.053382
v 2.425000 11.342237 -4.981869
v 2.425000 11.270723 -4.888671
v 2.425000 11.225768 -4.780139
v 2.425000 11.210435 -4.663671
v 2.425000 11.225768 -4.547202
v 2.425000 11.270723 -4.438671
v 2.425000 11.342237 -4.345473
v 2.425000 11.435435 -4.273959
v 2.425000 11.543966 -4.229004
v 2.425000 11.660435 -4.213671
v 2.425000 11.776903 -4.229004
v 2.425000 11.885435 -4.273959
v 2.425000 11.978633 -4.345473
v 2.425000 12.050146 -4.438671
v 2.425000 12.095101 -4.547202
v 2.425000 12.110435 -4.663671
v 2.425000 12.095101 -4.780139
v 2.425000 12.050146 -4.888671
v 2.425000 11.978633 -4.981869
v 2.425000 11.885435 -5.053382
v 2.425000 11.776903 -5.098338
v 2.725000 11.660435 -5.113671
v 2.725000 11.776903 -5.098338
v 2.725000 11.885435 -5.053382
v 2.725000 11.978633 -4.981869
v 2.725000 12.050146 -4.888671
v 2.725000 12.095101 -4.780139
v 2.725000 12.110435 -4.663671
v 2.725000 12.095101 -4.547202
v 2.725000 12.050146 -4.438671
v 2.725000 11.978633 -4.345473
v 2.725000 11.885435 -4.273959
v 2.725000 11.776903 -4.229004
v 2.725000 11.660435 -4.213671
v 2.725000 11.543966 -4.229004
v 2.725000 11.435435 -4.273959
v 2.725000 11.342237 -4.345473
v 2.725000 11.270723 -4.438671
v 2.725000 11.225768 -4.547202
v 2.725000 11.210435 -4.663671
v 2.725000 11.225768 -4.780139
v 2.725000 11.270723 -4.888671
v 2.725000 11.342237 -4.981869
v 2.725000 11.435435 -5.053382
v 2.725000 11.543966 -5.098338
v 2.425000 10.860435 -4.783671
v 2.425000 10.829376 -4.779582
v 2.425000 10.800435 -4.767594
v 2.425000 10.775582 -4.748524
v 2.425000 10.756512 -4.723671
v 2.425000 10.744524 -4.694729
v 2.425000 10.740435 -4.663671
v 2.425000 10.744524 -4.632613
v 2.425000 10.756512 -4.603671
v 2.425000 10.775582 -4.578818
v 2.425000 10.800435 -4.559748
v 2.425000 10.829376 -4.547760
v 2.425000 10.860435 -4.543671
v 2.425000 10.891493 -4.547760
v 2.425000 10.920435 -4.559748
v 2.425000 10.945287 -4.578818
v 2.425000 10.964358 -4.603671
v 2.425000 10.976346 -4.632613
v 2.425000 10.980435 -4.663671
v 2.425000 10.976346 -4.694729
v 2.425000 10.964358 -4.723671
v 2.425000 10.945287 -4.748524
v 2.425000 10.920435 -4.767594
v 2.425000 10.891493 -4.779582
v 2.725000 10.860435 -4.783671
v 2.725000 10.891493 -4.779582
v 2.725000 10.920435 -4.767594
v 2.725000 10.945287 -4.748524
v 2.725000 10.964358 -4.723671
v 2.725000 10.976346 -4.694729
v 2.725000 10.980435 -4.663671
v 2.725000 10.976346 -4.632613
v 2.725000 10.964358 -4.603671
v 2.725000 10.945287 -4.578818
v 2.725000 10.920435 -4.559748
v 2.725000 10.891493 -4.547760
v 2.725000 10.860435 -4.543671
v 2.725000 10.829376 -4.547760
v 2.725000 10.800435 -4.559748
v 2.725000 10.775582 -4.578818
v 2.725000 10.756512 -4.603671
v 2.725000 10.744524 -4.632613
v 2.725000 10.740435 -4.663671
v 2.725000 10.744524 -4.694729
v 2.725000 10.756512 -4.723671
v 2.725000 10.775582 -4.748524
v 2.725000 10.800435 -4.767594
v 2.725000 10.829376 -4.779582
v 2.425000 11.660435 -5.583671
v 2.425000 11.629376 -5.579582
v 2.425000 11.600435 -5.567594
v 2.425000 11.575582 -5.548524
v 2.425000 11.556512 -5.523671
v 2.425000 11.544524 -5.494729
v 2.425000 11.540435 -5.463671
v 2.425000 11.544524 -5.432613
v 2.425000 11.556512 -5.403671
v 2.425000 11.575582 -5.378818
v 2.425000 11.600435 -5.359748
v 2.425000 11.629376 -5.347760
v 2.425000 11.660435 -5.343671
v 2.425000 11.691493 -5.347760
v 2.425000 11.720435 -5.359748
v 2.425000 11.745287 -5.378818
v 2.425000 11.764358 -5.403671
v 2.425000 11.776346 -5.432613
v 2.425000 11.780435 -5.463671
v 2.425000 11.776346 -5.494729
v 2.425000 11.764358 -5.523671
v 2.425000 11.745287 -5.548524
v 2.425000 11.720435 -5.567594
v 2.425000 11.691493 -5.579582
v 2.725000 11.660435 -5.583671
v 2.725000 11.691493 -5.579582
v 2.725000 11.720435 -5.567594
v 2.725000 11.745287 -5.548524
v 2.725000 11.764358 -5.523671
v 2.725000 11.776346 -5.494729
v 2.725000 11.780435 -5.463671
v 2.725000 11.776346 -5.432613
v 2.725000 11.764358 -5.403671
v 2.725000 11.745287 -5.378818
v 2.725000 11.720435 -5.359748
v 2.725000 11.691493 -5.347760
v 2.725000 11.660435 -5.343671
v 2.725000 11.629376 -5.347760
v 2.725000 11.600435 -5.359748
v 2.725000 11.575582 -5.378818
v 2.725000 11.556512 -5.403671
v 2.725000 11.544524 -5.432613
v 2.725000 11.540435 -5.463671
v 2.725000 11.544524 -5.494729
v 2.725000 11.556512 -5.523671
v 2.725000 11.575582 -5.548524
v 2.725000 11.600435 -5.567594
v 2.725000 11.629376 -5.579582
v 2.425000 11.660435 -3.983671
v 2.425000 11.629376 -3.979582
v 2.425000 11.600435 -3.967594
v 2.425000 11.575582 -3.948524
v 2.425000 11.556512 -3.923671
v 2.425000 11.544524 -3.894729
v 2.425000 11.540435 -3.863671
v 2.425000 11.544524 -3.832613
v 2.425000 11.556512 -3.803671
v 2.425000 11.575582 -3.778818
v 2.425000 11.600435 -3.759748
v 2.425000 11.629376 -3.747760
v 2.425000 11.660435 -3.743671
v 2.425000 11.691493 -3.747760
v 2.425000 11.720435 -3.759748
v 2.425000 11.745287 -3.778818
v 2.425000 11.764358 -3.803671
v 2.425000 11.776346 -3.832613
v 2.425000 11.780435 -3.863671
v 2.425000 11.776346 -3.894729
v 2.425000 11.764358 -3.923671
v 2.425000 11.745287 -3.948524
v 2.425000 11.720435 -3.967594
v 2.425000 11.691493 -3.979582
v 2.725000 11.660435 -3.983671
v 2.725000 11.691493 -3.979582
v 2.725000 11.720435 -3.967594
v 2.725000 11.745287 -3.948524
v 2.725000 11.764358 -3.923671
v 2.725000 11.776346 -3.894729
v 2.725000 11.780435 -3.863671
v 2.725000 11.776346 -3.832613
v 2.725000 11.764358 -3.803671
v 2.725000 11.745287 -3.778818
v 2.725000 11.720435 -3.759748
v 2.725000 11.691493 -3.747760
v 2.725000 11.660435 -3.743671
v 2.725000 11.629376 -3.747760
v 2.725000 11.600435 -3.759748
v 2.725000 11.575582 -3.778818
v 2.725000 11.556512 -3.803671
v 2.725000 11.544524 -3.832613
v 2.725000 11.540435 -3.863671
v 2.725000 11.544524 -3.894729
v 2.725000 11.556512 -3.923671
v 2.725000 11.575582 -3.948524
v 2.725000 11.600435 -3.967594
v 2.725000 11.629376 -3.979582
v 2.425000 12.460435 -4.783671
v 2.425000 12.429376 -4.779582
v 2.425000 12.400435 -4.767594
v 2.425000 12.375582 -4.748524
v 2.425000 12.356512 -4.723671
v 2.425000 12.344524 -4.694729
v 2.425000 12.340435 -4.663671
v 2.425000 12.344524 -4.632613
v 2.425000 12.356512 -4.603671
v 2.425000 12.375582 -4.578818
v 2.425000 12.400435 -4.559748
v 2.425000 12.429376 -4.547760
v 2.425000 12.460435 -4.543671
v 2.425000 12.491493 -4.547760
v 2.425000 12.520435 -4.559748
v 2.425000 12.545287 -4.578818
v 2.425000 12.564358 -4.603671
v 2.425000 12.576346 -4.632613
v 2.425000 12.580435 -4.663671
v 2.425000 12.576346 -4.694729
v 2.425000 12.564358 -4.723671
v 2.425000 12.545287 -4.748524
v 2.425000 12.520435 -4.767594
v 2.425000 12.491493 -4.779582
v 2.725000 12.460435 -4.783671
v 2.725000 12.491493 -4.779582
v 2.725000 12.520435 -4.767594
v 2.725000 12.545287 -4.748524
v 2.725000 12.564358 -4.723671
v 2.725000 12.576346 -4.694729
v 2.725000 12.580435 -4.663671
v 2.725000 12.576346 -4.632613
v 2.725000 12.564358 -4.603671
v 2.725000 12.545287 -4.578818
v 2.725000 12.520435 -4.559748
v 2.725000 12.491493 -4.547760
v 2.725000 12.460435 -4.543671
v 2.725000 12.429376 -4.547760
v 2.725000 12.400435 -4.559748
v 2.725000 12.375582 -4.578818
v 2.725000 12.356512 -4.603671
v 2.725000 12.344524 -4.632613
v 2.725000 12.340435 -4.663671
v 2.725000 12.344524 -4.694729
v 2.725000 12.356512 -4.723671
v 2.725000 12.375582 -4.748524
v 2.725000 12.400435 -4.767594
v 2.725000 12.429376 -4.779582
v 1.700000 10.890435 5.246329
v 1.700000 10.859376 5.250418
v 1.700000 10.830435 5.262406
v 1.700000 10.805582 5.281476
v 1.700000 10.786512 5.306329
v 1.700000 10.774524 5.335271
v 1.700000 10.770435 5.366329
v 1.700000 10.774524 5.397387
v 1.700000 10.786512 5.426329
v 1.700000 10.805582 5.451182
v 1.700000 10.830435 5.470252
v 1.700000 10.859376 5.482240
v 1.700000 10.890435 5.486329
v 1.700000 10.921493 5.482240
v 1.700000 10.950435 5.470252
v 1.700000 10.975287 5.451182
v 1.700000 10.994358 5.426329
v 1.700000 11.006346 5.397387
v 1.700000 11.010435 5.366329
v 1.700000 11.006346 5.335271
v 1.700000 10.994358 5.306329
v 1.700000 10.975287 5.281476
v 1.700000 10.950435 5.262406
v 1.700000 10.921493 5.250418
v 1.840000 10.890435 5.246329
v 1.840000 10.921493 5.250418
v 1.840000 10.950435 5.262406
v 1.840000 10.975287 5.281476
v 1.840000 10.994358 5.306329
v 1.840000 11.006346 5.335271
v 1.840000 11.010435 5.366329
v 1.840000 11.006346 5.397387
v 1.840000 10.994358 5.426329
v 1.840000 10.975287 5.451182
v 1.840000 10.950435 5.470252
v 1.840000 10.921493 5.482240
v 1.840000 10.890435 5.486329
v 1.840000 10.859376 5.482240
v 1.840000 10.830435 5.470252
v 1.840000 10.805582 5.451182
v 1.840000 10.786512 5.426329
v 1.840000 10.774524 5.397387
v 1.840000 10.770435 5.366329
v 1.840000 10.774524 5.335271
v 1.840000 10.786512 5.306329
v 1.840000 10.805582 5.281476
v 1.840000 10.830435 5.262406
v 1.840000 10.859376 5.250418
v 1.840000 10.890435 5.116329
v 1.840000 10.825730 5.124848
v 1.840000 10.765435 5.149823
v 1.840000 10.713658 5.189552
v 1.840000 10.673928 5.241329
v 1.840000 10.648953 5.301624
v 1.840000 10.640435 5.366329
v 1.840000 10.648953 5.431034
v 1.840000 10.673928 5.491329
v 1.840000 10.713658 5.543106
v 1.840000 10.765435 5.582835
v 1.840000 10.825730 5.607811
v 1.840000 10.890435 5.616329
v 1.840000 10.955139 5.607811
v 1.840000 11.015435 5.582835
v 1.840000 11.067211 5.543106
v 1.840000 11.106941 5.491329
v 1.840000 11.131916 5.431034
v 1.840000 11.140435 5.366329
v 1.840000 11.131916 5.301624
v 1.840000 11.106941 5.241329
v 1.840000 11.067211 5.189552
v 1.840000 11.015435 5.149823
v 1.840000 10.955139 5.124848
v 2.000000 10.792455 5.136329
v 1.999992 10.840432 5.121381
v 1.999986 10.890435 5.116329
v 1.999992 10.940437 5.121381
v 2.000000 10.988414 5.136329
v 2.000000 11.044416 5.169378
v 2.000000 11.090001 5.215752
v 2.000000 11.122083 5.272313
v 2.000000 11.138493 5.335235
v 2.000000 11.138121 5.400261
v 2.000000 11.120992 5.462991
v 2.000000 11.088264 5.519181
v 2.000000 11.042152 5.565030
v 2.000000 10.985775 5.597436
v 2.000000 10.922948 5.614206
v 2.000000 10.857921 5.614206
v 2.000000 10.795094 5.597436
v 2.000000 10.738718 5.565030
v 2.000000 10.692606 5.519181
v 2.000000 10.659878 5.462991
v 2.000000 10.642748 5.400261
v 2.000000 10.642376 5.335235
v 2.000000 10.658786 5.272313
v 2.000000 10.690869 5.215752
v 2.000000 10.736453 5.169378
v 1.840000 10.890435 6.716329
v 1.840000 10.825730 6.724848
v 1.840000 10.765435 6.749823
v 1.840000 10.713658 6.789552
v 1.840000 10.673928 6.841329
v 1.840000 10.648953 6.901624
v 1.840000 10.640435 6.966329
v 1.840000 10.648953 7.031034
v 1.840000 10.673928 7.091329
v 1.840000 10.713658 7.143106
v 1.840000 10.765435 7.182835
v 1.840000 10.825730 7.207811
v 1.840000 10.890435 7.216329
v 1.840000 10.955139 7.207811
v 1.840000 11.015435 7.182835
v 1.840000 11.067211 7.143106
v 1.840000 11.106941 7.091329
v 1.840000 11.131916 7.031034
v 1.840000 11.140435 6.966329
v 1.840000 11.131916 6.901624
v 1.840000 11.106941 6.841329
v 1.840000 11.067211 6.789552
v 1.840000 11.015435 6.749823
v 1.840000 10.955139 6.724848
v 2.000000 10.890435 6.716329
v 2.000000 10.955139 6.724848
v 2.000000 11.015435 6.749823
v 2.000000 11.067211 6.789552
v 2.000000 11.106941 6.841329
v 2.000000 11.131916 6.901624
v 2.000000 11.140435 6.966329
v 2.000000 11.131916 7.031034
v 2.000000 11.106941 7.091329
v 2.000000 11.067211 7.143106
v 2.000000 11.015435 7.182835
v 2.000000 10.955139 7.207811
v 2.000000 10.890435 7.216329
v 2.000000 10.825730 7.207811
v 2.000000 10.765435 7.182835
v 2.000000 10.713658 7.143106
v 2.000000 10.673928 7.091329
v 2.000000 10.648953 7.031034
v 2.000000 10.640435 6.966329
v 2.000000 10.648953 6.901624
v 2.000000 10.673928 6.841329
v 2.000000 10.713658 6.789552
v 2.000000 10.765435 6.749823
v 2.000000 10.825730 6.724848
v 1.700000 10.890435 6.846329
v 1.700000 10.859376 6.850418
v 1.700000 10.830435 6.862406
v 1.700000 10.805582 6.881476
v 1.700000 10.786512 6.906329
v 1.700000 10.774524 6.935271
v 1.700000 10.770435 6.966329
v 1.700000 10.774524 6.997387
v 1.700000 10.786512 7.026329
v 1.700000 10.805582 7.051182
v 1.700000 10.830435 7.070252
v 1.700000 10.859376 7.082240
v 1.700000 10.890435 7.086329
v 1.700000 10.921493 7.082240
v 1.700000 10.950435 7.070252
v 1.700000 10.975287 7.051182
v 1.700000 10.994358 7.026329
v 1.700000 11.006346 6.997387
v 1.700000 11.010435 6.966329
v 1.700000 11.006346 6.935271
v 1.700000 10.994358 6.906329
v 1.700000 10.975287 6.881476
v 1.700000 10.950435 6.862406
v 1.700000 10.921493 6.850418
v 1.840000 10.890435 6.846329
v 1.840000 10.921493 6.850418
v 1.840000 10.950435 6.862406
v 1.840000 10.975287 6.881476
v 1.840000 10.994358 6.906329
v 1.840000 11.006346 6.935271
v 1.840000 11.010435 6.966329
v 1.840000 11.006346 6.997387
v 1.840000 10.994358 7.026329
v 1.840000 10.975287 7.051182
v 1.840000 10.950435 7.070252
v 1.840000 10.921493 7.082240
v 1.840000 10.890435 7.086329
v 1.840000 10.859376 7.082240
v 1.840000 10.830435 7.070252
v 1.840000 10.805582 7.051182
v 1.840000 10.786512 7.026329
v 1.840000 10.774524 6.997387
v 1.840000 10.770435 6.966329
v 1.840000 10.774524 6.935271
v 1.840000 10.786512 6.906329
v 1.840000 10.805582 6.881476
v 1.840000 10.830435 6.862406
v 1.840000 10.859376 6.850418
v -1.375000 12.960435 -4.663671
v -1.375000 12.920235 -4.984456
v -1.375000 12.802123 -5.285401
v -1.375000 12.613402 -5.547895
v -1.375000 12.365745 -5.755705
v -1.375000 12.074467 -5.895976
v -1.375000 11.757584 -5.960036
v -1.375000 11.434692 -5.943921
v -1.675000 11.434692 -5.943921
v -1.675000 11.757584 -5.960036
v -1.675000 12.074467 -5.895976
v -1.675000 12.365745 -5.755705
v -1.675000 12.613402 -5.547895
v -1.675000 12.802123 -5.285401
v -1.675000 12.920235 -4.984456
v -1.675000 12.960435 -4.663671
v 2.725000 12.960435 -4.663671
v 2.725000 12.920235 -4.984456
v 2.725000 12.802123 -5.285401
v 2.725000 12.613402 -5.547895
v 2.725000 12.365745 -5.755705
v 2.725000 12.074467 -5.895976
v 2.725000 11.757584 -5.960036
v 2.725000 11.434692 -5.943921
v 2.425000 11.434692 -5.943921
v 2.425000 11.757584 -5.960036
v 2.425000 12.074467 -5.895976
v 2.425000 12.365745 -5.755705
v 2.425000 12.613402 -5.547895
v 2.425000 12.802123 -5.285401
v 2.425000 12.920235 -4.984456
v 2.425000 12.960435 -4.663671
v -0.950000 10.360435 5.136329
v -0.950000 10.360435 7.236329
v -0.950000 11.460435 7.236329
v -0.950000 11.460435 5.136329
v 2.000000 11.460435 5.136329
v 2.000000 11.460435 7.236329
v 2.000000 10.360435 7.236329
v 2.000000 10.360435 5.136329
v 1.700000 11.460435 5.136329
v 1.700000 11.460435 7.236329
v 2.725000 10.360435 -1.163671
v 2.678382 10.360435 -0.807873
v 2.548031 10.360435 -0.429289
v 2.144740 10.360435 0.364297
v 1.941211 10.360435 0.759846
v 1.780786 10.360435 1.143235
v 1.686076 10.360435 1.510292
v 1.660183 10.360435 1.864301
v 1.687414 10.360435 2.215096
v 1.744024 10.360435 2.574105
v 1.873831 10.360435 3.345230
v 1.967835 10.360435 4.200661
v -0.917835 10.360435 4.200661
v -0.823831 10.360435 3.345230
v -0.694024 10.360435 2.574105
v -0.637414 10.360435 2.215096
v -0.610183 10.360435 1.864301
v -0.636076 10.360435 1.510292
v -0.730786 10.360435 1.143235
v -0.891211 10.360435 0.759846
v -1.094740 10.360435 0.364297
v -1.498031 10.360435 -0.429289
v -1.628382 10.360435 -0.807873
v -1.675000 10.360435 -1.163671
v -1.675000 10.360435 -4.663671
v -1.375000 10.360435 -4.663671
v -1.375000 10.360435 -2.863671
v -1.358165 10.360435 -2.565851
v -1.305691 10.360435 -2.273213
v -1.210800 10.360435 -1.991621
v -1.060806 10.360435 -1.730464
v -0.959474 10.360435 -1.611355
v -0.836847 10.360435 -1.502252
v -0.689761 10.360435 -1.405078
v -0.514880 10.360435 -1.321807
v -0.308866 10.360435 -1.254379
v -0.068564 10.360435 -1.204599
v 0.208749 10.360435 -1.174004
v 0.525000 10.360435 -1.163671
v 0.841251 10.360435 -1.174004
v 1.118564 10.360435 -1.204599
v 1.358866 10.360435 -1.254379
v 1.564880 10.360435 -1.321807
v 1.739761 10.360435 -1.405078
v 1.886847 10.360435 -1.502252
v 2.009474 10.360435 -1.611355
v 2.110806 10.360435 -1.730464
v 2.260800 10.360435 -1.991621
v 2.355691 10.360435 -2.273213
v 2.408165 10.360435 -2.565851
v 2.425000 10.360435 -2.863671
v 2.425000 10.360435 -4.663671
v 2.725000 10.360435 -4.663671
v -1.375000 12.959922 -2.863671
v -1.344513 12.917615 -2.465053
v -1.251653 12.815373 -2.094306
v -1.096337 12.683787 -1.780971
v -0.991406 12.615657 -1.645505
v -0.866059 12.550554 -1.525495
v -0.724211 12.493322 -1.425171
v -0.567701 12.445192 -1.343967
v -0.219206 12.377480 -1.232726
v 0.149467 12.343931 -1.178595
v 0.525000 12.334624 -1.163671
v -1.675000 12.334624 -1.163671
v -1.675000 12.577111 -1.573586
v -1.675000 12.779047 -1.997873
v -1.675000 12.913276 -2.443028
v -1.675000 12.960435 -2.913671
v 0.971702 12.348225 -1.185350
v 1.356387 12.390398 -1.253704
v 1.683585 12.463820 -1.375054
v 1.828513 12.513463 -1.460027
v 1.960169 12.571694 -1.563684
v 2.169570 12.700882 -1.817115
v 2.312360 12.826110 -2.124991
v 2.397305 12.920992 -2.483010
v 2.425000 12.959922 -2.863671
v 2.425000 12.960435 -2.913671
v 2.725000 12.960435 -2.913671
v -1.375000 12.960435 -2.913671
v 2.725000 12.912467 -2.443221
v 2.725000 12.778895 -1.997910
v 2.725000 12.577064 -1.573597
v 2.725000 12.334624 -1.163671
v 2.425000 12.960378 -2.897003
v 2.425000 12.960207 -2.880336
v -1.375000 12.960207 -2.880336
v -1.375000 12.960378 -2.897003
v -1.628509 12.111149 -0.808371
v -1.508381 11.899663 -0.454355
v -1.329343 11.709217 -0.075486
v -1.105873 11.558421 0.343668
v -0.889806 11.470251 0.762860
v -0.721476 11.431487 1.170739
v -0.634037 11.421892 1.523359
v -0.610089 11.423863 1.819485
v -0.625427 11.429435 2.111896
v -0.669297 11.437258 2.428385
v -0.732106 11.445902 2.789687
v -0.799653 11.453289 3.186383
v -0.861539 11.458188 3.621887
v -0.911679 11.460343 4.118938
v -0.650000 11.460435 5.136329
v 1.951004 11.460054 3.992363
v 1.887524 11.456510 3.440283
v 1.811750 11.449341 2.959252
v 1.736238 11.439804 2.529176
v 1.680570 11.430688 2.159588
v 1.660025 11.423933 1.826415
v 1.689667 11.422294 1.489207
v 1.786242 11.434057 1.127502
v 1.933900 11.468614 0.775084
v 2.104970 11.533450 0.438456
v 2.280832 11.633781 0.112300
v 2.449996 11.774384 -0.215445
v 2.593526 11.949901 -0.541885
v 2.689023 12.139101 -0.853099
v -0.650000 11.460435 7.236329
v 1.700000 10.660435 7.236329
v -0.650000 10.660435 7.236329
v 1.700000 10.660435 5.136329
v -0.650000 10.660435 5.136329
vt -0.360000 -0.031416 0.000000
vt -0.060000 -0.031416 0.000000
vt -0.360000 0.000000 0.000000
vt -0.060000 0.000000 0.000000
vt -0.360000 0.031416 0.000000
vt -0.060000 0.031416 0.000000
vt -0.360000 0.062832 0.000000
vt -0.060000 0.062832 0.000000
vt -0.360000 0.094248 0.000000
vt -0.060000 0.094248 0.000000
vt -0.360000 0.125664 0.000000
vt -0.060000 0.125664 0.000000
vt -0.360000 0.157080 0.000000
vt -0.060000 0.157080 0.000000
vt -0.360000 0.188496 0.000000
vt -0.060000 0.188496 0.000000
vt -0.360000 0.219911 0.000000
vt -0.060000 0.219911 0.000000
vt -0.360000 0.251327 0.000000
vt -0.060000 0.251327 0.000000
vt -0.360000 0.282743 0.000000
vt -0.060000 0.282743 0.000000
vt -0.360000 0.314159 0.000000
vt -0.060000 0.314159 0.000000
vt -0.360000 0.345575 0.000000
vt -0.060000 0.345575 0.000000
vt -0.360000 0.376991 0.000000
vt -0.060000 0.376991 0.000000
vt -0.360000 -0.376991 0.000000
vt -0.060000 -0.376991 0.000000
vt -0.360000 -0.345575 0.000000
vt -0.060000 -0.345575 0.000000
vt -0.360000 -0.314159 0.000000
vt -0.060000 -0.314159 0.000000
vt -0.360000 -0.282743 0.000000
vt -0.060000 -0.282743 0.000000
vt -0.360000 -0.251327 0.000000
vt -0.060000 -0.251327 0.000000
vt -0.360000 -0.219911 0.000000
vt -0.060000 -0.219911 0.000000
vt -0.360000 -0.188496 0.000000
vt -0.060000 -0.188496 0.000000
vt -0.360000 -0.157080 0.000000
vt -0.060000 -0.157080 0.000000
vt -0.360000 -0.125664 0.000000
vt -0.060000 -0.125664 0.000000
vt -0.360000 -0.094248 0.000000
vt -0.060000 -0.094248 0.000000
vt -0.360000 -0.062832 0.000000
vt -0.060000 -0.062832 0.000000
vt -0.360000 -0.031416 0.000000
vt -0.060000 -0.031416 0.000000
vt -0.360000 0.000000 0.000000
vt -0.060000 0.000000 0.000000
vt -0.360000 0.031416 0.000000
vt -0.060000 0.031416 0.000000
vt -0.360000 0.062832 0.000000
vt -0.060000 0.062832 0.000000
vt -0.360000 0.094248 0.000000
vt -0.060000 0.094248 0.000000
vt -0.360000 0.125664 0.000000
vt -0.060000 0.125664 0.000000
vt -0.360000 0.157080 0.000000
vt -0.060000 0.157080 0.000000
vt -0.360000 0.188496 0.000000
vt -0.060000 0.188496 0.000000
vt -0.360000 0.219911 0.000000
vt -0.060000 0.219911 0.000000
vt -0.360000 0.251327 0.000000
vt -0.060000 0.251327 0.000000
vt -0.360000 0.282743 0.000000
vt -0.060000 0.282743 0.000000
vt -0.360000 0.314159 0.000000
vt -0.060000 0.314159 0.000000
vt -0.360000 0.345575 0.000000
vt -0.060000 0.345575 0.000000
vt -0.360000 0.376991 0.000000
vt -0.060000 0.376991 0.000000
vt -0.360000 -0.376991 0.000000
vt -0.060000 -0.376991 0.000000
vt -0.360000 -0.345575 0.000000
vt -0.060000 -0.345575 0.000000
vt -0.360000 -0.314159 0.000000
vt -0.060000 -0.314159 0.000000
vt -0.360000 -0.282743 0.000000
vt -0.060000 -0.282743 0.000000
vt -0.360000 -0.251327 0.000000
vt -0.060000 -0.251327 0.000000
vt -0.360000 -0.219911 0.000000
vt -0.060000 -0.219911 0.000000
vt -0.360000 -0.188496 0.000000
vt -0.060000 -0.188496 0.000000
vt -0.360000 -0.157080 0.000000
vt -0.060000 -0.157080 0.000000
vt -0.360000 -0.125664 0.000000
vt -0.060000 -0.125664 0.000000
vt -0.360000 -0.094248 0.000000
vt -0.060000 -0.094248 0.000000
vt -0.360000 -0.062832 0.000000
vt -0.060000 -0.062832 0.000000
vt -0.360000 -0.031416 0.000000
vt -0.060000 -0.031416 0.000000
vt -0.360000 0.000000 0.000000
vt -0.060000 0.000000 0.000000
vt -0.360000 0.031416 0.000000
vt -0.060000 0.031416 0.000000
vt -0.360000 0.062832 0.000000
vt -0.060000 0.062832 0.000000
vt -0.360000 0.094248 0.000000
vt -0.060000 0.094248 0.000000
vt -0.360000 0.125664 0.000000
vt -0.060000 0.125664 0.000000
vt -0.360000 0.157080 0.000000
vt -0.060000 0.157080 0.000000
vt -0.360000 0.188496 0.000000
vt -0.060000 0.188496 0.000000
vt -0.360000 0.219911 0.000000
vt -0.060000 0.219911 0.000000
vt -0.360000 0.251327 0.000000
vt -0.060000 0.251327 0.000000
vt -0.360000 0.282743 0.000000
vt -0.060000 0.282743 0.000000
vt -0.360000 0.314159 0.000000
vt -0.060000 0.314159 0.000000
vt -0.360000 0.345575 0.000000
vt -0.060000 0.345575 0.000000
vt -0.360000 0.376991 0.000000
vt -0.060000 0.376991 0.000000
vt -0.360000 -0.376991 0.000000
vt -0.060000 -0.376991 0.000000
vt -0.360000 -0.345575 0.000000
vt -0.060000 -0.345575 0.000000
vt -0.360000 -0.314159 0.000000
vt -0.060000 -0.314159 0.000000
vt -0.360000 -0.282743 0.000000
vt -0.060000 -0.282743 0.000000
vt -0.360000 -0.251327 0.000000
vt -0.060000 -0.251327 0.000000
vt -0.360000 -0.219911 0.000000
vt -0.060000 -0.219911 0.000000
vt -0.360000 -0.188496 0.000000
vt -0.060000 -0.188496 0.000000
vt -0.360000 -0.157080 0.000000
vt -0.060000 -0.157080 0.000000
vt -0.360000 -0.125664 0.000000
vt -0.060000 -0.125664 0.000000
vt -0.360000 -0.094248 0.000000
vt -0.060000 -0.094248 0.000000
vt -0.360000 -0.062832 0.000000
vt -0.060000 -0.062832 0.000000
vt -0.360000 -0.031416 0.000000
vt -0.060000 -0.031416 0.000000
vt -0.360000 0.000000 0.000000
vt -0.060000 0.000000 0.000000
vt -0.360000 0.031416 0.000000
vt -0.060000 0.031416 0.000000
vt -0.360000 0.062832 0.000000
vt -0.060000 0.062832 0.000000
vt -0.360000 0.094248 0.000000
vt -0.060000 0.094248 0.000000
vt -0.360000 0.125664 0.000000
vt -0.060000 0.125664 0.000000
vt -0.360000 0.157080 0.000000
vt -0.060000 0.157080 0.000000
vt -0.360000 0.188496 0.000000
vt -0.060000 0.188496 0.000000
vt -0.360000 0.219911 0.000000
vt -0.060000 0.219911 0.000000
vt -0.360000 0.251327 0.000000
vt -0.060000 0.251327 0.000000
vt -0.360000 0.282743 0.000000
vt -0.060000 0.282743 0.000000
vt -0.360000 0.314159 0.000000
vt -0.060000 0.314159 0.000000
vt -0.360000 0.345575 0.000000
vt -0.060000 0.345575 0.000000
vt -0.360000 0.376991 0.000000
vt -0.060000 0.376991 0.000000
vt -0.360000 -0.376991 0.000000
vt -0.060000 -0.376991 0.000000
vt -0.360000 -0.345575 0.000000
vt -0.060000 -0.345575 0.000000
vt -0.360000 -0.314159 0.000000
vt -0.060000 -0.314159 0.000000
vt -0.360000 -0.282743 0.000000
vt -0.060000 -0.282743 0.000000
vt -0.360000 -0.251327 0.000000
vt -0.060000 -0.251327 0.000000
vt -0.360000 -0.219911 0.000000
vt -0.060000 -0.219911 0.000000
vt -0.360000 -0.188496 0.000000
vt -0.060000 -0.188496 0.000000
vt -0.360000 -0.157080 0.000000
vt -0.060000 -0.157080 0.000000
vt -0.360000 -0.125664 0.000000
vt -0.060000 -0.125664 0.000000
vt -0.360000 -0.094248 0.000000
vt -0.060000 -0.094248 0.000000
vt -0.360000 -0.062832 0.000000
vt -0.060000 -0.062832 0.000000
vt -0.160000 -0.065450 0.000000
vt 0.000000 -0.032606 0.000000
vt -0.160000 0.000000 0.000000
vt 0.000000 0.032606 0.000000
vt -0.160000 0.065450 0.000000
vt 0.000000 0.097817 0.000000
vt -0.160000 0.130900 0.000000
vt -0.000000 0.163028 0.000000
vt -0.160000 0.196350 0.000000
vt 0.000000 0.228240 0.000000
vt -0.160000 0.261799 0.000000
vt 0.000000 0.293451 0.000000
vt -0.160000 0.327249 0.000000
vt 0.000000 0.358662 0.000000
vt -0.160000 0.392699 0.000000
vt 0.000000 0.423874 0.000000
vt -0.160000 0.458149 0.000000
vt 0.000000 0.489085 0.000000
vt -0.160000 0.523599 0.000000
vt 0.000000 0.554296 0.000000
vt -0.160000 0.589049 0.000000
vt 0.000000 0.619508 0.000000
vt -0.160000 0.654498 0.000000
vt 0.000000 0.684719 0.000000
vt -0.160000 0.719948 0.000000
vt -0.000008 0.735057 0.000000
vt -0.160000 0.785398 0.000000
vt -0.000014 0.785398 0.000000
vt -0.160000 -0.785398 0.000000
vt -0.000014 -0.785398 0.000000
vt -0.000008 -0.735056 0.000000
vt 0.000000 -0.097817 0.000000
vt -0.160000 -0.130900 0.000000
vt 0.000000 -0.163028 0.000000
vt -0.160000 -0.196350 0.000000
vt 0.000000 -0.228240 0.000000
vt -0.160000 -0.261799 0.000000
vt 0.000000 -0.293451 0.000000
vt -0.160000 -0.327249 0.000000
vt 0.000000 -0.358662 0.000000
vt -0.160000 -0.392699 0.000000
vt 0.000000 -0.423874 0.000000
vt -0.160000 -0.458149 0.000000
vt 0.000000 -0.489085 0.000000
vt -0.160000 -0.523599 0.000000
vt 0.000000 -0.554296 0.000000
vt -0.160000 -0.589049 0.000000
vt 0.000000 -0.619508 0.000000
vt -0.160000 -0.654498 0.000000
vt 0.000000 -0.684719 0.000000
vt -0.160000 -0.719948 0.000000
vt -0.300000 -0.031416 0.000000
vt -0.160000 -0.031416 0.000000
vt -0.300000 0.000000 0.000000
vt -0.160000 0.000000 0.000000
vt -0.300000 0.031416 0.000000
vt -0.160000 0.031416 0.000000
vt -0.300000 0.062832 0.000000
vt -0.160000 0.062832 0.000000
vt -0.300000 0.094248 0.000000
vt -0.160000 0.094248 0.000000
vt -0.300000 0.125664 0.000000
vt -0.160000 0.125664 0.000000
vt -0.300000 0.157080 0.000000
vt -0.160000 0.157080 0.000000
vt -0.300000 0.188496 0.000000
vt -0.160000 0.188496 0.000000
vt -0.300000 0.219911 0.000000
vt -0.160000 0.219911 0.000000
vt -0.300000 0.251327 0.000000
vt -0.160000 0.251327 0.000000
vt -0.300000 0.282743 0.000000
vt -0.160000 0.282743 0.000000
vt -0.300000 0.314159 0.000000
vt -0.160000 0.314159 0.000000
vt -0.300000 0.345575 0.000000
vt -0.160000 0.345575 0.000000
vt -0.300000 0.376991 0.000000
vt -0.160000 0.376991 0.000000
vt -0.300000 -0.376991 0.000000
vt -0.160000 -0.376991 0.000000
vt -0.300000 -0.345575 0.000000
vt -0.160000 -0.345575 0.000000
vt -0.300000 -0.314159 0.000000
vt -0.160000 -0.314159 0.000000
vt -0.300000 -0.282743 0.000000
vt -0.160000 -0.282743 0.000000
vt -0.300000 -0.251327 0.000000
vt -0.160000 -0.251327 0.000000
vt -0.300000 -0.219911 0.000000
vt -0.160000 -0.219911 0.000000
vt -0.300000 -0.188496 0.000000
vt -0.160000 -0.188496 0.000000
vt -0.300000 -0.157080 0.000000
vt -0.160000 -0.157080 0.000000
vt -0.300000 -0.125664 0.000000
vt -0.160000 -0.125664 0.000000
vt -0.300000 -0.094248 0.000000
vt -0.160000 -0.094248 0.000000
vt -0.300000 -0.062832 0.000000
vt -0.160000 -0.062832 0.000000
vt -0.160000 -0.065450 0.000000
vt 0.000000 -0.065450 0.000000
vt -0.160000 0.000000 0.000000
vt -0.000000 0.000000 0.000000
vt -0.160000 0.065450 0.000000
vt -0.000000 0.065450 0.000000
vt -0.160000 0.130900 0.000000
vt -0.000000 0.130900 0.000000
vt -0.160000 0.196350 0.000000
vt -0.000000 0.196350 0.000000
vt -0.160000 0.261799 0.000000
vt 0.000000 0.261799 0.000000
vt -0.160000 0.327249 0.000000
vt -0.000000 0.327249 0.000000
vt -0.160000 0.392699 0.000000
vt -0.000000 0.392699 0.000000
vt -0.160000 0.458149 0.000000
vt 0.000000 0.458149 0.000000
vt -0.160000 0.523599 0.000000
vt 0.000000 0.523599 0.000000
vt -0.160000 0.589049 0.000000
vt 0.000000 0.589049 0.000000
vt -0.160000 0.654498 0.000000
vt 0.000000 0.654498 0.000000
vt -0.160000 0.719948 0.000000
vt 0.000000 0.719948 0.000000
vt -0.160000 0.785398 0.000000
vt 0.000000 0.785398 0.000000
vt -0.160000 -0.785398 0.000000
vt 0.000000 -0.785398 0.000000
vt -0.160000 -0.719948 0.000000
vt 0.000000 -0.719948 0.000000
vt -0.160000 -0.654498 0.000000
vt 0.000000 -0.654498 0.000000
vt -0.160000 -0.589049 0.000000
vt 0.000000 -0.589049 0.000000
vt -0.160000 -0.523599 0.000000
vt 0.000000 -0.523599 0.000000
vt -0.160000 -0.458149 0.000000
vt 0.000000 -0.458149 0.000000
vt -0.160000 -0.392699 0.000000
vt 0.000000 -0.392699 0.000000
vt -0.160000 -0.327249 0.000000
vt 0.000000 -0.327249 0.000000
vt -0.160000 -0.261799 0.000000
vt 0.000000 -0.261799 0.000000
vt -0.160000 -0.196350 0.000000
vt 0.000000 -0.196350 0.000000
vt -0.160000 -0.130900 0.000000
vt 0.000000 -0.130900 0.000000
vt -0.300000 -0.031416 0.000000
vt -0.160000 -0.031416 0.000000
vt -0.300000 0.000000 0.000000
vt -0.160000 0.000000 0.000000
vt -0.300000 0.031416 0.000000
vt -0.160000 0.031416 0.000000
vt -0.300000 0.062832 0.000000
vt -0.160000 0.062832 0.000000
vt -0.300000 0.094248 0.000000
vt -0.160000 0.094248 0.000000
vt -0.300000 0.125664 0.000000
vt -0.160000 0.125664 0.000000
vt -0.300000 0.157080 0.000000
vt -0.160000 0.157080 0.000000
vt -0.300000 0.188496 0.000000
vt -0.160000 0.188496 0.000000
vt -0.300000 0.219911 0.000000
vt -0.160000 0.219911 0.000000
vt -0.300000 0.251327 0.000000
vt -0.160000 0.251327 0.000000
vt -0.300000 0.282743 0.000000
vt -0.160000 0.282743 0.000000
vt -0.300000 0.314159 0.000000
vt -0.160000 0.314159 0.000000
vt -0.300000 0.345575 0.000000
vt -0.160000 0.345575 0.000000
vt -0.300000 0.376991 0.000000
vt -0.160000 0.376991 0.000000
vt -0.300000 -0.376991 0.000000
vt -0.160000 -0.376991 0.000000
vt -0.300000 -0.345575 0.000000
vt -0.160000 -0.345575 0.000000
vt -0.300000 -0.314159 0.000000
vt -0.160000 -0.314159 0.000000
vt -0.300000 -0.282743 0.000000
vt -0.160000 -0.282743 0.000000
vt -0.300000 -0.251327 0.000000
vt -0.160000 -0.251327 0.000000
vt -0.300000 -0.219911 0.000000
vt -0.160000 -0.219911 0.000000
vt -0.300000 -0.188496 0.000000
vt -0.160000 -0.188496 0.000000
vt -0.300000 -0.157080 0.000000
vt -0.160000 -0.157080 0.000000
vt -0.300000 -0.125664 0.000000
vt -0.160000 -0.125664 0.000000
vt -0.300000 -0.094248 0.000000
vt -0.160000 -0.094248 0.000000
vt -0.300000 -0.062832 0.000000
vt -0.160000 -0.062832 0.000000
vt -4.400000 -0.117810 0.000000
vt -4.100000 -0.117810 0.000000
vt -4.400000 0.000000 0.000000
vt -4.100000 0.000000 0.000000
vt -4.400000 0.117810 0.000000
vt -4.100000 0.117810 0.000000
vt -4.400000 0.235619 0.000000
vt -4.100000 0.235619 0.000000
vt -4.400000 0.353429 0.000000
vt -4.100000 0.353429 0.000000
vt -4.400000 0.471239 0.000000
vt -4.100000 0.471239 0.000000
vt -4.400000 0.589049 0.000000
vt -4.100000 0.589049 0.000000
vt -4.400000 0.706858 0.000000
vt -4.100000 0.706858 0.000000
vt -4.400000 0.824668 0.000000
vt -4.100000 0.824668 0.000000
vt -4.400000 0.942478 0.000000
vt -4.100000 0.942478 0.000000
vt -4.400000 1.060288 0.000000
vt -4.100000 1.060288 0.000000
vt -4.400000 1.178097 0.000000
vt -4.100000 1.178097 0.000000
vt -4.400000 1.295907 0.000000
vt -4.100000 1.295907 0.000000
vt -4.400000 1.413717 0.000000
vt -4.100000 1.413717 0.000000
vt -4.400000 -1.413717 0.000000
vt -4.100000 -1.413717 0.000000
vt -4.400000 -1.295907 0.000000
vt -4.100000 -1.295907 0.000000
vt -4.400000 -1.178097 0.000000
vt -4.100000 -1.178097 0.000000
vt -4.400000 -1.060288 0.000000
vt -4.100000 -1.060288 0.000000
vt -4.400000 -0.942478 0.000000
vt -4.100000 -0.942478 0.000000
vt -4.400000 -0.824668 0.000000
vt -4.100000 -0.824668 0.000000
vt -4.400000 -0.706858 0.000000
vt -4.100000 -0.706858 0.000000
vt -4.400000 -0.589049 0.000000
vt -4.100000 -0.589049 0.000000
vt -4.400000 -0.471239 0.000000
vt -4.100000 -0.471239 0.000000
vt -4.400000 -0.353429 0.000000
vt -4.100000 -0.353429 0.000000
vt -4.400000 -0.235619 0.000000
vt -4.100000 -0.235619 0.000000
vt -0.300000 -0.117810 0.000000
vt 0.000000 -0.117810 0.000000
vt -0.300000 0.000000 0.000000
vt 0.000000 0.000000 0.000000
vt -0.300000 0.117810 0.000000
vt 0.000000 0.117810 0.000000
vt -0.300000 0.235619 0.000000
vt 0.000000 0.235619 0.000000
vt -0.300000 0.353429 0.000000
vt 0.000000 0.353429 0.000000
vt -0.300000 0.471239 0.000000
vt 0.000000 0.471239 0.000000
vt -0.300000 0.589049 0.000000
vt 0.000000 0.589049 0.000000
vt -0.300000 0.706858 0.000000
vt 0.000000 0.706858 0.000000
vt -0.300000 0.824668 0.000000
vt 0.000000 0.824668 0.000000
vt -0.300000 0.942478 0.000000
vt 0.000000 0.942478 0.000000
vt -0.300000 1.060288 0.000000
vt 0.000000 1.060288 0.000000
vt -0.300000 1.178097 0.000000
vt 0.000000 1.178097 0.000000
vt -0.300000 1.295907 0.000000
vt 0.000000 1.295907 0.000000
vt -0.300000 1.413717 0.000000
vt 0.000000 1.413717 0.000000
vt -0.300000 -1.413717 0.000000
vt 0.000000 -1.413717 0.000000
vt -0.300000 -1.295907 0.000000
vt 0.000000 -1.295907 0.000000
vt -0.300000 -1.178097 0.000000
vt 0.000000 -1.178097 0.000000
vt -0.300000 -1.060288 0.000000
vt 0.000000 -1.060288 0.000000
vt -0.300000 -0.942478 0.000000
vt 0.000000 -0.942478 0.000000
vt -0.300000 -0.824668 0.000000
vt 0.000000 -0.824668 0.000000
vt -0.300000 -0.706858 0.000000
vt 0.000000 -0.706858 0.000000
vt -0.300000 -0.589049 0.000000
vt 0.000000 -0.589049 0.000000
vt -0.300000 -0.471239 0.000000
vt 0.000000 -0.471239 0.000000
vt -0.300000 -0.353429 0.000000
vt 0.000000 -0.353429 0.000000
vt -0.300000 -0.235619 0.000000
vt 0.000000 -0.235619 0.000000
vt -0.360000 -0.031416 0.000000
vt -0.060000 -0.031416 0.000000
vt -0.360000 0.000000 0.000000
vt -0.060000 0.000000 0.000000
vt -0.360000 0.031416 0.000000
vt -0.060000 0.031416 0.000000
vt -0.360000 0.062832 0.000000
vt -0.060000 0.062832 0.000000
vt -0.360000 0.094248 0.000000
vt -0.060000 0.094248 0.000000
vt -0.360000 0.125664 0.000000
vt -0.060000 0.125664 0.000000
vt -0.360000 0.157080 0.000000
vt -0.060000 0.157080 0.000000
vt -0.360000 0.188496 0.000000
vt -0.060000 0.188496 0.000000
vt -0.360000 0.219911 0.000000
vt -0.060000 0.219911 0.000000
vt -0.360000 0.251327 0.000000
vt -0.060000 0.251327 0.000000
vt -0.360000 0.282743 0.000000
vt -0.060000 0.282743 0.000000
vt -0.360000 0.314159 0.000000
vt -0.060000 0.314159 0.000000
vt -0.360000 0.345575 0.000000
vt -0.060000 0.345575 0.000000
vt -0.360000 0.376991 0.000000
vt -0.060000 0.376991 0.000000
vt -0.360000 -0.376991 0.000000
vt -0.060000 -0.376991 0.000000
vt -0.360000 -0.345575 0.000000
vt -0.060000 -0.345575 0.000000
vt -0.360000 -0.314159 0.000000
vt -0.060000 -0.314159 0.000000
vt -0.360000 -0.282743 0.000000
vt -0.060000 -0.282743 0.000000
vt -0.360000 -0.251327 0.000000
vt -0.060000 -0.251327 0.000000
vt -0.360000 -0.219911 0.000000
vt -0.060000 -0.219911 0.000000
vt -0.360000 -0.188496 0.000000
vt -0.060000 -0.188496 0.000000
vt -0.360000 -0.157080 0.000000
vt -0.060000 -0.157080 0.000000
vt -0.360000 -0.125664 0.000000
vt -0.060000 -0.125664 0.000000
vt -0.360000 -0.094248 0.000000
vt -0.060000 -0.094248 0.000000
vt -0.360000 -0.062832 0.000000
vt -0.060000 -0.062832 0.000000
vt -0.360000 -0.031416 0.000000
vt -0.060000 -0.031416 0.000000
vt -0.360000 0.000000 0.000000
vt -0.060000 0.000000 0.000000
vt -0.360000 0.031416 0.000000
vt -0.060000 0.031416 0.000000
vt -0.360000 0.062832 0.000000
vt -0.060000 0.062832 0.000000
vt -0.360000 0.094248 0.000000
vt -0.060000 0.094248 0.000000
vt -0.360000 0.125664 0.000000
vt -0.060000 0.125664 0.000000
vt -0.360000 0.157080 0.000000
vt -0.060000 0.157080 0.000000
vt -0.360000 0.188496 0.000000
vt -0.060000 0.188496 0.000000
vt -0.360000 0.219911 0.000000
vt -0.060000 0.219911 0.000000
vt -0.360000 0.251327 0.000000
vt -0.060000 0.251327 0.000000
vt -0.360000 0.282743 0.000000
vt -0.060000 0.282743 0.000000
vt -0.360000 0.314159 0.000000
vt -0.060000 0.314159 0.000000
vt -0.360000 0.345575 0.000000
vt -0.060000 0.345575 0.000000
vt -0.360000 0.376991 0.000000
vt -0.060000 0.376991 0.000000
vt -0.360000 -0.376991 0.000000
vt -0.060000 -0.376991 0.000000
vt -0.360000 -0.345575 0.000000
vt -0.060000 -0.345575 0.000000
vt -0.360000 -0.314159 0.000000
vt -0.060000 -0.314159 0.000000
vt -0.360000 -0.282743 0.000000
vt -0.060000 -0.282743 0.000000
vt -0.360000 -0.251327 0.000000
vt -0.060000 -0.251327 0.000000
vt -0.360000 -0.219911 0.000000
vt -0.060000 -0.219911 0.000000
vt -0.360000 -0.188496 0.000000
vt -0.060000 -0.188496 0.000000
vt -0.360000 -0.157080 0.000000
vt -0.060000 -0.157080 0.000000
vt -0.360000 -0.125664 0.000000
vt -0.060000 -0.125664 0.000000
vt -0.360000 -0.094248 0.000000
vt -0.060000 -0.094248 0.000000
vt -0.360000 -0.062832 0.000000
vt -0.060000 -0.062832 0.000000
vt -0.360000 -0.031416 0.000000
vt -0.060000 -0.031416 0.000000
vt -0.360000 0.000000 0.000000
vt -0.060000 0.000000 0.000000
vt -0.360000 0.031416 0.000000
vt -0.060000 0.031416 0.000000
vt -0.360000 0.062832 0.000000
vt -0.060000 0.062832 0.000000
vt -0.360000 0.094248 0.000000
vt -0.060000 0.094248 0.000000
vt -0.360000 0.125664 0.000000
vt -0.060000 0.125664 0.000000
vt -0.360000 0.157080 0.000000
vt -0.060000 0.157080 0.000000
vt -0.360000 0.188496 0.000000
vt -0.060000 0.188496 0.000000
vt -0.360000 0.219911 0.000000
vt -0.060000 0.219911 0.000000
vt -0.360000 0.251327 0.000000
vt -0.060000 0.251327 0.000000
vt -0.360000 0.282743 0.000000
vt -0.060000 0.282743 0.000000
vt -0.360000 0.314159 0.000000
vt -0.060000 0.314159 0.000000
vt -0.360000 0.345575 0.000000
vt -0.060000 0.345575 0.000000
vt -0.360000 0.376991 0.000000
vt -0.060000 0.376991 0.000000
vt -0.360000 -0.376991 0.000000
vt -0.060000 -0.376991 0.000000
vt -0.360000 -0.345575 0.000000
vt -0.060000 -0.345575 0.000000
vt -0.360000 -0.314159 0.000000
vt -0.060000 -0.314159 0.000000
vt -0.360000 -0.282743 0.000000
vt -0.060000 -0.282743 0.000000
vt -0.360000 -0.251327 0.000000
vt -0.060000 -0.251327 0.000000
vt -0.360000 -0.219911 0.000000
vt -0.060000 -0.219911 0.000000
vt -0.360000 -0.188496 0.000000
vt -0.060000 -0.188496 0.000000
vt -0.360000 -0.157080 0.000000
vt -0.060000 -0.157080 0.000000
vt -0.360000 -0.125664 0.000000
vt -0.060000 -0.125664 0.000000
vt -0.360000 -0.094248 0.000000
vt -0.060000 -0.094248 0.000000
vt -0.360000 -0.062832 0.000000
vt -0.060000 -0.062832 0.000000
vt -0.360000 -0.031416 0.000000
vt -0.060000 -0.031416 0.000000
vt -0.360000 0.000000 0.000000
vt -0.060000 0.000000 0.000000
vt -0.360000 0.031416 0.000000
vt -0.060000 0.031416 0.000000
vt -0.360000 0.062832 0.000000
vt -0.060000 0.062832 0.000000
vt -0.360000 0.094248 0.000000
vt -0.060000 0.094248 0.000000
vt -0.360000 0.125664 0.000000
vt -0.060000 0.125664 0.000000
vt -0.360000 0.157080 0.000000
vt -0.060000 0.157080 0.000000
vt -0.360000 0.188496 0.000000
vt -0.060000 0.188496 0.000000
vt -0.360000 0.219911 0.000000
vt -0.060000 0.219911 0.000000
vt -0.360000 0.251327 0.000000
vt -0.060000 0.251327 0.000000
vt -0.360000 0.282743 0.000000
vt -0.060000 0.282743 0.000000
vt -0.360000 0.314159 0.000000
vt -0.060000 0.314159 0.000000
vt -0.360000 0.345575 0.000000
vt -0.060000 0.345575 0.000000
vt -0.360000 0.376991 0.000000
vt -0.060000 0.376991 0.000000
vt -0.360000 -0.376991 0.000000
vt -0.060000 -0.376991 0.000000
vt -0.360000 -0.345575 0.000000
vt -0.060000 -0.345575 0.000000
vt -0.360000 -0.314159 0.000000
vt -0.060000 -0.314159 0.000000
vt -0.360000 -0.282743 0.000000
vt -0.060000 -0.282743 0.000000
vt -0.360000 -0.251327 0.000000
vt -0.060000 -0.251327 0.000000
vt -0.360000 -0.219911 0.000000
vt -0.060000 -0.219911 0.000000
vt -0.360000 -0.188496 0.000000
vt -0.060000 -0.188496 0.000000
vt -0.360000 -0.157080 0.000000
vt -0.060000 -0.157080 0.000000
vt -0.360000 -0.125664 0.000000
vt -0.060000 -0.125664 0.000000
vt -0.360000 -0.094248 0.000000
vt -0.060000 -0.094248 0.000000
vt -0.360000 -0.062832 0.000000
vt -0.060000 -0.062832 0.000000
vt -0.300000 -0.031416 0.000000
vt -0.160000 -0.031416 0.000000
vt -0.300000 0.000000 0.000000
vt -0.160000 0.000000 0.000000
vt -0.300000 0.031416 0.000000
vt -0.160000 0.031416 0.000000
vt -0.300000 0.062832 0.000000
vt -0.160000 0.062832 0.000000
vt -0.300000 0.094248 0.000000
vt -0.160000 0.094248 0.000000
vt -0.300000 0.125664 0.000000
vt -0.160000 0.125664 0.000000
vt -0.300000 0.157080 0.000000
vt -0.160000 0.157080 0.000000
vt -0.300000 0.188496 0.000000
vt -0.160000 0.188496 0.000000
vt -0.300000 0.219911 0.000000
vt -0.160000 0.219911 0.000000
vt -0.300000 0.251327 0.000000
vt -0.160000 0.251327 0.000000
vt -0.300000 0.282743 0.000000
vt -0.160000 0.282743 0.000000
vt -0.300000 0.314159 0.000000
vt -0.160000 0.314159 0.000000
vt -0.300000 0.345575 0.000000
vt -0.160000 0.345575 0.000000
vt -0.300000 0.376991 0.000000
vt -0.160000 0.376991 0.000000
vt -0.300000 -0.376991 0.000000
vt -0.160000 -0.376991 0.000000
vt -0.300000 -0.345575 0.000000
vt -0.160000 -0.345575 0.000000
vt -0.300000 -0.314159 0.000000
vt -0.160000 -0.314159 0.000000
vt -0.300000 -0.282743 0.000000
vt -0.160000 -0.282743 0.000000
vt -0.300000 -0.251327 0.000000
vt -0.160000 -0.251327 0.000000
vt -0.300000 -0.219911 0.000000
vt -0.160000 -0.219911 0.000000
vt -0.300000 -0.188496 0.000000
vt -0.160000 -0.188496 0.000000
vt -0.300000 -0.157080 0.000000
vt -0.160000 -0.157080 0.000000
vt -0.300000 -0.125664 0.000000
vt -0.160000 -0.125664 0.000000
vt -0.300000 -0.094248 0.000000
vt -0.160000 -0.094248 0.000000
vt -0.300000 -0.062832 0.000000
vt -0.160000 -0.062832 0.000000
vt -0.160000 -0.065450 0.000000
vt -0.000008 -0.050342 0.000000
vt -0.160000 0.000000 0.000000
vt -0.000014 -0.000000 0.000000
vt -0.000008 0.050342 0.000000
vt 0.000000 -0.100679 0.000000
vt -0.160000 -0.130900 0.000000
vt 0.000000 -0.165890 0.000000
vt -0.160000 -0.196350 0.000000
vt 0.000000 -0.231102 0.000000
vt -0.160000 -0.261799 0.000000
vt 0.000000 -0.296313 0.000000
vt -0.160000 -0.327249 0.000000
vt 0.000000 -0.361524 0.000000
vt -0.160000 -0.392699 0.000000
vt 0.000000 -0.426736 0.000000
vt -0.160000 -0.458149 0.000000
vt 0.000000 -0.491947 0.000000
vt -0.160000 -0.523599 0.000000
vt 0.000000 -0.557158 0.000000
vt -0.160000 -0.589049 0.000000
vt 0.000000 -0.622370 0.000000
vt -0.160000 -0.654498 0.000000
vt 0.000000 -0.687581 0.000000
vt -0.160000 -0.719948 0.000000
vt 0.000000 -0.752792 0.000000
vt -0.160000 -0.785398 0.000000
vt 0.000000 -0.818004 0.000000
vt 0.000000 0.752792 0.000000
vt -0.160000 0.785398 0.000000
vt -0.160000 0.719948 0.000000
vt 0.000000 0.687581 0.000000
vt -0.160000 0.654498 0.000000
vt 0.000000 0.622370 0.000000
vt -0.160000 0.589049 0.000000
vt 0.000000 0.557158 0.000000
vt -0.160000 0.523599 0.000000
vt 0.000000 0.491947 0.000000
vt -0.160000 0.458149 0.000000
vt 0.000000 0.426736 0.000000
vt -0.160000 0.392699 0.000000
vt 0.000000 0.361524 0.000000
vt -0.160000 0.327249 0.000000
vt 0.000000 0.296313 0.000000
vt -0.160000 0.261799 0.000000
vt 0.000000 0.231102 0.000000
vt -0.160000 0.196350 0.000000
vt 0.000000 0.165890 0.000000
vt -0.160000 0.130900 0.000000
vt 0.000000 0.100679 0.000000
vt -0.160000 0.065450 0.000000
vt -0.160000 -0.065450 0.000000
vt 0.000000 -0.065450 0.000000
vt -0.160000 0.000000 0.000000
vt 0.000000 0.000000 0.000000
vt -0.160000 0.065450 0.000000
vt 0.000000 0.065450 0.000000
vt -0.160000 0.130900 0.000000
vt 0.000000 0.130900 0.000000
vt -0.160000 0.196350 0.000000
vt 0.000000 0.196350 0.000000
vt -0.160000 0.261799 0.000000
vt 0.000000 0.261799 0.000000
vt -0.160000 0.327249 0.000000
vt 0.000000 0.327249 0.000000
vt -0.160000 0.392699 0.000000
vt 0.000000 0.392699 0.000000
vt -0.160000 0.458149 0.000000
vt 0.000000 0.458149 0.000000
vt -0.160000 0.523599 0.000000
vt 0.000000 0.523599 0.000000
vt -0.160000 0.589049 0.000000
vt 0.000000 0.589049 0.000000
vt -0.160000 0.654498 0.000000
vt 0.000000 0.654498 0.000000
vt -0.160000 0.719948 0.000000
vt 0.000000 0.719948 0.000000
vt -0.160000 0.785398 0.000000
vt 0.000000 0.785398 0.000000
vt -0.160000 -0.785398 0.000000
vt 0.000000 -0.785398 0.000000
vt -0.160000 -0.719948 0.000000
vt 0.000000 -0.719948 0.000000
vt -0.160000 -0.654498 0.000000
vt 0.000000 -0.654498 0.000000
vt -0.160000 -0.589049 0.000000
vt 0.000000 -0.589049 0.000000
vt -0.160000 -0.523599 0.000000
vt 0.000000 -0.523599 0.000000
vt -0.160000 -0.458149 0.000000
vt 0.000000 -0.458149 0.000000
vt -0.160000 -0.392699 0.000000
vt 0.000000 -0.392699 0.000000
vt -0.160000 -0.327249 0.000000
vt 0.000000 -0.327249 0.000000
vt -0.160000 -0.261799 0.000000
vt 0.000000 -0.261799 0.000000
vt -0.160000 -0.196350 0.000000
vt 0.000000 -0.196350 0.000000
vt -0.160000 -0.130900 0.000000
vt 0.000000 -0.130900 0.000000
vt -0.300000 -0.031416 0.000000
vt -0.160000 -0.031416 0.000000
vt -0.300000 0.000000 0.000000
vt -0.160000 0.000000 0.000000
vt -0.300000 0.031416 0.000000
vt -0.160000 0.031416 0.000000
vt -0.300000 0.062832 0.000000
vt -0.160000 0.062832 0.000000
vt -0.300000 0.094248 0.000000
vt -0.160000 0.094248 0.000000
vt -0.300000 0.125664 0.000000
vt -0.160000 0.125664 0.000000
vt -0.300000 0.157080 0.000000
vt -0.160000 0.157080 0.000000
vt -0.300000 0.188496 0.000000
vt -0.160000 0.188496 0.000000
vt -0.300000 0.219911 0.000000
vt -0.160000 0.219911 0.000000
vt -0.300000 0.251327 0.000000
vt -0.160000 0.251327 0.000000
vt -0.300000 0.282743 0.000000
vt -0.160000 0.282743 0.000000
vt -0.300000 0.314159 0.000000
vt -0.160000 0.314159 0.000000
vt -0.300000 0.345575 0.000000
vt -0.160000 0.345575 0.000000
vt -0.300000 0.376991 0.000000
vt -0.160000 0.376991 0.000000
vt -0.300000 -0.376991 0.000000
vt -0.160000 -0.376991 0.000000
vt -0.300000 -0.345575 0.000000
vt -0.160000 -0.345575 0.000000
vt -0.300000 -0.314159 0.000000
vt -0.160000 -0.314159 0.000000
vt -0.300000 -0.282743 0.000000
vt -0.160000 -0.282743 0.000000
vt -0.300000 -0.251327 0.000000
vt -0.160000 -0.251327 0.000000
vt -0.300000 -0.219911 0.000000
vt -0.160000 -0.219911 0.000000
vt -0.300000 -0.188496 0.000000
vt -0.160000 -0.188496 0.000000
vt -0.300000 -0.157080 0.000000
vt -0.160000 -0.157080 0.000000
vt -0.300000 -0.125664 0.000000
vt -0.160000 -0.125664 0.000000
vt -0.300000 -0.094248 0.000000
vt -0.160000 -0.094248 0.000000
vt -0.300000 -0.062832 0.000000
vt -0.160000 -0.062832 0.000000
vt -0.300000 -2.042035 0.000000
vt -0.000000 -2.042035 0.000000
vt -0.300000 -1.717903 0.000000
vt -0.000000 -1.717903 0.000000
vt -0.300000 -1.393770 0.000000
vt -0.000000 -1.393770 0.000000
vt -0.300000 -1.069637 0.000000
vt -0.000000 -1.069637 0.000000
vt -0.300000 -0.745505 0.000000
vt -0.000000 -0.745505 0.000000
vt -0.300000 -0.421372 0.000000
vt 0.000000 -0.421372 0.000000
vt -0.300000 -0.097240 0.000000
vt -0.000000 -0.097240 0.000000
vt -0.300000 0.226893 0.000000
vt 0.000000 0.226893 0.000000
vt 0.000000 -2.042035 0.000000
vt 0.300000 -2.042035 0.000000
vt 0.000000 -1.717903 0.000000
vt 0.300000 -1.717903 0.000000
vt -0.000000 -1.393770 0.000000
vt 0.300000 -1.393770 0.000000
vt -0.000000 -1.069637 0.000000
vt 0.300000 -1.069637 0.000000
vt 0.000000 -0.745505 0.000000
vt 0.300000 -0.745505 0.000000
vt 0.000000 -0.421372 0.000000
vt 0.300000 -0.421372 0.000000
vt 0.000000 -0.097240 0.000000
vt 0.300000 -0.097240 0.000000
vt -0.000000 0.226893 0.000000
vt 0.300000 0.226893 0.000000
vt -2.100000 0.627980 0.000000
vt -2.066951 0.683982 0.000000
vt -2.100000 1.100000 0.000000
vt -2.020577 0.729566 0.000000
vt -1.964016 0.761648 0.000000
vt -1.901094 0.778059 0.000000
vt -1.836068 0.777687 0.000000
vt -1.773338 0.760557 0.000000
vt -1.717148 0.727829 0.000000
vt -0.395000 0.746506 0.000000
vt -0.000000 1.100000 0.000000
vt -0.446777 0.706777 0.000000
vt -1.671299 0.681717 0.000000
vt -0.486506 0.655000 0.000000
vt -1.638893 0.625340 0.000000
vt -0.511481 0.594705 0.000000
vt -1.622123 0.562513 0.000000
vt -0.520000 0.530000 0.000000
vt -1.622123 0.497487 0.000000
vt -0.511481 0.465295 0.000000
vt -1.638893 0.434660 0.000000
vt -0.486506 0.405000 0.000000
vt -1.671299 0.378283 0.000000
vt -0.446777 0.353223 0.000000
vt -1.717148 0.332171 0.000000
vt -0.395000 0.313494 0.000000
vt -1.773338 0.299443 0.000000
vt -0.000000 0.000000 0.000000
vt -2.100000 0.000000 0.000000
vt -1.836068 0.282313 0.000000
vt -1.901094 0.281941 0.000000
vt -1.964016 0.298352 0.000000
vt -2.020577 0.330434 0.000000
vt -2.066951 0.376018 0.000000
vt -2.100000 0.432020 0.000000
vt -0.020000 0.530000 0.000000
vt -0.028519 0.465295 0.000000
vt -0.053494 0.405000 0.000000
vt -0.093223 0.353223 0.000000
vt -0.145000 0.313494 0.000000
vt -0.205295 0.288519 0.000000
vt -0.270000 0.280000 0.000000
vt -0.334705 0.288519 0.000000
vt -0.334705 0.771481 0.000000
vt -0.270000 0.780000 0.000000
vt -0.205295 0.771481 0.000000
vt -0.145000 0.746506 0.000000
vt -0.093223 0.706777 0.000000
vt -0.053494 0.655000 0.000000
vt -0.028519 0.594705 0.000000
vt 2.100000 -0.667980 0.000000
vt 2.066951 -0.723982 0.000000
vt 2.100000 -1.100000 0.000000
vt 2.020577 -0.769566 0.000000
vt 1.964016 -0.801648 0.000000
vt 1.901094 -0.818059 0.000000
vt 1.836068 -0.817687 0.000000
vt 1.773338 -0.800557 0.000000
vt 1.717148 -0.767829 0.000000
vt 0.395000 -0.786506 0.000000
vt -0.000000 -1.100000 0.000000
vt 0.446777 -0.746777 0.000000
vt 1.671299 -0.721717 0.000000
vt 0.486506 -0.695000 0.000000
vt 1.638893 -0.665340 0.000000
vt 0.511481 -0.634705 0.000000
vt 1.622123 -0.602513 0.000000
vt 0.520000 -0.570000 0.000000
vt 1.622123 -0.537487 0.000000
vt 0.511481 -0.505295 0.000000
vt 1.638893 -0.474660 0.000000
vt 0.486506 -0.445000 0.000000
vt 1.671299 -0.418283 0.000000
vt 0.446777 -0.393223 0.000000
vt 1.717148 -0.372171 0.000000
vt 0.395000 -0.353494 0.000000
vt 1.773338 -0.339443 0.000000
vt -0.000000 0.000000 0.000000
vt 2.100000 -0.000000 0.000000
vt 1.836068 -0.322313 0.000000
vt 1.901094 -0.321941 0.000000
vt 1.964016 -0.338352 0.000000
vt 2.020577 -0.370434 0.000000
vt 2.066951 -0.416018 0.000000
vt 2.100000 -0.472020 0.000000
vt 0.020000 -0.570000 0.000000
vt 0.028519 -0.505295 0.000000
vt 0.053494 -0.445000 0.000000
vt 0.334705 -0.811481 0.000000
vt 0.270000 -0.820000 0.000000
vt 0.205295 -0.811481 0.000000
vt 0.145000 -0.786506 0.000000
vt 0.093223 -0.746777 0.000000
vt 0.053494 -0.695000 0.000000
vt 0.028519 -0.634705 0.000000
vt 0.093223 -0.393223 0.000000
vt 0.145000 -0.353494 0.000000
vt 0.205295 -0.328519 0.000000
vt 0.270000 -0.320000 0.000000
vt 0.334705 -0.328519 0.000000
vt -2.100000 2.650000 0.000000
vt -0.000000 2.650000 0.000000
vt -2.100000 2.950000 0.000000
vt -0.000000 2.950000 0.000000
vt 4.053382 3.855798 0.000000
vt 3.635800 2.672050 0.000000
vt 4.100000 3.500000 0.000000
vt 3.730691 2.390458 0.000000
vt 3.783165 2.097820 0.000000
vt 3.923031 4.234382 0.000000
vt 3.485806 2.933207 0.000000
vt 3.384474 3.052316 0.000000
vt 3.519740 5.027968 0.000000
vt 3.261847 3.161419 0.000000
vt 3.114761 3.258593 0.000000
vt 3.316211 5.423517 0.000000
vt 2.939880 3.341864 0.000000
vt 3.155786 5.806906 0.000000
vt 2.733866 3.409292 0.000000
vt 2.493564 3.459072 0.000000
vt 3.061076 6.173963 0.000000
vt 2.216251 3.489667 0.000000
vt 3.035183 6.527972 0.000000
vt 1.900000 3.500000 0.000000
vt 0.764817 6.527972 0.000000
vt 1.583749 3.489667 0.000000
vt 0.738924 6.173963 0.000000
vt 1.306436 3.459072 0.000000
vt 0.644214 5.806906 0.000000
vt 1.066134 3.409292 0.000000
vt 0.860120 3.341864 0.000000
vt 0.483789 5.423517 0.000000
vt 0.685239 3.258593 0.000000
vt 0.280260 5.027968 0.000000
vt 0.538153 3.161419 0.000000
vt 0.415526 3.052316 0.000000
vt -0.123031 4.234382 0.000000
vt 0.314194 2.933207 0.000000
vt 0.164200 2.672050 0.000000
vt -0.253382 3.855798 0.000000
vt -0.300000 3.500000 0.000000
vt 0.737586 6.878767 0.000000
vt 3.062414 6.878767 0.000000
vt 0.680976 7.237776 0.000000
vt 3.119024 7.237776 0.000000
vt 0.551169 8.008901 0.000000
vt 3.248831 8.008901 0.000000
vt 0.457165 8.864332 0.000000
vt 3.342835 8.864332 0.000000
vt 0.425000 9.800000 0.000000
vt 3.375000 9.800000 0.000000
vt 0.425000 11.900000 0.000000
vt 3.375000 11.900000 0.000000
vt -0.300000 0.000000 0.000000
vt 0.000000 1.800000 0.000000
vt 0.016835 2.097820 0.000000
vt 0.069309 2.390458 0.000000
vt 0.000000 0.000000 0.000000
vt 3.800000 1.800000 0.000000
vt 4.100000 0.000000 0.000000
vt 3.800000 0.000000 0.000000
vt 0.000000 0.000000 0.000000
vt 0.000000 2.599487 0.000000
vt -0.307602 0.000000 0.000000
vt -0.412705 2.557180 0.000000
vt -0.615204 0.000000 0.000000
vt -0.808650 2.454939 0.000000
vt -0.922806 0.000000 0.000000
vt -1.168321 2.323352 0.000000
vt -1.230408 0.000000 0.000000
vt -1.338886 2.255223 0.000000
vt -1.384209 0.000000 0.000000
vt -1.503882 2.190119 0.000000
vt -1.538010 0.000000 0.000000
vt -1.658174 2.132888 0.000000
vt -1.691811 0.000000 0.000000
vt -1.801826 2.084758 0.000000
vt -1.845612 0.000000 0.000000
vt -1.999413 0.000000 0.000000
vt -2.059516 2.017046 0.000000
vt -2.153214 0.000000 0.000000
vt -2.275854 1.983496 0.000000
vt -2.307015 0.000000 0.000000
vt -2.460816 1.974189 0.000000
vt -2.460816 0.000000 0.000000
vt 1.300000 -0.250000 0.000000
vt 0.860000 -0.353923 0.000000
vt 0.225743 -1.530250 0.000000
vt 0.831058 -0.365911 0.000000
vt 0.800000 -0.370000 0.000000
vt 1.300000 3.250000 0.000000
vt 0.860000 -0.146077 0.000000
vt 0.884853 -0.165147 0.000000
vt 0.903923 -0.190000 0.000000
vt -0.674189 3.250000 0.000000
vt 0.060000 0.653923 0.000000
vt 0.084853 0.634853 0.000000
vt 0.103923 0.610000 0.000000
vt -0.916676 2.840084 0.000000
vt -0.060000 0.653923 0.000000
vt -0.031058 0.665911 0.000000
vt 0.000000 0.670000 0.000000
vt -0.084853 0.634853 0.000000
vt -1.118613 2.415798 0.000000
vt -0.103923 0.610000 0.000000
vt -1.252841 1.970643 0.000000
vt -1.300000 1.500000 0.000000
vt -1.300000 -0.250000 0.000000
vt -0.884853 -0.165147 0.000000
vt -0.860000 -0.146077 0.000000
vt -0.831058 -0.134089 0.000000
vt -1.259800 -0.570785 0.000000
vt -0.920000 -0.250000 0.000000
vt -0.915911 -0.218942 0.000000
vt -0.903923 -0.190000 0.000000
vt -1.141688 -0.871730 0.000000
vt -0.903923 -0.310000 0.000000
vt -0.915911 -0.281058 0.000000
vt -0.952967 -1.134225 0.000000
vt -0.860000 -0.353923 0.000000
vt -0.884853 -0.334853 0.000000
vt -0.705310 -1.342034 0.000000
vt -0.768942 -0.365911 0.000000
vt -0.800000 -0.370000 0.000000
vt -0.831058 -0.365911 0.000000
vt -0.414033 -1.482306 0.000000
vt -0.318198 -0.568198 0.000000
vt -0.389711 -0.475000 0.000000
vt -0.715147 -0.334853 0.000000
vt -0.434667 -0.366469 0.000000
vt -0.696077 -0.310000 0.000000
vt -0.684089 -0.281058 0.000000
vt -0.450000 -0.250000 0.000000
vt -0.680000 -0.250000 0.000000
vt -0.684089 -0.218942 0.000000
vt -0.434667 -0.133531 0.000000
vt -0.696077 -0.190000 0.000000
vt -0.715147 -0.165147 0.000000
vt -0.389711 -0.025000 0.000000
vt -0.740000 -0.146077 0.000000
vt -0.768942 -0.134089 0.000000
vt -0.318198 0.068198 0.000000
vt -0.115911 0.581058 0.000000
vt -0.097149 -1.546365 0.000000
vt -0.103923 -1.110000 0.000000
vt -0.115911 -1.081058 0.000000
vt -0.120000 -1.050000 0.000000
vt 0.031058 -1.165911 0.000000
vt -0.000000 -1.170000 0.000000
vt -0.031058 -1.165911 0.000000
vt 0.768942 -0.134089 0.000000
vt 0.800000 -0.130000 0.000000
vt 0.115911 0.581058 0.000000
vt 0.831058 -0.134089 0.000000
vt 0.915911 -0.218942 0.000000
vt 0.920000 -0.250000 0.000000
vt 0.915911 -0.281058 0.000000
vt 0.903923 -0.310000 0.000000
vt 0.884853 -0.334853 0.000000
vt 0.768942 -0.365911 0.000000
vt 0.740000 -0.353923 0.000000
vt 0.389711 -0.475000 0.000000
vt 0.715147 -0.334853 0.000000
vt 0.434667 -0.366469 0.000000
vt 0.696077 -0.310000 0.000000
vt 0.684089 -0.281058 0.000000
vt 0.450000 -0.250000 0.000000
vt 0.680000 -0.250000 0.000000
vt 0.684089 -0.218942 0.000000
vt 0.434667 -0.133531 0.000000
vt 0.696077 -0.190000 0.000000
vt 0.715147 -0.165147 0.000000
vt 0.389711 -0.025000 0.000000
vt 0.740000 -0.146077 0.000000
vt -0.031058 -0.934089 0.000000
vt -0.000000 -0.930000 0.000000
vt -0.000000 -0.700000 0.000000
vt 0.031058 -0.934089 0.000000
vt 0.116469 -0.684667 0.000000
vt 0.060000 -0.946077 0.000000
vt 0.084853 -0.965147 0.000000
vt 0.103923 -0.990000 0.000000
vt 0.225000 -0.639711 0.000000
vt 0.115911 -1.018942 0.000000
vt 0.120000 -1.050000 0.000000
vt 0.115911 -1.081058 0.000000
vt 0.318198 -0.568198 0.000000
vt 0.103923 -1.110000 0.000000
vt 0.084853 -1.134853 0.000000
vt 0.060000 -1.153923 0.000000
vt -0.060000 -1.153923 0.000000
vt -0.084853 -1.134853 0.000000
vt -0.225000 -0.639711 0.000000
vt -0.115911 -1.018942 0.000000
vt -0.103923 -0.990000 0.000000
vt -0.116469 -0.684667 0.000000
vt -0.084853 -0.965147 0.000000
vt -0.060000 -0.946077 0.000000
vt 0.031058 0.665911 0.000000
vt 0.318198 0.068198 0.000000
vt 0.120000 0.550000 0.000000
vt 0.225000 0.139711 0.000000
vt 0.115911 0.518942 0.000000
vt 0.103923 0.490000 0.000000
vt 0.116469 0.184667 0.000000
vt 0.084853 0.465147 0.000000
vt 0.060000 0.446077 0.000000
vt 0.031058 0.434089 0.000000
vt 0.000000 0.200000 0.000000
vt 0.000000 0.430000 0.000000
vt -0.031058 0.434089 0.000000
vt -0.116469 0.184667 0.000000
vt -0.060000 0.446077 0.000000
vt -0.084853 0.465147 0.000000
vt -0.103923 0.490000 0.000000
vt -0.225000 0.139711 0.000000
vt -0.115911 0.518942 0.000000
vt -0.120000 0.550000 0.000000
vt -0.800000 -0.130000 0.000000
vt -0.740000 -0.353923 0.000000
vt 2.460816 0.000000 0.000000
vt 2.460816 1.974189 0.000000
vt 2.307015 0.000000 0.000000
vt 2.237293 1.987791 0.000000
vt 2.153214 0.000000 0.000000
vt 2.001127 2.029963 0.000000
vt 1.999413 0.000000 0.000000
vt 1.845612 0.000000 0.000000
vt 1.744125 2.103385 0.000000
vt 1.691811 0.000000 0.000000
vt 1.602332 2.153028 0.000000
vt 1.538010 0.000000 0.000000
vt 1.449533 2.211260 0.000000
vt 1.384209 0.000000 0.000000
vt 1.230408 0.000000 0.000000
vt 1.124786 2.340447 0.000000
vt 0.922806 0.000000 0.000000
vt 0.775039 2.465675 0.000000
vt 0.615204 0.000000 0.000000
vt 0.393923 2.560558 0.000000
vt 0.307602 0.000000 0.000000
vt -0.000000 2.599487 0.000000
vt -0.000000 0.000000 0.000000
vt 0.050000 -4.100000 0.000000
vt 1.800000 -4.100000 0.000000
vt 0.050000 -3.800000 0.000000
vt 1.800000 -3.800000 0.000000
vt 0.050000 0.000000 0.000000
vt 1.800000 0.000000 0.000000
vt 0.050000 0.300000 0.000000
vt 1.800000 0.300000 0.000000
vt 1.530250 -0.225743 0.000000
vt 0.353923 -0.860000 0.000000
vt 0.250000 -1.300000 0.000000
vt 0.334853 -0.884853 0.000000
vt 0.310000 -0.903923 0.000000
vt 1.546365 0.097149 0.000000
vt 1.165911 -0.031058 0.000000
vt 1.153923 -0.060000 0.000000
vt 1.134853 -0.084853 0.000000
vt 1.482306 0.414033 0.000000
vt 1.110000 0.103923 0.000000
vt 1.134853 0.084853 0.000000
vt 1.153923 0.060000 0.000000
vt 1.342034 0.705310 0.000000
vt 0.568198 0.318198 0.000000
vt 0.639711 0.225000 0.000000
vt 1.050000 0.120000 0.000000
vt 1.018942 0.115911 0.000000
vt 0.990000 0.103923 0.000000
vt 0.684667 0.116469 0.000000
vt 0.965147 0.084853 0.000000
vt 0.946077 0.060000 0.000000
vt 0.934089 0.031058 0.000000
vt 0.700000 0.000000 0.000000
vt 0.930000 0.000000 0.000000
vt 0.934089 -0.031058 0.000000
vt 0.684667 -0.116469 0.000000
vt 0.946077 -0.060000 0.000000
vt 0.965147 -0.084853 0.000000
vt 0.990000 -0.103923 0.000000
vt 0.639711 -0.225000 0.000000
vt 1.018942 -0.115911 0.000000
vt 1.050000 -0.120000 0.000000
vt 0.568198 -0.318198 0.000000
vt 0.475000 -0.389711 0.000000
vt 0.353923 -0.740000 0.000000
vt 0.334853 -0.715147 0.000000
vt 0.366469 -0.434667 0.000000
vt 0.310000 -0.696077 0.000000
vt 0.281058 -0.684089 0.000000
vt 0.250000 -0.450000 0.000000
vt 0.250000 -0.680000 0.000000
vt 0.218942 -0.684089 0.000000
vt 0.133531 -0.434667 0.000000
vt 0.190000 -0.696077 0.000000
vt 0.165147 -0.715147 0.000000
vt 0.025000 -0.389711 0.000000
vt 0.146077 -0.740000 0.000000
vt 0.134089 -0.768942 0.000000
vt -0.068198 -0.318198 0.000000
vt -0.581058 -0.115911 0.000000
vt -0.550000 -0.120000 0.000000
vt -0.139711 -0.225000 0.000000
vt -0.518942 -0.115911 0.000000
vt -0.490000 -0.103923 0.000000
vt -0.184667 -0.116469 0.000000
vt -0.465147 -0.084853 0.000000
vt -0.446077 -0.060000 0.000000
vt -0.434089 -0.031058 0.000000
vt -0.200000 0.000000 0.000000
vt -0.430000 0.000000 0.000000
vt -0.434089 0.031058 0.000000
vt -0.184667 0.116469 0.000000
vt -0.446077 0.060000 0.000000
vt -0.465147 0.084853 0.000000
vt -0.490000 0.103923 0.000000
vt -0.139711 0.225000 0.000000
vt -0.518942 0.115911 0.000000
vt -0.550000 0.120000 0.000000
vt -0.068198 0.318198 0.000000
vt -0.581058 0.115911 0.000000
vt -1.500000 1.300000 0.000000
vt -0.610000 0.103923 0.000000
vt -1.970450 1.252032 0.000000
vt -2.415761 1.118461 0.000000
vt 1.134225 0.952967 0.000000
vt 0.365911 0.768942 0.000000
vt 0.353923 0.740000 0.000000
vt 0.334853 0.715147 0.000000
vt 0.871730 1.141688 0.000000
vt 0.353923 0.860000 0.000000
vt 0.365911 0.831058 0.000000
vt 0.370000 0.800000 0.000000
vt 0.570785 1.259800 0.000000
vt 0.310000 0.903923 0.000000
vt 0.334853 0.884853 0.000000
vt 0.250000 1.300000 0.000000
vt 0.250000 0.920000 0.000000
vt 0.281058 0.915911 0.000000
vt 0.165147 0.884853 0.000000
vt 0.190000 0.903923 0.000000
vt 0.218942 0.915911 0.000000
vt -0.634853 0.084853 0.000000
vt -2.840073 0.916629 0.000000
vt -0.653923 0.060000 0.000000
vt -3.250000 0.674189 0.000000
vt -0.665911 0.031058 0.000000
vt -0.670000 0.000000 0.000000
vt -0.665911 -0.031058 0.000000
vt -0.653923 -0.060000 0.000000
vt -3.250000 -1.300000 0.000000
vt -0.634853 -0.084853 0.000000
vt -0.610000 -0.103923 0.000000
vt 0.134089 -0.831058 0.000000
vt 0.130000 -0.800000 0.000000
vt 0.146077 -0.860000 0.000000
vt 0.165147 -0.884853 0.000000
vt 0.190000 -0.903923 0.000000
vt 0.218942 -0.915911 0.000000
vt 0.250000 -0.920000 0.000000
vt 0.281058 -0.915911 0.000000
vt 0.134089 0.768942 0.000000
vt 0.025000 0.389711 0.000000
vt 0.146077 0.740000 0.000000
vt 0.165147 0.715147 0.000000
vt 0.133531 0.434667 0.000000
vt 0.190000 0.696077 0.000000
vt 0.218942 0.684089 0.000000
vt 0.250000 0.450000 0.000000
vt 0.250000 0.680000 0.000000
vt 0.281058 0.684089 0.000000
vt 0.366469 0.434667 0.000000
vt 0.310000 0.696077 0.000000
vt 0.475000 0.389711 0.000000
vt 0.365911 -0.768942 0.000000
vt 0.370000 -0.800000 0.000000
vt 0.365911 -0.831058 0.000000
vt 1.165911 0.031058 0.000000
vt 1.170000 0.000000 0.000000
vt 1.110000 -0.103923 0.000000
vt 1.081058 -0.115911 0.000000
vt 1.081058 0.115911 0.000000
vt 0.130000 0.800000 0.000000
vt 0.134089 0.831058 0.000000
vt 0.146077 0.860000 0.000000
vt -7.832186 4.100000 0.000000
vt -7.817188 4.100000 0.000000
vt -7.832186 4.400000 0.000000
vt -7.802162 4.100000 0.000000
vt -7.787107 4.100000 0.000000
vt -7.396911 4.400000 0.000000
vt -7.434836 4.072305 0.000000
vt -7.088229 3.987360 0.000000
vt -6.961562 4.400000 0.000000
vt -6.778390 3.844570 0.000000
vt -6.526269 4.400000 0.000000
vt -6.515915 3.635169 0.000000
vt -6.406925 3.503513 0.000000
vt -6.316951 3.358585 0.000000
vt -6.090979 4.400000 0.000000
vt -6.187530 3.031387 0.000000
vt -6.114309 2.646702 0.000000
vt -6.090979 2.200000 0.000000
vt -5.755582 4.364023 0.000000
vt -5.707112 0.046491 0.000000
vt -5.418376 4.268526 0.000000
vt -5.323676 0.166619 0.000000
vt -5.067125 4.124996 0.000000
vt -4.917955 0.345657 0.000000
vt -4.719918 3.955832 0.000000
vt -4.478739 0.569127 0.000000
vt -4.380959 3.779970 0.000000
vt -4.050044 0.785194 0.000000
vt -4.037695 3.608900 0.000000
vt -3.683832 3.461242 0.000000
vt -3.640704 0.953524 0.000000
vt -3.324584 3.364667 0.000000
vt -3.290817 1.040963 0.000000
vt -2.992123 3.335025 0.000000
vt -2.998934 1.064911 0.000000
vt -2.712365 1.049573 0.000000
vt -6.107012 1.824467 0.000000
vt -6.090979 0.000000 0.000000
vt -6.165069 1.455794 0.000000
vt -6.283859 1.107299 0.000000
vt -6.370098 0.950789 0.000000
vt -6.526281 0.000000 0.000000
vt -6.475860 0.808941 0.000000
vt -6.601329 0.683594 0.000000
vt -6.741349 0.578663 0.000000
vt -6.961582 0.000000 0.000000
vt -7.057827 0.423347 0.000000
vt -7.396884 0.000000 0.000000
vt -7.417813 0.330487 0.000000
vt -7.787107 0.300000 0.000000
vt -7.832186 0.000000 0.000000
vt -7.802162 0.300000 0.000000
vt -7.817188 0.300000 0.000000
vt -7.832186 0.300000 0.000000
vt -2.665804 3.355570 0.000000
vt -2.404593 1.005703 0.000000
vt -2.307251 3.411238 0.000000
vt -2.057526 0.942894 0.000000
vt -1.896650 3.486750 0.000000
vt -1.683537 0.875347 0.000000
vt -1.448930 3.562524 0.000000
vt -1.283699 0.813461 0.000000
vt -0.953851 3.626004 0.000000
vt -0.843480 0.763321 0.000000
vt -0.000000 3.375000 0.000000
vt -0.000000 1.025000 0.000000
vt -0.000000 0.725000 0.000000
vt -0.000000 3.675000 0.000000
vt -5.607668 0.627980 0.000000
vt -5.596891 0.580002 0.000000
vt -5.607668 1.100000 0.000000
vt -5.593246 0.530000 0.000000
vt -4.906710 0.000000 0.000000
vt -5.607668 0.000000 0.000000
vt -5.596891 0.479998 0.000000
vt -5.607668 0.432020 0.000000
vt -4.742233 1.099619 0.000000
vt -4.205751 0.000000 0.000000
vt -4.287251 1.096076 0.000000
vt -3.864067 1.088906 0.000000
vt -3.504793 0.000000 0.000000
vt -3.461683 1.079369 0.000000
vt -3.154313 0.000000 0.000000
vt -3.099125 1.070253 0.000000
vt -2.803834 0.000000 0.000000
vt -2.765967 1.063498 0.000000
vt -2.453355 0.000000 0.000000
vt -2.432808 1.061859 0.000000
vt -2.102876 0.000000 0.000000
vt -2.088214 1.073622 0.000000
vt -1.752396 0.000000 0.000000
vt -1.766094 1.108179 0.000000
vt -1.467136 1.173015 0.000000
vt -1.401917 0.000000 0.000000
vt -1.180970 1.273346 0.000000
vt -0.700959 0.000000 0.000000
vt -0.892358 1.413949 0.000000
vt -0.598563 1.589467 0.000000
vt -0.350479 0.000000 0.000000
vt -0.307250 1.778667 0.000000
vt -0.000000 0.000000 0.000000
vt -0.000000 1.974189 0.000000
vt 5.607668 0.432020 0.000000
vt 5.596891 0.479998 0.000000
vt 5.607668 0.000000 0.000000
vt 5.593246 0.530000 0.000000
vt 4.906710 0.000000 0.000000
vt 5.607668 1.100000 0.000000
vt 4.842601 1.099908 0.000000
vt 5.596891 0.580002 0.000000
vt 5.607668 0.627980 0.000000
vt 4.440250 1.097753 0.000000
vt 4.205751 0.000000 0.000000
vt 4.067304 1.092854 0.000000
vt 3.708192 1.085467 0.000000
vt 3.504793 0.000000 0.000000
vt 3.364133 1.076823 0.000000
vt 3.154313 0.000000 0.000000
vt 3.051582 1.069000 0.000000
vt 2.803834 0.000000 0.000000
vt 2.759046 1.063429 0.000000
vt 2.453355 0.000000 0.000000
vt 2.466101 1.061457 0.000000
vt 2.128584 1.071052 0.000000
vt 2.102876 0.000000 0.000000
vt 1.755088 1.109817 0.000000
vt 1.752396 0.000000 0.000000
vt 1.401917 0.000000 0.000000
vt 1.383796 1.197986 0.000000
vt 1.016214 1.348783 0.000000
vt 0.700959 0.000000 0.000000
vt 0.678337 1.539229 0.000000
vt 0.350479 0.000000 0.000000
vt 0.350004 1.750715 0.000000
vt 0.000000 0.000000 0.000000
vt 0.000000 1.974189 0.000000
vt -0.225743 -1.530250 0.000000
vt -0.860000 -0.353923 0.000000
vt -1.300000 -0.250000 0.000000
vt -0.884853 -0.334853 0.000000
vt -0.903923 -0.310000 0.000000
vt 0.097149 -1.546365 0.000000
vt -0.031058 -1.165911 0.000000
vt -0.060000 -1.153923 0.000000
vt -0.084853 -1.134853 0.000000
vt 0.414033 -1.482306 0.000000
vt 0.084853 -1.134853 0.000000
vt 0.060000 -1.153923 0.000000
vt 0.031058 -1.165911 0.000000
vt 0.705310 -1.342034 0.000000
vt 0.120000 -1.050000 0.000000
vt 0.115911 -1.081058 0.000000
vt 0.103923 -1.110000 0.000000
vt 0.318198 -0.568198 0.000000
vt 0.952967 -1.134225 0.000000
vt 0.389711 -0.475000 0.000000
vt 0.768942 -0.365911 0.000000
vt 0.740000 -0.353923 0.000000
vt 0.800000 -0.370000 0.000000
vt 1.141688 -0.871730 0.000000
vt 0.831058 -0.365911 0.000000
vt 0.860000 -0.353923 0.000000
vt 1.259800 -0.570785 0.000000
vt 0.884853 -0.334853 0.000000
vt 0.903923 -0.310000 0.000000
vt 0.915911 -0.281058 0.000000
vt 1.300000 -0.250000 0.000000
vt 0.920000 -0.250000 0.000000
vt 0.915911 -0.218942 0.000000
vt 0.903923 -0.190000 0.000000
vt 0.884853 -0.165147 0.000000
vt 0.860000 -0.146077 0.000000
vt 1.300000 1.500000 0.000000
vt 0.831058 -0.134089 0.000000
vt 0.800000 -0.130000 0.000000
vt 0.318198 0.068198 0.000000
vt 0.768942 -0.134089 0.000000
vt 0.389711 -0.025000 0.000000
vt 0.740000 -0.146077 0.000000
vt 0.715147 -0.165147 0.000000
vt 0.434667 -0.133531 0.000000
vt 0.696077 -0.190000 0.000000
vt 0.684089 -0.218942 0.000000
vt 0.450000 -0.250000 0.000000
vt 0.680000 -0.250000 0.000000
vt 0.684089 -0.281058 0.000000
vt 0.434667 -0.366469 0.000000
vt 0.696077 -0.310000 0.000000
vt 0.715147 -0.334853 0.000000
vt 1.299943 1.516668 0.000000
vt 0.060000 0.653923 0.000000
vt 0.084853 0.634853 0.000000
vt 0.103923 0.610000 0.000000
vt 1.299772 1.533335 0.000000
vt 1.299487 1.550000 0.000000
vt 0.031058 0.665911 0.000000
vt -0.000000 0.670000 0.000000
vt -1.300000 1.550000 0.000000
vt -0.031058 0.665911 0.000000
vt -0.060000 0.653923 0.000000
vt -0.084853 0.634853 0.000000
vt -0.103923 0.610000 0.000000
vt -0.115911 0.581058 0.000000
vt -0.120000 0.550000 0.000000
vt -0.318198 0.068198 0.000000
vt -0.115911 0.518942 0.000000
vt -0.225000 0.139711 0.000000
vt -0.103923 0.490000 0.000000
vt -0.116469 0.184667 0.000000
vt -0.084853 0.465147 0.000000
vt -0.060000 0.446077 0.000000
vt -0.031058 0.434089 0.000000
vt 0.000000 0.200000 0.000000
vt -0.000000 0.430000 0.000000
vt 0.031058 0.434089 0.000000
vt 0.116469 0.184667 0.000000
vt 0.060000 0.446077 0.000000
vt 0.084853 0.465147 0.000000
vt 0.103923 0.490000 0.000000
vt 0.225000 0.139711 0.000000
vt 0.115911 0.518942 0.000000
vt 0.120000 0.550000 0.000000
vt 0.115911 0.581058 0.000000
vt -0.860000 -0.146077 0.000000
vt -0.831058 -0.134089 0.000000
vt -0.800000 -0.130000 0.000000
vt -0.768942 -0.134089 0.000000
vt -0.389711 -0.025000 0.000000
vt -0.740000 -0.146077 0.000000
vt -0.715147 -0.165147 0.000000
vt -0.434667 -0.133531 0.000000
vt -0.696077 -0.190000 0.000000
vt -0.684089 -0.218942 0.000000
vt -0.450000 -0.250000 0.000000
vt -0.680000 -0.250000 0.000000
vt -0.684089 -0.281058 0.000000
vt -0.434667 -0.366469 0.000000
vt -0.696077 -0.310000 0.000000
vt -0.715147 -0.334853 0.000000
vt -0.389711 -0.475000 0.000000
vt -0.740000 -0.353923 0.000000
vt -0.768942 -0.365911 0.000000
vt -0.318198 -0.568198 0.000000
vt -0.800000 -0.370000 0.000000
vt -0.120000 -1.050000 0.000000
vt -0.115911 -1.081058 0.000000
vt -0.103923 -1.110000 0.000000
vt -0.831058 -0.365911 0.000000
vt -0.915911 -0.281058 0.000000
vt -0.920000 -0.250000 0.000000
vt -0.915911 -0.218942 0.000000
vt -0.903923 -0.190000 0.000000
vt -0.884853 -0.165147 0.000000
vt -0.031058 -0.934089 0.000000
vt 0.000000 -0.930000 0.000000
vt 0.000000 -0.700000 0.000000
vt 0.031058 -0.934089 0.000000
vt 0.116469 -0.684667 0.000000
vt 0.060000 -0.946077 0.000000
vt 0.084853 -0.965147 0.000000
vt 0.103923 -0.990000 0.000000
vt 0.225000 -0.639711 0.000000
vt 0.115911 -1.018942 0.000000
vt 0.000000 -1.170000 0.000000
vt -0.115911 -1.018942 0.000000
vt -0.225000 -0.639711 0.000000
vt -0.103923 -0.990000 0.000000
vt -0.116469 -0.684667 0.000000
vt -0.084853 -0.965147 0.000000
vt -0.060000 -0.946077 0.000000
vt -0.250000 -1.300000 0.000000
vt -0.353923 -0.860000 0.000000
vt -1.530250 -0.225743 0.000000
vt -0.365911 -0.831058 0.000000
vt -0.370000 -0.800000 0.000000
vt 1.550000 -1.300000 0.000000
vt -0.146077 -0.860000 0.000000
vt -0.165147 -0.884853 0.000000
vt -0.190000 -0.903923 0.000000
vt 1.550000 1.299487 0.000000
vt 0.670000 0.000000 0.000000
vt 0.665911 -0.031058 0.000000
vt 0.653923 -0.060000 0.000000
vt 1.533335 1.299772 0.000000
vt 0.653923 0.060000 0.000000
vt 0.665911 0.031058 0.000000
vt 1.516668 1.299943 0.000000
vt 1.500000 1.300000 0.000000
vt 0.634853 0.084853 0.000000
vt 0.610000 0.103923 0.000000
vt 0.581058 0.115911 0.000000
vt 0.550000 0.120000 0.000000
vt 0.068198 0.318198 0.000000
vt 0.518942 0.115911 0.000000
vt 0.139711 0.225000 0.000000
vt 0.490000 0.103923 0.000000
vt 0.184667 0.116469 0.000000
vt 0.465147 0.084853 0.000000
vt 0.446077 0.060000 0.000000
vt 0.434089 0.031058 0.000000
vt 0.200000 0.000000 0.000000
vt 0.430000 0.000000 0.000000
vt 0.434089 -0.031058 0.000000
vt 0.184667 -0.116469 0.000000
vt 0.446077 -0.060000 0.000000
vt 0.465147 -0.084853 0.000000
vt 0.490000 -0.103923 0.000000
vt 0.139711 -0.225000 0.000000
vt 0.518942 -0.115911 0.000000
vt 0.068198 -0.318198 0.000000
vt 0.550000 -0.120000 0.000000
vt 0.581058 -0.115911 0.000000
vt 0.610000 -0.103923 0.000000
vt 0.634853 -0.084853 0.000000
vt -0.250000 1.300000 0.000000
vt -0.146077 0.860000 0.000000
vt -0.134089 0.831058 0.000000
vt -0.130000 0.800000 0.000000
vt -0.570785 1.259800 0.000000
vt -0.281058 0.915911 0.000000
vt -0.250000 0.920000 0.000000
vt -0.218942 0.915911 0.000000
vt -0.871730 1.141688 0.000000
vt -0.353923 0.860000 0.000000
vt -0.334853 0.884853 0.000000
vt -0.310000 0.903923 0.000000
vt -1.134225 0.952967 0.000000
vt -0.370000 0.800000 0.000000
vt -0.365911 0.831058 0.000000
vt -1.342034 0.705310 0.000000
vt -0.568198 0.318198 0.000000
vt -0.475000 0.389711 0.000000
vt -0.365911 0.768942 0.000000
vt -0.353923 0.740000 0.000000
vt -0.334853 0.715147 0.000000
vt -0.366469 0.434667 0.000000
vt -0.310000 0.696077 0.000000
vt -0.281058 0.684089 0.000000
vt -0.250000 0.450000 0.000000
vt -0.250000 0.680000 0.000000
vt -0.218942 0.684089 0.000000
vt -0.133531 0.434667 0.000000
vt -0.190000 0.696077 0.000000
vt -0.165147 0.715147 0.000000
vt -0.025000 0.389711 0.000000
vt -0.146077 0.740000 0.000000
vt -0.134089 0.768942 0.000000
vt -1.050000 0.120000 0.000000
vt -1.482306 0.414033 0.000000
vt -1.081058 0.115911 0.000000
vt -1.110000 0.103923 0.000000
vt -1.134853 0.084853 0.000000
vt -1.546365 0.097149 0.000000
vt -1.153923 0.060000 0.000000
vt -1.165911 0.031058 0.000000
vt -1.170000 0.000000 0.000000
vt -1.165911 -0.031058 0.000000
vt -1.153923 -0.060000 0.000000
vt -1.134853 -0.084853 0.000000
vt -1.110000 -0.103923 0.000000
vt -1.081058 -0.115911 0.000000
vt -1.050000 -0.120000 0.000000
vt -0.568198 -0.318198 0.000000
vt -0.365911 -0.768942 0.000000
vt -0.475000 -0.389711 0.000000
vt -0.353923 -0.740000 0.000000
vt -0.334853 -0.715147 0.000000
vt -0.684667 0.116469 0.000000
vt -0.934089 0.031058 0.000000
vt -0.700000 0.000000 0.000000
vt -0.930000 0.000000 0.000000
vt -0.934089 -0.031058 0.000000
vt -0.639711 0.225000 0.000000
vt -0.990000 0.103923 0.000000
vt -0.965147 0.084853 0.000000
vt -0.946077 0.060000 0.000000
vt -1.018942 0.115911 0.000000
vt -0.025000 -0.389711 0.000000
vt -0.134089 -0.768942 0.000000
vt -0.130000 -0.800000 0.000000
vt -0.134089 -0.831058 0.000000
vt -0.133531 -0.434667 0.000000
vt -0.165147 -0.715147 0.000000
vt -0.146077 -0.740000 0.000000
vt -0.250000 -0.450000 0.000000
vt -0.218942 -0.684089 0.000000
vt -0.190000 -0.696077 0.000000
vt -0.366469 -0.434667 0.000000
vt -0.281058 -0.684089 0.000000
vt -0.250000 -0.680000 0.000000
vt -0.310000 -0.696077 0.000000
vt -1.018942 -0.115911 0.000000
vt -0.639711 -0.225000 0.000000
vt -0.990000 -0.103923 0.000000
vt -0.684667 -0.116469 0.000000
vt -0.965147 -0.084853 0.000000
vt -0.946077 -0.060000 0.000000
vt -0.218942 -0.915911 0.000000
vt -0.250000 -0.920000 0.000000
vt -0.281058 -0.915911 0.000000
vt -0.310000 -0.903923 0.000000
vt -0.334853 -0.884853 0.000000
vt -0.190000 0.903923 0.000000
vt -0.165147 0.884853 0.000000
vt -0.300000 -1.671248 0.000000
vt 0.000000 -1.671248 0.000000
vt -0.300000 -0.000000 0.000000
vt 0.000000 0.000000 0.000000
vt -4.100000 -0.000000 0.000000
vt -4.400000 -0.000000 0.000000
vt -4.100000 -1.671248 0.000000
vt -4.400000 -1.671248 0.000000
vt -0.000000 0.300000 0.000000
vt -2.100000 0.300000 0.000000
vt -0.000000 0.000000 0.000000
vt -2.100000 0.000000 0.000000
vt 1.700000 11.460435 0.000000
vt 1.700000 10.660435 0.000000
vt 2.000000 11.460435 0.000000
vt 2.000000 10.360435 0.000000
vt -0.650000 10.660435 0.000000
vt -0.950000 10.360435 0.000000
vt -0.950000 11.460435 0.000000
vt -0.650000 11.460435 0.000000
vt -2.100000 0.800000 0.000000
vt -0.301058 0.345911 0.000000
vt -0.000000 0.800000 0.000000
vt -0.270000 0.350000 0.000000
vt -0.238942 0.345911 0.000000
vt -2.100000 0.000000 0.000000
vt -1.985911 0.261058 0.000000
vt -1.973923 0.290000 0.000000
vt -1.954853 0.314853 0.000000
vt -0.000000 0.000000 0.000000
vt -0.301058 0.114089 0.000000
vt -1.838942 0.114089 0.000000
vt -1.870000 0.110000 0.000000
vt -0.154089 0.261058 0.000000
vt -0.150000 0.230000 0.000000
vt -0.154089 0.198942 0.000000
vt -1.985911 0.198942 0.000000
vt -1.990000 0.230000 0.000000
vt -1.930000 0.333923 0.000000
vt -1.901058 0.345911 0.000000
vt -1.870000 0.350000 0.000000
vt -1.838942 0.345911 0.000000
vt -0.330000 0.333923 0.000000
vt -1.810000 0.333923 0.000000
vt -0.354853 0.314853 0.000000
vt -1.785147 0.314853 0.000000
vt -0.373923 0.290000 0.000000
vt -1.766077 0.290000 0.000000
vt -0.385911 0.261058 0.000000
vt -1.754089 0.261058 0.000000
vt -0.390000 0.230000 0.000000
vt -1.750000 0.230000 0.000000
vt -0.385911 0.198942 0.000000
vt -1.754089 0.198942 0.000000
vt -0.373923 0.170000 0.000000
vt -1.766077 0.170000 0.000000
vt -0.354853 0.145147 0.000000
vt -1.785147 0.145147 0.000000
vt -0.330000 0.126077 0.000000
vt -1.810000 0.126077 0.000000
vt -1.901058 0.114089 0.000000
vt -1.930000 0.126077 0.000000
vt -1.954853 0.145147 0.000000
vt -1.973923 0.170000 0.000000
vt -0.210000 0.333923 0.000000
vt -0.185147 0.314853 0.000000
vt -0.166077 0.290000 0.000000
vt -0.166077 0.170000 0.000000
vt -0.185147 0.145147 0.000000
vt -0.210000 0.126077 0.000000
vt -0.238942 0.114089 0.000000
vt -0.270000 0.110000 0.000000
vt -2.100000 0.800000 0.000000
vt -1.798942 0.345911 0.000000
vt -0.000000 0.800000 0.000000
vt -0.261058 0.345911 0.000000
vt -0.230000 0.350000 0.000000
vt -2.100000 0.000000 0.000000
vt -1.945911 0.261058 0.000000
vt -1.933923 0.290000 0.000000
vt -1.914853 0.314853 0.000000
vt -0.000000 0.000000 0.000000
vt -1.798942 0.114089 0.000000
vt -1.830000 0.110000 0.000000
vt -1.861058 0.114089 0.000000
vt -0.114089 0.261058 0.000000
vt -0.110000 0.230000 0.000000
vt -0.114089 0.198942 0.000000
vt -0.345911 0.261058 0.000000
vt -1.714089 0.261058 0.000000
vt -0.350000 0.230000 0.000000
vt -1.710000 0.230000 0.000000
vt -0.345911 0.198942 0.000000
vt -1.714089 0.198942 0.000000
vt -0.333923 0.170000 0.000000
vt -1.726077 0.170000 0.000000
vt -0.314853 0.145147 0.000000
vt -1.745147 0.145147 0.000000
vt -0.290000 0.126077 0.000000
vt -1.770000 0.126077 0.000000
vt -0.261058 0.114089 0.000000
vt -1.726077 0.290000 0.000000
vt -0.333923 0.290000 0.000000
vt -1.745147 0.314853 0.000000
vt -0.314853 0.314853 0.000000
vt -1.770000 0.333923 0.000000
vt -0.290000 0.333923 0.000000
vt -0.198942 0.345911 0.000000
vt -0.170000 0.333923 0.000000
vt -0.145147 0.314853 0.000000
vt -0.126077 0.290000 0.000000
vt -0.126077 0.170000 0.000000
vt -0.145147 0.145147 0.000000
vt -0.170000 0.126077 0.000000
vt -0.198942 0.114089 0.000000
vt -0.230000 0.110000 0.000000
vt -1.945911 0.198942 0.000000
vt -1.950000 0.230000 0.000000
vt -1.890000 0.333923 0.000000
vt -1.861058 0.345911 0.000000
vt -1.830000 0.350000 0.000000
vt -1.890000 0.126077 0.000000
vt -1.914853 0.145147 0.000000
vt -1.933923 0.170000 0.000000
vt -0.000000 0.800000 0.000000
vt -2.350000 0.800000 0.000000
vt -0.000000 0.000000 0.000000
vt -2.350000 0.000000 0.000000
vt 7.236329 1.700000 0.000000
vt 5.136329 1.700000 0.000000
vt 7.236329 -0.650000 0.000000
vt 5.136329 -0.650000 0.000000
vt 0.241481 -0.055295 0.000000
vt 0.115911 -0.088942 0.000000
vt 0.250000 -0.120000 0.000000
vt 0.120000 -0.120000 0.000000
vt 0.241481 -0.184705 0.000000
vt 0.115911 -0.151058 0.000000
vt 0.103923 -0.180000 0.000000
vt 0.103923 -0.060000 0.000000
vt 0.216506 0.005000 0.000000
vt 0.084853 -0.035147 0.000000
vt 0.176777 0.056777 0.000000
vt 0.060000 -0.016077 0.000000
vt 0.125000 0.096506 0.000000
vt 0.031058 -0.004089 0.000000
vt 0.064705 0.121481 0.000000
vt -0.000000 0.000000 0.000000
vt -0.000000 0.130000 0.000000
vt -0.064705 0.121481 0.000000
vt -0.031058 -0.004089 0.000000
vt -0.125000 0.096506 0.000000
vt -0.060000 -0.016077 0.000000
vt -0.176777 0.056777 0.000000
vt -0.084853 -0.035147 0.000000
vt -0.216506 0.005000 0.000000
vt -0.103923 -0.060000 0.000000
vt -0.241481 -0.055295 0.000000
vt -0.115911 -0.088942 0.000000
vt -0.250000 -0.120000 0.000000
vt -0.120000 -0.120000 0.000000
vt -0.115911 -0.151058 0.000000
vt -0.241481 -0.184705 0.000000
vt -0.103923 -0.180000 0.000000
vt -0.216506 -0.245000 0.000000
vt -0.084853 -0.204853 0.000000
vt -0.176777 -0.296777 0.000000
vt -0.060000 -0.223923 0.000000
vt -0.125000 -0.336506 0.000000
vt -0.031058 -0.235911 0.000000
vt -0.064705 -0.361481 0.000000
vt -0.000000 -0.240000 0.000000
vt -0.000000 -0.370000 0.000000
vt 0.064705 -0.361481 0.000000
vt 0.031058 -0.235911 0.000000
vt 0.125000 -0.336506 0.000000
vt 0.060000 -0.223923 0.000000
vt 0.176777 -0.296777 0.000000
vt 0.084853 -0.204853 0.000000
vt 0.216506 -0.245000 0.000000
vt 0.241481 -0.055295 0.000000
vt 0.115911 -0.088942 0.000000
vt 0.250000 -0.120000 0.000000
vt 0.120000 -0.120000 0.000000
vt 0.241481 -0.184705 0.000000
vt 0.115911 -0.151058 0.000000
vt 0.103923 -0.180000 0.000000
vt 0.103923 -0.060000 0.000000
vt 0.216506 0.005000 0.000000
vt 0.084853 -0.035147 0.000000
vt 0.176777 0.056777 0.000000
vt 0.060000 -0.016077 0.000000
vt 0.125000 0.096506 0.000000
vt 0.031058 -0.004089 0.000000
vt 0.064705 0.121481 0.000000
vt -0.000000 0.000000 0.000000
vt -0.000000 0.130000 0.000000
vt -0.064705 0.121481 0.000000
vt -0.031058 -0.004089 0.000000
vt -0.125000 0.096506 0.000000
vt -0.060000 -0.016077 0.000000
vt -0.176777 0.056777 0.000000
vt -0.084853 -0.035147 0.000000
vt -0.216506 0.005000 0.000000
vt -0.103923 -0.060000 0.000000
vt -0.241481 -0.055295 0.000000
vt -0.115911 -0.088942 0.000000
vt -0.250000 -0.120000 0.000000
vt -0.120000 -0.120000 0.000000
vt -0.115911 -0.151058 0.000000
vt -0.241481 -0.184705 0.000000
vt -0.103923 -0.180000 0.000000
vt -0.216506 -0.245000 0.000000
vt -0.084853 -0.204853 0.000000
vt -0.176777 -0.296777 0.000000
vt -0.060000 -0.223923 0.000000
vt -0.125000 -0.336506 0.000000
vt -0.031058 -0.235911 0.000000
vt -0.064705 -0.361481 0.000000
vt -0.000000 -0.240000 0.000000
vt -0.000000 -0.370000 0.000000
vt 0.064705 -0.361481 0.000000
vt 0.031058 -0.235911 0.000000
vt 0.125000 -0.336506 0.000000
vt 0.060000 -0.223923 0.000000
vt 0.176777 -0.296777 0.000000
vt 0.084853 -0.204853 0.000000
vt 0.216506 -0.245000 0.000000
vt 0.241481 -0.055295 0.000000
vt 0.115911 -0.088942 0.000000
vt 0.250000 -0.120000 0.000000
vt 0.120000 -0.120000 0.000000
vt 0.241481 -0.184705 0.000000
vt 0.115911 -0.151058 0.000000
vt 0.103923 -0.180000 0.000000
vt 0.103923 -0.060000 0.000000
vt 0.216506 0.005000 0.000000
vt 0.084853 -0.035147 0.000000
vt 0.176777 0.056777 0.000000
vt 0.060000 -0.016077 0.000000
vt 0.125000 0.096506 0.000000
vt 0.031058 -0.004089 0.000000
vt 0.064705 0.121481 0.000000
vt -0.000000 0.000000 0.000000
vt -0.000000 0.130000 0.000000
vt -0.064705 0.121481 0.000000
vt -0.031058 -0.004089 0.000000
vt -0.125000 0.096506 0.000000
vt -0.060000 -0.016077 0.000000
vt -0.176777 0.056777 0.000000
vt -0.084853 -0.035147 0.000000
vt -0.216506 0.005000 0.000000
vt -0.103923 -0.060000 0.000000
vt -0.241481 -0.055295 0.000000
vt -0.115911 -0.088942 0.000000
vt -0.250000 -0.120000 0.000000
vt -0.120000 -0.120000 0.000000
vt -0.115911 -0.151058 0.000000
vt -0.241481 -0.184705 0.000000
vt -0.103923 -0.180000 0.000000
vt -0.216506 -0.245000 0.000000
vt -0.084853 -0.204853 0.000000
vt -0.176777 -0.296777 0.000000
vt -0.060000 -0.223923 0.000000
vt -0.125000 -0.336506 0.000000
vt -0.031058 -0.235911 0.000000
vt -0.064705 -0.361481 0.000000
vt -0.000000 -0.240000 0.000000
vt -0.000000 -0.370000 0.000000
vt 0.064705 -0.361481 0.000000
vt 0.031058 -0.235911 0.000000
vt 0.125000 -0.336506 0.000000
vt 0.060000 -0.223923 0.000000
vt 0.176777 -0.296777 0.000000
vt 0.084853 -0.204853 0.000000
vt 0.216506 -0.245000 0.000000
vt 0.241481 -0.055295 0.000000
vt 0.115911 -0.088942 0.000000
vt 0.250000 -0.120000 0.000000
vt 0.120000 -0.120000 0.000000
vt 0.241481 -0.184705 0.000000
vt 0.115911 -0.151058 0.000000
vt 0.103923 -0.180000 0.000000
vt 0.103923 -0.060000 0.000000
vt 0.216506 0.005000 0.000000
vt 0.084853 -0.035147 0.000000
vt 0.176777 0.056777 0.000000
vt 0.060000 -0.016077 0.000000
vt 0.125000 0.096506 0.000000
vt 0.031058 -0.004089 0.000000
vt 0.064705 0.121481 0.000000
vt -0.000000 0.000000 0.000000
vt -0.000000 0.130000 0.000000
vt -0.064705 0.121481 0.000000
vt -0.031058 -0.004089 0.000000
vt -0.125000 0.096506 0.000000
vt -0.060000 -0.016077 0.000000
vt -0.176777 0.056777 0.000000
vt -0.084853 -0.035147 0.000000
vt -0.216506 0.005000 0.000000
vt -0.103923 -0.060000 0.000000
vt -0.241481 -0.055295 0.000000
vt -0.115911 -0.088942 0.000000
vt -0.250000 -0.120000 0.000000
vt -0.120000 -0.120000 0.000000
vt -0.115911 -0.151058 0.000000
vt -0.241481 -0.184705 0.000000
vt -0.103923 -0.180000 0.000000
vt -0.216506 -0.245000 0.000000
vt -0.084853 -0.204853 0.000000
vt -0.176777 -0.296777 0.000000
vt -0.060000 -0.223923 0.000000
vt -0.125000 -0.336506 0.000000
vt -0.031058 -0.235911 0.000000
vt -0.064705 -0.361481 0.000000
vt -0.000000 -0.240000 0.000000
vt -0.000000 -0.370000 0.000000
vt 0.064705 -0.361481 0.000000
vt 0.031058 -0.235911 0.000000
vt 0.125000 -0.336506 0.000000
vt 0.060000 -0.223923 0.000000
vt 0.176777 -0.296777 0.000000
vt 0.084853 -0.204853 0.000000
vt 0.216506 -0.245000 0.000000
vn -0.000000 0.258819 -0.965926
vn -0.000000 0.258819 -0.965926
vn 0.000000 0.000000 -1.000000
vn 0.000000 0.000000 -1.000000
vn -0.000000 -0.258819 -0.965926
vn -0.000000 -0.258819 -0.965926
vn -0.000000 -0.500000 -0.866025
vn -0.000000 -0.500000 -0.866025
vn -0.000000 -0.707107 -0.707107
vn -0.000000 -0.707107 -0.707107
vn -0.000000 -0.866025 -0.500000
vn -0.000000 -0.866025 -0.500000
vn -0.000000 -0.965926 -0.258819
vn -0.000000 -0.965926 -0.258819
vn -0.000000 -1.000000 -0.000000
vn -0.000000 -1.000000 -0.000000
vn -0.000000 -0.965926 0.258819
vn -0.000000 -0.965926 0.258819
vn -0.000000 -0.866025 0.500000
vn -0.000000 -0.866025 0.500000
vn -0.000000 -0.707107 0.707107
vn -0.000000 -0.707107 0.707107
vn -0.000000 -0.500000 0.866025
vn -0.000000 -0.500000 0.866025
vn -0.000000 -0.258819 0.965926
vn -0.000000 -0.258819 0.965926
vn -0.000000 -0.000000 1.000000
vn -0.000000 -0.000000 1.000000
vn -0.000000 0.258819 0.965926
vn -0.000000 0.258819 0.965926
vn -0.000000 0.500000 0.866025
vn -0.000000 0.500000 0.866025
vn -0.000000 0.707107 0.707107
vn -0.000000 0.707107 0.707107
vn -0.000000 0.866025 0.500000
vn -0.000000 0.866025 0.500000
vn -0.000000 0.965926 0.258819
vn -0.000000 0.965926 0.258819
vn -0.000000 1.000000 -0.000000
vn -0.000000 1.000000 -0.000000
vn -0.000000 0.965926 -0.258819
vn -0.000000 0.965926 -0.258819
vn -0.000000 0.866025 -0.500000
vn -0.000000 0.866025 -0.500000
vn -0.000000 0.707107 -0.707107
vn -0.000000 0.707107 -0.707107
vn -0.000000 0.500000 -0.866025
vn -0.000000 0.500000 -0.866025
vn -0.000000 0.258819 -0.965926
vn -0.000000 0.258819 -0.965926
vn 0.000000 0.000000 -1.000000
vn 0.000000 0.000000 -1.000000
vn -0.000000 -0.258819 -0.965926
vn -0.000000 -0.258819 -0.965926
vn -0.000000 -0.500000 -0.866025
vn -0.000000 -0.500000 -0.866025
vn -0.000000 -0.707107 -0.707107
vn -0.000000 -0.707107 -0.707107
vn -0.000000 -0.866025 -0.500000
vn -0.000000 -0.866025 -0.500000
vn -0.000000 -0.965926 -0.258819
vn -0.000000 -0.965926 -0.258819
vn -0.000000 -1.000000 -0.000000
vn -0.000000 -1.000000 -0.000000
vn -0.000000 -0.965926 0.258819
vn -0.000000 -0.965926 0.258819
vn -0.000000 -0.866025 0.500000
vn -0.000000 -0.866025 0.500000
vn -0.000000 -0.707107 0.707107
vn -0.000000 -0.707107 0.707107
vn -0.000000 -0.500000 0.866025
vn -0.000000 -0.500000 0.866025
vn -0.000000 -0.258819 0.965926
vn -0.000000 -0.258819 0.965926
vn -0.000000 -0.000000 1.000000
vn -0.000000 -0.000000 1.000000
vn -0.000000 0.258819 0.965926
vn -0.000000 0.258819 0.965926
vn -0.000000 0.500000 0.866025
vn -0.000000 0.500000 0.866025
vn -0.000000 0.707107 0.707107
vn -0.000000 0.707107 0.707107
vn -0.000000 0.866025 0.500000
vn -0.000000 0.866025 0.500000
vn -0.000000 0.965926 0.258819
vn -0.000000 0.965926 0.258819
vn -0.000000 1.000000 -0.000000
vn -0.000000 1.000000 -0.000000
vn -0.000000 0.965926 -0.258819
vn -0.000000 0.965926 -0.258819
vn -0.000000 0.866025 -0.500000
vn -0.000000 0.866025 -0.500000
vn -0.000000 0.707107 -0.707107
vn -0.000000 0.707107 -0.707107
vn -0.000000 0.500000 -0.866025
vn -0.000000 0.500000 -0.866025
vn -0.000000 0.258819 -0.965926
vn -0.000000 0.258819 -0.965926
vn 0.000000 0.000000 -1.000000
vn 0.000000 0.000000 -1.000000
vn -0.000000 -0.258819 -0.965926
vn -0.000000 -0.258819 -0.965926
vn -0.000000 -0.500000 -0.866025
vn -0.000000 -0.500000 -0.866025
vn -0.000000 -0.707107 -0.707107
vn -0.000000 -0.707107 -0.707107
vn -0.000000 -0.866025 -0.500000
vn -0.000000 -0.866025 -0.500000
vn -0.000000 -0.965926 -0.258819
vn -0.000000 -0.965926 -0.258819
vn -0.000000 -1.000000 -0.000000
vn -0.000000 -1.000000 -0.000000
vn -0.000000 -0.965926 0.258819
vn -0.000000 -0.965926 0.258819
vn -0.000000 -0.866025 0.500000
vn -0.000000 -0.866025 0.500000
vn -0.000000 -0.707107 0.707107
vn -0.000000 -0.707107 0.707107
vn -0.000000 -0.500000 0.866025
vn -0.000000 -0.500000 0.866025
vn -0.000000 -0.258819 0.965926
vn -0.000000 -0.258819 0.965926
vn -0.000000 -0.000000 1.000000
vn -0.000000 -0.000000 1.000000
vn -0.000000 0.258819 0.965926
vn -0.000000 0.258819 0.965926
vn -0.000000 0.500000 0.866025
vn -0.000000 0.500000 0.866025
vn -0.000000 0.707107 0.707107
vn -0.000000 0.707107 0.707107
vn -0.000000 0.866025 0.500000
vn -0.000000 0.866025 0.500000
vn -0.000000 0.965926 0.258819
vn -0.000000 0.965926 0.258819
vn -0.000000 1.000000 -0.000000
vn -0.000000 1.000000 -0.000000
vn -0.000000 0.965926 -0.258819
vn -0.000000 0.965926 -0.258819
vn -0.000000 0.866025 -0.500000
vn -0.000000 0.866025 -0.500000
vn -0.000000 0.707107 -0.707107
vn -0.000000 0.707107 -0.707107
vn -0.000000 0.500000 -0.866025
vn -0.000000 0.500000 -0.866025
vn -0.000000 0.258819 -0.965926
vn -0.000000 0.258819 -0.965926
vn 0.000000 0.000000 -1.000000
vn 0.000000 0.000000 -1.000000
vn -0.000000 -0.258819 -0.965926
vn -0.000000 -0.258819 -0.965926
vn -0.000000 -0.500000 -0.866025
vn -0.000000 -0.500000 -0.866025
vn -0.000000 -0.707107 -0.707107
vn -0.000000 -0.707107 -0.707107
vn -0.000000 -0.866025 -0.500000
vn -0.000000 -0.866025 -0.500000
vn -0.000000 -0.965926 -0.258819
vn -0.000000 -0.965926 -0.258819
vn -0.000000 -1.000000 -0.000000
vn -0.000000 -1.000000 -0.000000
vn -0.000000 -0.965926 0.258819
vn -0.000000 -0.965926 0.258819
vn -0.000000 -0.866025 0.500000
vn -0.000000 -0.866025 0.500000
vn -0.000000 -0.707107 0.707107
vn -0.000000 -0.707107 0.707107
vn -0.000000 -0.500000 0.866025
vn -0.000000 -0.500000 0.866025
vn -0.000000 -0.258819 0.965926
vn -0.000000 -0.258819 0.965926
vn -0.000000 -0.000000 1.000000
vn -0.000000 -0.000000 1.000000
vn -0.000000 0.258819 0.965926
vn -0.000000 0.258819 0.965926
vn -0.000000 0.500000 0.866025
vn -0.000000 0.500000 0.866025
vn -0.000000 0.707107 0.707107
vn -0.000000 0.707107 0.707107
vn -0.000000 0.866025 0.500000
vn -0.000000 0.866025 0.500000
vn -0.000000 0.965926 0.258819
vn -0.000000 0.965926 0.258819
vn -0.000000 1.000000 -0.000000
vn -0.000000 1.000000 -0.000000
vn -0.000000 0.965926 -0.258819
vn -0.000000 0.965926 -0.258819
vn -0.000000 0.866025 -0.500000
vn -0.000000 0.866025 -0.500000
vn -0.000000 0.707107 -0.707107
vn -0.000000 0.707107 -0.707107
vn -0.000000 0.500000 -0.866025
vn -0.000000 0.500000 -0.866025
vn -0.000000 0.258819 -0.965926
vn -0.000000 0.130053 -0.991507
vn 0.000000 0.000000 -1.000000
vn -0.000000 -0.130053 -0.991507
vn -0.000000 -0.258819 -0.965926
vn -0.000000 -0.381361 -0.924426
vn -0.000000 -0.500000 -0.866025
vn -0.000000 -0.606868 -0.794803
vn -0.000000 -0.707107 -0.707107
vn -0.000000 -0.791316 -0.611407
vn -0.000000 -0.866025 -0.500000
vn -0.000000 -0.922228 -0.386646
vn -0.000000 -0.965926 -0.258819
vn -0.000000 -0.990746 -0.135726
vn -0.000000 -1.000000 -0.000000
vn -0.000000 -0.992235 0.124376
vn -0.000000 -0.965926 0.258819
vn -0.000000 -0.926594 0.376063
vn -0.000000 -0.866025 0.500000
vn -0.000000 -0.798264 0.602308
vn -0.000000 -0.707107 0.707107
vn -0.000000 -0.615926 0.787804
vn -0.000000 -0.500000 0.866025
vn -0.000000 -0.391918 0.920000
vn -0.000000 -0.258819 0.965926
vn -0.000000 -0.200009 0.979794
vn -0.000000 -0.000000 1.000000
vn -0.000000 -0.000000 1.000000
vn -0.000000 0.200009 0.979794
vn -0.000000 0.381361 -0.924426
vn -0.000000 0.500000 -0.866025
vn -0.000000 0.606868 -0.794803
vn -0.000000 0.707107 -0.707107
vn -0.000000 0.791316 -0.611407
vn -0.000000 0.866025 -0.500000
vn -0.000000 0.922228 -0.386646
vn -0.000000 0.965926 -0.258819
vn -0.000000 0.990746 -0.135726
vn -0.000000 1.000000 -0.000000
vn -0.000000 0.992235 0.124376
vn -0.000000 0.965926 0.258819
vn -0.000000 0.926594 0.376063
vn -0.000000 0.866025 0.500000
vn -0.000000 0.798264 0.602308
vn -0.000000 0.707107 0.707107
vn -0.000000 0.615926 0.787804
vn -0.000000 0.500000 0.866025
vn -0.000000 0.391918 0.920000
vn -0.000000 0.258819 0.965926
vn -0.000000 0.258819 -0.965926
vn -0.000000 0.258819 -0.965926
vn 0.000000 0.000000 -1.000000
vn 0.000000 0.000000 -1.000000
vn -0.000000 -0.258819 -0.965926
vn -0.000000 -0.258819 -0.965926
vn -0.000000 -0.500000 -0.866025
vn -0.000000 -0.500000 -0.866025
vn -0.000000 -0.707107 -0.707107
vn -0.000000 -0.707107 -0.707107
vn -0.000000 -0.866025 -0.500000
vn -0.000000 -0.866025 -0.500000
vn -0.000000 -0.965926 -0.258819
vn -0.000000 -0.965926 -0.258819
vn -0.000000 -1.000000 -0.000000
vn -0.000000 -1.000000 -0.000000
vn -0.000000 -0.965926 0.258819
vn -0.000000 -0.965926 0.258819
vn -0.000000 -0.866025 0.500000
vn -0.000000 -0.866025 0.500000
vn -0.000000 -0.707107 0.707107
vn -0.000000 -0.707107 0.707107
vn -0.000000 -0.500000 0.866025
vn -0.000000 -0.500000 0.866025
vn -0.000000 -0.258819 0.965926
vn -0.000000 -0.258819 0.965926
vn -0.000000 -0.000000 1.000000
vn -0.000000 -0.000000 1.000000
vn -0.000000 0.258819 0.965926
vn -0.000000 0.258819 0.965926
vn -0.000000 0.500000 0.866025
vn -0.000000 0.500000 0.866025
vn -0.000000 0.707107 0.707107
vn -0.000000 0.707107 0.707107
vn -0.000000 0.866025 0.500000
vn -0.000000 0.866025 0.500000
vn -0.000000 0.965926 0.258819
vn -0.000000 0.965926 0.258819
vn -0.000000 1.000000 -0.000000
vn -0.000000 1.000000 -0.000000
vn -0.000000 0.965926 -0.258819
vn -0.000000 0.965926 -0.258819
vn -0.000000 0.866025 -0.500000
vn -0.000000 0.866025 -0.500000
vn -0.000000 0.707107 -0.707107
vn -0.000000 0.707107 -0.707107
vn -0.000000 0.500000 -0.866025
vn -0.000000 0.500000 -0.866025
vn -0.000000 0.258819 -0.965926
vn -0.000000 0.258819 -0.965926
vn 0.000000 0.000000 -1.000000
vn 0.000000 0.000000 -1.000000
vn -0.000000 -0.258819 -0.965926
vn -0.000000 -0.258819 -0.965926
vn -0.000000 -0.500000 -0.866025
vn -0.000000 -0.500000 -0.866025
vn -0.000000 -0.707107 -0.707107
vn -0.000000 -0.707107 -0.707107
vn -0.000000 -0.866025 -0.500000
vn -0.000000 -0.866025 -0.500000
vn -0.000000 -0.965926 -0.258819
vn -0.000000 -0.965926 -0.258819
vn -0.000000 -1.000000 -0.000000
vn -0.000000 -1.000000 -0.000000
vn -0.000000 -0.965926 0.258819
vn -0.000000 -0.965926 0.258819
vn -0.000000 -0.866025 0.500000
vn -0.000000 -0.866025 0.500000
vn -0.000000 -0.707107 0.707107
vn -0.000000 -0.707107 0.707107
vn -0.000000 -0.500000 0.866025
vn -0.000000 -0.500000 0.866025
vn -0.000000 -0.258819 0.965926
vn -0.000000 -0.258819 0.965926
vn -0.000000 -0.000000 1.000000
vn -0.000000 -0.000000 1.000000
vn -0.000000 0.258819 0.965926
vn -0.000000 0.258819 0.965926
vn -0.000000 0.500000 0.866025
vn -0.000000 0.500000 0.866025
vn -0.000000 0.707107 0.707107
vn -0.000000 0.707107 0.707107
vn -0.000000 0.866025 0.500000
vn -0.000000 0.866025 0.500000
vn -0.000000 0.965926 0.258819
vn -0.000000 0.965926 0.258819
vn -0.000000 1.000000 -0.000000
vn -0.000000 1.000000 -0.000000
vn -0.000000 0.965926 -0.258819
vn -0.000000 0.965926 -0.258819
vn -0.000000 0.866025 -0.500000
vn -0.000000 0.866025 -0.500000
vn -0.000000 0.707107 -0.707107
vn -0.000000 0.707107 -0.707107
vn -0.000000 0.500000 -0.866025
vn -0.000000 0.500000 -0.866025
vn -0.000000 0.258819 -0.965926
vn -0.000000 0.258819 -0.965926
vn 0.000000 0.000000 -1.000000
vn 0.000000 0.000000 -1.000000
vn -0.000000 -0.258819 -0.965926
vn -0.000000 -0.258819 -0.965926
vn -0.000000 -0.500000 -0.866025
vn -0.000000 -0.500000 -0.866025
vn -0.000000 -0.707107 -0.707107
vn -0.000000 -0.707107 -0.707107
vn -0.000000 -0.866025 -0.500000
vn -0.000000 -0.866025 -0.500000
vn -0.000000 -0.965926 -0.258819
vn -0.000000 -0.965926 -0.258819
vn -0.000000 -1.000000 -0.000000
vn -0.000000 -1.000000 -0.000000
vn -0.000000 -0.965926 0.258819
vn -0.000000 -0.965926 0.258819
vn -0.000000 -0.866025 0.500000
vn -0.000000 -0.866025 0.500000
vn -0.000000 -0.707107 0.707107
vn -0.000000 -0.707107 0.707107
vn -0.000000 -0.500000 0.866025
vn -0.000000 -0.500000 0.866025
vn -0.000000 -0.258819 0.965926
vn -0.000000 -0.258819 0.965926
vn -0.000000 -0.000000 1.000000
vn -0.000000 -0.000000 1.000000
vn -0.000000 0.258819 0.965926
vn -0.000000 0.258819 0.965926
vn -0.000000 0.500000 0.866025
vn -0.000000 0.500000 0.866025
vn -0.000000 0.707107 0.707107
vn -0.000000 0.707107 0.707107
vn -0.000000 0.866025 0.500000
vn -0.000000 0.866025 0.500000
vn -0.000000 0.965926 0.258819
vn -0.000000 0.965926 0.258819
vn -0.000000 1.000000 -0.000000
vn -0.000000 1.000000 -0.000000
vn -0.000000 0.965926 -0.258819
vn -0.000000 0.965926 -0.258819
vn -0.000000 0.866025 -0.500000
vn -0.000000 0.866025 -0.500000
vn -0.000000 0.707107 -0.707107
vn -0.000000 0.707107 -0.707107
vn -0.000000 0.500000 -0.866025
vn -0.000000 0.500000 -0.866025
vn 0.000000 0.258819 0.965926
vn 0.000000 0.258819 0.965926
vn 0.000000 -0.000000 1.000000
vn 0.000000 -0.000000 1.000000
vn 0.000000 -0.258819 0.965926
vn 0.000000 -0.258819 0.965926
vn 0.000000 -0.500000 0.866025
vn 0.000000 -0.500000 0.866025
vn 0.000000 -0.707107 0.707107
vn 0.000000 -0.707107 0.707107
vn 0.000000 -0.866025 0.500000
vn 0.000000 -0.866025 0.500000
vn 0.000000 -0.965926 0.258819
vn 0.000000 -0.965926 0.258819
vn 0.000000 -1.000000 0.000000
vn 0.000000 -1.000000 0.000000
vn 0.000000 -0.965926 -0.258819
vn 0.000000 -0.965926 -0.258819
vn 0.000000 -0.866025 -0.500000
vn 0.000000 -0.866025 -0.500000
vn 0.000000 -0.707107 -0.707107
vn 0.000000 -0.707107 -0.707107
vn 0.000000 -0.500000 -0.866025
vn 0.000000 -0.500000 -0.866025
vn 0.000000 -0.258819 -0.965926
vn 0.000000 -0.258819 -0.965926
vn 0.000000 -0.000000 -1.000000
vn 0.000000 -0.000000 -1.000000
vn 0.000000 0.258819 -0.965926
vn 0.000000 0.258819 -0.965926
vn 0.000000 0.500000 -0.866025
vn 0.000000 0.500000 -0.866025
vn 0.000000 0.707107 -0.707107
vn 0.000000 0.707107 -0.707107
vn 0.000000 0.866025 -0.500000
vn 0.000000 0.866025 -0.500000
vn 0.000000 0.965926 -0.258819
vn 0.000000 0.965926 -0.258819
vn 0.000000 1.000000 0.000000
vn 0.000000 1.000000 0.000000
vn 0.000000 0.965926 0.258819
vn 0.000000 0.965926 0.258819
vn 0.000000 0.866025 0.500000
vn 0.000000 0.866025 0.500000
vn 0.000000 0.707107 0.707107
vn 0.000000 0.707107 0.707107
vn 0.000000 0.500000 0.866025
vn 0.000000 0.500000 0.866025
vn 0.000000 0.258819 0.965926
vn 0.000000 0.258819 0.965926
vn 0.000000 -0.000000 1.000000
vn 0.000000 -0.000000 1.000000
vn 0.000000 -0.258819 0.965926
vn 0.000000 -0.258819 0.965926
vn 0.000000 -0.500000 0.866025
vn 0.000000 -0.500000 0.866025
vn 0.000000 -0.707107 0.707107
vn 0.000000 -0.707107 0.707107
vn 0.000000 -0.866025 0.500000
vn 0.000000 -0.866025 0.500000
vn 0.000000 -0.965926 0.258819
vn 0.000000 -0.965926 0.258819
vn 0.000000 -1.000000 0.000000
vn 0.000000 -1.000000 0.000000
vn 0.000000 -0.965926 -0.258819
vn 0.000000 -0.965926 -0.258819
vn 0.000000 -0.866025 -0.500000
vn 0.000000 -0.866025 -0.500000
vn 0.000000 -0.707107 -0.707107
vn 0.000000 -0.707107 -0.707107
vn 0.000000 -0.500000 -0.866025
vn 0.000000 -0.500000 -0.866025
vn 0.000000 -0.258819 -0.965926
vn 0.000000 -0.258819 -0.965926
vn 0.000000 -0.000000 -1.000000
vn 0.000000 -0.000000 -1.000000
vn 0.000000 0.258819 -0.965926
vn 0.000000 0.258819 -0.965926
vn 0.000000 0.500000 -0.866025
vn 0.000000 0.500000 -0.866025
vn 0.000000 0.707107 -0.707107
vn 0.000000 0.707107 -0.707107
vn 0.000000 0.866025 -0.500000
vn 0.000000 0.866025 -0.500000
vn 0.000000 0.965926 -0.258819
vn 0.000000 0.965926 -0.258819
vn 0.000000 1.000000 0.000000
vn 0.000000 1.000000 0.000000
vn 0.000000 0.965926 0.258819
vn 0.000000 0.965926 0.258819
vn 0.000000 0.866025 0.500000
vn 0.000000 0.866025 0.500000
vn 0.000000 0.707107 0.707107
vn 0.000000 0.707107 0.707107
vn 0.000000 0.500000 0.866025
vn 0.000000 0.500000 0.866025
vn 0.000000 0.258819 0.965926
vn 0.000000 0.258819 0.965926
vn 0.000000 -0.000000 1.000000
vn 0.000000 -0.000000 1.000000
vn 0.000000 -0.258819 0.965926
vn 0.000000 -0.258819 0.965926
vn 0.000000 -0.500000 0.866025
vn 0.000000 -0.500000 0.866025
vn 0.000000 -0.707107 0.707107
vn 0.000000 -0.707107 0.707107
vn 0.000000 -0.866025 0.500000
vn 0.000000 -0.866025 0.500000
vn 0.000000 -0.965926 0.258819
vn 0.000000 -0.965926 0.258819
vn 0.000000 -1.000000 0.000000
vn 0.000000 -1.000000 0.000000
vn 0.000000 -0.965926 -0.258819
vn 0.000000 -0.965926 -0.258819
vn 0.000000 -0.866025 -0.500000
vn 0.000000 -0.866025 -0.500000
vn 0.000000 -0.707107 -0.707107
vn 0.000000 -0.707107 -0.707107
vn 0.000000 -0.500000 -0.866025
vn 0.000000 -0.500000 -0.866025
vn 0.000000 -0.258819 -0.965926
vn 0.000000 -0.258819 -0.965926
vn 0.000000 -0.000000 -1.000000
vn 0.000000 -0.000000 -1.000000
vn 0.000000 0.258819 -0.965926
vn 0.000000 0.258819 -0.965926
vn 0.000000 0.500000 -0.866025
vn 0.000000 0.500000 -0.866025
vn 0.000000 0.707107 -0.707107
vn 0.000000 0.707107 -0.707107
vn 0.000000 0.866025 -0.500000
vn 0.000000 0.866025 -0.500000
vn 0.000000 0.965926 -0.258819
vn 0.000000 0.965926 -0.258819
vn 0.000000 1.000000 0.000000
vn 0.000000 1.000000 0.000000
vn 0.000000 0.965926 0.258819
vn 0.000000 0.965926 0.258819
vn 0.000000 0.866025 0.500000
vn 0.000000 0.866025 0.500000
vn 0.000000 0.707107 0.707107
vn 0.000000 0.707107 0.707107
vn 0.000000 0.500000 0.866025
vn 0.000000 0.500000 0.866025
vn 0.000000 0.258819 0.965926
vn 0.000000 0.258819 0.965926
vn 0.000000 -0.000000 1.000000
vn 0.000000 -0.000000 1.000000
vn 0.000000 -0.258819 0.965926
vn 0.000000 -0.258819 0.965926
vn 0.000000 -0.500000 0.866025
vn 0.000000 -0.500000 0.866025
vn 0.000000 -0.707107 0.707107
vn 0.000000 -0.707107 0.707107
vn 0.000000 -0.866025 0.500000
vn 0.000000 -0.866025 0.500000
vn 0.000000 -0.965926 0.258819
vn 0.000000 -0.965926 0.258819
vn 0.000000 -1.000000 0.000000
vn 0.000000 -1.000000 0.000000
vn 0.000000 -0.965926 -0.258819
vn 0.000000 -0.965926 -0.258819
vn 0.000000 -0.866025 -0.500000
vn 0.000000 -0.866025 -0.500000
vn 0.000000 -0.707107 -0.707107
vn 0.000000 -0.707107 -0.707107
vn 0.000000 -0.500000 -0.866025
vn 0.000000 -0.500000 -0.866025
vn 0.000000 -0.258819 -0.965926
vn 0.000000 -0.258819 -0.965926
vn 0.000000 -0.000000 -1.000000
vn 0.000000 -0.000000 -1.000000
vn 0.000000 0.258819 -0.965926
vn 0.000000 0.258819 -0.965926
vn 0.000000 0.500000 -0.866025
vn 0.000000 0.500000 -0.866025
vn 0.000000 0.707107 -0.707107
vn 0.000000 0.707107 -0.707107
vn 0.000000 0.866025 -0.500000
vn 0.000000 0.866025 -0.500000
vn 0.000000 0.965926 -0.258819
vn 0.000000 0.965926 -0.258819
vn 0.000000 1.000000 0.000000
vn 0.000000 1.000000 0.000000
vn 0.000000 0.965926 0.258819
vn 0.000000 0.965926 0.258819
vn 0.000000 0.866025 0.500000
vn 0.000000 0.866025 0.500000
vn 0.000000 0.707107 0.707107
vn 0.000000 0.707107 0.707107
vn 0.000000 0.500000 0.866025
vn 0.000000 0.500000 0.866025
vn 0.000000 0.258819 0.965926
vn 0.000000 0.258819 0.965926
vn 0.000000 -0.000000 1.000000
vn 0.000000 -0.000000 1.000000
vn 0.000000 -0.258819 0.965926
vn 0.000000 -0.258819 0.965926
vn 0.000000 -0.500000 0.866025
vn 0.000000 -0.500000 0.866025
vn 0.000000 -0.707107 0.707107
vn 0.000000 -0.707107 0.707107
vn 0.000000 -0.866025 0.500000
vn 0.000000 -0.866025 0.500000
vn 0.000000 -0.965926 0.258819
vn 0.000000 -0.965926 0.258819
vn 0.000000 -1.000000 0.000000
vn 0.000000 -1.000000 0.000000
vn 0.000000 -0.965926 -0.258819
vn 0.000000 -0.965926 -0.258819
vn 0.000000 -0.866025 -0.500000
vn 0.000000 -0.866025 -0.500000
vn 0.000000 -0.707107 -0.707107
vn 0.000000 -0.707107 -0.707107
vn 0.000000 -0.500000 -0.866025
vn 0.000000 -0.500000 -0.866025
vn 0.000000 -0.258819 -0.965926
vn 0.000000 -0.258819 -0.965926
vn 0.000000 -0.000000 -1.000000
vn 0.000000 -0.000000 -1.000000
vn 0.000000 0.258819 -0.965926
vn 0.000000 0.258819 -0.965926
vn 0.000000 0.500000 -0.866025
vn 0.000000 0.500000 -0.866025
vn 0.000000 0.707107 -0.707107
vn 0.000000 0.707107 -0.707107
vn 0.000000 0.866025 -0.500000
vn 0.000000 0.866025 -0.500000
vn 0.000000 0.965926 -0.258819
vn 0.000000 0.965926 -0.258819
vn 0.000000 1.000000 0.000000
vn 0.000000 1.000000 0.000000
vn 0.000000 0.965926 0.258819
vn 0.000000 0.965926 0.258819
vn 0.000000 0.866025 0.500000
vn 0.000000 0.866025 0.500000
vn 0.000000 0.707107 0.707107
vn 0.000000 0.707107 0.707107
vn 0.000000 0.500000 0.866025
vn 0.000000 0.500000 0.866025
vn 0.000000 0.258819 0.965926
vn 0.000000 0.258819 0.965926
vn 0.000000 -0.000000 1.000000
vn 0.000000 -0.000000 1.000000
vn 0.000000 -0.258819 0.965926
vn 0.000000 -0.258819 0.965926
vn 0.000000 -0.500000 0.866025
vn 0.000000 -0.500000 0.866025
vn 0.000000 -0.707107 0.707107
vn 0.000000 -0.707107 0.707107
vn 0.000000 -0.866025 0.500000
vn 0.000000 -0.866025 0.500000
vn 0.000000 -0.965926 0.258819
vn 0.000000 -0.965926 0.258819
vn 0.000000 -1.000000 0.000000
vn 0.000000 -1.000000 0.000000
vn 0.000000 -0.965926 -0.258819
vn 0.000000 -0.965926 -0.258819
vn 0.000000 -0.866025 -0.500000
vn 0.000000 -0.866025 -0.500000
vn 0.000000 -0.707107 -0.707107
vn 0.000000 -0.707107 -0.707107
vn 0.000000 -0.500000 -0.866025
vn 0.000000 -0.500000 -0.866025
vn 0.000000 -0.258819 -0.965926
vn 0.000000 -0.258819 -0.965926
vn 0.000000 -0.000000 -1.000000
vn 0.000000 -0.000000 -1.000000
vn 0.000000 0.258819 -0.965926
vn 0.000000 0.258819 -0.965926
vn 0.000000 0.500000 -0.866025
vn 0.000000 0.500000 -0.866025
vn 0.000000 0.707107 -0.707107
vn 0.000000 0.707107 -0.707107
vn 0.000000 0.866025 -0.500000
vn 0.000000 0.866025 -0.500000
vn 0.000000 0.965926 -0.258819
vn 0.000000 0.965926 -0.258819
vn 0.000000 1.000000 0.000000
vn 0.000000 1.000000 0.000000
vn 0.000000 0.965926 0.258819
vn 0.000000 0.965926 0.258819
vn 0.000000 0.866025 0.500000
vn 0.000000 0.866025 0.500000
vn 0.000000 0.707107 0.707107
vn 0.000000 0.707107 0.707107
vn 0.000000 0.500000 0.866025
vn 0.000000 0.500000 0.866025
vn 0.000000 0.258819 0.965926
vn 0.000000 0.258819 0.965926
vn 0.000000 -0.000000 1.000000
vn 0.000000 -0.000000 1.000000
vn 0.000000 -0.258819 0.965926
vn 0.000000 -0.258819 0.965926
vn 0.000000 -0.500000 0.866025
vn 0.000000 -0.500000 0.866025
vn 0.000000 -0.707107 0.707107
vn 0.000000 -0.707107 0.707107
vn 0.000000 -0.866025 0.500000
vn 0.000000 -0.866025 0.500000
vn 0.000000 -0.965926 0.258819
vn 0.000000 -0.965926 0.258819
vn 0.000000 -1.000000 0.000000
vn 0.000000 -1.000000 0.000000
vn 0.000000 -0.965926 -0.258819
vn 0.000000 -0.965926 -0.258819
vn 0.000000 -0.866025 -0.500000
vn 0.000000 -0.866025 -0.500000
vn 0.000000 -0.707107 -0.707107
vn 0.000000 -0.707107 -0.707107
vn 0.000000 -0.500000 -0.866025
vn 0.000000 -0.500000 -0.866025
vn 0.000000 -0.258819 -0.965926
vn 0.000000 -0.258819 -0.965926
vn 0.000000 -0.000000 -1.000000
vn 0.000000 -0.000000 -1.000000
vn 0.000000 0.258819 -0.965926
vn 0.000000 0.258819 -0.965926
vn 0.000000 0.500000 -0.866025
vn 0.000000 0.500000 -0.866025
vn 0.000000 0.707107 -0.707107
vn 0.000000 0.707107 -0.707107
vn 0.000000 0.866025 -0.500000
vn 0.000000 0.866025 -0.500000
vn 0.000000 0.965926 -0.258819
vn 0.000000 0.965926 -0.258819
vn 0.000000 1.000000 0.000000
vn 0.000000 1.000000 0.000000
vn 0.000000 0.965926 0.258819
vn 0.000000 0.965926 0.258819
vn 0.000000 0.866025 0.500000
vn 0.000000 0.866025 0.500000
vn 0.000000 0.707107 0.707107
vn 0.000000 0.707107 0.707107
vn 0.000000 0.500000 0.866025
vn 0.000000 0.500000 0.866025
vn 0.000000 0.258819 0.965926
vn 0.000000 0.200009 0.979794
vn 0.000000 -0.000000 1.000000
vn 0.000000 0.000001 1.000000
vn 0.000000 -0.200009 0.979794
vn 0.000000 0.391918 0.920000
vn 0.000000 0.500000 0.866025
vn 0.000000 0.615926 0.787804
vn 0.000000 0.707107 0.707107
vn 0.000000 0.798264 0.602308
vn 0.000000 0.866025 0.500000
vn 0.000000 0.926594 0.376063
vn 0.000000 0.965926 0.258819
vn 0.000000 0.992235 0.124376
vn 0.000000 1.000000 0.000000
vn 0.000000 0.990746 -0.135726
vn 0.000000 0.965926 -0.258819
vn 0.000000 0.922228 -0.386646
vn 0.000000 0.866025 -0.500000
vn 0.000000 0.791316 -0.611407
vn 0.000000 0.707107 -0.707107
vn 0.000000 0.606868 -0.794803
vn 0.000000 0.500000 -0.866025
vn 0.000000 0.381361 -0.924426
vn 0.000000 0.258819 -0.965926
vn 0.000000 0.130053 -0.991507
vn 0.000000 0.000000 -1.000000
vn 0.000000 -0.130053 -0.991507
vn 0.000000 -0.258819 -0.965926
vn 0.000000 -0.381361 -0.924426
vn 0.000000 -0.500000 -0.866025
vn 0.000000 -0.606868 -0.794803
vn 0.000000 -0.707107 -0.707107
vn 0.000000 -0.791316 -0.611407
vn 0.000000 -0.866025 -0.500000
vn 0.000000 -0.922228 -0.386646
vn 0.000000 -0.965926 -0.258819
vn 0.000000 -0.990746 -0.135726
vn 0.000000 -1.000000 0.000000
vn 0.000000 -0.992235 0.124376
vn 0.000000 -0.965926 0.258819
vn 0.000000 -0.926594 0.376063
vn 0.000000 -0.866025 0.500000
vn 0.000000 -0.798264 0.602308
vn 0.000000 -0.707107 0.707107
vn 0.000000 -0.615926 0.787804
vn 0.000000 -0.500000 0.866025
vn 0.000000 -0.391918 0.920000
vn 0.000000 -0.258819 0.965926
vn 0.000000 0.258819 0.965926
vn 0.000000 0.258819 0.965926
vn 0.000000 -0.000000 1.000000
vn 0.000000 -0.000000 1.000000
vn 0.000000 -0.258819 0.965926
vn 0.000000 -0.258819 0.965926
vn 0.000000 -0.500000 0.866025
vn 0.000000 -0.500000 0.866025
vn 0.000000 -0.707107 0.707107
vn 0.000000 -0.707107 0.707107
vn 0.000000 -0.866025 0.500000
vn 0.000000 -0.866025 0.500000
vn 0.000000 -0.965926 0.258819
vn 0.000000 -0.965926 0.258819
vn 0.000000 -1.000000 0.000000
vn 0.000000 -1.000000 0.000000
vn 0.000000 -0.965926 -0.258819
vn 0.000000 -0.965926 -0.258819
vn 0.000000 -0.866025 -0.500000
vn 0.000000 -0.866025 -0.500000
vn 0.000000 -0.707107 -0.707107
vn 0.000000 -0.707107 -0.707107
vn 0.000000 -0.500000 -0.866025
vn 0.000000 -0.500000 -0.866025
vn 0.000000 -0.258819 -0.965926
vn 0.000000 -0.258819 -0.965926
vn 0.000000 -0.000000 -1.000000
vn 0.000000 -0.000000 -1.000000
vn 0.000000 0.258819 -0.965926
vn 0.000000 0.258819 -0.965926
vn 0.000000 0.500000 -0.866025
vn 0.000000 0.500000 -0.866025
vn 0.000000 0.707107 -0.707107
vn 0.000000 0.707107 -0.707107
vn 0.000000 0.866025 -0.500000
vn 0.000000 0.866025 -0.500000
vn 0.000000 0.965926 -0.258819
vn 0.000000 0.965926 -0.258819
vn 0.000000 1.000000 0.000000
vn 0.000000 1.000000 0.000000
vn 0.000000 0.965926 0.258819
vn 0.000000 0.965926 0.258819
vn 0.000000 0.866025 0.500000
vn 0.000000 0.866025 0.500000
vn 0.000000 0.707107 0.707107
vn 0.000000 0.707107 0.707107
vn 0.000000 0.500000 0.866025
vn 0.000000 0.500000 0.866025
vn 0.000000 0.258819 0.965926
vn 0.000000 0.258819 0.965926
vn 0.000000 -0.000000 1.000000
vn 0.000000 -0.000000 1.000000
vn 0.000000 -0.258819 0.965926
vn 0.000000 -0.258819 0.965926
vn 0.000000 -0.500000 0.866025
vn 0.000000 -0.500000 0.866025
vn 0.000000 -0.707107 0.707107
vn 0.000000 -0.707107 0.707107
vn 0.000000 -0.866025 0.500000
vn 0.000000 -0.866025 0.500000
vn 0.000000 -0.965926 0.258819
vn 0.000000 -0.965926 0.258819
vn 0.000000 -1.000000 0.000000
vn 0.000000 -1.000000 0.000000
vn 0.000000 -0.965926 -0.258819
vn 0.000000 -0.965926 -0.258819
vn 0.000000 -0.866025 -0.500000
vn 0.000000 -0.866025 -0.500000
vn 0.000000 -0.707107 -0.707107
vn 0.000000 -0.707107 -0.707107
vn 0.000000 -0.500000 -0.866025
vn 0.000000 -0.500000 -0.866025
vn 0.000000 -0.258819 -0.965926
vn 0.000000 -0.258819 -0.965926
vn 0.000000 -0.000000 -1.000000
vn 0.000000 -0.000000 -1.000000
vn 0.000000 0.258819 -0.965926
vn 0.000000 0.258819 -0.965926
vn 0.000000 0.500000 -0.866025
vn 0.000000 0.500000 -0.866025
vn 0.000000 0.707107 -0.707107
vn 0.000000 0.707107 -0.707107
vn 0.000000 0.866025 -0.500000
vn 0.000000 0.866025 -0.500000
vn 0.000000 0.965926 -0.258819
vn 0.000000 0.965926 -0.258819
vn 0.000000 1.000000 0.000000
vn 0.000000 1.000000 0.000000
vn 0.000000 0.965926 0.258819
vn 0.000000 0.965926 0.258819
vn 0.000000 0.866025 0.500000
vn 0.000000 0.866025 0.500000
vn 0.000000 0.707107 0.707107
vn 0.000000 0.707107 0.707107
vn 0.000000 0.500000 0.866025
vn 0.000000 0.500000 0.866025
vn 0.000000 1.000000 -0.000000
vn 0.000000 1.000000 -0.000000
vn 0.000000 0.969077 -0.246757
vn 0.000000 0.969077 -0.246757
vn 0.000000 0.878222 -0.478254
vn 0.000000 0.878222 -0.478254
vn 0.000000 0.733052 -0.680173
vn 0.000000 0.733052 -0.680173
vn 0.000000 0.542546 -0.840026
vn 0.000000 0.542546 -0.840026
vn 0.000000 0.318487 -0.947927
vn 0.000000 0.318487 -0.947927
vn 0.000000 0.074730 -0.997204
vn 0.000000 0.074730 -0.997204
vn -0.000000 -0.173648 -0.984808
vn -0.000000 -0.173648 -0.984808
vn -0.000000 1.000000 -0.000000
vn -0.000000 1.000000 -0.000000
vn -0.000000 0.969077 -0.246757
vn -0.000000 0.969077 -0.246757
vn -0.000000 0.878222 -0.478254
vn -0.000000 0.878222 -0.478254
vn -0.000000 0.733052 -0.680173
vn -0.000000 0.733052 -0.680173
vn -0.000000 0.542546 -0.840026
vn -0.000000 0.542546 -0.840026
vn -0.000000 0.318487 -0.947927
vn -0.000000 0.318487 -0.947927
vn -0.000000 0.074730 -0.997204
vn -0.000000 0.074730 -0.997204
vn 0.000000 -0.173648 -0.984808
vn 0.000000 -0.173648 -0.984808
vn -1.000000 -0.000000 -0.000000
vn -1.000000 -0.000000 -0.000000
vn -1.000000 -0.000000 -0.000000
vn -1.000000 -0.000000 -0.000000
vn -1.000000 -0.000000 -0.000000
vn -1.000000 -0.000000 -0.000000
vn -1.000000 -0.000000 -0.000000
vn -1.000000 -0.000000 -0.000000
vn -1.000000 -0.000000 -0.000000
vn -1.000000 -0.000000 -0.000000
vn -1.000000 -0.000000 -0.000000
vn -1.000000 -0.000000 -0.000000
vn -1.000000 -0.000000 -0.000000
vn -1.000000 -0.000000 -0.000000
vn -1.000000 -0.000000 -0.000000
vn -1.000000 -0.000000 -0.000000
vn -1.000000 -0.000000 -0.000000
vn -1.000000 -0.000000 -0.000000
vn -1.000000 -0.000000 -0.000000
vn -1.000000 -0.000000 -0.000000
vn -1.000000 -0.000000 -0.000000
vn -1.000000 -0.000000 -0.000000
vn -1.000000 -0.000000 -0.000000
vn -1.000000 -0.000000 -0.000000
vn -1.000000 -0.000000 -0.000000
vn -1.000000 -0.000000 -0.000000
vn -1.000000 -0.000000 -0.000000
vn -1.000000 -0.000000 -0.000000
vn -1.000000 -0.000000 -0.000000
vn -1.000000 -0.000000 -0.000000
vn -1.000000 -0.000000 -0.000000
vn -1.000000 -0.000000 -0.000000
vn -1.000000 -0.000000 -0.000000
vn -1.000000 -0.000000 -0.000000
vn -1.000000 -0.000000 -0.000000
vn -1.000000 -0.000000 -0.000000
vn -1.000000 -0.000000 -0.000000
vn -1.000000 -0.000000 -0.000000
vn -1.000000 -0.000000 -0.000000
vn -1.000000 -0.000000 -0.000000
vn -1.000000 -0.000000 -0.000000
vn -1.000000 -0.000000 -0.000000
vn -1.000000 -0.000000 -0.000000
vn -1.000000 -0.000000 -0.000000
vn -1.000000 -0.000000 -0.000000
vn -1.000000 -0.000000 -0.000000
vn -1.000000 -0.000000 -0.000000
vn -1.000000 -0.000000 -0.000000
vn -1.000000 -0.000000 -0.000000
vn -1.000000 -0.000000 -0.000000
vn 1.000000 -0.000000 -0.000000
vn 1.000000 -0.000000 -0.000000
vn 1.000000 -0.000000 -0.000000
vn 1.000000 -0.000000 -0.000000
vn 1.000000 -0.000000 -0.000000
vn 1.000000 -0.000000 -0.000000
vn 1.000000 -0.000000 -0.000000
vn 1.000000 -0.000000 -0.000000
vn 1.000000 -0.000000 -0.000000
vn 1.000000 -0.000000 -0.000000
vn 1.000000 -0.000000 -0.000000
vn 1.000000 -0.000000 -0.000000
vn 1.000000 -0.000000 -0.000000
vn 1.000000 -0.000000 -0.000000
vn 1.000000 -0.000000 -0.000000
vn 1.000000 -0.000000 -0.000000
vn 1.000000 -0.000000 -0.000000
vn 1.000000 -0.000000 -0.000000
vn 1.000000 -0.000000 -0.000000
vn 1.000000 -0.000000 -0.000000
vn 1.000000 -0.000000 -0.000000
vn 1.000000 -0.000000 -0.000000
vn 1.000000 -0.000000 -0.000000
vn 1.000000 -0.000000 -0.000000
vn 1.000000 -0.000000 -0.000000
vn 1.000000 -0.000000 -0.000000
vn 1.000000 -0.000000 -0.000000
vn 1.000000 -0.000000 -0.000000
vn 1.000000 -0.000000 -0.000000
vn 1.000000 -0.000000 -0.000000
vn 1.000000 -0.000000 -0.000000
vn 1.000000 -0.000000 -0.000000
vn 1.000000 -0.000000 -0.000000
vn 1.000000 -0.000000 -0.000000
vn 1.000000 -0.000000 -0.000000
vn 1.000000 -0.000000 -0.000000
vn 1.000000 -0.000000 -0.000000
vn 1.000000 -0.000000 -0.000000
vn 1.000000 -0.000000 -0.000000
vn 1.000000 -0.000000 -0.000000
vn 1.000000 -0.000000 -0.000000
vn 1.000000 -0.000000 -0.000000
vn 1.000000 -0.000000 -0.000000
vn 1.000000 -0.000000 -0.000000
vn 1.000000 -0.000000 -0.000000
vn 1.000000 -0.000000 -0.000000
vn 1.000000 -0.000000 -0.000000
vn 1.000000 -0.000000 -0.000000
vn 1.000000 -0.000000 -0.000000
vn 1.000000 -0.000000 -0.000000
vn -0.000000 1.000000 -0.000000
vn -0.000000 1.000000 -0.000000
vn -0.000000 1.000000 -0.000000
vn -0.000000 1.000000 -0.000000
vn -0.000000 -1.000000 0.000000
vn -0.000000 -1.000000 0.000000
vn -0.000000 -1.000000 0.000000
vn -0.000000 -1.000000 0.000000
vn -0.000000 -1.000000 0.000000
vn -0.000000 -1.000000 0.000000
vn -0.000000 -1.000000 0.000000
vn -0.000000 -1.000000 0.000000
vn -0.000000 -1.000000 0.000000
vn -0.000000 -1.000000 0.000000
vn -0.000000 -1.000000 0.000000
vn -0.000000 -1.000000 0.000000
vn -0.000000 -1.000000 0.000000
vn -0.000000 -1.000000 0.000000
vn -0.000000 -1.000000 0.000000
vn -0.000000 -1.000000 0.000000
vn -0.000000 -1.000000 0.000000
vn -0.000000 -1.000000 0.000000
vn -0.000000 -1.000000 0.000000
vn -0.000000 -1.000000 0.000000
vn -0.000000 -1.000000 0.000000
vn -0.000000 -1.000000 0.000000
vn -0.000000 -1.000000 0.000000
vn -0.000000 -1.000000 0.000000
vn -0.000000 -1.000000 0.000000
vn -0.000000 -1.000000 0.000000
vn -0.000000 -1.000000 0.000000
vn -0.000000 -1.000000 0.000000
vn -0.000000 -1.000000 0.000000
vn -0.000000 -1.000000 0.000000
vn -0.000000 -1.000000 0.000000
vn -0.000000 -1.000000 0.000000
vn -0.000000 -1.000000 0.000000
vn -0.000000 -1.000000 0.000000
vn -0.000000 -1.000000 0.000000
vn -0.000000 -1.000000 0.000000
vn -0.000000 -1.000000 0.000000
vn -0.000000 -1.000000 0.000000
vn -0.000000 -1.000000 0.000000
vn -0.000000 -1.000000 0.000000
vn -0.000000 -1.000000 0.000000
vn -0.000000 -1.000000 0.000000
vn -0.000000 -1.000000 0.000000
vn -0.000000 -1.000000 0.000000
vn -0.000000 -1.000000 0.000000
vn -0.000000 -1.000000 0.000000
vn -0.000000 -1.000000 0.000000
vn -0.000000 -1.000000 0.000000
vn -0.000000 -1.000000 0.000000
vn -0.000000 -1.000000 0.000000
vn -0.000000 -1.000000 0.000000
vn -0.000000 -1.000000 0.000000
vn -0.000000 -1.000000 0.000000
vn -0.000000 -1.000000 0.000000
vn -0.000000 -1.000000 0.000000
vn -0.000000 -1.000000 0.000000
vn -0.000000 -1.000000 0.000000
vn 1.000000 -0.000000 0.000000
vn 1.000000 -0.000000 -0.000000
vn 0.993473 -0.000000 -0.114068
vn 0.987834 -0.000000 -0.155513
vn 0.970155 -0.000000 -0.242486
vn 0.941101 -0.000000 -0.338127
vn 0.915820 -0.000000 -0.401588
vn 0.831961 -0.000000 -0.554833
vn 0.802960 -0.000000 -0.596033
vn 0.743986 -0.000000 -0.668196
vn 0.716264 -0.000000 -0.697829
vn 0.635191 -0.000000 -0.772355
vn 0.610268 -0.000000 -0.792195
vn 0.518122 -0.000000 -0.855306
vn 0.491558 -0.000000 -0.870845
vn 0.404377 -0.000000 -0.914592
vn 0.370146 -0.000000 -0.928974
vn 0.255690 -0.000000 -0.966759
vn 0.214351 -0.000000 -0.976757
vn 0.154513 -0.000000 -0.987991
vn 0.085232 -0.000000 -0.996361
vn 0.069280 -0.000000 -0.997597
vn 0.000000 0.000000 -1.000000
vn 0.000000 0.000000 -1.000000
vn -1.000000 0.000000 0.000000
vn -1.000000 0.000000 0.000000
vn -1.000000 0.000000 0.000000
vn -1.000000 0.000000 0.000000
vn -1.000000 0.000000 0.000000
vn -1.000000 0.000000 0.000000
vn -1.000000 0.000000 0.000000
vn -1.000000 0.000000 0.000000
vn -1.000000 0.000000 0.000000
vn -1.000000 0.000000 0.000000
vn -1.000000 0.000000 0.000000
vn -1.000000 0.000000 0.000000
vn -1.000000 0.000000 0.000000
vn -1.000000 0.000000 0.000000
vn -1.000000 0.000000 0.000000
vn -1.000000 0.000000 0.000000
vn -1.000000 0.000000 0.000000
vn -1.000000 0.000000 0.000000
vn -1.000000 0.000000 0.000000
vn -1.000000 0.000000 0.000000
vn -1.000000 0.000000 0.000000
vn -1.000000 0.000000 0.000000
vn -1.000000 0.000000 0.000000
vn -1.000000 0.000000 0.000000
vn -1.000000 0.000000 0.000000
vn -1.000000 0.000000 0.000000
vn -1.000000 0.000000 0.000000
vn -1.000000 0.000000 0.000000
vn -1.000000 0.000000 0.000000
vn -1.000000 0.000000 0.000000
vn -1.000000 0.000000 0.000000
vn -1.000000 0.000000 0.000000
vn -1.000000 0.000000 0.000000
vn -1.000000 0.000000 0.000000
vn -1.000000 0.000000 0.000000
vn -1.000000 0.000000 0.000000
vn -1.000000 0.000000 0.000000
vn -1.000000 0.000000 0.000000
vn -1.000000 0.000000 0.000000
vn -1.000000 0.000000 0.000000
vn -1.000000 0.000000 0.000000
vn -1.000000 0.000000 0.000000
vn -1.000000 0.000000 0.000000
vn -1.000000 0.000000 0.000000
vn -1.000000 0.000000 0.000000
vn -1.000000 0.000000 0.000000
vn -1.000000 0.000000 0.000000
vn -1.000000 0.000000 0.000000
vn -1.000000 0.000000 0.000000
vn -1.000000 0.000000 0.000000
vn -1.000000 0.000000 0.000000
vn -1.000000 0.000000 0.000000
vn -1.000000 0.000000 0.000000
vn -1.000000 0.000000 0.000000
vn -1.000000 0.000000 0.000000
vn -1.000000 0.000000 0.000000
vn -1.000000 0.000000 0.000000
vn -1.000000 0.000000 0.000000
vn -1.000000 0.000000 0.000000
vn -1.000000 0.000000 0.000000
vn -1.000000 0.000000 0.000000
vn -1.000000 0.000000 0.000000
vn -1.000000 0.000000 0.000000
vn -1.000000 0.000000 0.000000
vn -1.000000 0.000000 0.000000
vn -1.000000 0.000000 0.000000
vn -1.000000 0.000000 0.000000
vn -1.000000 0.000000 0.000000
vn -1.000000 0.000000 0.000000
vn -1.000000 0.000000 0.000000
vn -1.000000 0.000000 0.000000
vn -1.000000 0.000000 0.000000
vn -1.000000 0.000000 0.000000
vn -1.000000 0.000000 0.000000
vn -1.000000 0.000000 0.000000
vn -1.000000 0.000000 0.000000
vn -1.000000 0.000000 0.000000
vn -1.000000 0.000000 0.000000
vn -1.000000 0.000000 0.000000
vn -1.000000 0.000000 0.000000
vn -1.000000 0.000000 0.000000
vn -1.000000 0.000000 0.000000
vn -1.000000 0.000000 0.000000
vn -1.000000 0.000000 0.000000
vn -1.000000 0.000000 0.000000
vn -1.000000 0.000000 0.000000
vn -1.000000 0.000000 0.000000
vn -1.000000 0.000000 0.000000
vn -1.000000 0.000000 0.000000
vn -1.000000 0.000000 0.000000
vn -1.000000 0.000000 0.000000
vn -1.000000 0.000000 0.000000
vn -1.000000 0.000000 0.000000
vn -1.000000 0.000000 0.000000
vn -1.000000 0.000000 0.000000
vn -1.000000 0.000000 0.000000
vn -1.000000 0.000000 0.000000
vn -1.000000 0.000000 0.000000
vn -1.000000 0.000000 0.000000
vn -1.000000 0.000000 0.000000
vn -1.000000 0.000000 0.000000
vn -1.000000 0.000000 0.000000
vn -1.000000 0.000000 0.000000
vn -1.000000 0.000000 0.000000
vn -1.000000 0.000000 0.000000
vn -1.000000 0.000000 0.000000
vn -1.000000 0.000000 0.000000
vn -1.000000 0.000000 0.000000
vn -1.000000 0.000000 0.000000
vn -1.000000 0.000000 0.000000
vn -1.000000 0.000000 0.000000
vn -1.000000 0.000000 0.000000
vn -1.000000 0.000000 0.000000
vn -1.000000 0.000000 0.000000
vn -1.000000 0.000000 0.000000
vn -1.000000 0.000000 0.000000
vn -1.000000 0.000000 0.000000
vn -1.000000 0.000000 0.000000
vn -1.000000 0.000000 0.000000
vn -1.000000 0.000000 0.000000
vn -1.000000 0.000000 0.000000
vn -1.000000 0.000000 0.000000
vn -1.000000 0.000000 0.000000
vn -1.000000 0.000000 0.000000
vn -1.000000 0.000000 0.000000
vn -1.000000 0.000000 0.000000
vn -1.000000 0.000000 0.000000
vn -1.000000 0.000000 0.000000
vn -1.000000 0.000000 0.000000
vn -1.000000 0.000000 0.000000
vn -1.000000 0.000000 0.000000
vn -1.000000 0.000000 0.000000
vn -1.000000 0.000000 0.000000
vn -1.000000 0.000000 0.000000
vn -1.000000 0.000000 0.000000
vn -0.069280 -0.000000 -0.997597
vn -0.105895 -0.000000 -0.994377
vn -0.154513 -0.000000 -0.987991
vn -0.254480 -0.000000 -0.967078
vn -0.255690 -0.000000 -0.966759
vn -0.370146 -0.000000 -0.928974
vn -0.450033 -0.000000 -0.893012
vn -0.491558 -0.000000 -0.870845
vn -0.561634 -0.000000 -0.827385
vn -0.610268 -0.000000 -0.792195
vn -0.673330 -0.000000 -0.739342
vn -0.716264 -0.000000 -0.697829
vn -0.802960 -0.000000 -0.596033
vn -0.850286 -0.000000 -0.526321
vn -0.915820 -0.000000 -0.401588
vn -0.947259 -0.000000 -0.320468
vn -0.970155 -0.000000 -0.242486
vn -0.988994 -0.000000 -0.147958
vn -0.993473 -0.000000 -0.114068
vn -1.000000 -0.000000 -0.000000
vn -1.000000 -0.000000 -0.000000
vn 0.000000 1.000000 0.000000
vn 0.000000 1.000000 0.000000
vn 0.000000 1.000000 0.000000
vn 0.000000 1.000000 0.000000
vn 1.000000 0.000000 -0.000000
vn 1.000000 0.000000 -0.000000
vn 1.000000 0.000000 -0.000000
vn 1.000000 0.000000 -0.000000
vn 1.000000 0.000000 -0.000000
vn 1.000000 0.000000 -0.000000
vn 1.000000 0.000000 -0.000000
vn 1.000000 0.000000 -0.000000
vn 1.000000 0.000000 -0.000000
vn 1.000000 0.000000 -0.000000
vn 1.000000 0.000000 -0.000000
vn 1.000000 0.000000 -0.000000
vn 1.000000 0.000000 -0.000000
vn 1.000000 0.000000 -0.000000
vn 1.000000 0.000000 -0.000000
vn 1.000000 0.000000 -0.000000
vn 1.000000 0.000000 -0.000000
vn 1.000000 0.000000 -0.000000
vn 1.000000 0.000000 -0.000000
vn 1.000000 0.000000 -0.000000
vn 1.000000 0.000000 -0.000000
vn 1.000000 0.000000 -0.000000
vn 1.000000 0.000000 -0.000000
vn 1.000000 0.000000 -0.000000
vn 1.000000 0.000000 -0.000000
vn 1.000000 0.000000 -0.000000
vn 1.000000 0.000000 -0.000000
vn 1.000000 0.000000 -0.000000
vn 1.000000 0.000000 -0.000000
vn 1.000000 0.000000 -0.000000
vn 1.000000 0.000000 -0.000000
vn 1.000000 0.000000 -0.000000
vn 1.000000 0.000000 -0.000000
vn 1.000000 0.000000 -0.000000
vn 1.000000 0.000000 -0.000000
vn 1.000000 0.000000 -0.000000
vn 1.000000 0.000000 -0.000000
vn 1.000000 0.000000 -0.000000
vn 1.000000 0.000000 -0.000000
vn 1.000000 0.000000 -0.000000
vn 1.000000 0.000000 -0.000000
vn 1.000000 0.000000 -0.000000
vn 1.000000 0.000000 -0.000000
vn 1.000000 0.000000 -0.000000
vn 1.000000 0.000000 -0.000000
vn 1.000000 0.000000 -0.000000
vn 1.000000 0.000000 -0.000000
vn 1.000000 0.000000 -0.000000
vn 1.000000 0.000000 -0.000000
vn 1.000000 0.000000 -0.000000
vn 1.000000 0.000000 -0.000000
vn 1.000000 0.000000 -0.000000
vn 1.000000 0.000000 -0.000000
vn 1.000000 0.000000 -0.000000
vn 1.000000 0.000000 -0.000000
vn 1.000000 0.000000 -0.000000
vn 1.000000 0.000000 -0.000000
vn 1.000000 0.000000 -0.000000
vn 1.000000 0.000000 -0.000000
vn 1.000000 0.000000 -0.000000
vn 1.000000 0.000000 -0.000000
vn 1.000000 0.000000 -0.000000
vn 1.000000 0.000000 -0.000000
vn 1.000000 0.000000 -0.000000
vn 1.000000 0.000000 -0.000000
vn 1.000000 0.000000 -0.000000
vn 1.000000 0.000000 -0.000000
vn 1.000000 0.000000 -0.000000
vn 1.000000 0.000000 -0.000000
vn 1.000000 0.000000 -0.000000
vn 1.000000 0.000000 -0.000000
vn 1.000000 0.000000 -0.000000
vn 1.000000 0.000000 -0.000000
vn 1.000000 0.000000 -0.000000
vn 1.000000 0.000000 -0.000000
vn 1.000000 0.000000 -0.000000
vn 1.000000 0.000000 -0.000000
vn 1.000000 0.000000 -0.000000
vn 1.000000 0.000000 -0.000000
vn 1.000000 0.000000 -0.000000
vn 1.000000 0.000000 -0.000000
vn 1.000000 0.000000 -0.000000
vn 1.000000 0.000000 -0.000000
vn 1.000000 0.000000 -0.000000
vn 1.000000 0.000000 -0.000000
vn 1.000000 0.000000 -0.000000
vn 1.000000 0.000000 -0.000000
vn 1.000000 0.000000 -0.000000
vn 1.000000 0.000000 -0.000000
vn 1.000000 0.000000 -0.000000
vn 1.000000 0.000000 -0.000000
vn 1.000000 0.000000 -0.000000
vn 1.000000 0.000000 -0.000000
vn 1.000000 0.000000 -0.000000
vn 1.000000 0.000000 -0.000000
vn 1.000000 0.000000 -0.000000
vn 1.000000 0.000000 -0.000000
vn 1.000000 0.000000 -0.000000
vn 1.000000 0.000000 -0.000000
vn 1.000000 0.000000 -0.000000
vn 1.000000 0.000000 -0.000000
vn 1.000000 0.000000 -0.000000
vn 1.000000 0.000000 -0.000000
vn 1.000000 0.000000 -0.000000
vn 1.000000 0.000000 -0.000000
vn 1.000000 0.000000 -0.000000
vn 1.000000 0.000000 -0.000000
vn 1.000000 0.000000 -0.000000
vn 1.000000 0.000000 -0.000000
vn 1.000000 0.000000 -0.000000
vn 1.000000 0.000000 -0.000000
vn 1.000000 0.000000 -0.000000
vn 1.000000 0.000000 -0.000000
vn 1.000000 0.000000 -0.000000
vn 1.000000 0.000000 -0.000000
vn 1.000000 0.000000 -0.000000
vn 1.000000 0.000000 -0.000000
vn 1.000000 0.000000 -0.000000
vn 1.000000 0.000000 -0.000000
vn 1.000000 0.000000 -0.000000
vn 1.000000 0.000000 -0.000000
vn 1.000000 0.000000 -0.000000
vn 1.000000 0.000000 -0.000000
vn 1.000000 0.000000 -0.000000
vn 1.000000 0.000000 -0.000000
vn 1.000000 0.000000 -0.000000
vn 1.000000 0.000000 -0.000000
vn 1.000000 0.000000 -0.000000
vn 1.000000 0.000000 -0.000000
vn 1.000000 0.000000 -0.000000
vn 1.000000 0.000000 -0.000000
vn 1.000000 0.000000 -0.000000
vn 1.000000 0.000000 -0.000000
vn 1.000000 0.000000 -0.000000
vn 1.000000 0.000000 -0.000000
vn 0.000000 0.999977 0.006819
vn 0.000000 0.999906 0.013675
vn 0.000000 0.999789 0.020565
vn 0.000000 0.979928 0.199350
vn 0.000000 0.983205 0.182505
vn 0.000000 0.945729 0.324956
vn 0.000000 0.929494 0.368836
vn 0.000000 0.906110 0.423043
vn 0.000000 0.877647 0.479307
vn 0.000000 0.876627 0.481171
vn 0.000000 0.866760 0.498726
vn 0.000000 0.859915 0.510438
vn 0.000000 0.848429 0.529310
vn 0.000000 0.852305 0.523045
vn 0.000000 0.849222 0.528037
vn 0.000000 0.848429 0.529310
vn 0.000000 0.847277 0.531151
vn 0.000000 0.848680 0.528907
vn 0.000000 0.864682 0.502319
vn 0.000000 0.872523 0.488574
vn 0.000000 0.898572 0.438826
vn 0.000000 0.915642 0.401996
vn 0.000000 0.938300 0.345822
vn 0.000000 0.962580 0.270999
vn 0.000000 0.970690 0.240336
vn 0.000000 0.989675 0.143331
vn 0.000000 0.990145 0.140043
vn 0.000000 0.998201 0.059964
vn 0.000000 0.998636 0.052217
vn 0.000000 0.999961 0.008854
vn 0.000000 0.999985 0.005539
vn 0.000000 0.999891 -0.014731
vn 0.000000 0.999896 -0.014423
vn 0.000000 0.999737 -0.022934
vn 0.000000 0.848964 0.528451
vn 0.000000 0.848429 0.529310
vn 0.000000 0.851264 0.524738
vn 0.000000 0.857712 0.514130
vn 0.000000 0.863810 0.503818
vn 0.000000 0.877648 0.479305
vn 0.000000 0.872811 0.488059
vn 0.000000 0.885440 0.464755
vn 0.000000 0.901568 0.432637
vn 0.000000 0.929497 0.368830
vn 0.000000 0.941882 0.335945
vn 0.000000 0.979926 0.199362
vn 0.000000 0.981766 0.190094
vn 0.000000 0.999789 0.020565
vn 0.000000 0.999906 0.013675
vn 0.000000 0.999977 0.006819
vn 0.000000 0.999721 -0.023613
vn 0.000000 0.999689 -0.024920
vn 0.000000 0.999699 -0.024543
vn 0.000000 0.999759 -0.021953
vn 0.000000 0.999813 -0.019343
vn 0.000000 0.999884 -0.015225
vn 0.000000 0.999945 -0.010479
vn 0.000000 0.999973 -0.007409
vn 0.000000 0.999996 -0.002737
vn 0.000000 0.999999 -0.001685
vn 0.000000 1.000000 0.000000
vn 0.000000 1.000000 0.000000
vn 0.000000 1.000000 0.000000
vn 0.000000 1.000000 0.000000
vn 0.999999 -0.000000 -0.001015
vn 0.999999 -0.000000 -0.001359
vn 0.997445 -0.000000 -0.071435
vn 0.999999 -0.000000 -0.001015
vn 0.995976 -0.000000 -0.089623
vn 0.989296 -0.000000 -0.145925
vn 0.990381 -0.000000 -0.138367
vn 0.985549 -0.000000 -0.169390
vn 0.985130 -0.000000 -0.171811
vn 0.985505 -0.000000 -0.169649
vn 0.991650 -0.000000 -0.128962
vn 0.993266 -0.000000 -0.115858
vn 0.999922 -0.000000 -0.012454
vn 0.999990 -0.000000 0.004503
vn 0.986802 -0.000000 0.161930
vn 0.984991 -0.000000 0.172607
vn 0.944960 -0.000000 0.327185
vn 0.942955 -0.000000 0.332919
vn 0.902062 -0.000000 0.431606
vn 0.903411 -0.000000 0.428775
vn 0.882652 -0.000000 0.470027
vn 0.880695 -0.000000 0.473683
vn 0.881268 -0.000000 0.472616
vn 0.920273 -0.000000 0.391277
vn 0.898858 -0.000000 0.438241
vn 0.934207 -0.000000 0.356732
vn 0.970434 -0.000000 0.241366
vn 0.976315 -0.000000 0.216352
vn -0.999999 0.000000 -0.001015
vn -0.999999 0.000000 -0.001359
vn -0.997445 0.000000 -0.071435
vn -0.996915 0.000000 -0.078483
vn -0.999999 0.000000 -0.001015
vn -0.992427 0.000000 -0.122839
vn -0.989296 0.000000 -0.145925
vn -0.987561 0.000000 -0.157234
vn -0.984720 0.000000 -0.174147
vn -0.985130 0.000000 -0.171811
vn -0.986794 0.000000 -0.161980
vn -0.991650 0.000000 -0.128962
vn -0.994684 0.000000 -0.102977
vn -0.999922 0.000000 -0.012454
vn -0.999971 0.000000 0.007677
vn -0.986802 0.000000 0.161930
vn -0.987870 0.000000 0.155286
vn -0.948476 0.000000 0.316850
vn -0.944960 0.000000 0.327185
vn -0.902325 0.000000 0.431057
vn -0.902062 0.000000 0.431606
vn -0.880695 0.000000 0.473683
vn -0.880322 0.000000 0.474376
vn -0.889004 0.000000 0.457899
vn -0.920273 0.000000 0.391277
vn -0.923230 0.000000 0.384249
vn -0.970434 0.000000 0.241366
vn -0.970500 0.000000 0.241100
vn 1.000000 -0.000000 -0.000000
vn 1.000000 -0.000000 -0.000000
vn 1.000000 -0.000000 -0.000000
vn 1.000000 -0.000000 -0.000000
vn 1.000000 -0.000000 -0.000000
vn 1.000000 -0.000000 -0.000000
vn 1.000000 -0.000000 -0.000000
vn 1.000000 -0.000000 -0.000000
vn 1.000000 -0.000000 -0.000000
vn 1.000000 -0.000000 -0.000000
vn 1.000000 -0.000000 -0.000000
vn 1.000000 -0.000000 -0.000000
vn 1.000000 -0.000000 -0.000000
vn 1.000000 -0.000000 -0.000000
vn 1.000000 -0.000000 -0.000000
vn 1.000000 -0.000000 -0.000000
vn 1.000000 -0.000000 -0.000000
vn 1.000000 -0.000000 -0.000000
vn 1.000000 -0.000000 -0.000000
vn 1.000000 -0.000000 -0.000000
vn 1.000000 -0.000000 -0.000000
vn 1.000000 -0.000000 -0.000000
vn 1.000000 -0.000000 -0.000000
vn 1.000000 -0.000000 -0.000000
vn 1.000000 -0.000000 -0.000000
vn 1.000000 -0.000000 -0.000000
vn 1.000000 -0.000000 -0.000000
vn 1.000000 -0.000000 -0.000000
vn 1.000000 -0.000000 -0.000000
vn 1.000000 -0.000000 -0.000000
vn 1.000000 -0.000000 -0.000000
vn 1.000000 -0.000000 -0.000000
vn 1.000000 -0.000000 -0.000000
vn 1.000000 -0.000000 -0.000000
vn 1.000000 -0.000000 -0.000000
vn 1.000000 -0.000000 -0.000000
vn 1.000000 -0.000000 -0.000000
vn 1.000000 -0.000000 -0.000000
vn 1.000000 -0.000000 -0.000000
vn 1.000000 -0.000000 -0.000000
vn 1.000000 -0.000000 -0.000000
vn 1.000000 -0.000000 -0.000000
vn 1.000000 -0.000000 -0.000000
vn 1.000000 -0.000000 -0.000000
vn 1.000000 -0.000000 -0.000000
vn 1.000000 -0.000000 -0.000000
vn 1.000000 -0.000000 -0.000000
vn 1.000000 -0.000000 -0.000000
vn 1.000000 -0.000000 -0.000000
vn 1.000000 -0.000000 -0.000000
vn 1.000000 -0.000000 -0.000000
vn 1.000000 -0.000000 -0.000000
vn 1.000000 -0.000000 -0.000000
vn 1.000000 -0.000000 -0.000000
vn 1.000000 -0.000000 -0.000000
vn 1.000000 -0.000000 -0.000000
vn 1.000000 -0.000000 -0.000000
vn 1.000000 -0.000000 -0.000000
vn 1.000000 -0.000000 -0.000000
vn 1.000000 -0.000000 -0.000000
vn 1.000000 -0.000000 -0.000000
vn 1.000000 -0.000000 -0.000000
vn 1.000000 -0.000000 -0.000000
vn 1.000000 -0.000000 -0.000000
vn 1.000000 -0.000000 -0.000000
vn 1.000000 -0.000000 -0.000000
vn 1.000000 -0.000000 -0.000000
vn 1.000000 -0.000000 -0.000000
vn 1.000000 -0.000000 -0.000000
vn 1.000000 -0.000000 -0.000000
vn 1.000000 -0.000000 -0.000000
vn 1.000000 -0.000000 -0.000000
vn 1.000000 -0.000000 -0.000000
vn 1.000000 -0.000000 -0.000000
vn 1.000000 -0.000000 -0.000000
vn 1.000000 -0.000000 -0.000000
vn 1.000000 -0.000000 -0.000000
vn 1.000000 -0.000000 -0.000000
vn 1.000000 -0.000000 -0.000000
vn 1.000000 -0.000000 -0.000000
vn 1.000000 -0.000000 -0.000000
vn 1.000000 -0.000000 -0.000000
vn 1.000000 -0.000000 -0.000000
vn 1.000000 -0.000000 -0.000000
vn 1.000000 -0.000000 -0.000000
vn 1.000000 -0.000000 -0.000000
vn 1.000000 -0.000000 -0.000000
vn 1.000000 -0.000000 -0.000000
vn 1.000000 -0.000000 -0.000000
vn 1.000000 -0.000000 -0.000000
vn 1.000000 -0.000000 -0.000000
vn 1.000000 -0.000000 -0.000000
vn 1.000000 -0.000000 -0.000000
vn 1.000000 -0.000000 -0.000000
vn 1.000000 -0.000000 -0.000000
vn 1.000000 -0.000000 -0.000000
vn 1.000000 -0.000000 -0.000000
vn 1.000000 -0.000000 -0.000000
vn 1.000000 -0.000000 -0.000000
vn 1.000000 -0.000000 -0.000000
vn 1.000000 -0.000000 -0.000000
vn 1.000000 -0.000000 -0.000000
vn 1.000000 -0.000000 -0.000000
vn 1.000000 -0.000000 -0.000000
vn 1.000000 -0.000000 -0.000000
vn 1.000000 -0.000000 -0.000000
vn 1.000000 -0.000000 -0.000000
vn 1.000000 -0.000000 -0.000000
vn 1.000000 -0.000000 -0.000000
vn 1.000000 -0.000000 -0.000000
vn 1.000000 -0.000000 -0.000000
vn 1.000000 -0.000000 -0.000000
vn 1.000000 -0.000000 -0.000000
vn 1.000000 -0.000000 -0.000000
vn 1.000000 -0.000000 -0.000000
vn 1.000000 -0.000000 -0.000000
vn 1.000000 -0.000000 -0.000000
vn 1.000000 -0.000000 -0.000000
vn 1.000000 -0.000000 -0.000000
vn 1.000000 -0.000000 -0.000000
vn 1.000000 -0.000000 -0.000000
vn 1.000000 -0.000000 -0.000000
vn 1.000000 -0.000000 -0.000000
vn 1.000000 -0.000000 -0.000000
vn 1.000000 -0.000000 -0.000000
vn 1.000000 -0.000000 -0.000000
vn 1.000000 -0.000000 -0.000000
vn 1.000000 -0.000000 -0.000000
vn 1.000000 -0.000000 -0.000000
vn 1.000000 -0.000000 -0.000000
vn 1.000000 -0.000000 -0.000000
vn 1.000000 -0.000000 -0.000000
vn -1.000000 -0.000000 0.000000
vn -1.000000 -0.000000 0.000000
vn -1.000000 -0.000000 0.000000
vn -1.000000 -0.000000 0.000000
vn -1.000000 -0.000000 0.000000
vn -1.000000 -0.000000 0.000000
vn -1.000000 -0.000000 0.000000
vn -1.000000 -0.000000 0.000000
vn -1.000000 -0.000000 0.000000
vn -1.000000 -0.000000 0.000000
vn -1.000000 -0.000000 0.000000
vn -1.000000 -0.000000 0.000000
vn -1.000000 -0.000000 0.000000
vn -1.000000 -0.000000 0.000000
vn -1.000000 -0.000000 0.000000
vn -1.000000 -0.000000 0.000000
vn -1.000000 -0.000000 0.000000
vn -1.000000 -0.000000 0.000000
vn -1.000000 -0.000000 0.000000
vn -1.000000 -0.000000 0.000000
vn -1.000000 -0.000000 0.000000
vn -1.000000 -0.000000 0.000000
vn -1.000000 -0.000000 0.000000
vn -1.000000 -0.000000 0.000000
vn -1.000000 -0.000000 0.000000
vn -1.000000 -0.000000 0.000000
vn -1.000000 -0.000000 0.000000
vn -1.000000 -0.000000 0.000000
vn -1.000000 -0.000000 0.000000
vn -1.000000 -0.000000 0.000000
vn -1.000000 -0.000000 0.000000
vn -1.000000 -0.000000 0.000000
vn -1.000000 -0.000000 0.000000
vn -1.000000 -0.000000 0.000000
vn -1.000000 -0.000000 0.000000
vn -1.000000 -0.000000 0.000000
vn -1.000000 -0.000000 0.000000
vn -1.000000 -0.000000 0.000000
vn -1.000000 -0.000000 0.000000
vn -1.000000 -0.000000 0.000000
vn -1.000000 -0.000000 0.000000
vn -1.000000 -0.000000 0.000000
vn -1.000000 -0.000000 0.000000
vn -1.000000 -0.000000 0.000000
vn -1.000000 -0.000000 0.000000
vn -1.000000 -0.000000 0.000000
vn -1.000000 -0.000000 0.000000
vn -1.000000 -0.000000 0.000000
vn -1.000000 -0.000000 0.000000
vn -1.000000 -0.000000 0.000000
vn -1.000000 -0.000000 0.000000
vn -1.000000 -0.000000 0.000000
vn -1.000000 -0.000000 0.000000
vn -1.000000 -0.000000 0.000000
vn -1.000000 -0.000000 0.000000
vn -1.000000 -0.000000 0.000000
vn -1.000000 -0.000000 0.000000
vn -1.000000 -0.000000 0.000000
vn -1.000000 -0.000000 0.000000
vn -1.000000 -0.000000 0.000000
vn -1.000000 -0.000000 0.000000
vn -1.000000 -0.000000 0.000000
vn -1.000000 -0.000000 0.000000
vn -1.000000 -0.000000 0.000000
vn -1.000000 -0.000000 0.000000
vn -1.000000 -0.000000 0.000000
vn -1.000000 -0.000000 0.000000
vn -1.000000 -0.000000 0.000000
vn -1.000000 -0.000000 0.000000
vn -1.000000 -0.000000 0.000000
vn -1.000000 -0.000000 0.000000
vn -1.000000 -0.000000 0.000000
vn -1.000000 -0.000000 0.000000
vn -1.000000 -0.000000 0.000000
vn -1.000000 -0.000000 0.000000
vn -1.000000 -0.000000 0.000000
vn -1.000000 -0.000000 0.000000
vn -1.000000 -0.000000 0.000000
vn -1.000000 -0.000000 0.000000
vn -1.000000 -0.000000 0.000000
vn -1.000000 -0.000000 0.000000
vn -1.000000 -0.000000 0.000000
vn -1.000000 -0.000000 0.000000
vn -1.000000 -0.000000 0.000000
vn -1.000000 -0.000000 0.000000
vn -1.000000 -0.000000 0.000000
vn -1.000000 -0.000000 0.000000
vn -1.000000 -0.000000 0.000000
vn -1.000000 -0.000000 0.000000
vn -1.000000 -0.000000 0.000000
vn -1.000000 -0.000000 0.000000
vn -1.000000 -0.000000 0.000000
vn -1.000000 -0.000000 0.000000
vn -1.000000 -0.000000 0.000000
vn -1.000000 -0.000000 0.000000
vn -1.000000 -0.000000 0.000000
vn -1.000000 -0.000000 0.000000
vn -1.000000 -0.000000 0.000000
vn -1.000000 -0.000000 0.000000
vn -1.000000 -0.000000 0.000000
vn -1.000000 -0.000000 0.000000
vn -1.000000 -0.000000 0.000000
vn -1.000000 -0.000000 0.000000
vn -1.000000 -0.000000 0.000000
vn -1.000000 -0.000000 0.000000
vn -1.000000 -0.000000 0.000000
vn -1.000000 -0.000000 0.000000
vn -1.000000 -0.000000 0.000000
vn -1.000000 -0.000000 0.000000
vn -1.000000 -0.000000 0.000000
vn -1.000000 -0.000000 0.000000
vn -1.000000 -0.000000 0.000000
vn -1.000000 -0.000000 0.000000
vn -1.000000 -0.000000 0.000000
vn -1.000000 -0.000000 0.000000
vn -1.000000 -0.000000 0.000000
vn -1.000000 -0.000000 0.000000
vn -1.000000 -0.000000 0.000000
vn -1.000000 -0.000000 0.000000
vn -1.000000 -0.000000 0.000000
vn -1.000000 -0.000000 0.000000
vn -1.000000 -0.000000 0.000000
vn -1.000000 -0.000000 0.000000
vn -1.000000 -0.000000 0.000000
vn -1.000000 -0.000000 0.000000
vn -1.000000 -0.000000 0.000000
vn -1.000000 -0.000000 0.000000
vn -1.000000 -0.000000 0.000000
vn -1.000000 -0.000000 0.000000
vn -1.000000 -0.000000 0.000000
vn -1.000000 -0.000000 0.000000
vn -1.000000 -0.000000 0.000000
vn 0.000000 -0.766044 -0.642788
vn 0.000000 -0.766044 -0.642788
vn 0.000000 -0.766044 -0.642788
vn 0.000000 -0.766044 -0.642788
vn 0.000000 -0.766044 -0.642788
vn 0.000000 -0.766044 -0.642788
vn 0.000000 -0.766044 -0.642788
vn 0.000000 -0.766044 -0.642788
vn -0.000000 1.000000 -0.000000
vn -0.000000 1.000000 -0.000000
vn -0.000000 1.000000 -0.000000
vn -0.000000 1.000000 -0.000000
vn -0.000000 -0.000000 1.000000
vn -0.000000 -0.000000 1.000000
vn -0.000000 -0.000000 1.000000
vn -0.000000 -0.000000 1.000000
vn -0.000000 -0.000000 1.000000
vn -0.000000 -0.000000 1.000000
vn -0.000000 -0.000000 1.000000
vn -0.000000 -0.000000 1.000000
vn -1.000000 -0.000000 -0.000000
vn -1.000000 -0.000000 -0.000000
vn -1.000000 -0.000000 -0.000000
vn -1.000000 -0.000000 -0.000000
vn -1.000000 -0.000000 -0.000000
vn -1.000000 -0.000000 -0.000000
vn -1.000000 -0.000000 -0.000000
vn -1.000000 -0.000000 -0.000000
vn -1.000000 -0.000000 -0.000000
vn -1.000000 -0.000000 -0.000000
vn -1.000000 -0.000000 -0.000000
vn -1.000000 -0.000000 -0.000000
vn -1.000000 -0.000000 -0.000000
vn -1.000000 -0.000000 -0.000000
vn -1.000000 -0.000000 -0.000000
vn -1.000000 -0.000000 -0.000000
vn -1.000000 -0.000000 -0.000000
vn -1.000000 -0.000000 -0.000000
vn -1.000000 -0.000000 -0.000000
vn -1.000000 -0.000000 -0.000000
vn -1.000000 -0.000000 -0.000000
vn -1.000000 -0.000000 -0.000000
vn -1.000000 -0.000000 -0.000000
vn -1.000000 -0.000000 -0.000000
vn -1.000000 -0.000000 -0.000000
vn -1.000000 -0.000000 -0.000000
vn -1.000000 -0.000000 -0.000000
vn -1.000000 -0.000000 -0.000000
vn -1.000000 -0.000000 -0.000000
vn -1.000000 -0.000000 -0.000000
vn -1.000000 -0.000000 -0.000000
vn -1.000000 -0.000000 -0.000000
vn -1.000000 -0.000000 -0.000000
vn -1.000000 -0.000000 -0.000000
vn -1.000000 -0.000000 -0.000000
vn -1.000000 -0.000000 -0.000000
vn -1.000000 -0.000000 -0.000000
vn -1.000000 -0.000000 -0.000000
vn -1.000000 -0.000000 -0.000000
vn -1.000000 -0.000000 -0.000000
vn -1.000000 -0.000000 -0.000000
vn -1.000000 -0.000000 -0.000000
vn -1.000000 -0.000000 -0.000000
vn -1.000000 -0.000000 -0.000000
vn -1.000000 -0.000000 -0.000000
vn -1.000000 -0.000000 -0.000000
vn -1.000000 -0.000000 -0.000000
vn -1.000000 -0.000000 -0.000000
vn -1.000000 -0.000000 -0.000000
vn -1.000000 -0.000000 -0.000000
vn -1.000000 -0.000000 -0.000000
vn -1.000000 -0.000000 -0.000000
vn 1.000000 -0.000000 -0.000000
vn 1.000000 -0.000000 -0.000000
vn 1.000000 -0.000000 -0.000000
vn 1.000000 -0.000000 -0.000000
vn 1.000000 -0.000000 -0.000000
vn 1.000000 -0.000000 -0.000000
vn 1.000000 -0.000000 -0.000000
vn 1.000000 -0.000000 -0.000000
vn 1.000000 -0.000000 -0.000000
vn 1.000000 -0.000000 -0.000000
vn 1.000000 -0.000000 -0.000000
vn 1.000000 -0.000000 -0.000000
vn 1.000000 -0.000000 -0.000000
vn 1.000000 -0.000000 -0.000000
vn 1.000000 -0.000000 -0.000000
vn 1.000000 -0.000000 -0.000000
vn 1.000000 -0.000000 -0.000000
vn 1.000000 -0.000000 -0.000000
vn 1.000000 -0.000000 -0.000000
vn 1.000000 -0.000000 -0.000000
vn 1.000000 -0.000000 -0.000000
vn 1.000000 -0.000000 -0.000000
vn 1.000000 -0.000000 -0.000000
vn 1.000000 -0.000000 -0.000000
vn 1.000000 -0.000000 -0.000000
vn 1.000000 -0.000000 -0.000000
vn 1.000000 -0.000000 -0.000000
vn 1.000000 -0.000000 -0.000000
vn 1.000000 -0.000000 -0.000000
vn 1.000000 -0.000000 -0.000000
vn 1.000000 -0.000000 -0.000000
vn 1.000000 -0.000000 -0.000000
vn 1.000000 -0.000000 -0.000000
vn 1.000000 -0.000000 -0.000000
vn 1.000000 -0.000000 -0.000000
vn 1.000000 -0.000000 -0.000000
vn 1.000000 -0.000000 -0.000000
vn 1.000000 -0.000000 -0.000000
vn 1.000000 -0.000000 -0.000000
vn 1.000000 -0.000000 -0.000000
vn 1.000000 -0.000000 -0.000000
vn 1.000000 -0.000000 -0.000000
vn 1.000000 -0.000000 -0.000000
vn 1.000000 -0.000000 -0.000000
vn 1.000000 -0.000000 -0.000000
vn 1.000000 -0.000000 -0.000000
vn 1.000000 -0.000000 -0.000000
vn 1.000000 -0.000000 -0.000000
vn 1.000000 -0.000000 -0.000000
vn 1.000000 -0.000000 -0.000000
vn 1.000000 -0.000000 -0.000000
vn 1.000000 -0.000000 -0.000000
vn 0.000000 -0.000000 1.000000
vn 0.000000 -0.000000 1.000000
vn 0.000000 -0.000000 1.000000
vn 0.000000 -0.000000 1.000000
vn 0.000000 1.000000 0.000000
vn 0.000000 1.000000 0.000000
vn 0.000000 1.000000 0.000000
vn 0.000000 1.000000 0.000000
vn 1.000000 -0.000000 -0.000000
vn 1.000000 -0.000000 -0.000000
vn 1.000000 -0.000000 -0.000000
vn 1.000000 -0.000000 -0.000000
vn 1.000000 -0.000000 -0.000000
vn 1.000000 -0.000000 -0.000000
vn 1.000000 -0.000000 -0.000000
vn 1.000000 -0.000000 -0.000000
vn 1.000000 -0.000000 -0.000000
vn 1.000000 -0.000000 -0.000000
vn 1.000000 -0.000000 -0.000000
vn 1.000000 -0.000000 -0.000000
vn 1.000000 -0.000000 -0.000000
vn 1.000000 -0.000000 -0.000000
vn 1.000000 -0.000000 -0.000000
vn 1.000000 -0.000000 -0.000000
vn 1.000000 -0.000000 -0.000000
vn 1.000000 -0.000000 -0.000000
vn 1.000000 -0.000000 -0.000000
vn 1.000000 -0.000000 -0.000000
vn 1.000000 -0.000000 -0.000000
vn 1.000000 -0.000000 -0.000000
vn 1.000000 -0.000000 -0.000000
vn 1.000000 -0.000000 -0.000000
vn 1.000000 -0.000000 -0.000000
vn 1.000000 -0.000000 -0.000000
vn 1.000000 -0.000000 -0.000000
vn 1.000000 -0.000000 -0.000000
vn 1.000000 -0.000000 -0.000000
vn 1.000000 -0.000000 -0.000000
vn 1.000000 -0.000000 -0.000000
vn 1.000000 -0.000000 -0.000000
vn 1.000000 -0.000000 -0.000000
vn 1.000000 -0.000000 -0.000000
vn 1.000000 -0.000000 -0.000000
vn 1.000000 -0.000000 -0.000000
vn 1.000000 -0.000000 -0.000000
vn 1.000000 -0.000000 -0.000000
vn 1.000000 -0.000000 -0.000000
vn 1.000000 -0.000000 -0.000000
vn 1.000000 -0.000000 -0.000000
vn 1.000000 -0.000000 -0.000000
vn 1.000000 -0.000000 -0.000000
vn 1.000000 -0.000000 -0.000000
vn 1.000000 -0.000000 -0.000000
vn 1.000000 -0.000000 -0.000000
vn 1.000000 -0.000000 -0.000000
vn 1.000000 -0.000000 -0.000000
vn 1.000000 -0.000000 -0.000000
vn 1.000000 -0.000000 -0.000000
vn 1.000000 -0.000000 -0.000000
vn 1.000000 -0.000000 -0.000000
vn 1.000000 -0.000000 -0.000000
vn 1.000000 -0.000000 -0.000000
vn 1.000000 -0.000000 -0.000000
vn 1.000000 -0.000000 -0.000000
vn 1.000000 -0.000000 -0.000000
vn 1.000000 -0.000000 -0.000000
vn 1.000000 -0.000000 -0.000000
vn 1.000000 -0.000000 -0.000000
vn 1.000000 -0.000000 -0.000000
vn 1.000000 -0.000000 -0.000000
vn 1.000000 -0.000000 -0.000000
vn 1.000000 -0.000000 -0.000000
vn 1.000000 -0.000000 -0.000000
vn 1.000000 -0.000000 -0.000000
vn 1.000000 -0.000000 -0.000000
vn 1.000000 -0.000000 -0.000000
vn 1.000000 -0.000000 -0.000000
vn 1.000000 -0.000000 -0.000000
vn 1.000000 -0.000000 -0.000000
vn 1.000000 -0.000000 -0.000000
vn 1.000000 -0.000000 -0.000000
vn 1.000000 -0.000000 -0.000000
vn 1.000000 -0.000000 -0.000000
vn 1.000000 -0.000000 -0.000000
vn 1.000000 -0.000000 -0.000000
vn 1.000000 -0.000000 -0.000000
vn 1.000000 -0.000000 -0.000000
vn 1.000000 -0.000000 -0.000000
vn 1.000000 -0.000000 -0.000000
vn 1.000000 -0.000000 -0.000000
vn 1.000000 -0.000000 -0.000000
vn 1.000000 -0.000000 -0.000000
vn 1.000000 -0.000000 -0.000000
vn 1.000000 -0.000000 -0.000000
vn 1.000000 -0.000000 -0.000000
vn 1.000000 -0.000000 -0.000000
vn 1.000000 -0.000000 -0.000000
vn 1.000000 -0.000000 -0.000000
vn 1.000000 -0.000000 -0.000000
vn 1.000000 -0.000000 -0.000000
vn 1.000000 -0.000000 -0.000000
vn 1.000000 -0.000000 -0.000000
vn 1.000000 -0.000000 -0.000000
vn 1.000000 -0.000000 -0.000000
vn -1.000000 -0.000000 -0.000000
vn -1.000000 -0.000000 -0.000000
vn -1.000000 -0.000000 -0.000000
vn -1.000000 -0.000000 -0.000000
vn -1.000000 -0.000000 -0.000000
vn -1.000000 -0.000000 -0.000000
vn -1.000000 -0.000000 -0.000000
vn -1.000000 -0.000000 -0.000000
vn -1.000000 -0.000000 -0.000000
vn -1.000000 -0.000000 -0.000000
vn -1.000000 -0.000000 -0.000000
vn -1.000000 -0.000000 -0.000000
vn -1.000000 -0.000000 -0.000000
vn -1.000000 -0.000000 -0.000000
vn -1.000000 -0.000000 -0.000000
vn -1.000000 -0.000000 -0.000000
vn -1.000000 -0.000000 -0.000000
vn -1.000000 -0.000000 -0.000000
vn -1.000000 -0.000000 -0.000000
vn -1.000000 -0.000000 -0.000000
vn -1.000000 -0.000000 -0.000000
vn -1.000000 -0.000000 -0.000000
vn -1.000000 -0.000000 -0.000000
vn -1.000000 -0.000000 -0.000000
vn -1.000000 -0.000000 -0.000000
vn -1.000000 -0.000000 -0.000000
vn -1.000000 -0.000000 -0.000000
vn -1.000000 -0.000000 -0.000000
vn -1.000000 -0.000000 -0.000000
vn -1.000000 -0.000000 -0.000000
vn -1.000000 -0.000000 -0.000000
vn -1.000000 -0.000000 -0.000000
vn -1.000000 -0.000000 -0.000000
vn -1.000000 -0.000000 -0.000000
vn -1.000000 -0.000000 -0.000000
vn -1.000000 -0.000000 -0.000000
vn -1.000000 -0.000000 -0.000000
vn -1.000000 -0.000000 -0.000000
vn -1.000000 -0.000000 -0.000000
vn -1.000000 -0.000000 -0.000000
vn -1.000000 -0.000000 -0.000000
vn -1.000000 -0.000000 -0.000000
vn -1.000000 -0.000000 -0.000000
vn -1.000000 -0.000000 -0.000000
vn -1.000000 -0.000000 -0.000000
vn -1.000000 -0.000000 -0.000000
vn -1.000000 -0.000000 -0.000000
vn -1.000000 -0.000000 -0.000000
vn -1.000000 -0.000000 -0.000000
vn -1.000000 -0.000000 -0.000000
vn -1.000000 -0.000000 -0.000000
vn -1.000000 -0.000000 -0.000000
vn -1.000000 -0.000000 -0.000000
vn -1.000000 -0.000000 -0.000000
vn -1.000000 -0.000000 -0.000000
vn -1.000000 -0.000000 -0.000000
vn -1.000000 -0.000000 -0.000000
vn -1.000000 -0.000000 -0.000000
vn -1.000000 -0.000000 -0.000000
vn -1.000000 -0.000000 -0.000000
vn -1.000000 -0.000000 -0.000000
vn -1.000000 -0.000000 -0.000000
vn -1.000000 -0.000000 -0.000000
vn -1.000000 -0.000000 -0.000000
vn -1.000000 -0.000000 -0.000000
vn -1.000000 -0.000000 -0.000000
vn -1.000000 -0.000000 -0.000000
vn -1.000000 -0.000000 -0.000000
vn -1.000000 -0.000000 -0.000000
vn -1.000000 -0.000000 -0.000000
vn -1.000000 -0.000000 -0.000000
vn -1.000000 -0.000000 -0.000000
vn -1.000000 -0.000000 -0.000000
vn -1.000000 -0.000000 -0.000000
vn -1.000000 -0.000000 -0.000000
vn -1.000000 -0.000000 -0.000000
vn -1.000000 -0.000000 -0.000000
vn -1.000000 -0.000000 -0.000000
vn -1.000000 -0.000000 -0.000000
vn -1.000000 -0.000000 -0.000000
vn -1.000000 -0.000000 -0.000000
vn -1.000000 -0.000000 -0.000000
vn -1.000000 -0.000000 -0.000000
vn -1.000000 -0.000000 -0.000000
vn -1.000000 -0.000000 -0.000000
vn -1.000000 -0.000000 -0.000000
vn -1.000000 -0.000000 -0.000000
vn -1.000000 -0.000000 -0.000000
vn -1.000000 -0.000000 -0.000000
vn -1.000000 -0.000000 -0.000000
vn -1.000000 -0.000000 -0.000000
vn -1.000000 -0.000000 -0.000000
vn -1.000000 -0.000000 -0.000000
vn -1.000000 -0.000000 -0.000000
vn -1.000000 -0.000000 -0.000000
vn -1.000000 -0.000000 -0.000000
usemtl Stahl_-_satiniert
f 2/1/1 48/2/2 1/3/3
f 1/3/3 48/2/2 25/4/4
f 1/3/3 25/4/4 24/5/5
f 24/5/5 25/4/4 26/6/6
f 24/5/5 26/6/6 23/7/7
f 23/7/7 26/6/6 27/8/8
f 23/7/7 27/8/8 22/9/9
f 22/9/9 27/8/8 28/10/10
f 22/9/9 28/10/10 21/11/11
f 21/11/11 28/10/10 29/12/12
f 21/11/11 29/12/12 20/13/13
f 20/13/13 29/12/12 30/14/14
f 20/13/13 30/14/14 19/15/15
f 19/15/15 30/14/14 31/16/16
f 19/15/15 31/16/16 18/17/17
f 18/17/17 31/16/16 32/18/18
f 18/17/17 32/18/18 17/19/19
f 17/19/19 32/18/18 33/20/20
f 17/19/19 33/20/20 16/21/21
f 16/21/21 33/20/20 34/22/22
f 16/21/21 34/22/22 15/23/23
f 15/23/23 34/22/22 35/24/24
f 15/23/23 35/24/24 14/25/25
f 14/25/25 35/24/24 36/26/26
f 14/25/25 36/26/26 13/27/27
f 13/27/27 36/26/26 37/28/28
f 13/29/27 37/30/28 12/31/29
f 12/31/29 37/30/28 38/32/30
f 12/31/29 38/32/30 11/33/31
f 11/33/31 38/32/30 39/34/32
f 11/33/31 39/34/32 10/35/33
f 10/35/33 39/34/32 40/36/34
f 10/35/33 40/36/34 9/37/35
f 9/37/35 40/36/34 41/38/36
f 9/37/35 41/38/36 8/39/37
f 8/39/37 41/38/36 42/40/38
f 8/39/37 42/40/38 7/41/39
f 7/41/39 42/40/38 43/42/40
f 7/41/39 43/42/40 6/43/41
f 6/43/41 43/42/40 44/44/42
f 6/43/41 44/44/42 5/45/43
f 5/45/43 44/44/42 45/46/44
f 5/45/43 45/46/44 4/47/45
f 4/47/45 45/46/44 46/48/46
f 4/47/45 46/48/46 3/49/47
f 3/49/47 46/48/46 47/50/48
f 3/49/47 47/50/48 2/1/1
f 2/1/1 47/50/48 48/2/2
f 50/51/49 96/52/50 49/53/51
f 49/53/51 96/52/50 73/54/52
f 49/53/51 73/54/52 72/55/53
f 72/55/53 73/54/52 74/56/54
f 72/55/53 74/56/54 71/57/55
f 71/57/55 74/56/54 75/58/56
f 71/57/55 75/58/56 70/59/57
f 70/59/57 75/58/56 76/60/58
f 70/59/57 76/60/58 69/61/59
f 69/61/59 76/60/58 77/62/60
f 69/61/59 77/62/60 68/63/61
f 68/63/61 77/62/60 78/64/62
f 68/63/61 78/64/62 67/65/63
f 67/65/63 78/64/62 79/66/64
f 67/65/63 79/66/64 66/67/65
f 66/67/65 79/66/64 80/68/66
f 66/67/65 80/68/66 65/69/67
f 65/69/67 80/68/66 81/70/68
f 65/69/67 81/70/68 64/71/69
f 64/71/69 81/70/68 82/72/70
f 64/71/69 82/72/70 63/73/71
f 63/73/71 82/72/70 83/74/72
f 63/73/71 83/74/72 62/75/73
f 62/75/73 83/74/72 84/76/74
f 62/75/73 84/76/74 61/77/75
f 61/77/75 84/76/74 85/78/76
f 61/79/75 85/80/76 60/81/77
f 60/81/77 85/80/76 86/82/78
f 60/81/77 86/82/78 59/83/79
f 59/83/79 86/82/78 87/84/80
f 59/83/79 87/84/80 58/85/81
f 58/85/81 87/84/80 88/86/82
f 58/85/81 88/86/82 57/87/83
f 57/87/83 88/86/82 89/88/84
f 57/87/83 89/88/84 56/89/85
f 56/89/85 89/88/84 90/90/86
f 56/89/85 90/90/86 55/91/87
f 55/91/87 90/90/86 91/92/88
f 55/91/87 91/92/88 54/93/89
f 54/93/89 91/92/88 92/94/90
f 54/93/89 92/94/90 53/95/91
f 53/95/91 92/94/90 93/96/92
f 53/95/91 93/96/92 52/97/93
f 52/97/93 93/96/92 94/98/94
f 52/97/93 94/98/94 51/99/95
f 51/99/95 94/98/94 95/100/96
f 51/99/95 95/100/96 50/51/49
f 50/51/49 95/100/96 96/52/50
f 98/101/97 144/102/98 97/103/99
f 97/103/99 144/102/98 121/104/100
f 97/103/99 121/104/100 120/105/101
f 120/105/101 121/104/100 122/106/102
f 120/105/101 122/106/102 119/107/103
f 119/107/103 122/106/102 123/108/104
f 119/107/103 123/108/104 118/109/105
f 118/109/105 123/108/104 124/110/106
f 118/109/105 124/110/106 117/111/107
f 117/111/107 124/110/106 125/112/108
f 117/111/107 125/112/108 116/113/109
f 116/113/109 125/112/108 126/114/110
f 116/113/109 126/114/110 115/115/111
f 115/115/111 126/114/110 127/116/112
f 115/115/111 127/116/112 114/117/113
f 114/117/113 127/116/112 128/118/114
f 114/117/113 128/118/114 113/119/115
f 113/119/115 128/118/114 129/120/116
f 113/119/115 129/120/116 112/121/117
f 112/121/117 129/120/116 130/122/118
f 112/121/117 130/122/118 111/123/119
f 111/123/119 130/122/118 131/124/120
f 111/123/119 131/124/120 110/125/121
f 110/125/121 131/124/120 132/126/122
f 110/125/121 132/126/122 109/127/123
f 109/127/123 132/126/122 133/128/124
f 109/129/123 133/130/124 108/131/125
f 108/131/125 133/130/124 134/132/126
f 108/131/125 134/132/126 107/133/127
f 107/133/127 134/132/126 135/134/128
f 107/133/127 135/134/128 106/135/129
f 106/135/129 135/134/128 136/136/130
f 106/135/129 136/136/130 105/137/131
f 105/137/131 136/136/130 137/138/132
f 105/137/131 137/138/132 104/139/133
f 104/139/133 137/138/132 138/140/134
f 104/139/133 138/140/134 103/141/135
f 103/141/135 138/140/134 139/142/136
f 103/141/135 139/142/136 102/143/137
f 102/143/137 139/142/136 140/144/138
f 102/143/137 140/144/138 101/145/139
f 101/145/139 140/144/138 141/146/140
f 101/145/139 141/146/140 100/147/141
f 100/147/141 141/146/140 142/148/142
f 100/147/141 142/148/142 99/149/143
f 99/149/143 142/148/142 143/150/144
f 99/149/143 143/150/144 98/101/97
f 98/101/97 143/150/144 144/102/98
f 146/151/145 192/152/146 145/153/147
f 145/153/147 192/152/146 169/154/148
f 145/153/147 169/154/148 168/155/149
f 168/155/149 169/154/148 170/156/150
f 168/155/149 170/156/150 167/157/151
f 167/157/151 170/156/150 171/158/152
f 167/157/151 171/158/152 166/159/153
f 166/159/153 171/158/152 172/160/154
f 166/159/153 172/160/154 165/161/155
f 165/161/155 172/160/154 173/162/156
f 165/161/155 173/162/156 164/163/157
f 164/163/157 173/162/156 174/164/158
f 164/163/157 174/164/158 163/165/159
f 163/165/159 174/164/158 175/166/160
f 163/165/159 175/166/160 162/167/161
f 162/167/161 175/166/160 176/168/162
f 162/167/161 176/168/162 161/169/163
f 161/169/163 176/168/162 177/170/164
f 161/169/163 177/170/164 160/171/165
f 160/171/165 177/170/164 178/172/166
f 160/171/165 178/172/166 159/173/167
f 159/173/167 178/172/166 179/174/168
f 159/173/167 179/174/168 158/175/169
f 158/175/169 179/174/168 180/176/170
f 158/175/169 180/176/170 157/177/171
f 157/177/171 180/176/170 181/178/172
f 157/179/171 181/180/172 156/181/173
f 156/181/173 181/180/172 182/182/174
f 156/181/173 182/182/174 155/183/175
f 155/183/175 182/182/174 183/184/176
f 155/183/175 183/184/176 154/185/177
f 154/185/177 183/184/176 184/186/178
f 154/185/177 184/186/178 153/187/179
f 153/187/179 184/186/178 185/188/180
f 153/187/179 185/188/180 152/189/181
f 152/189/181 185/188/180 186/190/182
f 152/189/181 186/190/182 151/191/183
f 151/191/183 186/190/182 187/192/184
f 151/191/183 187/192/184 150/193/185
f 150/193/185 187/192/184 188/194/186
f 150/193/185 188/194/186 149/195/187
f 149/195/187 188/194/186 189/196/188
f 149/195/187 189/196/188 148/197/189
f 148/197/189 189/196/188 190/198/190
f 148/197/189 190/198/190 147/199/191
f 147/199/191 190/198/190 191/200/192
f 147/199/191 191/200/192 146/151/145
f 146/151/145 191/200/192 192/152/146
f 194/201/193 227/202/194 193/203/195
f 193/203/195 227/202/194 228/204/196
f 193/203/195 228/204/196 216/205/197
f 216/205/197 228/204/196 229/206/198
f 216/205/197 229/206/198 215/207/199
f 215/207/199 229/206/198 230/208/200
f 215/207/199 230/208/200 214/209/201
f 214/209/201 230/208/200 231/210/202
f 214/209/201 231/210/202 213/211/203
f 213/211/203 231/210/202 232/212/204
f 213/211/203 232/212/204 212/213/205
f 212/213/205 232/212/204 233/214/206
f 212/213/205 233/214/206 211/215/207
f 211/215/207 233/214/206 234/216/208
f 211/215/207 234/216/208 210/217/209
f 210/217/209 234/216/208 235/218/210
f 210/217/209 235/218/210 209/219/211
f 209/219/211 235/218/210 236/220/212
f 209/219/211 236/220/212 208/221/213
f 208/221/213 236/220/212 237/222/214
f 208/221/213 237/222/214 207/223/215
f 207/223/215 237/222/214 238/224/216
f 207/223/215 238/224/216 206/225/217
f 206/225/217 238/224/216 239/226/218
f 206/225/217 239/226/218 205/227/219
f 205/227/219 239/226/218 240/228/220
f 205/229/219 240/230/220 241/231/221
f 227/202/194 194/201/193 226/232/222
f 226/232/222 194/201/193 195/233/223
f 226/232/222 195/233/223 225/234/224
f 225/234/224 195/233/223 196/235/225
f 225/234/224 196/235/225 224/236/226
f 224/236/226 196/235/225 197/237/227
f 224/236/226 197/237/227 223/238/228
f 223/238/228 197/237/227 198/239/229
f 223/238/228 198/239/229 222/240/230
f 222/240/230 198/239/229 199/241/231
f 222/240/230 199/241/231 221/242/232
f 221/242/232 199/241/231 200/243/233
f 221/242/232 200/243/233 220/244/234
f 220/244/234 200/243/233 201/245/235
f 220/244/234 201/245/235 219/246/236
f 219/246/236 201/245/235 202/247/237
f 219/246/236 202/247/237 218/248/238
f 218/248/238 202/247/237 203/249/239
f 218/248/238 203/249/239 217/250/240
f 217/250/240 203/249/239 204/251/241
f 217/250/240 204/251/241 241/231/221
f 241/231/221 204/251/241 205/229/219
f 243/252/242 289/253/243 242/254/244
f 242/254/244 289/253/243 266/255/245
f 242/254/244 266/255/245 265/256/246
f 265/256/246 266/255/245 267/257/247
f 265/256/246 267/257/247 264/258/248
f 264/258/248 267/257/247 268/259/249
f 264/258/248 268/259/249 263/260/250
f 263/260/250 268/259/249 269/261/251
f 263/260/250 269/261/251 262/262/252
f 262/262/252 269/261/251 270/263/253
f 262/262/252 270/263/253 261/264/254
f 261/264/254 270/263/253 271/265/255
f 261/264/254 271/265/255 260/266/256
f 260/266/256 271/265/255 272/267/257
f 260/266/256 272/267/257 259/268/258
f 259/268/258 272/267/257 273/269/259
f 259/268/258 273/269/259 258/270/260
f 258/270/260 273/269/259 274/271/261
f 258/270/260 274/271/261 257/272/262
f 257/272/262 274/271/261 275/273/263
f 257/272/262 275/273/263 256/274/264
f 256/274/264 275/273/263 276/275/265
f 256/274/264 276/275/265 255/276/266
f 255/276/266 276/275/265 277/277/267
f 255/276/266 277/277/267 254/278/268
f 254/278/268 277/277/267 278/279/269
f 254/280/268 278/281/269 253/282/270
f 253/282/270 278/281/269 279/283/271
f 253/282/270 279/283/271 252/284/272
f 252/284/272 279/283/271 280/285/273
f 252/284/272 280/285/273 251/286/274
f 251/286/274 280/285/273 281/287/275
f 251/286/274 281/287/275 250/288/276
f 250/288/276 281/287/275 282/289/277
f 250/288/276 282/289/277 249/290/278
f 249/290/278 282/289/277 283/291/279
f 249/290/278 283/291/279 248/292/280
f 248/292/280 283/291/279 284/293/281
f 248/292/280 284/293/281 247/294/282
f 247/294/282 284/293/281 285/295/283
f 247/294/282 285/295/283 246/296/284
f 246/296/284 285/295/283 286/297/285
f 246/296/284 286/297/285 245/298/286
f 245/298/286 286/297/285 287/299/287
f 245/298/286 287/299/287 244/300/288
f 244/300/288 287/299/287 288/301/289
f 244/300/288 288/301/289 243/252/242
f 243/252/242 288/301/289 289/253/243
f 291/302/290 337/303/291 290/304/292
f 290/304/292 337/303/291 314/305/293
f 290/304/292 314/305/293 313/306/294
f 313/306/294 314/305/293 315/307/295
f 313/306/294 315/307/295 312/308/296
f 312/308/296 315/307/295 316/309/297
f 312/308/296 316/309/297 311/310/298
f 311/310/298 316/309/297 317/311/299
f 311/310/298 317/311/299 310/312/300
f 310/312/300 317/311/299 318/313/301
f 310/312/300 318/313/301 309/314/302
f 309/314/302 318/313/301 319/315/303
f 309/314/302 319/315/303 308/316/304
f 308/316/304 319/315/303 320/317/305
f 308/316/304 320/317/305 307/318/306
f 307/318/306 320/317/305 321/319/307
f 307/318/306 321/319/307 306/320/308
f 306/320/308 321/319/307 322/321/309
f 306/320/308 322/321/309 305/322/310
f 305/322/310 322/321/309 323/323/311
f 305/322/310 323/323/311 304/324/312
f 304/324/312 323/323/311 324/325/313
f 304/324/312 324/325/313 303/326/314
f 303/326/314 324/325/313 325/327/315
f 303/326/314 325/327/315 302/328/316
f 302/328/316 325/327/315 326/329/317
f 302/330/316 326/331/317 301/332/318
f 301/332/318 326/331/317 327/333/319
f 301/332/318 327/333/319 300/334/320
f 300/334/320 327/333/319 328/335/321
f 300/334/320 328/335/321 299/336/322
f 299/336/322 328/335/321 329/337/323
f 299/336/322 329/337/323 298/338/324
f 298/338/324 329/337/323 330/339/325
f 298/338/324 330/339/325 297/340/326
f 297/340/326 330/339/325 331/341/327
f 297/340/326 331/341/327 296/342/328
f 296/342/328 331/341/327 332/343/329
f 296/342/328 332/343/329 295/344/330
f 295/344/330 332/343/329 333/345/331
f 295/344/330 333/345/331 294/346/332
f 294/346/332 333/345/331 334/347/333
f 294/346/332 334/347/333 293/348/334
f 293/348/334 334/347/333 335/349/335
f 293/348/334 335/349/335 292/350/336
f 292/350/336 335/349/335 336/351/337
f 292/350/336 336/351/337 291/302/290
f 291/302/290 336/351/337 337/303/291
f 339/352/338 385/353/339 338/354/340
f 338/354/340 385/353/339 362/355/341
f 338/354/340 362/355/341 361/356/342
f 361/356/342 362/355/341 363/357/343
f 361/356/342 363/357/343 360/358/344
f 360/358/344 363/357/343 364/359/345
f 360/358/344 364/359/345 359/360/346
f 359/360/346 364/359/345 365/361/347
f 359/360/346 365/361/347 358/362/348
f 358/362/348 365/361/347 366/363/349
f 358/362/348 366/363/349 357/364/350
f 357/364/350 366/363/349 367/365/351
f 357/364/350 367/365/351 356/366/352
f 356/366/352 367/365/351 368/367/353
f 356/366/352 368/367/353 355/368/354
f 355/368/354 368/367/353 369/369/355
f 355/368/354 369/369/355 354/370/356
f 354/370/356 369/369/355 370/371/357
f 354/370/356 370/371/357 353/372/358
f 353/372/358 370/371/357 371/373/359
f 353/372/358 371/373/359 352/374/360
f 352/374/360 371/373/359 372/375/361
f 352/374/360 372/375/361 351/376/362
f 351/376/362 372/375/361 373/377/363
f 351/376/362 373/377/363 350/378/364
f 350/378/364 373/377/363 374/379/365
f 350/380/364 374/381/365 349/382/366
f 349/382/366 374/381/365 375/383/367
f 349/382/366 375/383/367 348/384/368
f 348/384/368 375/383/367 376/385/369
f 348/384/368 376/385/369 347/386/370
f 347/386/370 376/385/369 377/387/371
f 347/386/370 377/387/371 346/388/372
f 346/388/372 377/387/371 378/389/373
f 346/388/372 378/389/373 345/390/374
f 345/390/374 378/389/373 379/391/375
f 345/390/374 379/391/375 344/392/376
f 344/392/376 379/391/375 380/393/377
f 344/392/376 380/393/377 343/394/378
f 343/394/378 380/393/377 381/395/379
f 343/394/378 381/395/379 342/396/380
f 342/396/380 381/395/379 382/397/381
f 342/396/380 382/397/381 341/398/382
f 341/398/382 382/397/381 383/399/383
f 341/398/382 383/399/383 340/400/384
f 340/400/384 383/399/383 384/401/385
f 340/400/384 384/401/385 339/352/338
f 339/352/338 384/401/385 385/353/339
f 387/402/386 433/403/387 386/404/388
f 386/404/388 433/403/387 410/405/389
f 386/404/388 410/405/389 409/406/390
f 409/406/390 410/405/389 411/407/391
f 409/406/390 411/407/391 408/408/392
f 408/408/392 411/407/391 412/409/393
f 408/408/392 412/409/393 407/410/394
f 407/410/394 412/409/393 413/411/395
f 407/410/394 413/411/395 406/412/396
f 406/412/396 413/411/395 414/413/397
f 406/412/396 414/413/397 405/414/398
f 405/414/398 414/413/397 415/415/399
f 405/414/398 415/415/399 404/416/400
f 404/416/400 415/415/399 416/417/401
f 404/416/400 416/417/401 403/418/402
f 403/418/402 416/417/401 417/419/403
f 403/418/402 417/419/403 402/420/404
f 402/420/404 417/419/403 418/421/405
f 402/420/404 418/421/405 401/422/406
f 401/422/406 418/421/405 419/423/407
f 401/422/406 419/423/407 400/424/408
f 400/424/408 419/423/407 420/425/409
f 400/424/408 420/425/409 399/426/410
f 399/426/410 420/425/409 421/427/411
f 399/426/410 421/427/411 398/428/412
f 398/428/412 421/427/411 422/429/413
f 398/430/412 422/431/413 397/432/414
f 397/432/414 422/431/413 423/433/415
f 397/432/414 423/433/415 396/434/416
f 396/434/416 423/433/415 424/435/417
f 396/434/416 424/435/417 395/436/418
f 395/436/418 424/435/417 425/437/419
f 395/436/418 425/437/419 394/438/420
f 394/438/420 425/437/419 426/439/421
f 394/438/420 426/439/421 393/440/422
f 393/440/422 426/439/421 427/441/423
f 393/440/422 427/441/423 392/442/424
f 392/442/424 427/441/423 428/443/425
f 392/442/424 428/443/425 391/444/426
f 391/444/426 428/443/425 429/445/427
f 391/444/426 429/445/427 390/446/428
f 390/446/428 429/445/427 430/447/429
f 390/446/428 430/447/429 389/448/430
f 389/448/430 430/447/429 431/449/431
f 389/448/430 431/449/431 388/450/432
f 388/450/432 431/449/431 432/451/433
f 388/450/432 432/451/433 387/402/386
f 387/402/386 432/451/433 433/403/387
f 435/452/434 481/453/435 434/454/436
f 434/454/436 481/453/435 458/455/437
f 434/454/436 458/455/437 457/456/438
f 457/456/438 458/455/437 459/457/439
f 457/456/438 459/457/439 456/458/440
f 456/458/440 459/457/439 460/459/441
f 456/458/440 460/459/441 455/460/442
f 455/460/442 460/459/441 461/461/443
f 455/460/442 461/461/443 454/462/444
f 454/462/444 461/461/443 462/463/445
f 454/462/444 462/463/445 453/464/446
f 453/464/446 462/463/445 463/465/447
f 453/464/446 463/465/447 452/466/448
f 452/466/448 463/465/447 464/467/449
f 452/466/448 464/467/449 451/468/450
f 451/468/450 464/467/449 465/469/451
f 451/468/450 465/469/451 450/470/452
f 450/470/452 465/469/451 466/471/453
f 450/470/452 466/471/453 449/472/454
f 449/472/454 466/471/453 467/473/455
f 449/472/454 467/473/455 448/474/456
f 448/474/456 467/473/455 468/475/457
f 448/474/456 468/475/457 447/476/458
f 447/476/458 468/475/457 469/477/459
f 447/476/458 469/477/459 446/478/460
f 446/478/460 469/477/459 470/479/461
f 446/480/460 470/481/461 445/482/462
f 445/482/462 470/481/461 471/483/463
f 445/482/462 471/483/463 444/484/464
f 444/484/464 471/483/463 472/485/465
f 444/484/464 472/485/465 443/486/466
f 443/486/466 472/485/465 473/487/467
f 443/486/466 473/487/467 442/488/468
f 442/488/468 473/487/467 474/489/469
f 442/488/468 474/489/469 441/490/470
f 441/490/470 474/489/469 475/491/471
f 441/490/470 475/491/471 440/492/472
f 440/492/472 475/491/471 476/493/473
f 440/492/472 476/493/473 439/494/474
f 439/494/474 476/493/473 477/495/475
f 439/494/474 477/495/475 438/496/476
f 438/496/476 477/495/475 478/497/477
f 438/496/476 478/497/477 437/498/478
f 437/498/478 478/497/477 479/499/479
f 437/498/478 479/499/479 436/500/480
f 436/500/480 479/499/479 480/501/481
f 436/500/480 480/501/481 435/452/434
f 435/452/434 480/501/481 481/453/435
f 483/502/482 529/503/483 482/504/484
f 482/504/484 529/503/483 506/505/485
f 482/504/484 506/505/485 505/506/486
f 505/506/486 506/505/485 507/507/487
f 505/506/486 507/507/487 504/508/488
f 504/508/488 507/507/487 508/509/489
f 504/508/488 508/509/489 503/510/490
f 503/510/490 508/509/489 509/511/491
f 503/510/490 509/511/491 502/512/492
f 502/512/492 509/511/491 510/513/493
f 502/512/492 510/513/493 501/514/494
f 501/514/494 510/513/493 511/515/495
f 501/514/494 511/515/495 500/516/496
f 500/516/496 511/515/495 512/517/497
f 500/516/496 512/517/497 499/518/498
f 499/518/498 512/517/497 513/519/499
f 499/518/498 513/519/499 498/520/500
f 498/520/500 513/519/499 514/521/501
f 498/520/500 514/521/501 497/522/502
f 497/522/502 514/521/501 515/523/503
f 497/522/502 515/523/503 496/524/504
f 496/524/504 515/523/503 516/525/505
f 496/524/504 516/525/505 495/526/506
f 495/526/506 516/525/505 517/527/507
f 495/526/506 517/527/507 494/528/508
f 494/528/508 517/527/507 518/529/509
f 494/530/508 518/531/509 493/532/510
f 493/532/510 518/531/509 519/533/511
f 493/532/510 519/533/511 492/534/512
f 492/534/512 519/533/511 520/535/513
f 492/534/512 520/535/513 491/536/514
f 491/536/514 520/535/513 521/537/515
f 491/536/514 521/537/515 490/538/516
f 490/538/516 521/537/515 522/539/517
f 490/538/516 522/539/517 489/540/518
f 489/540/518 522/539/517 523/541/519
f 489/540/518 523/541/519 488/542/520
f 488/542/520 523/541/519 524/543/521
f 488/542/520 524/543/521 487/544/522
f 487/544/522 524/543/521 525/545/523
f 487/544/522 525/545/523 486/546/524
f 486/546/524 525/545/523 526/547/525
f 486/546/524 526/547/525 485/548/526
f 485/548/526 526/547/525 527/549/527
f 485/548/526 527/549/527 484/550/528
f 484/550/528 527/549/527 528/551/529
f 484/550/528 528/551/529 483/502/482
f 483/502/482 528/551/529 529/503/483
f 531/552/530 577/553/531 530/554/532
f 530/554/532 577/553/531 554/555/533
f 530/554/532 554/555/533 553/556/534
f 553/556/534 554/555/533 555/557/535
f 553/556/534 555/557/535 552/558/536
f 552/558/536 555/557/535 556/559/537
f 552/558/536 556/559/537 551/560/538
f 551/560/538 556/559/537 557/561/539
f 551/560/538 557/561/539 550/562/540
f 550/562/540 557/561/539 558/563/541
f 550/562/540 558/563/541 549/564/542
f 549/564/542 558/563/541 559/565/543
f 549/564/542 559/565/543 548/566/544
f 548/566/544 559/565/543 560/567/545
f 548/566/544 560/567/545 547/568/546
f 547/568/546 560/567/545 561/569/547
f 547/568/546 561/569/547 546/570/548
f 546/570/548 561/569/547 562/571/549
f 546/570/548 562/571/549 545/572/550
f 545/572/550 562/571/549 563/573/551
f 545/572/550 563/573/551 544/574/552
f 544/574/552 563/573/551 564/575/553
f 544/574/552 564/575/553 543/576/554
f 543/576/554 564/575/553 565/577/555
f 543/576/554 565/577/555 542/578/556
f 542/578/556 565/577/555 566/579/557
f 542/580/556 566/581/557 541/582/558
f 541/582/558 566/581/557 567/583/559
f 541/582/558 567/583/559 540/584/560
f 540/584/560 567/583/559 568/585/561
f 540/584/560 568/585/561 539/586/562
f 539/586/562 568/585/561 569/587/563
f 539/586/562 569/587/563 538/588/564
f 538/588/564 569/587/563 570/589/565
f 538/588/564 570/589/565 537/590/566
f 537/590/566 570/589/565 571/591/567
f 537/590/566 571/591/567 536/592/568
f 536/592/568 571/591/567 572/593/569
f 536/592/568 572/593/569 535/594/570
f 535/594/570 572/593/569 573/595/571
f 535/594/570 573/595/571 534/596/572
f 534/596/572 573/595/571 574/597/573
f 534/596/572 574/597/573 533/598/574
f 533/598/574 574/597/573 575/599/575
f 533/598/574 575/599/575 532/600/576
f 532/600/576 575/599/575 576/601/577
f 532/600/576 576/601/577 531/552/530
f 531/552/530 576/601/577 577/553/531
f 579/602/578 625/603/579 578/604/580
f 578/604/580 625/603/579 602/605/581
f 578/604/580 602/605/581 601/606/582
f 601/606/582 602/605/581 603/607/583
f 601/606/582 603/607/583 600/608/584
f 600/608/584 603/607/583 604/609/585
f 600/608/584 604/609/585 599/610/586
f 599/610/586 604/609/585 605/611/587
f 599/610/586 605/611/587 598/612/588
f 598/612/588 605/611/587 606/613/589
f 598/612/588 606/613/589 597/614/590
f 597/614/590 606/613/589 607/615/591
f 597/614/590 607/615/591 596/616/592
f 596/616/592 607/615/591 608/617/593
f 596/616/592 608/617/593 595/618/594
f 595/618/594 608/617/593 609/619/595
f 595/618/594 609/619/595 594/620/596
f 594/620/596 609/619/595 610/621/597
f 594/620/596 610/621/597 593/622/598
f 593/622/598 610/621/597 611/623/599
f 593/622/598 611/623/599 592/624/600
f 592/624/600 611/623/599 612/625/601
f 592/624/600 612/625/601 591/626/602
f 591/626/602 612/625/601 613/627/603
f 591/626/602 613/627/603 590/628/604
f 590/628/604 613/627/603 614/629/605
f 590/630/604 614/631/605 589/632/606
f 589/632/606 614/631/605 615/633/607
f 589/632/606 615/633/607 588/634/608
f 588/634/608 615/633/607 616/635/609
f 588/634/608 616/635/609 587/636/610
f 587/636/610 616/635/609 617/637/611
f 587/636/610 617/637/611 586/638/612
f 586/638/612 617/637/611 618/639/613
f 586/638/612 618/639/613 585/640/614
f 585/640/614 618/639/613 619/641/615
f 585/640/614 619/641/615 584/642/616
f 584/642/616 619/641/615 620/643/617
f 584/642/616 620/643/617 583/644/618
f 583/644/618 620/643/617 621/645/619
f 583/644/618 621/645/619 582/646/620
f 582/646/620 621/645/619 622/647/621
f 582/646/620 622/647/621 581/648/622
f 581/648/622 622/647/621 623/649/623
f 581/648/622 623/649/623 580/650/624
f 580/650/624 623/649/623 624/651/625
f 580/650/624 624/651/625 579/602/578
f 579/602/578 624/651/625 625/603/579
f 627/652/626 673/653/627 626/654/628
f 626/654/628 673/653/627 650/655/629
f 626/654/628 650/655/629 649/656/630
f 649/656/630 650/655/629 651/657/631
f 649/656/630 651/657/631 648/658/632
f 648/658/632 651/657/631 652/659/633
f 648/658/632 652/659/633 647/660/634
f 647/660/634 652/659/633 653/661/635
f 647/660/634 653/661/635 646/662/636
f 646/662/636 653/661/635 654/663/637
f 646/662/636 654/663/637 645/664/638
f 645/664/638 654/663/637 655/665/639
f 645/664/638 655/665/639 644/666/640
f 644/666/640 655/665/639 656/667/641
f 644/666/640 656/667/641 643/668/642
f 643/668/642 656/667/641 657/669/643
f 643/668/642 657/669/643 642/670/644
f 642/670/644 657/669/643 658/671/645
f 642/670/644 658/671/645 641/672/646
f 641/672/646 658/671/645 659/673/647
f 641/672/646 659/673/647 640/674/648
f 640/674/648 659/673/647 660/675/649
f 640/674/648 660/675/649 639/676/650
f 639/676/650 660/675/649 661/677/651
f 639/676/650 661/677/651 638/678/652
f 638/678/652 661/677/651 662/679/653
f 638/680/652 662/681/653 637/682/654
f 637/682/654 662/681/653 663/683/655
f 637/682/654 663/683/655 636/684/656
f 636/684/656 663/683/655 664/685/657
f 636/684/656 664/685/657 635/686/658
f 635/686/658 664/685/657 665/687/659
f 635/686/658 665/687/659 634/688/660
f 634/688/660 665/687/659 666/689/661
f 634/688/660 666/689/661 633/690/662
f 633/690/662 666/689/661 667/691/663
f 633/690/662 667/691/663 632/692/664
f 632/692/664 667/691/663 668/693/665
f 632/692/664 668/693/665 631/694/666
f 631/694/666 668/693/665 669/695/667
f 631/694/666 669/695/667 630/696/668
f 630/696/668 669/695/667 670/697/669
f 630/696/668 670/697/669 629/698/670
f 629/698/670 670/697/669 671/699/671
f 629/698/670 671/699/671 628/700/672
f 628/700/672 671/699/671 672/701/673
f 628/700/672 672/701/673 627/652/626
f 627/652/626 672/701/673 673/653/627
f 675/702/674 721/703/675 674/704/676
f 674/704/676 721/703/675 698/705/677
f 674/704/676 698/705/677 697/706/678
f 697/706/678 698/705/677 699/707/679
f 697/706/678 699/707/679 696/708/680
f 696/708/680 699/707/679 700/709/681
f 696/708/680 700/709/681 695/710/682
f 695/710/682 700/709/681 701/711/683
f 695/710/682 701/711/683 694/712/684
f 694/712/684 701/711/683 702/713/685
f 694/712/684 702/713/685 693/714/686
f 693/714/686 702/713/685 703/715/687
f 693/714/686 703/715/687 692/716/688
f 692/716/688 703/715/687 704/717/689
f 692/716/688 704/717/689 691/718/690
f 691/718/690 704/717/689 705/719/691
f 691/718/690 705/719/691 690/720/692
f 690/720/692 705/719/691 706/721/693
f 690/720/692 706/721/693 689/722/694
f 689/722/694 706/721/693 707/723/695
f 689/722/694 707/723/695 688/724/696
f 688/724/696 707/723/695 708/725/697
f 688/724/696 708/725/697 687/726/698
f 687/726/698 708/725/697 709/727/699
f 687/726/698 709/727/699 686/728/700
f 686/728/700 709/727/699 710/729/701
f 686/730/700 710/731/701 685/732/702
f 685/732/702 710/731/701 711/733/703
f 685/732/702 711/733/703 684/734/704
f 684/734/704 711/733/703 712/735/705
f 684/734/704 712/735/705 683/736/706
f 683/736/706 712/735/705 713/737/707
f 683/736/706 713/737/707 682/738/708
f 682/738/708 713/737/707 714/739/709
f 682/738/708 714/739/709 681/740/710
f 681/740/710 714/739/709 715/741/711
f 681/740/710 715/741/711 680/742/712
f 680/742/712 715/741/711 716/743/713
f 680/742/712 716/743/713 679/744/714
f 679/744/714 716/743/713 717/745/715
f 679/744/714 717/745/715 678/746/716
f 678/746/716 717/745/715 718/747/717
f 678/746/716 718/747/717 677/748/718
f 677/748/718 718/747/717 719/749/719
f 677/748/718 719/749/719 676/750/720
f 676/750/720 719/749/719 720/751/721
f 676/750/720 720/751/721 675/702/674
f 675/702/674 720/751/721 721/703/675
f 723/752/722 747/753/723 722/754/724
f 722/754/724 747/753/723 748/755/725
f 722/754/724 748/755/725 749/756/726
f 747/753/723 723/752/722 746/757/727
f 746/757/727 723/752/722 724/758/728
f 746/757/727 724/758/728 770/759/729
f 770/759/729 724/758/728 725/760/730
f 770/759/729 725/760/730 769/761/731
f 769/761/731 725/760/730 726/762/732
f 769/761/731 726/762/732 768/763/733
f 768/763/733 726/762/732 727/764/734
f 768/763/733 727/764/734 767/765/735
f 767/765/735 727/764/734 728/766/736
f 767/765/735 728/766/736 766/767/737
f 766/767/737 728/766/736 729/768/738
f 766/767/737 729/768/738 765/769/739
f 765/769/739 729/768/738 730/770/740
f 765/769/739 730/770/740 764/771/741
f 764/771/741 730/770/740 731/772/742
f 764/771/741 731/772/742 763/773/743
f 763/773/743 731/772/742 732/774/744
f 763/773/743 732/774/744 762/775/745
f 762/775/745 732/774/744 733/776/746
f 762/775/745 733/776/746 761/777/747
f 761/777/747 733/776/746 734/778/748
f 761/777/747 734/778/748 760/779/749
f 760/780/749 734/781/748 735/782/750
f 760/780/749 735/782/750 759/783/751
f 759/783/751 735/782/750 736/784/752
f 759/783/751 736/784/752 758/785/753
f 758/785/753 736/784/752 737/786/754
f 758/785/753 737/786/754 757/787/755
f 757/787/755 737/786/754 738/788/756
f 757/787/755 738/788/756 756/789/757
f 756/789/757 738/788/756 739/790/758
f 756/789/757 739/790/758 755/791/759
f 755/791/759 739/790/758 740/792/760
f 755/791/759 740/792/760 754/793/761
f 754/793/761 740/792/760 741/794/762
f 754/793/761 741/794/762 753/795/763
f 753/795/763 741/794/762 742/796/764
f 753/795/763 742/796/764 752/797/765
f 752/797/765 742/796/764 743/798/766
f 752/797/765 743/798/766 751/799/767
f 751/799/767 743/798/766 744/800/768
f 751/799/767 744/800/768 750/801/769
f 750/801/769 744/800/768 745/802/770
f 750/801/769 745/802/770 749/756/726
f 749/756/726 745/802/770 722/754/724
f 772/803/771 818/804/772 771/805/773
f 771/805/773 818/804/772 795/806/774
f 771/805/773 795/806/774 794/807/775
f 794/807/775 795/806/774 796/808/776
f 794/807/775 796/808/776 793/809/777
f 793/809/777 796/808/776 797/810/778
f 793/809/777 797/810/778 792/811/779
f 792/811/779 797/810/778 798/812/780
f 792/811/779 798/812/780 791/813/781
f 791/813/781 798/812/780 799/814/782
f 791/813/781 799/814/782 790/815/783
f 790/815/783 799/814/782 800/816/784
f 790/815/783 800/816/784 789/817/785
f 789/817/785 800/816/784 801/818/786
f 789/817/785 801/818/786 788/819/787
f 788/819/787 801/818/786 802/820/788
f 788/819/787 802/820/788 787/821/789
f 787/821/789 802/820/788 803/822/790
f 787/821/789 803/822/790 786/823/791
f 786/823/791 803/822/790 804/824/792
f 786/823/791 804/824/792 785/825/793
f 785/825/793 804/824/792 805/826/794
f 785/825/793 805/826/794 784/827/795
f 784/827/795 805/826/794 806/828/796
f 784/827/795 806/828/796 783/829/797
f 783/829/797 806/828/796 807/830/798
f 783/831/797 807/832/798 782/833/799
f 782/833/799 807/832/798 808/834/800
f 782/833/799 808/834/800 781/835/801
f 781/835/801 808/834/800 809/836/802
f 781/835/801 809/836/802 780/837/803
f 780/837/803 809/836/802 810/838/804
f 780/837/803 810/838/804 779/839/805
f 779/839/805 810/838/804 811/840/806
f 779/839/805 811/840/806 778/841/807
f 778/841/807 811/840/806 812/842/808
f 778/841/807 812/842/808 777/843/809
f 777/843/809 812/842/808 813/844/810
f 777/843/809 813/844/810 776/845/811
f 776/845/811 813/844/810 814/846/812
f 776/845/811 814/846/812 775/847/813
f 775/847/813 814/846/812 815/848/814
f 775/847/813 815/848/814 774/849/815
f 774/849/815 815/848/814 816/850/816
f 774/849/815 816/850/816 773/851/817
f 773/851/817 816/850/816 817/852/818
f 773/851/817 817/852/818 772/803/771
f 772/803/771 817/852/818 818/804/772
f 820/853/819 866/854/820 819/855/821
f 819/855/821 866/854/820 843/856/822
f 819/855/821 843/856/822 842/857/823
f 842/857/823 843/856/822 844/858/824
f 842/857/823 844/858/824 841/859/825
f 841/859/825 844/858/824 845/860/826
f 841/859/825 845/860/826 840/861/827
f 840/861/827 845/860/826 846/862/828
f 840/861/827 846/862/828 839/863/829
f 839/863/829 846/862/828 847/864/830
f 839/863/829 847/864/830 838/865/831
f 838/865/831 847/864/830 848/866/832
f 838/865/831 848/866/832 837/867/833
f 837/867/833 848/866/832 849/868/834
f 837/867/833 849/868/834 836/869/835
f 836/869/835 849/868/834 850/870/836
f 836/869/835 850/870/836 835/871/837
f 835/871/837 850/870/836 851/872/838
f 835/871/837 851/872/838 834/873/839
f 834/873/839 851/872/838 852/874/840
f 834/873/839 852/874/840 833/875/841
f 833/875/841 852/874/840 853/876/842
f 833/875/841 853/876/842 832/877/843
f 832/877/843 853/876/842 854/878/844
f 832/877/843 854/878/844 831/879/845
f 831/879/845 854/878/844 855/880/846
f 831/881/845 855/882/846 830/883/847
f 830/883/847 855/882/846 856/884/848
f 830/883/847 856/884/848 829/885/849
f 829/885/849 856/884/848 857/886/850
f 829/885/849 857/886/850 828/887/851
f 828/887/851 857/886/850 858/888/852
f 828/887/851 858/888/852 827/889/853
f 827/889/853 858/888/852 859/890/854
f 827/889/853 859/890/854 826/891/855
f 826/891/855 859/890/854 860/892/856
f 826/891/855 860/892/856 825/893/857
f 825/893/857 860/892/856 861/894/858
f 825/893/857 861/894/858 824/895/859
f 824/895/859 861/894/858 862/896/860
f 824/895/859 862/896/860 823/897/861
f 823/897/861 862/896/860 863/898/862
f 823/897/861 863/898/862 822/899/863
f 822/899/863 863/898/862 864/900/864
f 822/899/863 864/900/864 821/901/865
f 821/901/865 864/900/864 865/902/866
f 821/901/865 865/902/866 820/853/819
f 820/853/819 865/902/866 866/854/820
f 882/903/867 867/904/868 881/905/869
f 881/905/869 867/904/868 868/906/870
f 881/905/869 868/906/870 880/907/871
f 880/907/871 868/906/870 869/908/872
f 880/907/871 869/908/872 879/909/873
f 879/909/873 869/908/872 870/910/874
f 879/909/873 870/910/874 878/911/875
f 878/911/875 870/910/874 871/912/876
f 878/911/875 871/912/876 877/913/877
f 877/913/877 871/912/876 872/914/878
f 877/913/877 872/914/878 876/915/879
f 876/915/879 872/914/878 873/916/880
f 876/915/879 873/916/880 875/917/881
f 875/917/881 873/916/880 874/918/882
f 898/919/883 883/920/884 897/921/885
f 897/921/885 883/920/884 884/922/886
f 897/921/885 884/922/886 896/923/887
f 896/923/887 884/922/886 885/924/888
f 896/923/887 885/924/888 895/925/889
f 895/925/889 885/924/888 886/926/890
f 895/925/889 886/926/890 894/927/891
f 894/927/891 886/926/890 887/928/892
f 894/927/891 887/928/892 893/929/893
f 893/929/893 887/928/892 888/930/894
f 893/929/893 888/930/894 892/931/895
f 892/931/895 888/930/894 889/932/896
f 892/931/895 889/932/896 891/933/897
f 891/933/897 889/932/896 890/934/898
f 238/935/899 237/936/900 902/937/901
f 902/937/901 237/936/900 236/938/902
f 902/937/901 236/938/902 235/939/903
f 235/939/903 234/940/904 902/937/901
f 902/937/901 234/940/904 233/941/905
f 902/937/901 233/941/905 232/942/906
f 231/943/907 322/944/908 232/942/906
f 232/942/906 322/944/908 901/945/909
f 232/942/906 901/945/909 902/937/901
f 322/944/908 231/943/907 323/946/910
f 323/946/910 231/943/907 230/947/911
f 323/946/910 230/947/911 324/948/912
f 324/948/912 230/947/911 229/949/913
f 324/948/912 229/949/913 325/950/914
f 325/950/914 229/949/913 228/951/915
f 325/950/914 228/951/915 326/952/916
f 326/952/916 228/951/915 227/953/917
f 326/952/916 227/953/917 327/954/918
f 327/954/918 227/953/917 226/955/919
f 327/954/918 226/955/919 328/956/920
f 328/956/920 226/955/919 225/957/921
f 328/956/920 225/957/921 329/958/922
f 329/958/922 225/957/921 224/959/923
f 329/958/922 224/959/923 330/960/924
f 330/960/924 224/959/923 223/961/925
f 330/960/924 223/961/925 900/962/926
f 900/962/926 223/961/925 899/963/927
f 899/963/927 223/961/925 222/964/928
f 899/963/927 222/964/928 221/965/929
f 221/965/929 220/966/930 899/963/927
f 899/963/927 220/966/930 219/967/931
f 899/963/927 219/967/931 218/968/932
f 218/968/932 217/969/933 899/963/927
f 901/945/909 314/970/934 900/962/926
f 900/962/926 314/970/934 337/971/935
f 900/962/926 337/971/935 336/972/936
f 336/972/936 335/973/937 900/962/926
f 900/962/926 335/973/937 334/974/938
f 900/962/926 334/974/938 333/975/939
f 333/975/939 332/976/940 900/962/926
f 900/962/926 332/976/940 331/977/941
f 900/962/926 331/977/941 330/960/924
f 322/944/908 321/978/942 901/945/909
f 901/945/909 321/978/942 320/979/943
f 901/945/909 320/979/943 319/980/944
f 319/980/944 318/981/945 901/945/909
f 901/945/909 318/981/945 317/982/946
f 901/945/909 317/982/946 316/983/947
f 316/983/947 315/984/948 901/945/909
f 901/945/909 315/984/948 314/970/934
f 746/985/949 770/986/950 906/987/951
f 906/987/951 770/986/950 769/988/952
f 906/987/951 769/988/952 768/989/953
f 768/989/953 767/990/954 906/987/951
f 906/987/951 767/990/954 766/991/955
f 906/987/951 766/991/955 765/992/956
f 764/993/957 815/994/958 765/992/956
f 765/992/956 815/994/958 905/995/959
f 765/992/956 905/995/959 906/987/951
f 815/994/958 764/993/957 816/996/960
f 816/996/960 764/993/957 763/997/961
f 816/996/960 763/997/961 817/998/962
f 817/998/962 763/997/961 762/999/963
f 817/998/962 762/999/963 818/1000/964
f 818/1000/964 762/999/963 761/1001/965
f 818/1000/964 761/1001/965 795/1002/966
f 795/1002/966 761/1001/965 760/1003/967
f 795/1002/966 760/1003/967 796/1004/968
f 796/1004/968 760/1003/967 759/1005/969
f 796/1004/968 759/1005/969 797/1006/970
f 797/1006/970 759/1005/969 758/1007/971
f 797/1006/970 758/1007/971 798/1008/972
f 798/1008/972 758/1007/971 757/1009/973
f 798/1008/972 757/1009/973 799/1010/974
f 799/1010/974 757/1009/973 756/1011/975
f 799/1010/974 756/1011/975 904/1012/976
f 904/1012/976 756/1011/975 903/1013/977
f 903/1013/977 756/1011/975 755/1014/978
f 903/1013/977 755/1014/978 754/1015/979
f 754/1015/979 753/1016/980 903/1013/977
f 903/1013/977 753/1016/980 752/1017/981
f 903/1013/977 752/1017/981 751/1018/982
f 751/1018/982 750/1019/983 903/1013/977
f 905/995/959 807/1020/984 904/1012/976
f 904/1012/976 807/1020/984 806/1021/985
f 904/1012/976 806/1021/985 805/1022/986
f 815/994/958 814/1023/987 905/995/959
f 905/995/959 814/1023/987 813/1024/988
f 905/995/959 813/1024/988 812/1025/989
f 812/1025/989 811/1026/990 905/995/959
f 905/995/959 811/1026/990 810/1027/991
f 905/995/959 810/1027/991 809/1028/992
f 809/1028/992 808/1029/993 905/995/959
f 905/995/959 808/1029/993 807/1020/984
f 805/1022/986 804/1030/994 904/1012/976
f 904/1012/976 804/1030/994 803/1031/995
f 904/1012/976 803/1031/995 802/1032/996
f 802/1032/996 801/1033/997 904/1012/976
f 904/1012/976 801/1033/997 800/1034/998
f 904/1012/976 800/1034/998 799/1010/974
f 907/1035/999 908/1036/1000 903/1037/1001
f 903/1037/1001 908/1036/1000 904/1038/1002
f 910/1039/1003 956/1040/1004 909/1041/1005
f 909/1041/1005 956/1040/1004 957/1042/1006
f 909/1041/1005 957/1042/1006 958/1043/1007
f 910/1039/1003 911/1044/1008 956/1040/1004
f 956/1040/1004 911/1044/1008 955/1045/1009
f 955/1045/1009 911/1044/1008 954/1046/1010
f 954/1046/1010 911/1044/1008 912/1047/1011
f 954/1046/1010 912/1047/1011 953/1048/1012
f 953/1048/1012 912/1047/1011 952/1049/1013
f 952/1049/1013 912/1047/1011 913/1050/1014
f 952/1049/1013 913/1050/1014 951/1051/1015
f 951/1051/1015 913/1050/1014 914/1052/1016
f 951/1051/1015 914/1052/1016 950/1053/1017
f 950/1053/1017 914/1052/1016 949/1054/1018
f 949/1054/1018 914/1052/1016 915/1055/1019
f 949/1054/1018 915/1055/1019 948/1056/1020
f 948/1056/1020 915/1055/1019 916/1057/1021
f 948/1056/1020 916/1057/1021 947/1058/1022
f 947/1058/1022 916/1057/1021 925/1059/1023
f 947/1058/1022 925/1059/1023 946/1060/1024
f 946/1060/1024 925/1059/1023 926/1061/1025
f 946/1060/1024 926/1061/1025 945/1062/1026
f 945/1062/1026 926/1061/1025 927/1063/1027
f 945/1062/1026 927/1063/1027 944/1064/1028
f 944/1064/1028 927/1063/1027 943/1065/1029
f 943/1065/1029 927/1063/1027 928/1066/1030
f 943/1065/1029 928/1066/1030 942/1067/1031
f 942/1067/1031 928/1066/1030 929/1068/1032
f 942/1067/1031 929/1068/1032 941/1069/1033
f 941/1069/1033 929/1068/1032 940/1070/1034
f 940/1070/1034 929/1068/1032 930/1071/1035
f 940/1070/1034 930/1071/1035 939/1072/1036
f 939/1072/1036 930/1071/1035 938/1073/1037
f 938/1073/1037 930/1071/1035 931/1074/1038
f 938/1073/1037 931/1074/1038 932/1075/1039
f 925/1059/1023 916/1057/1021 924/1076/1040
f 924/1076/1040 916/1057/1021 917/1077/1041
f 924/1076/1040 917/1077/1041 923/1078/1042
f 923/1078/1042 917/1077/1041 918/1079/1043
f 923/1078/1042 918/1079/1043 922/1080/1044
f 922/1080/1044 918/1079/1043 919/1081/1045
f 922/1080/1044 919/1081/1045 921/1082/1046
f 921/1082/1046 919/1081/1045 920/1083/1047
f 921/1082/1046 920/1083/1047 899/1084/1048
f 899/1084/1048 920/1083/1047 906/1085/1049
f 899/1084/1048 906/1085/1049 900/1086/1050
f 900/1086/1050 906/1085/1049 905/1087/1051
f 933/1088/1052 935/1089/1053 932/1075/1039
f 932/1075/1039 935/1089/1053 936/1090/1054
f 932/1075/1039 936/1090/1054 937/1091/1055
f 933/1088/1052 934/1092/1056 935/1089/1053
f 937/1091/1055 938/1073/1037 932/1075/1039
f 958/1043/1007 959/1093/1057 909/1041/1005
f 909/1041/1005 959/1093/1057 961/1094/1058
f 961/1094/1058 959/1093/1057 960/1095/1059
f 935/1096/1060 962/1097/1061 936/1098/1062
f 936/1098/1062 962/1097/1061 963/1099/1063
f 936/1098/1062 963/1099/1063 937/1100/1064
f 937/1100/1064 963/1099/1063 964/1101/1065
f 937/1100/1064 964/1101/1065 938/1102/1066
f 938/1102/1066 964/1101/1065 965/1103/1067
f 938/1102/1066 965/1103/1067 939/1104/1068
f 939/1104/1068 965/1103/1067 966/1105/1069
f 939/1104/1068 966/1105/1069 940/1106/1070
f 940/1106/1070 966/1105/1069 967/1107/1071
f 940/1106/1070 967/1107/1071 941/1108/1072
f 941/1108/1072 967/1107/1071 968/1109/1073
f 941/1108/1072 968/1109/1073 942/1110/1074
f 942/1110/1074 968/1109/1073 969/1111/1075
f 942/1110/1074 969/1111/1075 943/1112/1076
f 943/1112/1076 969/1111/1075 944/1113/1077
f 944/1113/1077 969/1111/1075 970/1114/1078
f 944/1113/1077 970/1114/1078 945/1115/1079
f 945/1115/1079 970/1114/1078 971/1116/1080
f 945/1115/1079 971/1116/1080 946/1117/1081
f 946/1117/1081 971/1116/1080 972/1118/1082
f 946/1117/1081 972/1118/1082 947/1119/1083
f 933/1120/1084 39/1121/1085 875/1122/1086
f 875/1122/1086 39/1121/1085 38/1123/1087
f 875/1122/1086 38/1123/1087 37/1124/1088
f 932/1125/1089 47/1126/1090 933/1120/1084
f 933/1120/1084 47/1126/1090 46/1127/1091
f 933/1120/1084 46/1127/1091 45/1128/1092
f 973/1129/1093 143/1130/1094 932/1125/1089
f 932/1125/1089 143/1130/1094 142/1131/1095
f 932/1125/1089 142/1131/1095 141/1132/1096
f 974/1133/1097 123/1134/1098 973/1129/1093
f 973/1129/1093 123/1134/1098 122/1135/1099
f 973/1129/1093 122/1135/1099 121/1136/1100
f 123/1134/1098 974/1133/1097 124/1137/1101
f 124/1137/1101 974/1133/1097 975/1138/1102
f 124/1137/1101 975/1138/1102 125/1139/1103
f 125/1139/1103 975/1138/1102 976/1140/1104
f 125/1139/1103 976/1140/1104 977/1141/1105
f 882/1142/1106 172/1143/1107 977/1141/1105
f 977/1141/1105 172/1143/1107 171/1144/1108
f 977/1141/1105 171/1144/1108 170/1145/1109
f 881/1146/1110 175/1147/1111 882/1142/1106
f 882/1142/1106 175/1147/1111 174/1148/1112
f 882/1142/1106 174/1148/1112 173/1149/1113
f 880/1150/1114 177/1151/1115 881/1146/1110
f 881/1146/1110 177/1151/1115 176/1152/1116
f 881/1146/1110 176/1152/1116 175/1147/1111
f 879/1153/1117 179/1154/1118 880/1150/1114
f 880/1150/1114 179/1154/1118 178/1155/1119
f 880/1150/1114 178/1155/1119 177/1151/1115
f 878/1156/1120 182/1157/1121 879/1153/1117
f 879/1153/1117 182/1157/1121 181/1158/1122
f 879/1153/1117 181/1158/1122 180/1159/1123
f 877/1160/1124 407/1161/1125 878/1156/1120
f 878/1156/1120 407/1161/1125 406/1162/1126
f 878/1156/1120 406/1162/1126 184/1163/1127
f 184/1163/1127 406/1162/1126 405/1164/1128
f 184/1163/1127 405/1164/1128 185/1165/1129
f 185/1165/1129 405/1164/1128 186/1166/1130
f 186/1166/1130 405/1164/1128 404/1167/1131
f 186/1166/1130 404/1167/1131 187/1168/1132
f 187/1168/1132 404/1167/1131 188/1169/1133
f 188/1169/1133 404/1167/1131 403/1170/1134
f 188/1169/1133 403/1170/1134 189/1171/1135
f 189/1171/1135 403/1170/1134 190/1172/1136
f 190/1172/1136 403/1170/1134 402/1173/1137
f 190/1172/1136 402/1173/1137 191/1174/1138
f 191/1174/1138 402/1173/1137 192/1175/1139
f 192/1175/1139 402/1173/1137 401/1176/1140
f 192/1175/1139 401/1176/1140 977/1141/1105
f 977/1141/1105 401/1176/1140 126/1177/1141
f 977/1141/1105 126/1177/1141 125/1139/1103
f 876/1178/1142 81/1179/1143 877/1160/1124
f 877/1160/1124 81/1179/1143 80/1180/1144
f 877/1160/1124 80/1180/1144 79/1181/1145
f 875/1122/1086 86/1182/1146 876/1178/1142
f 876/1178/1142 86/1182/1146 85/1183/1147
f 876/1178/1142 85/1183/1147 84/1184/1148
f 26/1185/1149 25/1186/1150 140/1187/1151
f 140/1187/1151 25/1186/1150 48/1188/1152
f 140/1187/1151 48/1188/1152 932/1125/1089
f 932/1125/1089 48/1188/1152 47/1126/1090
f 45/1128/1092 44/1189/1153 933/1120/1084
f 933/1120/1084 44/1189/1153 43/1190/1154
f 933/1120/1084 43/1190/1154 42/1191/1155
f 42/1191/1155 41/1192/1156 933/1120/1084
f 933/1120/1084 41/1192/1156 40/1193/1157
f 933/1120/1084 40/1193/1157 39/1121/1085
f 37/1124/1088 36/1194/1158 875/1122/1086
f 875/1122/1086 36/1194/1158 35/1195/1159
f 875/1122/1086 35/1195/1159 390/1196/1160
f 390/1196/1160 35/1195/1159 34/1197/1161
f 390/1196/1160 34/1197/1161 391/1198/1162
f 391/1198/1162 34/1197/1161 33/1199/1163
f 391/1198/1162 33/1199/1163 32/1200/1164
f 391/1198/1162 32/1200/1164 392/1201/1165
f 392/1201/1165 32/1200/1164 31/1202/1166
f 392/1201/1165 31/1202/1166 30/1203/1167
f 392/1201/1165 30/1203/1167 393/1204/1168
f 393/1204/1168 30/1203/1167 29/1205/1169
f 393/1204/1168 29/1205/1169 28/1206/1170
f 393/1204/1168 28/1206/1170 394/1207/1171
f 394/1207/1171 28/1206/1170 27/1208/1172
f 394/1207/1171 27/1208/1172 26/1185/1149
f 74/1209/1173 73/1210/1174 386/1211/1175
f 386/1211/1175 73/1210/1174 96/1212/1176
f 386/1211/1175 96/1212/1176 387/1213/1177
f 387/1213/1177 96/1212/1176 95/1214/1178
f 387/1213/1177 95/1214/1178 94/1215/1179
f 94/1215/1179 93/1216/1180 387/1213/1177
f 387/1213/1177 93/1216/1180 388/1217/1181
f 388/1217/1181 93/1216/1180 92/1218/1182
f 388/1217/1181 92/1218/1182 91/1219/1183
f 90/1220/1184 875/1122/1086 91/1219/1183
f 91/1219/1183 875/1122/1086 389/1221/1185
f 91/1219/1183 389/1221/1185 388/1217/1181
f 90/1220/1184 89/1222/1186 875/1122/1086
f 875/1122/1086 89/1222/1186 88/1223/1187
f 875/1122/1086 88/1223/1187 87/1224/1188
f 87/1224/1188 86/1182/1146 875/1122/1086
f 84/1184/1148 83/1225/1189 876/1178/1142
f 876/1178/1142 83/1225/1189 82/1226/1190
f 876/1178/1142 82/1226/1190 81/1179/1143
f 877/1160/1124 79/1181/1145 408/1227/1191
f 408/1227/1191 79/1181/1145 78/1228/1192
f 408/1227/1191 78/1228/1192 77/1229/1193
f 408/1227/1191 77/1229/1193 409/1230/1194
f 409/1230/1194 77/1229/1193 76/1231/1195
f 409/1230/1194 76/1231/1195 75/1232/1196
f 75/1232/1196 74/1209/1173 409/1230/1194
f 409/1230/1194 74/1209/1173 386/1211/1175
f 121/1136/1100 144/1233/1197 973/1129/1093
f 973/1129/1093 144/1233/1197 143/1130/1094
f 141/1132/1096 140/1187/1151 932/1125/1089
f 26/1185/1149 140/1187/1151 395/1234/1198
f 395/1234/1198 140/1187/1151 139/1235/1199
f 395/1234/1198 139/1235/1199 396/1236/1200
f 396/1236/1200 139/1235/1199 138/1237/1201
f 396/1236/1200 138/1237/1201 137/1238/1202
f 396/1236/1200 137/1238/1202 397/1239/1203
f 397/1239/1203 137/1238/1202 136/1240/1204
f 397/1239/1203 136/1240/1204 135/1241/1205
f 135/1241/1205 134/1242/1206 397/1239/1203
f 397/1239/1203 134/1242/1206 398/1243/1207
f 398/1243/1207 134/1242/1206 133/1244/1208
f 398/1243/1207 133/1244/1208 132/1245/1209
f 398/1243/1207 132/1245/1209 399/1246/1210
f 399/1246/1210 132/1245/1209 131/1247/1211
f 399/1246/1210 131/1247/1211 130/1248/1212
f 130/1248/1212 129/1249/1213 399/1246/1210
f 399/1246/1210 129/1249/1213 400/1250/1214
f 400/1250/1214 129/1249/1213 128/1251/1215
f 400/1250/1214 128/1251/1215 127/1252/1216
f 400/1250/1214 127/1252/1216 401/1176/1140
f 401/1176/1140 127/1252/1216 126/1177/1141
f 170/1145/1109 169/1253/1217 977/1141/1105
f 977/1141/1105 169/1253/1217 192/1175/1139
f 184/1163/1127 183/1254/1218 878/1156/1120
f 878/1156/1120 183/1254/1218 182/1157/1121
f 180/1159/1123 179/1154/1118 879/1153/1117
f 173/1149/1113 172/1143/1107 882/1142/1106
f 408/1227/1191 407/1161/1125 877/1160/1124
f 395/1234/1198 394/1207/1171 26/1185/1149
f 390/1196/1160 389/1221/1185 875/1122/1086
f 947/1255/1083 972/1256/1082 948/1257/1219
f 948/1257/1219 972/1256/1082 978/1258/1220
f 948/1257/1219 978/1258/1220 949/1259/1221
f 949/1259/1221 978/1258/1220 979/1260/1222
f 949/1259/1221 979/1260/1222 950/1261/1223
f 950/1261/1223 979/1260/1222 951/1262/1224
f 951/1262/1224 979/1260/1222 980/1263/1225
f 951/1262/1224 980/1263/1225 952/1264/1226
f 952/1264/1226 980/1263/1225 981/1265/1227
f 952/1264/1226 981/1265/1227 953/1266/1228
f 953/1266/1228 981/1265/1227 982/1267/1229
f 953/1266/1228 982/1267/1229 954/1268/1230
f 954/1268/1230 982/1267/1229 955/1269/1231
f 955/1269/1231 982/1267/1229 983/1270/1232
f 955/1269/1231 983/1270/1232 956/1271/1233
f 956/1271/1233 983/1270/1232 984/1272/1234
f 956/1271/1233 984/1272/1234 957/1273/1235
f 957/1273/1235 984/1272/1234 985/1274/1236
f 957/1273/1235 985/1274/1236 958/1275/1237
f 958/1275/1237 985/1274/1236 986/1276/1238
f 958/1275/1237 986/1276/1238 959/1277/1239
f 988/1278/1240 883/1279/884 987/1280/1241
f 987/1280/1241 883/1279/884 898/1281/883
f 989/1282/1242 867/1283/868 977/1284/1243
f 977/1284/1243 867/1283/868 882/1285/867
f 890/1286/1244 528/1287/1245 961/1288/1246
f 961/1288/1246 528/1287/1245 527/1289/1247
f 961/1288/1246 527/1289/1247 526/1290/1248
f 889/1291/1249 577/1292/1250 890/1286/1244
f 890/1286/1244 577/1292/1250 576/1293/1251
f 890/1286/1244 576/1293/1251 575/1294/1252
f 888/1295/1253 558/1296/1254 889/1291/1249
f 889/1291/1249 558/1296/1254 557/1297/1255
f 889/1291/1249 557/1297/1255 556/1298/1256
f 887/1299/1257 461/1300/1258 888/1295/1253
f 888/1295/1253 461/1300/1258 460/1301/1259
f 888/1295/1253 460/1301/1259 560/1302/1260
f 560/1302/1260 460/1301/1259 561/1303/1261
f 561/1303/1261 460/1301/1259 562/1304/1262
f 562/1304/1262 460/1301/1259 459/1305/1263
f 562/1304/1262 459/1305/1263 563/1306/1264
f 563/1306/1264 459/1305/1263 564/1307/1265
f 564/1307/1265 459/1305/1263 565/1308/1266
f 565/1308/1266 459/1305/1263 458/1309/1267
f 565/1308/1266 458/1309/1267 566/1310/1268
f 566/1310/1268 458/1309/1267 567/1311/1269
f 567/1311/1269 458/1309/1267 481/1312/1270
f 567/1311/1269 481/1312/1270 568/1313/1271
f 568/1313/1271 481/1312/1270 569/1314/1272
f 569/1314/1272 481/1312/1270 570/1315/1273
f 570/1315/1273 481/1312/1270 480/1316/1274
f 570/1315/1273 480/1316/1274 571/1317/1275
f 571/1317/1275 480/1316/1274 572/1318/1276
f 572/1318/1276 480/1316/1274 479/1319/1277
f 572/1318/1276 479/1319/1277 890/1286/1244
f 890/1286/1244 479/1319/1277 478/1320/1278
f 890/1286/1244 478/1320/1278 508/1321/1279
f 508/1321/1279 478/1320/1278 509/1322/1280
f 509/1322/1280 478/1320/1278 477/1323/1281
f 509/1322/1280 477/1323/1281 510/1324/1282
f 510/1324/1282 477/1323/1281 511/1325/1283
f 511/1325/1283 477/1323/1281 476/1326/1284
f 511/1325/1283 476/1326/1284 512/1327/1285
f 512/1327/1285 476/1326/1284 513/1328/1286
f 513/1328/1286 476/1326/1284 475/1329/1287
f 513/1328/1286 475/1329/1287 514/1330/1288
f 514/1330/1288 475/1329/1287 515/1331/1289
f 515/1331/1289 475/1329/1287 474/1332/1290
f 515/1331/1289 474/1332/1290 516/1333/1291
f 516/1333/1291 474/1332/1290 517/1334/1292
f 517/1334/1292 474/1332/1290 473/1335/1293
f 517/1334/1292 473/1335/1293 619/1336/1294
f 619/1336/1294 473/1335/1293 620/1337/1295
f 620/1337/1295 473/1335/1293 472/1338/1296
f 620/1337/1295 472/1338/1296 621/1339/1297
f 621/1339/1297 472/1338/1296 622/1340/1298
f 622/1340/1298 472/1338/1296 471/1341/1299
f 622/1340/1298 471/1341/1299 623/1342/1300
f 623/1342/1300 471/1341/1299 624/1343/1301
f 624/1343/1301 471/1341/1299 625/1344/1302
f 625/1344/1302 471/1341/1299 470/1345/1303
f 625/1344/1302 470/1345/1303 602/1346/1304
f 602/1346/1304 470/1345/1303 603/1347/1305
f 603/1347/1305 470/1345/1303 469/1348/1306
f 603/1347/1305 469/1348/1306 604/1349/1307
f 604/1349/1307 469/1348/1306 605/1350/1308
f 605/1350/1308 469/1348/1306 606/1351/1309
f 606/1351/1309 469/1348/1306 468/1352/1310
f 606/1351/1309 468/1352/1310 607/1353/1311
f 607/1353/1311 468/1352/1310 608/1354/1312
f 608/1354/1312 468/1352/1310 467/1355/1313
f 608/1354/1312 467/1355/1313 609/1356/1314
f 609/1356/1314 467/1355/1313 988/1357/1315
f 609/1356/1314 988/1357/1315 610/1358/1316
f 610/1358/1316 988/1357/1315 990/1359/1317
f 610/1358/1316 990/1359/1317 991/1360/1318
f 886/1361/1319 673/1362/1320 887/1299/1257
f 887/1299/1257 673/1362/1320 672/1363/1321
f 887/1299/1257 672/1363/1321 671/1364/1322
f 885/1365/1323 652/1366/1324 886/1361/1319
f 886/1361/1319 652/1366/1324 651/1367/1325
f 886/1361/1319 651/1367/1325 650/1368/1326
f 884/1369/1327 654/1370/1328 885/1365/1323
f 885/1365/1323 654/1370/1328 653/1371/1329
f 885/1365/1323 653/1371/1329 652/1366/1324
f 883/1372/1330 656/1373/1331 884/1369/1327
f 884/1369/1327 656/1373/1331 655/1374/1332
f 884/1369/1327 655/1374/1332 654/1370/1328
f 988/1357/1315 659/1375/1333 883/1372/1330
f 883/1372/1330 659/1375/1333 658/1376/1334
f 883/1372/1330 658/1376/1334 657/1377/1335
f 610/1358/1316 991/1360/1318 611/1378/1336
f 611/1378/1336 991/1360/1318 992/1379/1337
f 611/1378/1336 992/1379/1337 612/1380/1338
f 612/1380/1338 992/1379/1337 993/1381/1339
f 612/1380/1338 993/1381/1339 613/1382/1340
f 613/1382/1340 993/1381/1339 614/1383/1341
f 614/1383/1341 993/1381/1339 615/1384/1342
f 615/1384/1342 993/1381/1339 616/1385/1343
f 616/1385/1343 993/1381/1339 909/1386/1344
f 616/1385/1343 909/1386/1344 617/1387/1345
f 617/1387/1345 909/1386/1344 618/1388/1346
f 618/1388/1346 909/1386/1344 619/1336/1294
f 619/1336/1294 909/1386/1344 519/1389/1347
f 619/1336/1294 519/1389/1347 518/1390/1348
f 519/1389/1347 909/1386/1344 520/1391/1349
f 520/1391/1349 909/1386/1344 961/1288/1246
f 520/1391/1349 961/1288/1246 521/1392/1350
f 521/1392/1350 961/1288/1246 522/1393/1351
f 522/1393/1351 961/1288/1246 523/1394/1352
f 523/1394/1352 961/1288/1246 524/1395/1353
f 524/1395/1353 961/1288/1246 525/1396/1354
f 525/1396/1354 961/1288/1246 526/1290/1248
f 988/1357/1315 467/1355/1313 663/1397/1355
f 663/1397/1355 467/1355/1313 466/1398/1356
f 663/1397/1355 466/1398/1356 664/1399/1357
f 664/1399/1357 466/1398/1356 665/1400/1358
f 665/1400/1358 466/1398/1356 465/1401/1359
f 665/1400/1358 465/1401/1359 666/1402/1360
f 666/1402/1360 465/1401/1359 667/1403/1361
f 667/1403/1361 465/1401/1359 464/1404/1362
f 667/1403/1361 464/1404/1362 668/1405/1363
f 668/1405/1363 464/1404/1362 669/1406/1364
f 669/1406/1364 464/1404/1362 463/1407/1365
f 669/1406/1364 463/1407/1365 670/1408/1366
f 670/1408/1366 463/1407/1365 671/1364/1322
f 671/1364/1322 463/1407/1365 462/1409/1367
f 671/1364/1322 462/1409/1367 887/1299/1257
f 887/1299/1257 462/1409/1367 461/1300/1258
f 507/1410/1368 506/1411/1369 890/1286/1244
f 890/1286/1244 506/1411/1369 529/1412/1370
f 890/1286/1244 529/1412/1370 528/1287/1245
f 518/1390/1348 517/1334/1292 619/1336/1294
f 508/1321/1279 507/1410/1368 890/1286/1244
f 555/1413/1371 554/1414/1372 889/1291/1249
f 889/1291/1249 554/1414/1372 577/1292/1250
f 575/1294/1252 574/1415/1373 890/1286/1244
f 890/1286/1244 574/1415/1373 573/1416/1374
f 890/1286/1244 573/1416/1374 572/1318/1276
f 560/1302/1260 559/1417/1375 888/1295/1253
f 888/1295/1253 559/1417/1375 558/1296/1254
f 556/1298/1256 555/1413/1371 889/1291/1249
f 650/1368/1326 673/1362/1320 886/1361/1319
f 663/1397/1355 662/1418/1376 988/1357/1315
f 988/1357/1315 662/1418/1376 661/1419/1377
f 988/1357/1315 661/1419/1377 660/1420/1378
f 660/1420/1378 659/1375/1333 988/1357/1315
f 657/1377/1335 656/1373/1331 883/1372/1330
f 987/1421/1241 994/1422/1379 988/1423/1240
f 988/1423/1240 994/1422/1379 995/1424/1380
f 988/1423/1240 995/1424/1380 986/1425/1381
f 988/1423/1240 986/1425/1381 990/1426/1382
f 990/1426/1382 986/1425/1381 985/1427/1383
f 990/1426/1382 985/1427/1383 984/1428/1384
f 990/1426/1382 984/1428/1384 991/1429/1385
f 991/1429/1385 984/1428/1384 983/1430/1386
f 991/1429/1385 983/1430/1386 992/1431/1387
f 992/1431/1387 983/1430/1386 982/1432/1388
f 992/1431/1387 982/1432/1388 981/1433/1389
f 981/1433/1389 980/1434/1390 992/1431/1387
f 992/1431/1387 980/1434/1390 993/1435/1391
f 993/1435/1391 980/1434/1390 979/1436/1392
f 993/1435/1391 979/1436/1392 978/1437/1393
f 978/1437/1393 972/1438/1394 993/1435/1391
f 993/1435/1391 972/1438/1394 1026/1439/1395
f 1026/1439/1395 972/1438/1394 998/1440/1396
f 1026/1439/1395 998/1440/1396 1025/1441/1397
f 1025/1441/1397 998/1440/1396 999/1442/1398
f 1025/1441/1397 999/1442/1398 1024/1443/1399
f 1024/1443/1399 999/1442/1398 1000/1444/1400
f 1024/1443/1399 1000/1444/1400 1023/1445/1401
f 1023/1445/1401 1000/1444/1400 1001/1446/1402
f 1023/1445/1401 1001/1446/1402 1022/1447/1403
f 1022/1447/1403 1001/1446/1402 1002/1448/1404
f 1022/1447/1403 1002/1448/1404 1021/1449/1405
f 1021/1449/1405 1002/1448/1404 1020/1450/1406
f 1020/1450/1406 1002/1448/1404 1003/1451/1407
f 1020/1450/1406 1003/1451/1407 1019/1452/1408
f 1019/1452/1408 1003/1451/1407 1004/1453/1409
f 1019/1452/1408 1004/1453/1409 1018/1454/1410
f 1018/1454/1410 1004/1453/1409 1005/1455/1411
f 1018/1454/1410 1005/1455/1411 1006/1456/1412
f 972/1438/1394 971/1457/1413 998/1440/1396
f 998/1440/1396 971/1457/1413 973/1458/1414
f 973/1458/1414 971/1457/1413 970/1459/1415
f 973/1458/1414 970/1459/1415 969/1460/1416
f 969/1460/1416 968/1461/1417 973/1458/1414
f 973/1458/1414 968/1461/1417 974/1462/1418
f 974/1462/1418 968/1461/1417 967/1463/1419
f 974/1462/1418 967/1463/1419 966/1464/1420
f 966/1464/1420 965/1465/1421 974/1462/1418
f 974/1462/1418 965/1465/1421 975/1466/1422
f 975/1466/1422 965/1465/1421 964/1467/1423
f 975/1466/1422 964/1467/1423 976/1468/1424
f 976/1468/1424 964/1467/1423 963/1469/1425
f 976/1468/1424 963/1469/1425 962/1470/1426
f 976/1468/1424 962/1470/1426 977/1471/1243
f 977/1471/1243 962/1470/1426 996/1472/1427
f 977/1471/1243 996/1472/1427 997/1473/1428
f 997/1473/1428 989/1474/1242 977/1471/1243
f 1018/1454/1410 1006/1456/1412 1017/1475/1429
f 1017/1475/1429 1006/1456/1412 1007/1476/1430
f 1017/1475/1429 1007/1476/1430 1016/1477/1431
f 1016/1477/1431 1007/1476/1430 1008/1478/1432
f 1016/1477/1431 1008/1478/1432 1015/1479/1433
f 1015/1479/1433 1008/1478/1432 1009/1480/1434
f 1015/1479/1433 1009/1480/1434 1014/1481/1435
f 1014/1481/1435 1009/1480/1434 1010/1482/1436
f 1014/1481/1435 1010/1482/1436 1013/1483/1437
f 1013/1483/1437 1010/1482/1436 1011/1484/1438
f 1013/1483/1437 1011/1484/1438 907/1485/1439
f 907/1485/1439 1011/1484/1438 1012/1486/1440
f 1012/1486/1440 1011/1484/1438 902/1487/1441
f 907/1485/1439 903/1488/1442 1013/1483/1437
f 750/1489/983 749/1490/1443 903/1491/977
f 903/1491/977 749/1490/1443 748/1492/1444
f 903/1491/977 748/1492/1444 920/1493/1445
f 920/1493/1445 748/1492/1444 906/1494/951
f 906/1494/951 748/1492/1444 747/1495/1446
f 906/1494/951 747/1495/1446 746/1496/949
f 903/1491/977 920/1493/1445 1013/1497/1447
f 1013/1497/1447 920/1493/1445 919/1498/1448
f 1013/1497/1447 919/1498/1448 1014/1499/1449
f 1014/1499/1449 919/1498/1448 1015/1500/1450
f 1015/1500/1450 919/1498/1448 918/1501/1451
f 1015/1500/1450 918/1501/1451 1016/1502/1452
f 1016/1502/1452 918/1501/1451 917/1503/1453
f 1016/1502/1452 917/1503/1453 1017/1504/1454
f 1017/1504/1454 917/1503/1453 916/1505/1455
f 1017/1504/1454 916/1505/1455 1018/1506/1456
f 1018/1506/1456 916/1505/1455 915/1507/1457
f 1018/1506/1456 915/1507/1457 1019/1508/1458
f 1019/1508/1458 915/1507/1457 914/1509/1459
f 1019/1508/1458 914/1509/1459 1020/1510/1460
f 1020/1510/1460 914/1509/1459 913/1511/1461
f 1020/1510/1460 913/1511/1461 1021/1512/1462
f 1021/1512/1462 913/1511/1461 1022/1513/1463
f 1022/1513/1463 913/1511/1461 912/1514/1464
f 1022/1513/1463 912/1514/1464 1023/1515/1465
f 1023/1515/1465 912/1514/1464 911/1516/1466
f 1023/1515/1465 911/1516/1466 1024/1517/1467
f 1024/1517/1467 911/1516/1466 1025/1518/1468
f 1025/1518/1468 911/1516/1466 910/1519/1469
f 1025/1518/1468 910/1519/1469 1026/1520/1470
f 1026/1520/1470 910/1519/1469 909/1521/1344
f 1026/1520/1470 909/1521/1344 993/1522/1339
f 217/1523/933 241/1524/1471 899/1525/927
f 899/1525/927 241/1524/1471 240/1526/1472
f 899/1525/927 240/1526/1472 921/1527/1473
f 921/1527/1473 240/1526/1472 902/1528/901
f 921/1527/1473 902/1528/901 1011/1529/1474
f 240/1526/1472 239/1530/1475 902/1528/901
f 902/1528/901 239/1530/1475 238/1531/899
f 1011/1529/1474 1010/1532/1476 921/1527/1473
f 921/1527/1473 1010/1532/1476 922/1533/1477
f 922/1533/1477 1010/1532/1476 1009/1534/1478
f 922/1533/1477 1009/1534/1478 1008/1535/1479
f 922/1533/1477 1008/1535/1479 923/1536/1480
f 923/1536/1480 1008/1535/1479 1007/1537/1481
f 923/1536/1480 1007/1537/1481 924/1538/1482
f 924/1538/1482 1007/1537/1481 1006/1539/1483
f 924/1538/1482 1006/1539/1483 925/1540/1484
f 925/1540/1484 1006/1539/1483 1005/1541/1485
f 925/1540/1484 1005/1541/1485 926/1542/1486
f 926/1542/1486 1005/1541/1485 1004/1543/1487
f 926/1542/1486 1004/1543/1487 1003/1544/1488
f 926/1542/1486 1003/1544/1488 927/1545/1489
f 927/1545/1489 1003/1544/1488 1002/1546/1490
f 927/1545/1489 1002/1546/1490 928/1547/1491
f 928/1547/1491 1002/1546/1490 929/1548/1492
f 929/1548/1492 1002/1546/1490 1001/1549/1493
f 929/1548/1492 1001/1549/1493 1000/1550/1494
f 929/1548/1492 1000/1550/1494 930/1551/1495
f 930/1551/1495 1000/1550/1494 999/1552/1496
f 930/1551/1495 999/1552/1496 931/1553/1497
f 931/1553/1497 999/1552/1496 998/1554/1498
f 931/1553/1497 998/1554/1498 932/1555/1089
f 932/1555/1089 998/1554/1498 973/1556/1093
f 874/1557/1499 11/1558/1500 934/1559/1501
f 934/1559/1501 11/1558/1500 10/1560/1502
f 934/1559/1501 10/1560/1502 9/1561/1503
f 873/1562/1504 60/1563/1505 874/1557/1499
f 874/1557/1499 60/1563/1505 59/1564/1506
f 874/1557/1499 59/1564/1506 58/1565/1507
f 872/1566/1508 64/1567/1509 873/1562/1504
f 873/1562/1504 64/1567/1509 63/1568/1510
f 873/1562/1504 63/1568/1510 62/1569/1511
f 871/1570/1512 67/1571/1513 872/1566/1508
f 872/1566/1508 67/1571/1513 66/1572/1514
f 872/1566/1508 66/1572/1514 65/1573/1515
f 67/1571/1513 871/1570/1512 413/1574/1516
f 413/1574/1516 871/1570/1512 870/1575/1517
f 413/1574/1516 870/1575/1517 414/1576/1518
f 414/1576/1518 870/1575/1517 156/1577/1519
f 414/1576/1518 156/1577/1519 155/1578/1520
f 156/1577/1519 870/1575/1517 157/1579/1521
f 157/1579/1521 870/1575/1517 869/1580/1522
f 157/1579/1521 869/1580/1522 158/1581/1523
f 158/1581/1523 869/1580/1522 159/1582/1524
f 159/1582/1524 869/1580/1522 868/1583/1525
f 159/1582/1524 868/1583/1525 160/1584/1526
f 160/1584/1526 868/1583/1525 161/1585/1527
f 161/1585/1527 868/1583/1525 162/1586/1528
f 162/1586/1528 868/1583/1525 867/1587/1529
f 162/1586/1528 867/1587/1529 163/1588/1530
f 163/1588/1530 867/1587/1529 164/1589/1531
f 164/1589/1531 867/1587/1529 165/1590/1532
f 165/1590/1532 867/1587/1529 166/1591/1533
f 166/1591/1533 867/1587/1529 167/1592/1534
f 167/1592/1534 867/1587/1529 989/1593/1535
f 167/1592/1534 989/1593/1535 168/1594/1536
f 168/1594/1536 989/1593/1535 145/1595/1537
f 145/1595/1537 989/1593/1535 419/1596/1538
f 145/1595/1537 419/1596/1538 146/1597/1539
f 146/1597/1539 419/1596/1538 418/1598/1540
f 146/1597/1539 418/1598/1540 147/1599/1541
f 147/1599/1541 418/1598/1540 148/1600/1542
f 148/1600/1542 418/1598/1540 417/1601/1543
f 148/1600/1542 417/1601/1543 149/1602/1544
f 149/1602/1544 417/1601/1543 150/1603/1545
f 150/1603/1545 417/1601/1543 416/1604/1546
f 150/1603/1545 416/1604/1546 151/1605/1547
f 151/1605/1547 416/1604/1546 152/1606/1548
f 152/1606/1548 416/1604/1546 415/1607/1549
f 152/1606/1548 415/1607/1549 153/1608/1550
f 153/1608/1550 415/1607/1549 154/1609/1551
f 154/1609/1551 415/1607/1549 414/1576/1518
f 154/1609/1551 414/1576/1518 155/1578/1520
f 997/1610/1552 119/1611/1553 989/1593/1535
f 989/1593/1535 119/1611/1553 118/1612/1554
f 989/1593/1535 118/1612/1554 117/1613/1555
f 997/1610/1552 996/1614/1556 119/1611/1553
f 119/1611/1553 996/1614/1556 962/1615/1061
f 119/1611/1553 962/1615/1061 120/1616/1557
f 120/1616/1557 962/1615/1061 97/1617/1558
f 97/1617/1558 962/1615/1061 935/1618/1060
f 97/1617/1558 935/1618/1060 98/1619/1559
f 98/1619/1559 935/1618/1060 99/1620/1560
f 99/1620/1560 935/1618/1060 100/1621/1561
f 100/1621/1561 935/1618/1060 101/1622/1562
f 101/1622/1562 935/1618/1060 102/1623/1563
f 102/1623/1563 935/1618/1060 103/1624/1564
f 103/1624/1564 935/1618/1060 425/1625/1565
f 103/1624/1564 425/1625/1565 104/1626/1566
f 104/1626/1566 425/1625/1565 424/1627/1567
f 104/1626/1566 424/1627/1567 105/1628/1568
f 105/1628/1568 424/1627/1567 423/1629/1569
f 105/1628/1568 423/1629/1569 106/1630/1570
f 106/1630/1570 423/1629/1569 107/1631/1571
f 107/1631/1571 423/1629/1569 108/1632/1572
f 108/1632/1572 423/1629/1569 422/1633/1573
f 108/1632/1572 422/1633/1573 109/1634/1574
f 109/1634/1574 422/1633/1573 110/1635/1575
f 110/1635/1575 422/1633/1573 421/1636/1576
f 110/1635/1575 421/1636/1576 111/1637/1577
f 111/1637/1577 421/1636/1576 112/1638/1578
f 112/1638/1578 421/1636/1576 113/1639/1579
f 113/1639/1579 421/1636/1576 420/1640/1580
f 113/1639/1579 420/1640/1580 114/1641/1581
f 114/1641/1581 420/1640/1580 419/1596/1538
f 114/1641/1581 419/1596/1538 115/1642/1582
f 115/1642/1582 419/1596/1538 989/1593/1535
f 115/1642/1582 989/1593/1535 116/1643/1583
f 116/1643/1583 989/1593/1535 117/1613/1555
f 934/1559/1501 3/1644/1584 935/1618/1060
f 935/1618/1060 3/1644/1584 2/1645/1585
f 935/1618/1060 2/1645/1585 1/1646/1586
f 935/1618/1060 1/1646/1586 425/1625/1565
f 425/1625/1565 1/1646/1586 24/1647/1587
f 425/1625/1565 24/1647/1587 426/1648/1588
f 426/1648/1588 24/1647/1587 23/1649/1589
f 426/1648/1588 23/1649/1589 22/1650/1590
f 426/1648/1588 22/1650/1590 427/1651/1591
f 427/1651/1591 22/1650/1590 21/1652/1592
f 427/1651/1591 21/1652/1592 20/1653/1593
f 427/1651/1591 20/1653/1593 428/1654/1594
f 428/1654/1594 20/1653/1593 19/1655/1595
f 428/1654/1594 19/1655/1595 18/1656/1596
f 428/1654/1594 18/1656/1596 429/1657/1597
f 429/1657/1597 18/1656/1596 17/1658/1598
f 429/1657/1597 17/1658/1598 16/1659/1599
f 429/1657/1597 16/1659/1599 430/1660/1600
f 430/1660/1600 16/1659/1599 15/1661/1601
f 430/1660/1600 15/1661/1601 14/1662/1602
f 430/1660/1600 14/1662/1602 431/1663/1603
f 431/1663/1603 14/1662/1602 13/1664/1604
f 431/1663/1603 13/1664/1604 55/1665/1605
f 55/1665/1605 13/1664/1604 874/1557/1499
f 55/1665/1605 874/1557/1499 56/1666/1606
f 56/1666/1606 874/1557/1499 57/1667/1607
f 57/1667/1607 874/1557/1499 58/1565/1507
f 13/1664/1604 12/1668/1608 874/1557/1499
f 874/1557/1499 12/1668/1608 11/1558/1500
f 9/1561/1503 8/1669/1609 934/1559/1501
f 934/1559/1501 8/1669/1609 7/1670/1610
f 934/1559/1501 7/1670/1610 6/1671/1611
f 6/1671/1611 5/1672/1612 934/1559/1501
f 934/1559/1501 5/1672/1612 4/1673/1613
f 934/1559/1501 4/1673/1613 3/1644/1584
f 50/1674/1614 49/1675/1615 410/1676/1616
f 410/1676/1616 49/1675/1615 72/1677/1617
f 410/1676/1616 72/1677/1617 411/1678/1618
f 411/1678/1618 72/1677/1617 71/1679/1619
f 411/1678/1618 71/1679/1619 70/1680/1620
f 70/1680/1620 69/1681/1621 411/1678/1618
f 411/1678/1618 69/1681/1621 412/1682/1622
f 412/1682/1622 69/1681/1621 68/1683/1623
f 412/1682/1622 68/1683/1623 413/1574/1516
f 413/1574/1516 68/1683/1623 67/1571/1513
f 65/1573/1515 64/1567/1509 872/1566/1508
f 62/1569/1511 61/1684/1624 873/1562/1504
f 873/1562/1504 61/1684/1624 60/1563/1505
f 55/1665/1605 54/1685/1625 431/1663/1603
f 431/1663/1603 54/1685/1625 432/1686/1626
f 432/1686/1626 54/1685/1625 53/1687/1627
f 432/1686/1626 53/1687/1627 433/1688/1628
f 433/1688/1628 53/1687/1627 52/1689/1629
f 433/1688/1628 52/1689/1629 51/1690/1630
f 51/1690/1630 50/1674/1614 433/1688/1628
f 433/1688/1628 50/1674/1614 410/1676/1616
f 960/1691/1631 484/1692/1632 891/1693/1633
f 891/1693/1633 484/1692/1632 483/1694/1634
f 891/1693/1633 483/1694/1634 482/1695/1635
f 959/1696/1239 492/1697/1636 960/1691/1631
f 960/1691/1631 492/1697/1636 491/1698/1637
f 960/1691/1631 491/1698/1637 490/1699/1638
f 986/1700/1238 590/1701/1639 959/1696/1239
f 959/1696/1239 590/1701/1639 589/1702/1640
f 959/1696/1239 589/1702/1640 588/1703/1641
f 995/1704/1642 592/1705/1643 986/1700/1238
f 986/1700/1238 592/1705/1643 591/1706/1644
f 986/1700/1238 591/1706/1644 590/1701/1639
f 995/1704/1642 994/1707/1645 592/1705/1643
f 592/1705/1643 994/1707/1645 987/1708/1646
f 592/1705/1643 987/1708/1646 593/1709/1647
f 593/1709/1647 987/1708/1646 594/1710/1648
f 594/1710/1648 987/1708/1646 595/1711/1649
f 595/1711/1649 987/1708/1646 596/1712/1650
f 596/1712/1650 987/1708/1646 449/1713/1651
f 596/1712/1650 449/1713/1651 597/1714/1652
f 597/1714/1652 449/1713/1651 448/1715/1653
f 597/1714/1652 448/1715/1653 598/1716/1654
f 598/1716/1654 448/1715/1653 447/1717/1655
f 598/1716/1654 447/1717/1655 599/1718/1656
f 599/1718/1656 447/1717/1655 600/1719/1657
f 600/1719/1657 447/1717/1655 601/1720/1658
f 601/1720/1658 447/1717/1655 446/1721/1659
f 601/1720/1658 446/1721/1659 578/1722/1660
f 578/1722/1660 446/1721/1659 579/1723/1661
f 579/1723/1661 446/1721/1659 445/1724/1662
f 579/1723/1661 445/1724/1662 580/1725/1663
f 580/1725/1663 445/1724/1662 581/1726/1664
f 581/1726/1664 445/1724/1662 582/1727/1665
f 582/1727/1665 445/1724/1662 444/1728/1666
f 582/1727/1665 444/1728/1666 583/1729/1667
f 583/1729/1667 444/1728/1666 443/1730/1668
f 583/1729/1667 443/1730/1668 584/1731/1669
f 584/1731/1669 443/1730/1668 959/1696/1239
f 584/1731/1669 959/1696/1239 585/1732/1670
f 585/1732/1670 959/1696/1239 586/1733/1671
f 586/1733/1671 959/1696/1239 587/1734/1672
f 587/1734/1672 959/1696/1239 588/1703/1641
f 898/1735/1673 640/1736/1674 987/1708/1646
f 987/1708/1646 640/1736/1674 639/1737/1675
f 987/1708/1646 639/1737/1675 638/1738/1676
f 897/1739/1677 645/1740/1678 898/1735/1673
f 898/1735/1673 645/1740/1678 644/1741/1679
f 898/1735/1673 644/1741/1679 643/1742/1680
f 896/1743/1681 648/1744/1682 897/1739/1677
f 897/1739/1677 648/1744/1682 647/1745/1683
f 897/1739/1677 647/1745/1683 646/1746/1684
f 895/1747/1685 626/1748/1686 896/1743/1681
f 896/1743/1681 626/1748/1686 649/1749/1687
f 896/1743/1681 649/1749/1687 648/1744/1682
f 894/1750/1688 455/1751/1689 895/1747/1685
f 895/1747/1685 455/1751/1689 454/1752/1690
f 895/1747/1685 454/1752/1690 627/1753/1691
f 627/1753/1691 454/1752/1690 628/1754/1692
f 628/1754/1692 454/1752/1690 629/1755/1693
f 629/1755/1693 454/1752/1690 453/1756/1694
f 629/1755/1693 453/1756/1694 630/1757/1695
f 630/1757/1695 453/1756/1694 631/1758/1696
f 631/1758/1696 453/1756/1694 452/1759/1697
f 631/1758/1696 452/1759/1697 632/1760/1698
f 632/1760/1698 452/1759/1697 633/1761/1699
f 633/1761/1699 452/1759/1697 451/1762/1700
f 633/1761/1699 451/1762/1700 634/1763/1701
f 634/1763/1701 451/1762/1700 635/1764/1702
f 635/1764/1702 451/1762/1700 450/1765/1703
f 635/1764/1702 450/1765/1703 636/1766/1704
f 636/1766/1704 450/1765/1703 637/1767/1705
f 637/1767/1705 450/1765/1703 449/1713/1651
f 637/1767/1705 449/1713/1651 638/1738/1676
f 638/1738/1676 449/1713/1651 987/1708/1646
f 455/1751/1689 894/1750/1688 548/1768/1706
f 548/1768/1706 894/1750/1688 893/1769/1707
f 548/1768/1706 893/1769/1707 549/1770/1708
f 549/1770/1708 893/1769/1707 550/1771/1709
f 550/1771/1709 893/1769/1707 551/1772/1710
f 551/1772/1710 893/1769/1707 892/1773/1711
f 551/1772/1710 892/1773/1711 552/1774/1712
f 552/1774/1712 892/1773/1711 553/1775/1713
f 553/1775/1713 892/1773/1711 530/1776/1714
f 530/1776/1714 892/1773/1711 531/1777/1715
f 531/1777/1715 892/1773/1711 891/1693/1633
f 531/1777/1715 891/1693/1633 532/1778/1716
f 532/1778/1716 891/1693/1633 533/1779/1717
f 533/1779/1717 891/1693/1633 534/1780/1718
f 534/1780/1718 891/1693/1633 535/1781/1719
f 535/1781/1719 891/1693/1633 536/1782/1720
f 536/1782/1720 891/1693/1633 482/1695/1635
f 536/1782/1720 482/1695/1635 437/1783/1721
f 437/1783/1721 482/1695/1635 505/1784/1722
f 437/1783/1721 505/1784/1722 438/1785/1723
f 438/1785/1723 505/1784/1722 504/1786/1724
f 438/1785/1723 504/1786/1724 503/1787/1725
f 457/1788/1726 543/1789/1727 434/1790/1728
f 434/1790/1728 543/1789/1727 542/1791/1729
f 434/1790/1728 542/1791/1729 541/1792/1730
f 456/1793/1731 546/1794/1732 457/1788/1726
f 457/1788/1726 546/1794/1732 545/1795/1733
f 457/1788/1726 545/1795/1733 544/1796/1734
f 546/1794/1732 456/1793/1731 547/1797/1735
f 547/1797/1735 456/1793/1731 455/1751/1689
f 547/1797/1735 455/1751/1689 548/1768/1706
f 442/1798/1736 495/1799/1737 443/1730/1668
f 443/1730/1668 495/1799/1737 494/1800/1738
f 443/1730/1668 494/1800/1738 959/1696/1239
f 959/1696/1239 494/1800/1738 493/1801/1739
f 959/1696/1239 493/1801/1739 492/1697/1636
f 441/1802/1740 497/1803/1741 442/1798/1736
f 442/1798/1736 497/1803/1741 496/1804/1742
f 442/1798/1736 496/1804/1742 495/1799/1737
f 440/1805/1743 499/1806/1744 441/1802/1740
f 441/1802/1740 499/1806/1744 498/1807/1745
f 441/1802/1740 498/1807/1745 497/1803/1741
f 439/1808/1746 501/1809/1747 440/1805/1743
f 440/1805/1743 501/1809/1747 500/1810/1748
f 440/1805/1743 500/1810/1748 499/1806/1744
f 438/1785/1723 503/1787/1725 439/1808/1746
f 439/1808/1746 503/1787/1725 502/1811/1749
f 439/1808/1746 502/1811/1749 501/1809/1747
f 536/1782/1720 437/1783/1721 537/1812/1750
f 537/1812/1750 437/1783/1721 436/1813/1751
f 537/1812/1750 436/1813/1751 538/1814/1752
f 538/1814/1752 436/1813/1751 435/1815/1753
f 538/1814/1752 435/1815/1753 539/1816/1754
f 539/1816/1754 435/1815/1753 540/1817/1755
f 540/1817/1755 435/1815/1753 541/1792/1730
f 541/1792/1730 435/1815/1753 434/1790/1728
f 490/1699/1638 489/1818/1756 960/1691/1631
f 960/1691/1631 489/1818/1756 488/1819/1757
f 960/1691/1631 488/1819/1757 487/1820/1758
f 487/1820/1758 486/1821/1759 960/1691/1631
f 960/1691/1631 486/1821/1759 485/1822/1760
f 960/1691/1631 485/1822/1760 484/1692/1632
f 544/1796/1734 543/1789/1727 457/1788/1726
f 646/1746/1684 645/1740/1678 897/1739/1677
f 643/1742/1680 642/1823/1761 898/1735/1673
f 898/1735/1673 642/1823/1761 641/1824/1762
f 898/1735/1673 641/1824/1762 640/1736/1674
f 627/1753/1691 626/1748/1686 895/1747/1685
f 891/1825/1763 890/1826/1764 960/1827/1765
f 960/1827/1765 890/1826/1764 961/1828/1766
f 934/1829/1767 933/1830/1768 874/1831/1769
f 874/1831/1769 933/1830/1768 875/1832/1770
f 1027/1833/1771 1012/1834/1772 901/1835/1773
f 901/1835/1773 1012/1834/1772 902/1836/1774
f 908/1837/1775 1028/1838/1776 904/1839/1777
f 904/1839/1777 1028/1838/1776 905/1840/1778
f 905/1840/1778 1028/1838/1776 1029/1841/1779
f 905/1840/1778 1029/1841/1779 900/1842/1780
f 900/1842/1780 1029/1841/1779 901/1843/1781
f 901/1843/1781 1029/1841/1779 1027/1844/1782
f 907/1845/1783 838/1846/1784 908/1847/1785
f 908/1847/1785 838/1846/1784 837/1848/1786
f 908/1847/1785 837/1848/1786 836/1849/1787
f 1030/1850/1788 697/1851/1789 907/1845/1783
f 907/1845/1783 697/1851/1789 696/1852/1790
f 907/1845/1783 696/1852/1790 695/1853/1791
f 1028/1854/1792 824/1855/1793 1030/1850/1788
f 1030/1850/1788 824/1855/1793 681/1856/1794
f 1030/1850/1788 681/1856/1794 680/1857/1795
f 908/1847/1785 832/1858/1796 1028/1854/1792
f 1028/1854/1792 832/1858/1796 831/1859/1797
f 1028/1854/1792 831/1859/1797 830/1860/1798
f 675/1861/1799 674/1862/1800 1030/1850/1788
f 1030/1850/1788 674/1862/1800 697/1851/1789
f 695/1853/1791 694/1863/1801 907/1845/1783
f 907/1845/1783 694/1863/1801 693/1864/1802
f 907/1845/1783 693/1864/1802 692/1865/1803
f 692/1865/1803 691/1866/1804 907/1845/1783
f 907/1845/1783 691/1866/1804 838/1846/1784
f 838/1846/1784 691/1866/1804 839/1867/1805
f 839/1867/1805 691/1866/1804 690/1868/1806
f 839/1867/1805 690/1868/1806 840/1869/1807
f 840/1869/1807 690/1868/1806 689/1870/1808
f 840/1869/1807 689/1870/1808 841/1871/1809
f 841/1871/1809 689/1870/1808 688/1872/1810
f 841/1871/1809 688/1872/1810 842/1873/1811
f 842/1873/1811 688/1872/1810 687/1874/1812
f 842/1873/1811 687/1874/1812 819/1875/1813
f 819/1875/1813 687/1874/1812 686/1876/1814
f 819/1875/1813 686/1876/1814 820/1877/1815
f 820/1877/1815 686/1876/1814 685/1878/1816
f 820/1877/1815 685/1878/1816 821/1879/1817
f 821/1879/1817 685/1878/1816 684/1880/1818
f 821/1879/1817 684/1880/1818 822/1881/1819
f 822/1881/1819 684/1880/1818 683/1882/1820
f 822/1881/1819 683/1882/1820 823/1883/1821
f 823/1883/1821 683/1882/1820 682/1884/1822
f 823/1883/1821 682/1884/1822 824/1855/1793
f 824/1855/1793 682/1884/1822 681/1856/1794
f 680/1857/1795 679/1885/1823 1030/1850/1788
f 1030/1850/1788 679/1885/1823 678/1886/1824
f 1030/1850/1788 678/1886/1824 677/1887/1825
f 677/1887/1825 676/1888/1826 1030/1850/1788
f 1030/1850/1788 676/1888/1826 675/1861/1799
f 836/1849/1787 835/1889/1827 908/1847/1785
f 908/1847/1785 835/1889/1827 834/1890/1828
f 908/1847/1785 834/1890/1828 833/1891/1829
f 833/1891/1829 832/1858/1796 908/1847/1785
f 830/1860/1798 829/1892/1830 1028/1854/1792
f 1028/1854/1792 829/1892/1830 828/1893/1831
f 1028/1854/1792 828/1893/1831 827/1894/1832
f 827/1894/1832 826/1895/1833 1028/1854/1792
f 1028/1854/1792 826/1895/1833 825/1896/1834
f 1028/1854/1792 825/1896/1834 824/1855/1793
f 1027/1897/1835 355/1898/1836 1012/1899/1837
f 1012/1899/1837 355/1898/1836 261/1900/1838
f 1012/1899/1837 261/1900/1838 260/1901/1839
f 1029/1902/1840 361/1903/1841 1027/1897/1835
f 1027/1897/1835 361/1903/1841 360/1904/1842
f 1027/1897/1835 360/1904/1842 359/1905/1843
f 1031/1906/1844 345/1907/1845 1029/1902/1840
f 1029/1902/1840 345/1907/1845 344/1908/1846
f 1029/1902/1840 344/1908/1846 343/1909/1847
f 1012/1899/1837 255/1910/1848 1031/1906/1844
f 1031/1906/1844 255/1910/1848 254/1911/1849
f 1031/1906/1844 254/1911/1849 253/1912/1850
f 265/1913/1851 351/1914/1852 242/1915/1853
f 242/1915/1853 351/1914/1852 350/1916/1854
f 242/1915/1853 350/1916/1854 243/1917/1855
f 243/1917/1855 350/1916/1854 349/1918/1856
f 243/1917/1855 349/1918/1856 244/1919/1857
f 244/1919/1857 349/1918/1856 348/1920/1858
f 244/1919/1857 348/1920/1858 245/1921/1859
f 245/1921/1859 348/1920/1858 347/1922/1860
f 245/1921/1859 347/1922/1860 246/1923/1861
f 246/1923/1861 347/1922/1860 346/1924/1862
f 246/1923/1861 346/1924/1862 247/1925/1863
f 247/1925/1863 346/1924/1862 345/1907/1845
f 247/1925/1863 345/1907/1845 1031/1906/1844
f 351/1914/1852 265/1913/1851 352/1926/1864
f 352/1926/1864 265/1913/1851 264/1927/1865
f 352/1926/1864 264/1927/1865 353/1928/1866
f 353/1928/1866 264/1927/1865 263/1929/1867
f 353/1928/1866 263/1929/1867 354/1930/1868
f 354/1930/1868 263/1929/1867 262/1931/1869
f 354/1930/1868 262/1931/1869 355/1898/1836
f 355/1898/1836 262/1931/1869 261/1900/1838
f 260/1901/1839 259/1932/1870 1012/1899/1837
f 1012/1899/1837 259/1932/1870 258/1933/1871
f 1012/1899/1837 258/1933/1871 257/1934/1872
f 257/1934/1872 256/1935/1873 1012/1899/1837
f 1012/1899/1837 256/1935/1873 255/1910/1848
f 253/1912/1850 252/1936/1874 1031/1906/1844
f 1031/1906/1844 252/1936/1874 251/1937/1875
f 1031/1906/1844 251/1937/1875 250/1938/1876
f 250/1938/1876 249/1939/1877 1031/1906/1844
f 1031/1906/1844 249/1939/1877 248/1940/1878
f 1031/1906/1844 248/1940/1878 247/1925/1863
f 339/1941/1879 338/1942/1880 1029/1902/1840
f 1029/1902/1840 338/1942/1880 361/1903/1841
f 359/1905/1843 358/1943/1881 1027/1897/1835
f 1027/1897/1835 358/1943/1881 357/1944/1882
f 1027/1897/1835 357/1944/1882 356/1945/1883
f 356/1945/1883 355/1898/1836 1027/1897/1835
f 343/1909/1847 342/1946/1884 1029/1902/1840
f 1029/1902/1840 342/1946/1884 341/1947/1885
f 1029/1902/1840 341/1947/1885 340/1948/1886
f 340/1948/1886 339/1941/1879 1029/1902/1840
f 907/1949/1887 1012/1950/1888 1030/1951/1889
f 1030/1951/1889 1012/1950/1888 1031/1952/1890
f 1028/1953/1891 1030/1954/1892 1029/1955/1893
f 1029/1955/1893 1030/1954/1892 1031/1956/1894
f 794/1957/1895 844/1958/1896 771/1959/1897
f 771/1959/1897 844/1958/1896 843/1960/1898
f 771/1959/1897 843/1960/1898 772/1961/1899
f 772/1961/1899 843/1960/1898 866/1962/1900
f 772/1961/1899 866/1962/1900 865/1963/1901
f 844/1958/1896 794/1957/1895 845/1964/1902
f 845/1964/1902 794/1957/1895 793/1965/1903
f 845/1964/1902 793/1965/1903 846/1966/1904
f 846/1966/1904 793/1965/1903 792/1967/1905
f 846/1966/1904 792/1967/1905 847/1968/1906
f 847/1968/1906 792/1967/1905 791/1969/1907
f 847/1968/1906 791/1969/1907 848/1970/1908
f 848/1970/1908 791/1969/1907 790/1971/1909
f 848/1970/1908 790/1971/1909 849/1972/1910
f 849/1972/1910 790/1971/1909 789/1973/1911
f 849/1972/1910 789/1973/1911 788/1974/1912
f 849/1972/1910 788/1974/1912 850/1975/1913
f 850/1975/1913 788/1974/1912 787/1976/1914
f 850/1975/1913 787/1976/1914 851/1977/1915
f 851/1977/1915 787/1976/1914 786/1978/1916
f 851/1977/1915 786/1978/1916 852/1979/1917
f 852/1979/1917 786/1978/1916 785/1980/1918
f 852/1979/1917 785/1980/1918 853/1981/1919
f 853/1981/1919 785/1980/1918 784/1982/1920
f 853/1981/1919 784/1982/1920 854/1983/1921
f 854/1983/1921 784/1982/1920 783/1984/1922
f 854/1983/1921 783/1984/1922 855/1985/1923
f 855/1985/1923 783/1984/1922 856/1986/1924
f 856/1986/1924 783/1984/1922 782/1987/1925
f 856/1986/1924 782/1987/1925 857/1988/1926
f 857/1988/1926 782/1987/1925 781/1989/1927
f 857/1988/1926 781/1989/1927 858/1990/1928
f 858/1990/1928 781/1989/1927 780/1991/1929
f 858/1990/1928 780/1991/1929 859/1992/1930
f 859/1992/1930 780/1991/1929 779/1993/1931
f 859/1992/1930 779/1993/1931 860/1994/1932
f 860/1994/1932 779/1993/1931 778/1995/1933
f 860/1994/1932 778/1995/1933 861/1996/1934
f 861/1996/1934 778/1995/1933 777/1997/1935
f 861/1996/1934 777/1997/1935 776/1998/1936
f 861/1996/1934 776/1998/1936 862/1999/1937
f 862/1999/1937 776/1998/1936 775/2000/1938
f 862/1999/1937 775/2000/1938 863/2001/1939
f 863/2001/1939 775/2000/1938 774/2002/1940
f 863/2001/1939 774/2002/1940 864/2003/1941
f 864/2003/1941 774/2002/1940 773/2004/1942
f 864/2003/1941 773/2004/1942 865/1963/1901
f 865/1963/1901 773/2004/1942 772/1961/1899
f 745/2005/1943 699/2006/1944 722/2007/1945
f 722/2007/1945 699/2006/1944 698/2008/1946
f 722/2007/1945 698/2008/1946 723/2009/1947
f 723/2009/1947 698/2008/1946 721/2010/1948
f 723/2009/1947 721/2010/1948 720/2011/1949
f 699/2006/1944 745/2005/1943 700/2012/1950
f 700/2012/1950 745/2005/1943 744/2013/1951
f 700/2012/1950 744/2013/1951 701/2014/1952
f 701/2014/1952 744/2013/1951 743/2015/1953
f 701/2014/1952 743/2015/1953 702/2016/1954
f 702/2016/1954 743/2015/1953 742/2017/1955
f 702/2016/1954 742/2017/1955 703/2018/1956
f 703/2018/1956 742/2017/1955 741/2019/1957
f 703/2018/1956 741/2019/1957 704/2020/1958
f 704/2020/1958 741/2019/1957 740/2021/1959
f 704/2020/1958 740/2021/1959 739/2022/1960
f 704/2020/1958 739/2022/1960 705/2023/1961
f 705/2023/1961 739/2022/1960 738/2024/1962
f 705/2023/1961 738/2024/1962 706/2025/1963
f 706/2025/1963 738/2024/1962 737/2026/1964
f 706/2025/1963 737/2026/1964 707/2027/1965
f 707/2027/1965 737/2026/1964 736/2028/1966
f 707/2027/1965 736/2028/1966 708/2029/1967
f 708/2029/1967 736/2028/1966 735/2030/1968
f 708/2029/1967 735/2030/1968 709/2031/1969
f 709/2031/1969 735/2030/1968 734/2032/1970
f 709/2031/1969 734/2032/1970 710/2033/1971
f 710/2033/1971 734/2032/1970 711/2034/1972
f 711/2034/1972 734/2032/1970 733/2035/1973
f 711/2034/1972 733/2035/1973 712/2036/1974
f 712/2036/1974 733/2035/1973 732/2037/1975
f 712/2036/1974 732/2037/1975 713/2038/1976
f 713/2038/1976 732/2037/1975 731/2039/1977
f 713/2038/1976 731/2039/1977 714/2040/1978
f 714/2040/1978 731/2039/1977 730/2041/1979
f 714/2040/1978 730/2041/1979 715/2042/1980
f 715/2042/1980 730/2041/1979 729/2043/1981
f 715/2042/1980 729/2043/1981 716/2044/1982
f 716/2044/1982 729/2043/1981 728/2045/1983
f 716/2044/1982 728/2045/1983 727/2046/1984
f 716/2044/1982 727/2046/1984 717/2047/1985
f 717/2047/1985 727/2046/1984 726/2048/1986
f 717/2047/1985 726/2048/1986 718/2049/1987
f 718/2049/1987 726/2048/1986 725/2050/1988
f 718/2049/1987 725/2050/1988 719/2051/1989
f 719/2051/1989 725/2050/1988 724/2052/1990
f 719/2051/1989 724/2052/1990 720/2011/1949
f 720/2011/1949 724/2052/1990 723/2009/1947
f 313/2053/1991 363/2054/1992 290/2055/1993
f 290/2055/1993 363/2054/1992 362/2056/1994
f 290/2055/1993 362/2056/1994 291/2057/1995
f 291/2057/1995 362/2056/1994 385/2058/1996
f 291/2057/1995 385/2058/1996 384/2059/1997
f 363/2054/1992 313/2053/1991 364/2060/1998
f 364/2060/1998 313/2053/1991 312/2061/1999
f 364/2060/1998 312/2061/1999 365/2062/2000
f 365/2062/2000 312/2061/1999 311/2063/2001
f 365/2062/2000 311/2063/2001 366/2064/2002
f 366/2064/2002 311/2063/2001 310/2065/2003
f 366/2064/2002 310/2065/2003 367/2066/2004
f 367/2066/2004 310/2065/2003 309/2067/2005
f 367/2066/2004 309/2067/2005 368/2068/2006
f 368/2068/2006 309/2067/2005 308/2069/2007
f 368/2068/2006 308/2069/2007 307/2070/2008
f 368/2068/2006 307/2070/2008 369/2071/2009
f 369/2071/2009 307/2070/2008 306/2072/2010
f 369/2071/2009 306/2072/2010 370/2073/2011
f 370/2073/2011 306/2072/2010 305/2074/2012
f 370/2073/2011 305/2074/2012 371/2075/2013
f 371/2075/2013 305/2074/2012 304/2076/2014
f 371/2075/2013 304/2076/2014 372/2077/2015
f 372/2077/2015 304/2076/2014 303/2078/2016
f 372/2077/2015 303/2078/2016 373/2079/2017
f 373/2079/2017 303/2078/2016 302/2080/2018
f 373/2079/2017 302/2080/2018 374/2081/2019
f 374/2081/2019 302/2080/2018 375/2082/2020
f 375/2082/2020 302/2080/2018 301/2083/2021
f 375/2082/2020 301/2083/2021 376/2084/2022
f 376/2084/2022 301/2083/2021 300/2085/2023
f 376/2084/2022 300/2085/2023 377/2086/2024
f 377/2086/2024 300/2085/2023 299/2087/2025
f 377/2086/2024 299/2087/2025 378/2088/2026
f 378/2088/2026 299/2087/2025 298/2089/2027
f 378/2088/2026 298/2089/2027 379/2090/2028
f 379/2090/2028 298/2089/2027 297/2091/2029
f 379/2090/2028 297/2091/2029 380/2092/2030
f 380/2092/2030 297/2091/2029 296/2093/2031
f 380/2092/2030 296/2093/2031 295/2094/2032
f 380/2092/2030 295/2094/2032 381/2095/2033
f 381/2095/2033 295/2094/2032 294/2096/2034
f 381/2095/2033 294/2096/2034 382/2097/2035
f 382/2097/2035 294/2096/2034 293/2098/2036
f 382/2097/2035 293/2098/2036 383/2099/2037
f 383/2099/2037 293/2098/2036 292/2100/2038
f 383/2099/2037 292/2100/2038 384/2059/1997
f 384/2059/1997 292/2100/2038 291/2057/1995
f 216/2101/2039 267/2102/2040 193/2103/2041
f 193/2103/2041 267/2102/2040 266/2104/2042
f 193/2103/2041 266/2104/2042 194/2105/2043
f 194/2105/2043 266/2104/2042 289/2106/2044
f 194/2105/2043 289/2106/2044 288/2107/2045
f 267/2102/2040 216/2101/2039 268/2108/2046
f 268/2108/2046 216/2101/2039 215/2109/2047
f 268/2108/2046 215/2109/2047 269/2110/2048
f 269/2110/2048 215/2109/2047 214/2111/2049
f 269/2110/2048 214/2111/2049 270/2112/2050
f 270/2112/2050 214/2111/2049 213/2113/2051
f 270/2112/2050 213/2113/2051 271/2114/2052
f 271/2114/2052 213/2113/2051 212/2115/2053
f 271/2114/2052 212/2115/2053 272/2116/2054
f 272/2116/2054 212/2115/2053 211/2117/2055
f 272/2116/2054 211/2117/2055 210/2118/2056
f 272/2116/2054 210/2118/2056 273/2119/2057
f 273/2119/2057 210/2118/2056 209/2120/2058
f 273/2119/2057 209/2120/2058 274/2121/2059
f 274/2121/2059 209/2120/2058 208/2122/2060
f 274/2121/2059 208/2122/2060 275/2123/2061
f 275/2123/2061 208/2122/2060 207/2124/2062
f 275/2123/2061 207/2124/2062 276/2125/2063
f 276/2125/2063 207/2124/2062 206/2126/2064
f 276/2125/2063 206/2126/2064 277/2127/2065
f 277/2127/2065 206/2126/2064 205/2128/2066
f 277/2127/2065 205/2128/2066 278/2129/2067
f 278/2129/2067 205/2128/2066 279/2130/2068
f 279/2130/2068 205/2128/2066 204/2131/2069
f 279/2130/2068 204/2131/2069 280/2132/2070
f 280/2132/2070 204/2131/2069 203/2133/2071
f 280/2132/2070 203/2133/2071 281/2134/2072
f 281/2134/2072 203/2133/2071 202/2135/2073
f 281/2134/2072 202/2135/2073 282/2136/2074
f 282/2136/2074 202/2135/2073 201/2137/2075
f 282/2136/2074 201/2137/2075 283/2138/2076
f 283/2138/2076 201/2137/2075 200/2139/2077
f 283/2138/2076 200/2139/2077 284/2140/2078
f 284/2140/2078 200/2139/2077 199/2141/2079
f 284/2140/2078 199/2141/2079 198/2142/2080
f 284/2140/2078 198/2142/2080 285/2143/2081
f 285/2143/2081 198/2142/2080 197/2144/2082
f 285/2143/2081 197/2144/2082 286/2145/2083
f 286/2145/2083 197/2144/2082 196/2146/2084
f 286/2145/2083 196/2146/2084 287/2147/2085
f 287/2147/2085 196/2146/2084 195/2148/2086
f 287/2147/2085 195/2148/2086 288/2107/2045
f 288/2107/2045 195/2148/2086 194/2105/2043
# 1031 vertices
# 2148 texture params
# 2086 normals
# 2114 facets

# 1 groups
