# WaveFront *.obj file (generated by Autodesk ATF)

mtllib Follower_Elbow_To_Wrist.mtl

g Körper1

v -0.085332 23.021498 4.629256
v -0.093851 22.956793 4.629256
v -0.118826 22.896498 4.629256
v -0.158556 22.844721 4.629256
v -0.210332 22.804992 4.629256
v -0.270628 22.780017 4.629256
v -0.335332 22.771498 4.629256
v -0.400037 22.780017 4.629256
v -0.460332 22.804992 4.629256
v -0.512109 22.844721 4.629256
v -0.551839 22.896498 4.629256
v -0.576814 22.956793 4.629256
v -0.585332 23.021498 4.629256
v -0.576814 23.086203 4.629256
v -0.551839 23.146498 4.629256
v -0.512109 23.198275 4.629256
v -0.460332 23.238004 4.629256
v -0.400037 23.262980 4.629256
v -0.335332 23.271498 4.629256
v -0.270628 23.262980 4.629256
v -0.210332 23.238004 4.629256
v -0.158556 23.198275 4.629256
v -0.118826 23.146498 4.629256
v -0.093851 23.086203 4.629256
v -0.085332 23.021498 4.789256
v -0.093851 23.086203 4.789256
v -0.118826 23.146498 4.789256
v -0.158556 23.198275 4.789256
v -0.210332 23.238004 4.789256
v -0.270628 23.262980 4.789256
v -0.335332 23.271498 4.789256
v -0.400037 23.262980 4.789256
v -0.460332 23.238004 4.789256
v -0.512109 23.198275 4.789256
v -0.551839 23.146498 4.789256
v -0.576814 23.086203 4.789256
v -0.585332 23.021498 4.789256
v -0.576814 22.956793 4.789256
v -0.551839 22.896498 4.789256
v -0.512109 22.844721 4.789256
v -0.460332 22.804992 4.789256
v -0.400037 22.780017 4.789256
v -0.335332 22.771498 4.789256
v -0.270628 22.780017 4.789256
v -0.210332 22.804992 4.789256
v -0.158556 22.844721 4.789256
v -0.118826 22.896498 4.789256
v -0.093851 22.956793 4.789256
v -0.215332 23.021498 4.489256
v -0.219421 22.990440 4.489256
v -0.231409 22.961498 4.489256
v -0.250480 22.936645 4.489256
v -0.275332 22.917575 4.489256
v -0.304274 22.905587 4.489256
v -0.335332 22.901498 4.489256
v -0.366391 22.905587 4.489256
v -0.395332 22.917575 4.489256
v -0.420185 22.936645 4.489256
v -0.439255 22.961498 4.489256
v -0.451243 22.990440 4.489256
v -0.455332 23.021498 4.489256
v -0.451243 23.052556 4.489256
v -0.439255 23.081498 4.489256
v -0.420185 23.106351 4.489256
v -0.395332 23.125421 4.489256
v -0.366391 23.137409 4.489256
v -0.335332 23.141498 4.489256
v -0.304274 23.137409 4.489256
v -0.275332 23.125421 4.489256
v -0.250480 23.106351 4.489256
v -0.231409 23.081498 4.489256
v -0.219421 23.052556 4.489256
v -0.215332 23.021498 4.629256
v -0.219421 23.052556 4.629256
v -0.231409 23.081498 4.629256
v -0.250480 23.106351 4.629256
v -0.275332 23.125421 4.629256
v -0.304274 23.137409 4.629256
v -0.335332 23.141498 4.629256
v -0.366391 23.137409 4.629256
v -0.395332 23.125421 4.629256
v -0.420185 23.106351 4.629256
v -0.439255 23.081498 4.629256
v -0.451243 23.052556 4.629256
v -0.455332 23.021498 4.629256
v -0.451243 22.990440 4.629256
v -0.439255 22.961498 4.629256
v -0.420185 22.936645 4.629256
v -0.395332 22.917575 4.629256
v -0.366391 22.905587 4.629256
v -0.335332 22.901498 4.629256
v -0.304274 22.905587 4.629256
v -0.275332 22.917575 4.629256
v -0.250480 22.936645 4.629256
v -0.231409 22.961498 4.629256
v -0.219421 22.990440 4.629256
v -0.085332 21.421498 4.629256
v -0.093851 21.356793 4.629256
v -0.118826 21.296498 4.629256
v -0.158556 21.244721 4.629256
v -0.210332 21.204992 4.629256
v -0.270628 21.180017 4.629256
v -0.335332 21.171498 4.629256
v -0.400037 21.180017 4.629256
v -0.460332 21.204992 4.629256
v -0.512109 21.244721 4.629256
v -0.551839 21.296498 4.629256
v -0.576814 21.356793 4.629256
v -0.585332 21.421498 4.629256
v -0.576814 21.486203 4.629256
v -0.551839 21.546498 4.629256
v -0.512109 21.598275 4.629256
v -0.460332 21.638004 4.629256
v -0.400037 21.662980 4.629256
v -0.335332 21.671498 4.629256
v -0.270628 21.662980 4.629256
v -0.210332 21.638004 4.629256
v -0.158556 21.598275 4.629256
v -0.118826 21.546498 4.629256
v -0.093851 21.486203 4.629256
v -0.085332 21.421498 4.789256
v -0.093851 21.486203 4.789256
v -0.118826 21.546498 4.789256
v -0.158556 21.598275 4.789256
v -0.210332 21.638004 4.789256
v -0.270628 21.662980 4.789256
v -0.335332 21.671498 4.789256
v -0.400037 21.662980 4.789256
v -0.460332 21.638004 4.789256
v -0.512109 21.598275 4.789256
v -0.551839 21.546498 4.789256
v -0.576814 21.486203 4.789256
v -0.585332 21.421498 4.789256
v -0.576814 21.356793 4.789256
v -0.551839 21.296498 4.789256
v -0.512109 21.244721 4.789256
v -0.460332 21.204992 4.789256
v -0.400037 21.180017 4.789256
v -0.335332 21.171498 4.789256
v -0.270628 21.180017 4.789256
v -0.210332 21.204992 4.789256
v -0.158556 21.244721 4.789256
v -0.118826 21.296498 4.789256
v -0.093851 21.356793 4.789256
v -0.215332 21.421498 4.489256
v -0.219421 21.390440 4.489256
v -0.231409 21.361498 4.489256
v -0.250480 21.336645 4.489256
v -0.275332 21.317575 4.489256
v -0.304274 21.305587 4.489256
v -0.335332 21.301498 4.489256
v -0.366391 21.305587 4.489256
v -0.395332 21.317575 4.489256
v -0.420185 21.336645 4.489256
v -0.439255 21.361498 4.489256
v -0.451243 21.390440 4.489256
v -0.455332 21.421498 4.489256
v -0.451243 21.452556 4.489256
v -0.439255 21.481498 4.489256
v -0.420185 21.506351 4.489256
v -0.395332 21.525421 4.489256
v -0.366391 21.537409 4.489256
v -0.335332 21.541498 4.489256
v -0.304274 21.537409 4.489256
v -0.275332 21.525421 4.489256
v -0.250480 21.506351 4.489256
v -0.231409 21.481498 4.489256
v -0.219421 21.452556 4.489256
v -0.215332 21.421498 4.629256
v -0.219421 21.452556 4.629256
v -0.231409 21.481498 4.629256
v -0.250480 21.506351 4.629256
v -0.275332 21.525421 4.629256
v -0.304274 21.537409 4.629256
v -0.335332 21.541498 4.629256
v -0.366391 21.537409 4.629256
v -0.395332 21.525421 4.629256
v -0.420185 21.506351 4.629256
v -0.439255 21.481498 4.629256
v -0.451243 21.452556 4.629256
v -0.455332 21.421498 4.629256
v -0.451243 21.390440 4.629256
v -0.439255 21.361498 4.629256
v -0.420185 21.336645 4.629256
v -0.395332 21.317575 4.629256
v -0.366391 21.305587 4.629256
v -0.335332 21.301498 4.629256
v -0.304274 21.305587 4.629256
v -0.275332 21.317575 4.629256
v -0.250480 21.336645 4.629256
v -0.231409 21.361498 4.629256
v -0.219421 21.390440 4.629256
v 2.914668 21.421498 4.629256
v 2.906149 21.356793 4.629256
v 2.881174 21.296498 4.629256
v 2.841444 21.244721 4.629256
v 2.789668 21.204992 4.629256
v 2.729372 21.180017 4.629256
v 2.664668 21.171498 4.629256
v 2.599963 21.180017 4.629256
v 2.539668 21.204992 4.629256
v 2.487891 21.244721 4.629256
v 2.448161 21.296498 4.629256
v 2.423186 21.356793 4.629256
v 2.414668 21.421498 4.629256
v 2.423186 21.486203 4.629256
v 2.448161 21.546498 4.629256
v 2.487891 21.598275 4.629256
v 2.539668 21.638004 4.629256
v 2.599963 21.662980 4.629256
v 2.664668 21.671498 4.629256
v 2.729372 21.662980 4.629256
v 2.789668 21.638004 4.629256
v 2.841444 21.598275 4.629256
v 2.881174 21.546498 4.629256
v 2.906149 21.486203 4.629256
v 2.914668 21.421498 4.789256
v 2.906149 21.486203 4.789256
v 2.881174 21.546498 4.789256
v 2.841444 21.598275 4.789256
v 2.789668 21.638004 4.789256
v 2.729372 21.662980 4.789256
v 2.664668 21.671498 4.789256
v 2.599963 21.662980 4.789256
v 2.539668 21.638004 4.789256
v 2.487891 21.598275 4.789256
v 2.448161 21.546498 4.789256
v 2.423186 21.486203 4.789256
v 2.414668 21.421498 4.789256
v 2.423186 21.356793 4.789256
v 2.448161 21.296498 4.789256
v 2.487891 21.244721 4.789256
v 2.539668 21.204992 4.789256
v 2.599963 21.180017 4.789256
v 2.664668 21.171498 4.789256
v 2.729372 21.180017 4.789256
v 2.789668 21.204992 4.789256
v 2.841444 21.244721 4.789256
v 2.881174 21.296498 4.789256
v 2.906149 21.356793 4.789256
v 2.784668 21.421498 4.489256
v 2.780579 21.390440 4.489256
v 2.768591 21.361498 4.489256
v 2.749520 21.336645 4.489256
v 2.724668 21.317575 4.489256
v 2.695726 21.305587 4.489256
v 2.664668 21.301498 4.489256
v 2.633609 21.305587 4.489256
v 2.604668 21.317575 4.489256
v 2.579815 21.336645 4.489256
v 2.560745 21.361498 4.489256
v 2.548757 21.390440 4.489256
v 2.544668 21.421498 4.489256
v 2.548757 21.452556 4.489256
v 2.560745 21.481498 4.489256
v 2.579815 21.506351 4.489256
v 2.604668 21.525421 4.489256
v 2.633609 21.537409 4.489256
v 2.664668 21.541498 4.489256
v 2.695726 21.537409 4.489256
v 2.724668 21.525421 4.489256
v 2.749520 21.506351 4.489256
v 2.768591 21.481498 4.489256
v 2.780579 21.452556 4.489256
v 2.784668 21.421498 4.629256
v 2.780579 21.452556 4.629256
v 2.768591 21.481498 4.629256
v 2.749520 21.506351 4.629256
v 2.724668 21.525421 4.629256
v 2.695726 21.537409 4.629256
v 2.664668 21.541498 4.629256
v 2.633609 21.537409 4.629256
v 2.604668 21.525421 4.629256
v 2.579815 21.506351 4.629256
v 2.560745 21.481498 4.629256
v 2.548757 21.452556 4.629256
v 2.544668 21.421498 4.629256
v 2.548757 21.390440 4.629256
v 2.560745 21.361498 4.629256
v 2.579815 21.336645 4.629256
v 2.604668 21.317575 4.629256
v 2.633609 21.305587 4.629256
v 2.664668 21.301498 4.629256
v 2.695726 21.305587 4.629256
v 2.724668 21.317575 4.629256
v 2.749520 21.336645 4.629256
v 2.768591 21.361498 4.629256
v 2.780579 21.390440 4.629256
v 2.914668 23.021498 4.629256
v 2.906149 22.956793 4.629256
v 2.881174 22.896498 4.629256
v 2.841444 22.844721 4.629256
v 2.789668 22.804992 4.629256
v 2.729372 22.780017 4.629256
v 2.664668 22.771498 4.629256
v 2.599963 22.780017 4.629256
v 2.539668 22.804992 4.629256
v 2.487891 22.844721 4.629256
v 2.448161 22.896498 4.629256
v 2.423186 22.956793 4.629256
v 2.414668 23.021498 4.629256
v 2.423186 23.086203 4.629256
v 2.448161 23.146498 4.629256
v 2.487891 23.198275 4.629256
v 2.539668 23.238004 4.629256
v 2.599963 23.262980 4.629256
v 2.664668 23.271498 4.629256
v 2.729372 23.262980 4.629256
v 2.789668 23.238004 4.629256
v 2.841444 23.198275 4.629256
v 2.881174 23.146498 4.629256
v 2.906149 23.086203 4.629256
v 2.914668 23.021498 4.789256
v 2.906149 23.086203 4.789256
v 2.881174 23.146498 4.789256
v 2.841444 23.198275 4.789256
v 2.789668 23.238004 4.789256
v 2.729372 23.262980 4.789256
v 2.664668 23.271498 4.789256
v 2.599963 23.262980 4.789256
v 2.539668 23.238004 4.789256
v 2.487891 23.198275 4.789256
v 2.448161 23.146498 4.789256
v 2.423186 23.086203 4.789256
v 2.414668 23.021498 4.789256
v 2.423186 22.956793 4.789256
v 2.448161 22.896498 4.789256
v 2.487891 22.844721 4.789256
v 2.539668 22.804992 4.789256
v 2.599963 22.780017 4.789256
v 2.664668 22.771498 4.789256
v 2.729372 22.780017 4.789256
v 2.789668 22.804992 4.789256
v 2.841444 22.844721 4.789256
v 2.881174 22.896498 4.789256
v 2.906149 22.956793 4.789256
v 2.784668 23.021498 4.489256
v 2.780579 22.990440 4.489256
v 2.768591 22.961498 4.489256
v 2.749520 22.936645 4.489256
v 2.724668 22.917575 4.489256
v 2.695726 22.905587 4.489256
v 2.664668 22.901498 4.489256
v 2.633609 22.905587 4.489256
v 2.604668 22.917575 4.489256
v 2.579815 22.936645 4.489256
v 2.560745 22.961498 4.489256
v 2.548757 22.990440 4.489256
v 2.544668 23.021498 4.489256
v 2.548757 23.052556 4.489256
v 2.560745 23.081498 4.489256
v 2.579815 23.106351 4.489256
v 2.604668 23.125421 4.489256
v 2.633609 23.137409 4.489256
v 2.664668 23.141498 4.489256
v 2.695726 23.137409 4.489256
v 2.724668 23.125421 4.489256
v 2.749520 23.106351 4.489256
v 2.768591 23.081498 4.489256
v 2.780579 23.052556 4.489256
v 2.784668 23.021498 4.629256
v 2.780579 23.052556 4.629256
v 2.768591 23.081498 4.629256
v 2.749520 23.106351 4.629256
v 2.724668 23.125421 4.629256
v 2.695726 23.137409 4.629256
v 2.664668 23.141498 4.629256
v 2.633609 23.137409 4.629256
v 2.604668 23.125421 4.629256
v 2.579815 23.106351 4.629256
v 2.560745 23.081498 4.629256
v 2.548757 23.052556 4.629256
v 2.544668 23.021498 4.629256
v 2.548757 22.990440 4.629256
v 2.560745 22.961498 4.629256
v 2.579815 22.936645 4.629256
v 2.604668 22.917575 4.629256
v 2.633609 22.905587 4.629256
v 2.664668 22.901498 4.629256
v 2.695726 22.905587 4.629256
v 2.724668 22.917575 4.629256
v 2.749520 22.936645 4.629256
v 2.768591 22.961498 4.629256
v 2.780579 22.990440 4.629256
v -1.225000 22.822222 6.269276
v -1.225000 22.791164 6.273365
v -1.225000 22.762222 6.285353
v -1.225000 22.737370 6.304423
v -1.225000 22.718299 6.329276
v -1.225000 22.706311 6.358218
v -1.225000 22.702222 6.389276
v -1.225000 22.706311 6.420334
v -1.225000 22.718299 6.449276
v -1.225000 22.737370 6.474129
v -1.225000 22.762222 6.493199
v -1.225000 22.791164 6.505187
v -1.225000 22.822222 6.509276
v -1.225000 22.853281 6.505187
v -1.225000 22.882222 6.493199
v -1.225000 22.907075 6.474129
v -1.225000 22.926145 6.449276
v -1.225000 22.938133 6.420334
v -1.225000 22.942222 6.389276
v -1.225000 22.938133 6.358218
v -1.225000 22.926145 6.329276
v -1.225000 22.907075 6.304423
v -1.225000 22.882222 6.285353
v -1.225000 22.853281 6.273365
v -0.925000 22.822222 6.269276
v -0.925000 22.853281 6.273365
v -0.925000 22.882222 6.285353
v -0.925000 22.907075 6.304423
v -0.925000 22.926145 6.329276
v -0.925000 22.938133 6.358218
v -0.925000 22.942222 6.389276
v -0.925000 22.938133 6.420334
v -0.925000 22.926145 6.449276
v -0.925000 22.907075 6.474129
v -0.925000 22.882222 6.493199
v -0.925000 22.853281 6.505187
v -0.925000 22.822222 6.509276
v -0.925000 22.791164 6.505187
v -0.925000 22.762222 6.493199
v -0.925000 22.737370 6.474129
v -0.925000 22.718299 6.449276
v -0.925000 22.706311 6.420334
v -0.925000 22.702222 6.389276
v -0.925000 22.706311 6.358218
v -0.925000 22.718299 6.329276
v -0.925000 22.737370 6.304423
v -0.925000 22.762222 6.285353
v -0.925000 22.791164 6.273365
v 2.025000 22.822222 6.269276
v 2.025000 22.791164 6.273365
v 2.025000 22.762222 6.285353
v 2.025000 22.737370 6.304423
v 2.025000 22.718299 6.329276
v 2.025000 22.706311 6.358218
v 2.025000 22.702222 6.389276
v 2.025000 22.706311 6.420334
v 2.025000 22.718299 6.449276
v 2.025000 22.737370 6.474129
v 2.025000 22.762222 6.493199
v 2.025000 22.791164 6.505187
v 2.025000 22.822222 6.509276
v 2.025000 22.853281 6.505187
v 2.025000 22.882222 6.493199
v 2.025000 22.907075 6.474129
v 2.025000 22.926145 6.449276
v 2.025000 22.938133 6.420334
v 2.025000 22.942222 6.389276
v 2.025000 22.938133 6.358218
v 2.025000 22.926145 6.329276
v 2.025000 22.907075 6.304423
v 2.025000 22.882222 6.285353
v 2.025000 22.853281 6.273365
v 2.322500 22.822222 6.269276
v 2.322500 22.853281 6.273365
v 2.322500 22.882222 6.285353
v 2.322500 22.907075 6.304423
v 2.322500 22.926145 6.329276
v 2.322500 22.938133 6.358218
v 2.322500 22.942222 6.389276
v 2.322500 22.938133 6.420334
v 2.322500 22.926145 6.449276
v 2.322500 22.907075 6.474129
v 2.322500 22.882222 6.493199
v 2.322500 22.853281 6.505187
v 2.322500 22.822222 6.509276
v 2.322500 22.791164 6.505187
v 2.322500 22.762222 6.493199
v 2.322500 22.737370 6.474129
v 2.322500 22.718299 6.449276
v 2.322500 22.706311 6.420334
v 2.322500 22.702222 6.389276
v 2.322500 22.706311 6.358218
v 2.322500 22.718299 6.329276
v 2.322500 22.737370 6.304423
v 2.322500 22.762222 6.285353
v 2.322500 22.791164 6.273365
v 2.325000 22.822222 6.266776
v 2.325000 22.853928 6.270950
v 2.325000 22.883472 6.283188
v 2.325000 22.908843 6.302655
v 2.325000 22.928310 6.328026
v 2.325000 22.940548 6.357571
v 2.325000 22.944722 6.389276
v 2.325000 22.940548 6.420981
v 2.325000 22.928310 6.450526
v 2.325000 22.908843 6.475896
v 2.325000 22.883472 6.495364
v 2.325000 22.853928 6.507602
v 2.325000 22.822222 6.511776
v 2.325000 22.790517 6.507602
v 2.325000 22.760972 6.495364
v 2.325000 22.735602 6.475896
v 2.325000 22.716134 6.450526
v 2.325000 22.703896 6.420981
v 2.325000 22.699722 6.389276
v 2.325000 22.703896 6.357571
v 2.325000 22.716134 6.328026
v 2.325000 22.735602 6.302655
v 2.325000 22.760972 6.283188
v 2.325000 22.790517 6.270950
v -1.225000 22.222242 6.869256
v -1.225000 22.191184 6.873345
v -1.225000 22.162242 6.885333
v -1.225000 22.137389 6.904403
v -1.225000 22.118319 6.929256
v -1.225000 22.106331 6.958198
v -1.225000 22.102242 6.989256
v -1.225000 22.106331 7.020314
v -1.225000 22.118319 7.049256
v -1.225000 22.137389 7.074109
v -1.225000 22.162242 7.093179
v -1.225000 22.191184 7.105167
v -1.225000 22.222242 7.109256
v -1.225000 22.253301 7.105167
v -1.225000 22.282242 7.093179
v -1.225000 22.307095 7.074109
v -1.225000 22.326165 7.049256
v -1.225000 22.338153 7.020314
v -1.225000 22.342242 6.989256
v -1.225000 22.338153 6.958198
v -1.225000 22.326165 6.929256
v -1.225000 22.307095 6.904403
v -1.225000 22.282242 6.885333
v -1.225000 22.253301 6.873345
v -0.925000 22.222242 6.869256
v -0.925000 22.253301 6.873345
v -0.925000 22.282242 6.885333
v -0.925000 22.307095 6.904403
v -0.925000 22.326165 6.929256
v -0.925000 22.338153 6.958198
v -0.925000 22.342242 6.989256
v -0.925000 22.338153 7.020314
v -0.925000 22.326165 7.049256
v -0.925000 22.307095 7.074109
v -0.925000 22.282242 7.093179
v -0.925000 22.253301 7.105167
v -0.925000 22.222242 7.109256
v -0.925000 22.191184 7.105167
v -0.925000 22.162242 7.093179
v -0.925000 22.137389 7.074109
v -0.925000 22.118319 7.049256
v -0.925000 22.106331 7.020314
v -0.925000 22.102242 6.989256
v -0.925000 22.106331 6.958198
v -0.925000 22.118319 6.929256
v -0.925000 22.137389 6.904403
v -0.925000 22.162242 6.885333
v -0.925000 22.191184 6.873345
v 2.025000 22.222242 6.869256
v 2.025000 22.191184 6.873345
v 2.025000 22.162242 6.885333
v 2.025000 22.137389 6.904403
v 2.025000 22.118319 6.929256
v 2.025000 22.106331 6.958198
v 2.025000 22.102242 6.989256
v 2.025000 22.106331 7.020314
v 2.025000 22.118319 7.049256
v 2.025000 22.137389 7.074109
v 2.025000 22.162242 7.093179
v 2.025000 22.191184 7.105167
v 2.025000 22.222242 7.109256
v 2.025000 22.253301 7.105167
v 2.025000 22.282242 7.093179
v 2.025000 22.307095 7.074109
v 2.025000 22.326165 7.049256
v 2.025000 22.338153 7.020314
v 2.025000 22.342242 6.989256
v 2.025000 22.338153 6.958198
v 2.025000 22.326165 6.929256
v 2.025000 22.307095 6.904403
v 2.025000 22.282242 6.885333
v 2.025000 22.253301 6.873345
v 2.322500 22.222242 6.869256
v 2.322500 22.253301 6.873345
v 2.322500 22.282242 6.885333
v 2.322500 22.307095 6.904403
v 2.322500 22.326165 6.929256
v 2.322500 22.338153 6.958198
v 2.322500 22.342242 6.989256
v 2.322500 22.338153 7.020314
v 2.322500 22.326165 7.049256
v 2.322500 22.307095 7.074109
v 2.322500 22.282242 7.093179
v 2.322500 22.253301 7.105167
v 2.322500 22.222242 7.109256
v 2.322500 22.191184 7.105167
v 2.322500 22.162242 7.093179
v 2.322500 22.137389 7.074109
v 2.322500 22.118319 7.049256
v 2.322500 22.106331 7.020314
v 2.322500 22.102242 6.989256
v 2.322500 22.106331 6.958198
v 2.322500 22.118319 6.929256
v 2.322500 22.137389 6.904403
v 2.322500 22.162242 6.885333
v 2.322500 22.191184 6.873345
v 2.325000 22.222242 6.866756
v 2.325000 22.253948 6.870930
v 2.325000 22.283492 6.883168
v 2.325000 22.308863 6.902635
v 2.325000 22.328330 6.928006
v 2.325000 22.340568 6.957551
v 2.325000 22.344742 6.989256
v 2.325000 22.340568 7.020961
v 2.325000 22.328330 7.050506
v 2.325000 22.308863 7.075877
v 2.325000 22.283492 7.095344
v 2.325000 22.253948 7.107582
v 2.325000 22.222242 7.111756
v 2.325000 22.190537 7.107582
v 2.325000 22.160992 7.095344
v 2.325000 22.135622 7.075877
v 2.325000 22.116154 7.050506
v 2.325000 22.103916 7.020961
v 2.325000 22.099742 6.989256
v 2.325000 22.103916 6.957551
v 2.325000 22.116154 6.928006
v 2.325000 22.135622 6.902635
v 2.325000 22.160992 6.883168
v 2.325000 22.190537 6.870930
v -1.225000 21.622262 6.269276
v -1.225000 21.591204 6.273365
v -1.225000 21.562262 6.285353
v -1.225000 21.537409 6.304423
v -1.225000 21.518339 6.329276
v -1.225000 21.506351 6.358218
v -1.225000 21.502262 6.389276
v -1.225000 21.506351 6.420334
v -1.225000 21.518339 6.449276
v -1.225000 21.537409 6.474129
v -1.225000 21.562262 6.493199
v -1.225000 21.591204 6.505187
v -1.225000 21.622262 6.509276
v -1.225000 21.653320 6.505187
v -1.225000 21.682262 6.493199
v -1.225000 21.707115 6.474129
v -1.225000 21.726185 6.449276
v -1.225000 21.738173 6.420334
v -1.225000 21.742262 6.389276
v -1.225000 21.738173 6.358218
v -1.225000 21.726185 6.329276
v -1.225000 21.707115 6.304423
v -1.225000 21.682262 6.285353
v -1.225000 21.653320 6.273365
v -0.925000 21.622262 6.269276
v -0.925000 21.653320 6.273365
v -0.925000 21.682262 6.285353
v -0.925000 21.707115 6.304423
v -0.925000 21.726185 6.329276
v -0.925000 21.738173 6.358218
v -0.925000 21.742262 6.389276
v -0.925000 21.738173 6.420334
v -0.925000 21.726185 6.449276
v -0.925000 21.707115 6.474129
v -0.925000 21.682262 6.493199
v -0.925000 21.653320 6.505187
v -0.925000 21.622262 6.509276
v -0.925000 21.591204 6.505187
v -0.925000 21.562262 6.493199
v -0.925000 21.537409 6.474129
v -0.925000 21.518339 6.449276
v -0.925000 21.506351 6.420334
v -0.925000 21.502262 6.389276
v -0.925000 21.506351 6.358218
v -0.925000 21.518339 6.329276
v -0.925000 21.537409 6.304423
v -0.925000 21.562262 6.285353
v -0.925000 21.591204 6.273365
v 2.025000 21.622262 6.269276
v 2.025000 21.591204 6.273365
v 2.025000 21.562262 6.285353
v 2.025000 21.537409 6.304423
v 2.025000 21.518339 6.329276
v 2.025000 21.506351 6.358218
v 2.025000 21.502262 6.389276
v 2.025000 21.506351 6.420334
v 2.025000 21.518339 6.449276
v 2.025000 21.537409 6.474129
v 2.025000 21.562262 6.493199
v 2.025000 21.591204 6.505187
v 2.025000 21.622262 6.509276
v 2.025000 21.653320 6.505187
v 2.025000 21.682262 6.493199
v 2.025000 21.707115 6.474129
v 2.025000 21.726185 6.449276
v 2.025000 21.738173 6.420334
v 2.025000 21.742262 6.389276
v 2.025000 21.738173 6.358218
v 2.025000 21.726185 6.329276
v 2.025000 21.707115 6.304423
v 2.025000 21.682262 6.285353
v 2.025000 21.653320 6.273365
v 2.322500 21.622262 6.269276
v 2.322500 21.653320 6.273365
v 2.322500 21.682262 6.285353
v 2.322500 21.707115 6.304423
v 2.322500 21.726185 6.329276
v 2.322500 21.738173 6.358218
v 2.322500 21.742262 6.389276
v 2.322500 21.738173 6.420334
v 2.322500 21.726185 6.449276
v 2.322500 21.707115 6.474129
v 2.322500 21.682262 6.493199
v 2.322500 21.653320 6.505187
v 2.322500 21.622262 6.509276
v 2.322500 21.591204 6.505187
v 2.322500 21.562262 6.493199
v 2.322500 21.537409 6.474129
v 2.322500 21.518339 6.449276
v 2.322500 21.506351 6.420334
v 2.322500 21.502262 6.389276
v 2.322500 21.506351 6.358218
v 2.322500 21.518339 6.329276
v 2.322500 21.537409 6.304423
v 2.322500 21.562262 6.285353
v 2.322500 21.591204 6.273365
v 2.325000 21.622262 6.266776
v 2.325000 21.653967 6.270950
v 2.325000 21.683512 6.283188
v 2.325000 21.708883 6.302655
v 2.325000 21.728350 6.328026
v 2.325000 21.740588 6.357571
v 2.325000 21.744762 6.389276
v 2.325000 21.740588 6.420981
v 2.325000 21.728350 6.450526
v 2.325000 21.708883 6.475896
v 2.325000 21.683512 6.495364
v 2.325000 21.653967 6.507602
v 2.325000 21.622262 6.511776
v 2.325000 21.590557 6.507602
v 2.325000 21.561012 6.495364
v 2.325000 21.535642 6.475896
v 2.325000 21.516174 6.450526
v 2.325000 21.503936 6.420981
v 2.325000 21.499762 6.389276
v 2.325000 21.503936 6.357571
v 2.325000 21.516174 6.328026
v 2.325000 21.535642 6.302655
v 2.325000 21.561012 6.283188
v 2.325000 21.590557 6.270950
v -1.225000 22.222242 5.669296
v -1.225000 22.191184 5.673385
v -1.225000 22.162242 5.685373
v -1.225000 22.137389 5.704443
v -1.225000 22.118319 5.729296
v -1.225000 22.106331 5.758238
v -1.225000 22.102242 5.789296
v -1.225000 22.106331 5.820354
v -1.225000 22.118319 5.849296
v -1.225000 22.137389 5.874149
v -1.225000 22.162242 5.893219
v -1.225000 22.191184 5.905207
v -1.225000 22.222242 5.909296
v -1.225000 22.253301 5.905207
v -1.225000 22.282242 5.893219
v -1.225000 22.307095 5.874149
v -1.225000 22.326165 5.849296
v -1.225000 22.338153 5.820354
v -1.225000 22.342242 5.789296
v -1.225000 22.338153 5.758238
v -1.225000 22.326165 5.729296
v -1.225000 22.307095 5.704443
v -1.225000 22.282242 5.685373
v -1.225000 22.253301 5.673385
v -0.925000 22.222242 5.669296
v -0.925000 22.253301 5.673385
v -0.925000 22.282242 5.685373
v -0.925000 22.307095 5.704443
v -0.925000 22.326165 5.729296
v -0.925000 22.338153 5.758238
v -0.925000 22.342242 5.789296
v -0.925000 22.338153 5.820354
v -0.925000 22.326165 5.849296
v -0.925000 22.307095 5.874149
v -0.925000 22.282242 5.893219
v -0.925000 22.253301 5.905207
v -0.925000 22.222242 5.909296
v -0.925000 22.191184 5.905207
v -0.925000 22.162242 5.893219
v -0.925000 22.137389 5.874149
v -0.925000 22.118319 5.849296
v -0.925000 22.106331 5.820354
v -0.925000 22.102242 5.789296
v -0.925000 22.106331 5.758238
v -0.925000 22.118319 5.729296
v -0.925000 22.137389 5.704443
v -0.925000 22.162242 5.685373
v -0.925000 22.191184 5.673385
v 2.025000 22.222242 5.669296
v 2.025000 22.191184 5.673385
v 2.025000 22.162242 5.685373
v 2.025000 22.137389 5.704443
v 2.025000 22.118319 5.729296
v 2.025000 22.106331 5.758238
v 2.025000 22.102242 5.789296
v 2.025000 22.106331 5.820354
v 2.025000 22.118319 5.849296
v 2.025000 22.137389 5.874149
v 2.025000 22.162242 5.893219
v 2.025000 22.191184 5.905207
v 2.025000 22.222242 5.909296
v 2.025000 22.253301 5.905207
v 2.025000 22.282242 5.893219
v 2.025000 22.307095 5.874149
v 2.025000 22.326165 5.849296
v 2.025000 22.338153 5.820354
v 2.025000 22.342242 5.789296
v 2.025000 22.338153 5.758238
v 2.025000 22.326165 5.729296
v 2.025000 22.307095 5.704443
v 2.025000 22.282242 5.685373
v 2.025000 22.253301 5.673385
v 2.322500 22.222242 5.669296
v 2.322500 22.253301 5.673385
v 2.322500 22.282242 5.685373
v 2.322500 22.307095 5.704443
v 2.322500 22.326165 5.729296
v 2.322500 22.338153 5.758238
v 2.322500 22.342242 5.789296
v 2.322500 22.338153 5.820354
v 2.322500 22.326165 5.849296
v 2.322500 22.307095 5.874149
v 2.322500 22.282242 5.893219
v 2.322500 22.253301 5.905207
v 2.322500 22.222242 5.909296
v 2.322500 22.191184 5.905207
v 2.322500 22.162242 5.893219
v 2.322500 22.137389 5.874149
v 2.322500 22.118319 5.849296
v 2.322500 22.106331 5.820354
v 2.322500 22.102242 5.789296
v 2.322500 22.106331 5.758238
v 2.322500 22.118319 5.729296
v 2.322500 22.137389 5.704443
v 2.322500 22.162242 5.685373
v 2.322500 22.191184 5.673385
v 2.325000 22.222242 5.666796
v 2.325000 22.253948 5.670970
v 2.325000 22.283492 5.683208
v 2.325000 22.308863 5.702675
v 2.325000 22.328330 5.728046
v 2.325000 22.340568 5.757590
v 2.325000 22.344742 5.789296
v 2.325000 22.340568 5.821001
v 2.325000 22.328330 5.850546
v 2.325000 22.308863 5.875916
v 2.325000 22.283492 5.895384
v 2.325000 22.253948 5.907622
v 2.325000 22.222242 5.911796
v 2.325000 22.190537 5.907622
v 2.325000 22.160992 5.895384
v 2.325000 22.135622 5.875916
v 2.325000 22.116154 5.850546
v 2.325000 22.103916 5.821001
v 2.325000 22.099742 5.789296
v 2.325000 22.103916 5.757590
v 2.325000 22.116154 5.728046
v 2.325000 22.135622 5.702675
v 2.325000 22.160992 5.683208
v 2.325000 22.190537 5.670970
v -0.925000 21.322262 6.483949
v -0.925000 21.362421 6.667484
v -0.925000 21.439564 6.838793
v -0.925000 21.550374 6.990514
v -0.925000 21.690088 7.116123
v -0.925000 21.852702 7.210223
v -0.925000 22.031225 7.268769
v -0.925000 22.217983 7.289243
v -0.925000 22.404950 7.270767
v -0.925000 22.584088 7.214133
v -0.925000 22.747698 7.121777
v -0.925000 22.888748 6.997668
v -0.925000 23.001173 6.847141
v -0.925000 23.080143 6.676666
v -0.925000 23.122262 6.493571
v -1.225000 23.122262 6.493571
v -1.225000 23.080143 6.676666
v -1.225000 23.001173 6.847141
v -1.225000 22.888748 6.997668
v -1.225000 22.747698 7.121777
v -1.225000 22.584088 7.214133
v -1.225000 22.404950 7.270767
v -1.225000 22.217983 7.289243
v -1.225000 22.031225 7.268769
v -1.225000 21.852702 7.210223
v -1.225000 21.690088 7.116123
v -1.225000 21.550374 6.990514
v -1.225000 21.439564 6.838793
v -1.225000 21.362421 6.667484
v -1.225000 21.322262 6.483949
v -1.225000 23.122262 4.789256
v -0.925000 23.122262 4.789256
v -0.925000 21.322262 4.789256
v -1.225000 21.322262 4.789256
v -1.225000 21.122262 4.789256
v 0.664668 21.122262 4.789256
v 0.664668 21.722262 4.789256
v 1.964668 21.722262 4.789256
v 1.964668 21.122262 4.789256
v 2.975000 21.122262 4.789256
v 2.975000 23.322262 4.789256
v 1.964668 23.322262 4.789256
v 1.964668 22.722262 4.789256
v 0.664668 22.722262 4.789256
v 0.664668 23.322262 4.789256
v -1.225000 23.322262 4.789256
v 2.325000 21.322262 4.789256
v 2.025000 21.322262 4.789256
v 2.025000 23.122262 4.789256
v 2.325000 23.122262 4.789256
v 1.964668 21.122262 4.489256
v 2.975000 21.122262 4.489256
v 0.664668 23.322262 4.489256
v -1.225000 23.322262 4.489256
v 2.975000 23.322262 4.489256
v 0.664668 21.122262 4.489256
v -1.225000 21.122262 4.489256
v 1.964668 23.322262 4.489256
v 1.964668 21.722262 4.489256
v 0.664668 21.722262 4.489256
v 0.664668 22.722262 4.489256
v 1.964668 22.722262 4.489256
v 2.325000 21.322262 6.483949
v 2.325000 21.362421 6.667484
v 2.325000 21.439564 6.838793
v 2.325000 21.550374 6.990514
v 2.325000 21.690088 7.116123
v 2.325000 21.852702 7.210223
v 2.325000 22.031225 7.268769
v 2.325000 22.217983 7.289243
v 2.325000 22.404950 7.270767
v 2.325000 22.584088 7.214133
v 2.325000 22.747698 7.121777
v 2.325000 22.888748 6.997668
v 2.325000 23.001173 6.847141
v 2.325000 23.080143 6.676666
v 2.325000 23.122262 6.493571
v 2.025000 23.122262 6.493571
v 2.025000 23.080143 6.676666
v 2.025000 23.001173 6.847141
v 2.025000 22.888748 6.997668
v 2.025000 22.747698 7.121777
v 2.025000 22.584088 7.214133
v 2.025000 22.404950 7.270767
v 2.025000 22.217983 7.289243
v 2.025000 22.031225 7.268769
v 2.025000 21.852702 7.210223
v 2.025000 21.690088 7.116123
v 2.025000 21.550374 6.990514
v 2.025000 21.439564 6.838793
v 2.025000 21.362421 6.667484
v 2.025000 21.322262 6.483949
vt -0.160000 -0.065450 0.000000
vt 0.000000 -0.065450 0.000000
vt -0.160000 0.000000 0.000000
vt 0.000000 0.000000 0.000000
vt -0.160000 0.065450 0.000000
vt 0.000000 0.065450 0.000000
vt -0.160000 0.130900 0.000000
vt 0.000000 0.130900 0.000000
vt -0.160000 0.196350 0.000000
vt 0.000000 0.196350 0.000000
vt -0.160000 0.261799 0.000000
vt 0.000000 0.261799 0.000000
vt -0.160000 0.327249 0.000000
vt 0.000000 0.327249 0.000000
vt -0.160000 0.392699 0.000000
vt 0.000000 0.392699 0.000000
vt -0.160000 0.458149 0.000000
vt 0.000000 0.458149 0.000000
vt -0.160000 0.523599 0.000000
vt 0.000000 0.523599 0.000000
vt -0.160000 0.589049 0.000000
vt 0.000000 0.589049 0.000000
vt -0.160000 0.654498 0.000000
vt 0.000000 0.654498 0.000000
vt -0.160000 0.719948 0.000000
vt 0.000000 0.719948 0.000000
vt -0.160000 0.785398 0.000000
vt 0.000000 0.785398 0.000000
vt -0.160000 -0.785398 0.000000
vt 0.000000 -0.785398 0.000000
vt -0.160000 -0.719948 0.000000
vt 0.000000 -0.719948 0.000000
vt -0.160000 -0.654498 0.000000
vt 0.000000 -0.654498 0.000000
vt -0.160000 -0.589049 0.000000
vt 0.000000 -0.589049 0.000000
vt -0.160000 -0.523599 0.000000
vt 0.000000 -0.523599 0.000000
vt -0.160000 -0.458149 0.000000
vt 0.000000 -0.458149 0.000000
vt -0.160000 -0.392699 0.000000
vt 0.000000 -0.392699 0.000000
vt -0.160000 -0.327249 0.000000
vt 0.000000 -0.327249 0.000000
vt -0.160000 -0.261799 0.000000
vt 0.000000 -0.261799 0.000000
vt -0.160000 -0.196350 0.000000
vt 0.000000 -0.196350 0.000000
vt -0.160000 -0.130900 0.000000
vt 0.000000 -0.130900 0.000000
vt -0.300000 -0.031416 0.000000
vt -0.160000 -0.031416 0.000000
vt -0.300000 0.000000 0.000000
vt -0.160000 0.000000 0.000000
vt -0.300000 0.031416 0.000000
vt -0.160000 0.031416 0.000000
vt -0.300000 0.062832 0.000000
vt -0.160000 0.062832 0.000000
vt -0.300000 0.094248 0.000000
vt -0.160000 0.094248 0.000000
vt -0.300000 0.125664 0.000000
vt -0.160000 0.125664 0.000000
vt -0.300000 0.157080 0.000000
vt -0.160000 0.157080 0.000000
vt -0.300000 0.188496 0.000000
vt -0.160000 0.188496 0.000000
vt -0.300000 0.219911 0.000000
vt -0.160000 0.219911 0.000000
vt -0.300000 0.251327 0.000000
vt -0.160000 0.251327 0.000000
vt -0.300000 0.282743 0.000000
vt -0.160000 0.282743 0.000000
vt -0.300000 0.314159 0.000000
vt -0.160000 0.314159 0.000000
vt -0.300000 0.345575 0.000000
vt -0.160000 0.345575 0.000000
vt -0.300000 0.376991 0.000000
vt -0.160000 0.376991 0.000000
vt -0.300000 -0.376991 0.000000
vt -0.160000 -0.376991 0.000000
vt -0.300000 -0.345575 0.000000
vt -0.160000 -0.345575 0.000000
vt -0.300000 -0.314159 0.000000
vt -0.160000 -0.314159 0.000000
vt -0.300000 -0.282743 0.000000
vt -0.160000 -0.282743 0.000000
vt -0.300000 -0.251327 0.000000
vt -0.160000 -0.251327 0.000000
vt -0.300000 -0.219911 0.000000
vt -0.160000 -0.219911 0.000000
vt -0.300000 -0.188496 0.000000
vt -0.160000 -0.188496 0.000000
vt -0.300000 -0.157080 0.000000
vt -0.160000 -0.157080 0.000000
vt -0.300000 -0.125664 0.000000
vt -0.160000 -0.125664 0.000000
vt -0.300000 -0.094248 0.000000
vt -0.160000 -0.094248 0.000000
vt -0.300000 -0.062832 0.000000
vt -0.160000 -0.062832 0.000000
vt -0.160000 -0.065450 0.000000
vt 0.000000 -0.065450 0.000000
vt -0.160000 0.000000 0.000000
vt 0.000000 0.000000 0.000000
vt -0.160000 0.065450 0.000000
vt 0.000000 0.065450 0.000000
vt -0.160000 0.130900 0.000000
vt 0.000000 0.130900 0.000000
vt -0.160000 0.196350 0.000000
vt 0.000000 0.196350 0.000000
vt -0.160000 0.261799 0.000000
vt 0.000000 0.261799 0.000000
vt -0.160000 0.327249 0.000000
vt 0.000000 0.327249 0.000000
vt -0.160000 0.392699 0.000000
vt 0.000000 0.392699 0.000000
vt -0.160000 0.458149 0.000000
vt 0.000000 0.458149 0.000000
vt -0.160000 0.523599 0.000000
vt 0.000000 0.523599 0.000000
vt -0.160000 0.589049 0.000000
vt 0.000000 0.589049 0.000000
vt -0.160000 0.654498 0.000000
vt 0.000000 0.654498 0.000000
vt -0.160000 0.719948 0.000000
vt 0.000000 0.719948 0.000000
vt -0.160000 0.785398 0.000000
vt 0.000000 0.785398 0.000000
vt -0.160000 -0.785398 0.000000
vt 0.000000 -0.785398 0.000000
vt -0.160000 -0.719948 0.000000
vt 0.000000 -0.719948 0.000000
vt -0.160000 -0.654498 0.000000
vt 0.000000 -0.654498 0.000000
vt -0.160000 -0.589049 0.000000
vt 0.000000 -0.589049 0.000000
vt -0.160000 -0.523599 0.000000
vt 0.000000 -0.523599 0.000000
vt -0.160000 -0.458149 0.000000
vt 0.000000 -0.458149 0.000000
vt -0.160000 -0.392699 0.000000
vt 0.000000 -0.392699 0.000000
vt -0.160000 -0.327249 0.000000
vt 0.000000 -0.327249 0.000000
vt -0.160000 -0.261799 0.000000
vt 0.000000 -0.261799 0.000000
vt -0.160000 -0.196350 0.000000
vt 0.000000 -0.196350 0.000000
vt -0.160000 -0.130900 0.000000
vt 0.000000 -0.130900 0.000000
vt -0.300000 -0.031416 0.000000
vt -0.160000 -0.031416 0.000000
vt -0.300000 0.000000 0.000000
vt -0.160000 0.000000 0.000000
vt -0.300000 0.031416 0.000000
vt -0.160000 0.031416 0.000000
vt -0.300000 0.062832 0.000000
vt -0.160000 0.062832 0.000000
vt -0.300000 0.094248 0.000000
vt -0.160000 0.094248 0.000000
vt -0.300000 0.125664 0.000000
vt -0.160000 0.125664 0.000000
vt -0.300000 0.157080 0.000000
vt -0.160000 0.157080 0.000000
vt -0.300000 0.188496 0.000000
vt -0.160000 0.188496 0.000000
vt -0.300000 0.219911 0.000000
vt -0.160000 0.219911 0.000000
vt -0.300000 0.251327 0.000000
vt -0.160000 0.251327 0.000000
vt -0.300000 0.282743 0.000000
vt -0.160000 0.282743 0.000000
vt -0.300000 0.314159 0.000000
vt -0.160000 0.314159 0.000000
vt -0.300000 0.345575 0.000000
vt -0.160000 0.345575 0.000000
vt -0.300000 0.376991 0.000000
vt -0.160000 0.376991 0.000000
vt -0.300000 -0.376991 0.000000
vt -0.160000 -0.376991 0.000000
vt -0.300000 -0.345575 0.000000
vt -0.160000 -0.345575 0.000000
vt -0.300000 -0.314159 0.000000
vt -0.160000 -0.314159 0.000000
vt -0.300000 -0.282743 0.000000
vt -0.160000 -0.282743 0.000000
vt -0.300000 -0.251327 0.000000
vt -0.160000 -0.251327 0.000000
vt -0.300000 -0.219911 0.000000
vt -0.160000 -0.219911 0.000000
vt -0.300000 -0.188496 0.000000
vt -0.160000 -0.188496 0.000000
vt -0.300000 -0.157080 0.000000
vt -0.160000 -0.157080 0.000000
vt -0.300000 -0.125664 0.000000
vt -0.160000 -0.125664 0.000000
vt -0.300000 -0.094248 0.000000
vt -0.160000 -0.094248 0.000000
vt -0.300000 -0.062832 0.000000
vt -0.160000 -0.062832 0.000000
vt -0.160000 -0.065450 0.000000
vt 0.000000 -0.065450 0.000000
vt -0.160000 0.000000 0.000000
vt 0.000000 0.000000 0.000000
vt -0.160000 0.065450 0.000000
vt 0.000000 0.065450 0.000000
vt -0.160000 0.130900 0.000000
vt 0.000000 0.130900 0.000000
vt -0.160000 0.196350 0.000000
vt 0.000000 0.196350 0.000000
vt -0.160000 0.261799 0.000000
vt 0.000000 0.261799 0.000000
vt -0.160000 0.327249 0.000000
vt 0.000000 0.327249 0.000000
vt -0.160000 0.392699 0.000000
vt 0.000000 0.392699 0.000000
vt -0.160000 0.458149 0.000000
vt 0.000000 0.458149 0.000000
vt -0.160000 0.523599 0.000000
vt 0.000000 0.523599 0.000000
vt -0.160000 0.589049 0.000000
vt 0.000000 0.589049 0.000000
vt -0.160000 0.654498 0.000000
vt 0.000000 0.654498 0.000000
vt -0.160000 0.719948 0.000000
vt 0.000000 0.719948 0.000000
vt -0.160000 0.785398 0.000000
vt 0.000000 0.785398 0.000000
vt -0.160000 -0.785398 0.000000
vt 0.000000 -0.785398 0.000000
vt -0.160000 -0.719948 0.000000
vt 0.000000 -0.719948 0.000000
vt -0.160000 -0.654498 0.000000
vt 0.000000 -0.654498 0.000000
vt -0.160000 -0.589049 0.000000
vt 0.000000 -0.589049 0.000000
vt -0.160000 -0.523599 0.000000
vt 0.000000 -0.523599 0.000000
vt -0.160000 -0.458149 0.000000
vt 0.000000 -0.458149 0.000000
vt -0.160000 -0.392699 0.000000
vt 0.000000 -0.392699 0.000000
vt -0.160000 -0.327249 0.000000
vt 0.000000 -0.327249 0.000000
vt -0.160000 -0.261799 0.000000
vt 0.000000 -0.261799 0.000000
vt -0.160000 -0.196350 0.000000
vt 0.000000 -0.196350 0.000000
vt -0.160000 -0.130900 0.000000
vt 0.000000 -0.130900 0.000000
vt -0.300000 -0.031416 0.000000
vt -0.160000 -0.031416 0.000000
vt -0.300000 0.000000 0.000000
vt -0.160000 0.000000 0.000000
vt -0.300000 0.031416 0.000000
vt -0.160000 0.031416 0.000000
vt -0.300000 0.062832 0.000000
vt -0.160000 0.062832 0.000000
vt -0.300000 0.094248 0.000000
vt -0.160000 0.094248 0.000000
vt -0.300000 0.125664 0.000000
vt -0.160000 0.125664 0.000000
vt -0.300000 0.157080 0.000000
vt -0.160000 0.157080 0.000000
vt -0.300000 0.188496 0.000000
vt -0.160000 0.188496 0.000000
vt -0.300000 0.219911 0.000000
vt -0.160000 0.219911 0.000000
vt -0.300000 0.251327 0.000000
vt -0.160000 0.251327 0.000000
vt -0.300000 0.282743 0.000000
vt -0.160000 0.282743 0.000000
vt -0.300000 0.314159 0.000000
vt -0.160000 0.314159 0.000000
vt -0.300000 0.345575 0.000000
vt -0.160000 0.345575 0.000000
vt -0.300000 0.376991 0.000000
vt -0.160000 0.376991 0.000000
vt -0.300000 -0.376991 0.000000
vt -0.160000 -0.376991 0.000000
vt -0.300000 -0.345575 0.000000
vt -0.160000 -0.345575 0.000000
vt -0.300000 -0.314159 0.000000
vt -0.160000 -0.314159 0.000000
vt -0.300000 -0.282743 0.000000
vt -0.160000 -0.282743 0.000000
vt -0.300000 -0.251327 0.000000
vt -0.160000 -0.251327 0.000000
vt -0.300000 -0.219911 0.000000
vt -0.160000 -0.219911 0.000000
vt -0.300000 -0.188496 0.000000
vt -0.160000 -0.188496 0.000000
vt -0.300000 -0.157080 0.000000
vt -0.160000 -0.157080 0.000000
vt -0.300000 -0.125664 0.000000
vt -0.160000 -0.125664 0.000000
vt -0.300000 -0.094248 0.000000
vt -0.160000 -0.094248 0.000000
vt -0.300000 -0.062832 0.000000
vt -0.160000 -0.062832 0.000000
vt -0.160000 -0.065450 0.000000
vt 0.000000 -0.065450 0.000000
vt -0.160000 0.000000 0.000000
vt 0.000000 0.000000 0.000000
vt -0.160000 0.065450 0.000000
vt 0.000000 0.065450 0.000000
vt -0.160000 0.130900 0.000000
vt 0.000000 0.130900 0.000000
vt -0.160000 0.196350 0.000000
vt 0.000000 0.196350 0.000000
vt -0.160000 0.261799 0.000000
vt 0.000000 0.261799 0.000000
vt -0.160000 0.327249 0.000000
vt 0.000000 0.327249 0.000000
vt -0.160000 0.392699 0.000000
vt 0.000000 0.392699 0.000000
vt -0.160000 0.458149 0.000000
vt 0.000000 0.458149 0.000000
vt -0.160000 0.523599 0.000000
vt 0.000000 0.523599 0.000000
vt -0.160000 0.589049 0.000000
vt 0.000000 0.589049 0.000000
vt -0.160000 0.654498 0.000000
vt 0.000000 0.654498 0.000000
vt -0.160000 0.719948 0.000000
vt 0.000000 0.719948 0.000000
vt -0.160000 0.785398 0.000000
vt 0.000000 0.785398 0.000000
vt -0.160000 -0.785398 0.000000
vt 0.000000 -0.785398 0.000000
vt -0.160000 -0.719948 0.000000
vt 0.000000 -0.719948 0.000000
vt -0.160000 -0.654498 0.000000
vt 0.000000 -0.654498 0.000000
vt -0.160000 -0.589049 0.000000
vt 0.000000 -0.589049 0.000000
vt -0.160000 -0.523599 0.000000
vt 0.000000 -0.523599 0.000000
vt -0.160000 -0.458149 0.000000
vt 0.000000 -0.458149 0.000000
vt -0.160000 -0.392699 0.000000
vt 0.000000 -0.392699 0.000000
vt -0.160000 -0.327249 0.000000
vt 0.000000 -0.327249 0.000000
vt -0.160000 -0.261799 0.000000
vt 0.000000 -0.261799 0.000000
vt -0.160000 -0.196350 0.000000
vt 0.000000 -0.196350 0.000000
vt -0.160000 -0.130900 0.000000
vt 0.000000 -0.130900 0.000000
vt -0.300000 -0.031416 0.000000
vt -0.160000 -0.031416 0.000000
vt -0.300000 0.000000 0.000000
vt -0.160000 0.000000 0.000000
vt -0.300000 0.031416 0.000000
vt -0.160000 0.031416 0.000000
vt -0.300000 0.062832 0.000000
vt -0.160000 0.062832 0.000000
vt -0.300000 0.094248 0.000000
vt -0.160000 0.094248 0.000000
vt -0.300000 0.125664 0.000000
vt -0.160000 0.125664 0.000000
vt -0.300000 0.157080 0.000000
vt -0.160000 0.157080 0.000000
vt -0.300000 0.188496 0.000000
vt -0.160000 0.188496 0.000000
vt -0.300000 0.219911 0.000000
vt -0.160000 0.219911 0.000000
vt -0.300000 0.251327 0.000000
vt -0.160000 0.251327 0.000000
vt -0.300000 0.282743 0.000000
vt -0.160000 0.282743 0.000000
vt -0.300000 0.314159 0.000000
vt -0.160000 0.314159 0.000000
vt -0.300000 0.345575 0.000000
vt -0.160000 0.345575 0.000000
vt -0.300000 0.376991 0.000000
vt -0.160000 0.376991 0.000000
vt -0.300000 -0.376991 0.000000
vt -0.160000 -0.376991 0.000000
vt -0.300000 -0.345575 0.000000
vt -0.160000 -0.345575 0.000000
vt -0.300000 -0.314159 0.000000
vt -0.160000 -0.314159 0.000000
vt -0.300000 -0.282743 0.000000
vt -0.160000 -0.282743 0.000000
vt -0.300000 -0.251327 0.000000
vt -0.160000 -0.251327 0.000000
vt -0.300000 -0.219911 0.000000
vt -0.160000 -0.219911 0.000000
vt -0.300000 -0.188496 0.000000
vt -0.160000 -0.188496 0.000000
vt -0.300000 -0.157080 0.000000
vt -0.160000 -0.157080 0.000000
vt -0.300000 -0.125664 0.000000
vt -0.160000 -0.125664 0.000000
vt -0.300000 -0.094248 0.000000
vt -0.160000 -0.094248 0.000000
vt -0.300000 -0.062832 0.000000
vt -0.160000 -0.062832 0.000000
vt -3.550000 -0.031416 0.000000
vt -3.250000 -0.031416 0.000000
vt -3.550000 0.000000 0.000000
vt -3.250000 0.000000 0.000000
vt -3.550000 0.031416 0.000000
vt -3.250000 0.031416 0.000000
vt -3.550000 0.062832 0.000000
vt -3.250000 0.062832 0.000000
vt -3.550000 0.094248 0.000000
vt -3.250000 0.094248 0.000000
vt -3.550000 0.125664 0.000000
vt -3.250000 0.125664 0.000000
vt -3.550000 0.157080 0.000000
vt -3.250000 0.157080 0.000000
vt -3.550000 0.188496 0.000000
vt -3.250000 0.188496 0.000000
vt -3.550000 0.219911 0.000000
vt -3.250000 0.219911 0.000000
vt -3.550000 0.251327 0.000000
vt -3.250000 0.251327 0.000000
vt -3.550000 0.282743 0.000000
vt -3.250000 0.282743 0.000000
vt -3.550000 0.314159 0.000000
vt -3.250000 0.314159 0.000000
vt -3.550000 0.345575 0.000000
vt -3.250000 0.345575 0.000000
vt -3.550000 0.376991 0.000000
vt -3.250000 0.376991 0.000000
vt -3.550000 -0.376991 0.000000
vt -3.250000 -0.376991 0.000000
vt -3.550000 -0.345575 0.000000
vt -3.250000 -0.345575 0.000000
vt -3.550000 -0.314159 0.000000
vt -3.250000 -0.314159 0.000000
vt -3.550000 -0.282743 0.000000
vt -3.250000 -0.282743 0.000000
vt -3.550000 -0.251327 0.000000
vt -3.250000 -0.251327 0.000000
vt -3.550000 -0.219911 0.000000
vt -3.250000 -0.219911 0.000000
vt -3.550000 -0.188496 0.000000
vt -3.250000 -0.188496 0.000000
vt -3.550000 -0.157080 0.000000
vt -3.250000 -0.157080 0.000000
vt -3.550000 -0.125664 0.000000
vt -3.250000 -0.125664 0.000000
vt -3.550000 -0.094248 0.000000
vt -3.250000 -0.094248 0.000000
vt -3.550000 -0.062832 0.000000
vt -3.250000 -0.062832 0.000000
vt -0.300000 -0.031416 0.000000
vt -0.002500 -0.031416 0.000000
vt -0.300000 0.000000 0.000000
vt -0.002500 0.000000 0.000000
vt -0.300000 0.031416 0.000000
vt -0.002500 0.031416 0.000000
vt -0.300000 0.062832 0.000000
vt -0.002500 0.062832 0.000000
vt -0.300000 0.094248 0.000000
vt -0.002500 0.094248 0.000000
vt -0.300000 0.125664 0.000000
vt -0.002500 0.125664 0.000000
vt -0.300000 0.157080 0.000000
vt -0.002500 0.157080 0.000000
vt -0.300000 0.188496 0.000000
vt -0.002500 0.188496 0.000000
vt -0.300000 0.219911 0.000000
vt -0.002500 0.219911 0.000000
vt -0.300000 0.251327 0.000000
vt -0.002500 0.251327 0.000000
vt -0.300000 0.282743 0.000000
vt -0.002500 0.282743 0.000000
vt -0.300000 0.314159 0.000000
vt -0.002500 0.314159 0.000000
vt -0.300000 0.345575 0.000000
vt -0.002500 0.345575 0.000000
vt -0.300000 0.376991 0.000000
vt -0.002500 0.376991 0.000000
vt -0.300000 -0.376991 0.000000
vt -0.002500 -0.376991 0.000000
vt -0.300000 -0.345575 0.000000
vt -0.002500 -0.345575 0.000000
vt -0.300000 -0.314159 0.000000
vt -0.002500 -0.314159 0.000000
vt -0.300000 -0.282743 0.000000
vt -0.002500 -0.282743 0.000000
vt -0.300000 -0.251327 0.000000
vt -0.002500 -0.251327 0.000000
vt -0.300000 -0.219911 0.000000
vt -0.002500 -0.219911 0.000000
vt -0.300000 -0.188496 0.000000
vt -0.002500 -0.188496 0.000000
vt -0.300000 -0.157080 0.000000
vt -0.002500 -0.157080 0.000000
vt -0.300000 -0.125664 0.000000
vt -0.002500 -0.125664 0.000000
vt -0.300000 -0.094248 0.000000
vt -0.002500 -0.094248 0.000000
vt -0.300000 -0.062832 0.000000
vt -0.002500 -0.062832 0.000000
vt -0.003536 -0.031743 0.000000
vt -0.000000 -0.031743 0.000000
vt -0.003536 0.000000 0.000000
vt 0.000000 0.000000 0.000000
vt -0.003536 0.031743 0.000000
vt -0.000000 0.031743 0.000000
vt -0.003536 0.063486 0.000000
vt 0.000000 0.063486 0.000000
vt -0.003536 0.095230 0.000000
vt 0.000000 0.095230 0.000000
vt -0.003536 0.126973 0.000000
vt -0.000000 0.126973 0.000000
vt -0.003536 0.158716 0.000000
vt 0.000000 0.158716 0.000000
vt -0.003536 0.190459 0.000000
vt -0.000000 0.190459 0.000000
vt -0.003536 0.222202 0.000000
vt 0.000000 0.222202 0.000000
vt -0.003536 0.253945 0.000000
vt -0.000000 0.253945 0.000000
vt -0.003536 0.285689 0.000000
vt 0.000000 0.285689 0.000000
vt -0.003536 0.317432 0.000000
vt 0.000000 0.317432 0.000000
vt -0.003536 0.349175 0.000000
vt -0.000000 0.349175 0.000000
vt -0.003536 0.380918 0.000000
vt 0.000000 0.380918 0.000000
vt -0.003536 -0.380918 0.000000
vt 0.000000 -0.380918 0.000000
vt -0.003536 -0.349175 0.000000
vt -0.000000 -0.349175 0.000000
vt -0.003536 -0.317432 0.000000
vt 0.000000 -0.317432 0.000000
vt -0.003536 -0.285689 0.000000
vt 0.000000 -0.285689 0.000000
vt -0.003536 -0.253945 0.000000
vt -0.000000 -0.253945 0.000000
vt -0.003536 -0.222202 0.000000
vt 0.000000 -0.222202 0.000000
vt -0.003536 -0.190459 0.000000
vt -0.000000 -0.190459 0.000000
vt -0.003536 -0.158716 0.000000
vt 0.000000 -0.158716 0.000000
vt -0.003536 -0.126973 0.000000
vt -0.000000 -0.126973 0.000000
vt -0.003536 -0.095230 0.000000
vt 0.000000 -0.095230 0.000000
vt -0.003536 -0.063486 0.000000
vt 0.000000 -0.063486 0.000000
vt -3.550000 -0.031416 0.000000
vt -3.250000 -0.031416 0.000000
vt -3.550000 0.000000 0.000000
vt -3.250000 0.000000 0.000000
vt -3.550000 0.031416 0.000000
vt -3.250000 0.031416 0.000000
vt -3.550000 0.062832 0.000000
vt -3.250000 0.062832 0.000000
vt -3.550000 0.094248 0.000000
vt -3.250000 0.094248 0.000000
vt -3.550000 0.125664 0.000000
vt -3.250000 0.125664 0.000000
vt -3.550000 0.157080 0.000000
vt -3.250000 0.157080 0.000000
vt -3.550000 0.188496 0.000000
vt -3.250000 0.188496 0.000000
vt -3.550000 0.219911 0.000000
vt -3.250000 0.219911 0.000000
vt -3.550000 0.251327 0.000000
vt -3.250000 0.251327 0.000000
vt -3.550000 0.282743 0.000000
vt -3.250000 0.282743 0.000000
vt -3.550000 0.314159 0.000000
vt -3.250000 0.314159 0.000000
vt -3.550000 0.345575 0.000000
vt -3.250000 0.345575 0.000000
vt -3.550000 0.376991 0.000000
vt -3.250000 0.376991 0.000000
vt -3.550000 -0.376991 0.000000
vt -3.250000 -0.376991 0.000000
vt -3.550000 -0.345575 0.000000
vt -3.250000 -0.345575 0.000000
vt -3.550000 -0.314159 0.000000
vt -3.250000 -0.314159 0.000000
vt -3.550000 -0.282743 0.000000
vt -3.250000 -0.282743 0.000000
vt -3.550000 -0.251327 0.000000
vt -3.250000 -0.251327 0.000000
vt -3.550000 -0.219911 0.000000
vt -3.250000 -0.219911 0.000000
vt -3.550000 -0.188496 0.000000
vt -3.250000 -0.188496 0.000000
vt -3.550000 -0.157080 0.000000
vt -3.250000 -0.157080 0.000000
vt -3.550000 -0.125664 0.000000
vt -3.250000 -0.125664 0.000000
vt -3.550000 -0.094248 0.000000
vt -3.250000 -0.094248 0.000000
vt -3.550000 -0.062832 0.000000
vt -3.250000 -0.062832 0.000000
vt -0.300000 -0.031416 0.000000
vt -0.002500 -0.031416 0.000000
vt -0.300000 0.000000 0.000000
vt -0.002500 0.000000 0.000000
vt -0.300000 0.031416 0.000000
vt -0.002500 0.031416 0.000000
vt -0.300000 0.062832 0.000000
vt -0.002500 0.062832 0.000000
vt -0.300000 0.094248 0.000000
vt -0.002500 0.094248 0.000000
vt -0.300000 0.125664 0.000000
vt -0.002500 0.125664 0.000000
vt -0.300000 0.157080 0.000000
vt -0.002500 0.157080 0.000000
vt -0.300000 0.188496 0.000000
vt -0.002500 0.188496 0.000000
vt -0.300000 0.219911 0.000000
vt -0.002500 0.219911 0.000000
vt -0.300000 0.251327 0.000000
vt -0.002500 0.251327 0.000000
vt -0.300000 0.282743 0.000000
vt -0.002500 0.282743 0.000000
vt -0.300000 0.314159 0.000000
vt -0.002500 0.314159 0.000000
vt -0.300000 0.345575 0.000000
vt -0.002500 0.345575 0.000000
vt -0.300000 0.376991 0.000000
vt -0.002500 0.376991 0.000000
vt -0.300000 -0.376991 0.000000
vt -0.002500 -0.376991 0.000000
vt -0.300000 -0.345575 0.000000
vt -0.002500 -0.345575 0.000000
vt -0.300000 -0.314159 0.000000
vt -0.002500 -0.314159 0.000000
vt -0.300000 -0.282743 0.000000
vt -0.002500 -0.282743 0.000000
vt -0.300000 -0.251327 0.000000
vt -0.002500 -0.251327 0.000000
vt -0.300000 -0.219911 0.000000
vt -0.002500 -0.219911 0.000000
vt -0.300000 -0.188496 0.000000
vt -0.002500 -0.188496 0.000000
vt -0.300000 -0.157080 0.000000
vt -0.002500 -0.157080 0.000000
vt -0.300000 -0.125664 0.000000
vt -0.002500 -0.125664 0.000000
vt -0.300000 -0.094248 0.000000
vt -0.002500 -0.094248 0.000000
vt -0.300000 -0.062832 0.000000
vt -0.002500 -0.062832 0.000000
vt -0.003536 -0.031743 0.000000
vt -0.000000 -0.031743 0.000000
vt -0.003536 0.000000 0.000000
vt -0.000000 0.000000 0.000000
vt -0.003536 0.031743 0.000000
vt -0.000000 0.031743 0.000000
vt -0.003536 0.063486 0.000000
vt 0.000000 0.063486 0.000000
vt -0.003536 0.095230 0.000000
vt 0.000000 0.095230 0.000000
vt -0.003536 0.126973 0.000000
vt -0.000000 0.126973 0.000000
vt -0.003536 0.158716 0.000000
vt 0.000000 0.158716 0.000000
vt -0.003536 0.190459 0.000000
vt -0.000000 0.190459 0.000000
vt -0.003536 0.222202 0.000000
vt 0.000000 0.222202 0.000000
vt -0.003536 0.253945 0.000000
vt -0.000000 0.253945 0.000000
vt -0.003536 0.285689 0.000000
vt 0.000000 0.285689 0.000000
vt -0.003536 0.317432 0.000000
vt 0.000000 0.317432 0.000000
vt -0.003536 0.349175 0.000000
vt -0.000000 0.349175 0.000000
vt -0.003536 0.380918 0.000000
vt 0.000000 0.380918 0.000000
vt -0.003536 -0.380918 0.000000
vt 0.000000 -0.380918 0.000000
vt -0.003536 -0.349175 0.000000
vt -0.000000 -0.349175 0.000000
vt -0.003536 -0.317432 0.000000
vt 0.000000 -0.317432 0.000000
vt -0.003536 -0.285689 0.000000
vt 0.000000 -0.285689 0.000000
vt -0.003536 -0.253945 0.000000
vt -0.000000 -0.253945 0.000000
vt -0.003536 -0.222202 0.000000
vt 0.000000 -0.222202 0.000000
vt -0.003536 -0.190459 0.000000
vt -0.000000 -0.190459 0.000000
vt -0.003536 -0.158716 0.000000
vt 0.000000 -0.158716 0.000000
vt -0.003536 -0.126973 0.000000
vt -0.000000 -0.126973 0.000000
vt -0.003536 -0.095230 0.000000
vt 0.000000 -0.095230 0.000000
vt -0.003536 -0.063486 0.000000
vt 0.000000 -0.063486 0.000000
vt -3.550000 -0.031416 0.000000
vt -3.250000 -0.031416 0.000000
vt -3.550000 0.000000 0.000000
vt -3.250000 0.000000 0.000000
vt -3.550000 0.031416 0.000000
vt -3.250000 0.031416 0.000000
vt -3.550000 0.062832 0.000000
vt -3.250000 0.062832 0.000000
vt -3.550000 0.094248 0.000000
vt -3.250000 0.094248 0.000000
vt -3.550000 0.125664 0.000000
vt -3.250000 0.125664 0.000000
vt -3.550000 0.157080 0.000000
vt -3.250000 0.157080 0.000000
vt -3.550000 0.188496 0.000000
vt -3.250000 0.188496 0.000000
vt -3.550000 0.219911 0.000000
vt -3.250000 0.219911 0.000000
vt -3.550000 0.251327 0.000000
vt -3.250000 0.251327 0.000000
vt -3.550000 0.282743 0.000000
vt -3.250000 0.282743 0.000000
vt -3.550000 0.314159 0.000000
vt -3.250000 0.314159 0.000000
vt -3.550000 0.345575 0.000000
vt -3.250000 0.345575 0.000000
vt -3.550000 0.376991 0.000000
vt -3.250000 0.376991 0.000000
vt -3.550000 -0.376991 0.000000
vt -3.250000 -0.376991 0.000000
vt -3.550000 -0.345575 0.000000
vt -3.250000 -0.345575 0.000000
vt -3.550000 -0.314159 0.000000
vt -3.250000 -0.314159 0.000000
vt -3.550000 -0.282743 0.000000
vt -3.250000 -0.282743 0.000000
vt -3.550000 -0.251327 0.000000
vt -3.250000 -0.251327 0.000000
vt -3.550000 -0.219911 0.000000
vt -3.250000 -0.219911 0.000000
vt -3.550000 -0.188496 0.000000
vt -3.250000 -0.188496 0.000000
vt -3.550000 -0.157080 0.000000
vt -3.250000 -0.157080 0.000000
vt -3.550000 -0.125664 0.000000
vt -3.250000 -0.125664 0.000000
vt -3.550000 -0.094248 0.000000
vt -3.250000 -0.094248 0.000000
vt -3.550000 -0.062832 0.000000
vt -3.250000 -0.062832 0.000000
vt -0.300000 -0.031416 0.000000
vt -0.002500 -0.031416 0.000000
vt -0.300000 0.000000 0.000000
vt -0.002500 0.000000 0.000000
vt -0.300000 0.031416 0.000000
vt -0.002500 0.031416 0.000000
vt -0.300000 0.062832 0.000000
vt -0.002500 0.062832 0.000000
vt -0.300000 0.094248 0.000000
vt -0.002500 0.094248 0.000000
vt -0.300000 0.125664 0.000000
vt -0.002500 0.125664 0.000000
vt -0.300000 0.157080 0.000000
vt -0.002500 0.157080 0.000000
vt -0.300000 0.188496 0.000000
vt -0.002500 0.188496 0.000000
vt -0.300000 0.219911 0.000000
vt -0.002500 0.219911 0.000000
vt -0.300000 0.251327 0.000000
vt -0.002500 0.251327 0.000000
vt -0.300000 0.282743 0.000000
vt -0.002500 0.282743 0.000000
vt -0.300000 0.314159 0.000000
vt -0.002500 0.314159 0.000000
vt -0.300000 0.345575 0.000000
vt -0.002500 0.345575 0.000000
vt -0.300000 0.376991 0.000000
vt -0.002500 0.376991 0.000000
vt -0.300000 -0.376991 0.000000
vt -0.002500 -0.376991 0.000000
vt -0.300000 -0.345575 0.000000
vt -0.002500 -0.345575 0.000000
vt -0.300000 -0.314159 0.000000
vt -0.002500 -0.314159 0.000000
vt -0.300000 -0.282743 0.000000
vt -0.002500 -0.282743 0.000000
vt -0.300000 -0.251327 0.000000
vt -0.002500 -0.251327 0.000000
vt -0.300000 -0.219911 0.000000
vt -0.002500 -0.219911 0.000000
vt -0.300000 -0.188496 0.000000
vt -0.002500 -0.188496 0.000000
vt -0.300000 -0.157080 0.000000
vt -0.002500 -0.157080 0.000000
vt -0.300000 -0.125664 0.000000
vt -0.002500 -0.125664 0.000000
vt -0.300000 -0.094248 0.000000
vt -0.002500 -0.094248 0.000000
vt -0.300000 -0.062832 0.000000
vt -0.002500 -0.062832 0.000000
vt -0.003536 -0.031743 0.000000
vt -0.000000 -0.031743 0.000000
vt -0.003536 0.000000 0.000000
vt 0.000000 0.000000 0.000000
vt -0.003536 0.031743 0.000000
vt -0.000000 0.031743 0.000000
vt -0.003536 0.063486 0.000000
vt 0.000000 0.063486 0.000000
vt -0.003536 0.095230 0.000000
vt 0.000000 0.095230 0.000000
vt -0.003536 0.126973 0.000000
vt -0.000000 0.126973 0.000000
vt -0.003536 0.158716 0.000000
vt 0.000000 0.158716 0.000000
vt -0.003536 0.190459 0.000000
vt -0.000000 0.190459 0.000000
vt -0.003536 0.222202 0.000000
vt 0.000000 0.222202 0.000000
vt -0.003536 0.253945 0.000000
vt -0.000000 0.253945 0.000000
vt -0.003536 0.285689 0.000000
vt 0.000000 0.285689 0.000000
vt -0.003536 0.317432 0.000000
vt 0.000000 0.317432 0.000000
vt -0.003536 0.349175 0.000000
vt -0.000000 0.349175 0.000000
vt -0.003536 0.380918 0.000000
vt 0.000000 0.380918 0.000000
vt -0.003536 -0.380918 0.000000
vt 0.000000 -0.380918 0.000000
vt -0.003536 -0.349175 0.000000
vt -0.000000 -0.349175 0.000000
vt -0.003536 -0.317432 0.000000
vt 0.000000 -0.317432 0.000000
vt -0.003536 -0.285689 0.000000
vt 0.000000 -0.285689 0.000000
vt -0.003536 -0.253945 0.000000
vt -0.000000 -0.253945 0.000000
vt -0.003536 -0.222202 0.000000
vt 0.000000 -0.222202 0.000000
vt -0.003536 -0.190459 0.000000
vt -0.000000 -0.190459 0.000000
vt -0.003536 -0.158716 0.000000
vt 0.000000 -0.158716 0.000000
vt -0.003536 -0.126973 0.000000
vt -0.000000 -0.126973 0.000000
vt -0.003536 -0.095230 0.000000
vt 0.000000 -0.095230 0.000000
vt -0.003536 -0.063486 0.000000
vt 0.000000 -0.063486 0.000000
vt -3.550000 -0.031416 0.000000
vt -3.250000 -0.031416 0.000000
vt -3.550000 0.000000 0.000000
vt -3.250000 0.000000 0.000000
vt -3.550000 0.031416 0.000000
vt -3.250000 0.031416 0.000000
vt -3.550000 0.062832 0.000000
vt -3.250000 0.062832 0.000000
vt -3.550000 0.094248 0.000000
vt -3.250000 0.094248 0.000000
vt -3.550000 0.125664 0.000000
vt -3.250000 0.125664 0.000000
vt -3.550000 0.157080 0.000000
vt -3.250000 0.157080 0.000000
vt -3.550000 0.188496 0.000000
vt -3.250000 0.188496 0.000000
vt -3.550000 0.219911 0.000000
vt -3.250000 0.219911 0.000000
vt -3.550000 0.251327 0.000000
vt -3.250000 0.251327 0.000000
vt -3.550000 0.282743 0.000000
vt -3.250000 0.282743 0.000000
vt -3.550000 0.314159 0.000000
vt -3.250000 0.314159 0.000000
vt -3.550000 0.345575 0.000000
vt -3.250000 0.345575 0.000000
vt -3.550000 0.376991 0.000000
vt -3.250000 0.376991 0.000000
vt -3.550000 -0.376991 0.000000
vt -3.250000 -0.376991 0.000000
vt -3.550000 -0.345575 0.000000
vt -3.250000 -0.345575 0.000000
vt -3.550000 -0.314159 0.000000
vt -3.250000 -0.314159 0.000000
vt -3.550000 -0.282743 0.000000
vt -3.250000 -0.282743 0.000000
vt -3.550000 -0.251327 0.000000
vt -3.250000 -0.251327 0.000000
vt -3.550000 -0.219911 0.000000
vt -3.250000 -0.219911 0.000000
vt -3.550000 -0.188496 0.000000
vt -3.250000 -0.188496 0.000000
vt -3.550000 -0.157080 0.000000
vt -3.250000 -0.157080 0.000000
vt -3.550000 -0.125664 0.000000
vt -3.250000 -0.125664 0.000000
vt -3.550000 -0.094248 0.000000
vt -3.250000 -0.094248 0.000000
vt -3.550000 -0.062832 0.000000
vt -3.250000 -0.062832 0.000000
vt -0.300000 -0.031416 0.000000
vt -0.002500 -0.031416 0.000000
vt -0.300000 0.000000 0.000000
vt -0.002500 0.000000 0.000000
vt -0.300000 0.031416 0.000000
vt -0.002500 0.031416 0.000000
vt -0.300000 0.062832 0.000000
vt -0.002500 0.062832 0.000000
vt -0.300000 0.094248 0.000000
vt -0.002500 0.094248 0.000000
vt -0.300000 0.125664 0.000000
vt -0.002500 0.125664 0.000000
vt -0.300000 0.157080 0.000000
vt -0.002500 0.157080 0.000000
vt -0.300000 0.188496 0.000000
vt -0.002500 0.188496 0.000000
vt -0.300000 0.219911 0.000000
vt -0.002500 0.219911 0.000000
vt -0.300000 0.251327 0.000000
vt -0.002500 0.251327 0.000000
vt -0.300000 0.282743 0.000000
vt -0.002500 0.282743 0.000000
vt -0.300000 0.314159 0.000000
vt -0.002500 0.314159 0.000000
vt -0.300000 0.345575 0.000000
vt -0.002500 0.345575 0.000000
vt -0.300000 0.376991 0.000000
vt -0.002500 0.376991 0.000000
vt -0.300000 -0.376991 0.000000
vt -0.002500 -0.376991 0.000000
vt -0.300000 -0.345575 0.000000
vt -0.002500 -0.345575 0.000000
vt -0.300000 -0.314159 0.000000
vt -0.002500 -0.314159 0.000000
vt -0.300000 -0.282743 0.000000
vt -0.002500 -0.282743 0.000000
vt -0.300000 -0.251327 0.000000
vt -0.002500 -0.251327 0.000000
vt -0.300000 -0.219911 0.000000
vt -0.002500 -0.219911 0.000000
vt -0.300000 -0.188496 0.000000
vt -0.002500 -0.188496 0.000000
vt -0.300000 -0.157080 0.000000
vt -0.002500 -0.157080 0.000000
vt -0.300000 -0.125664 0.000000
vt -0.002500 -0.125664 0.000000
vt -0.300000 -0.094248 0.000000
vt -0.002500 -0.094248 0.000000
vt -0.300000 -0.062832 0.000000
vt -0.002500 -0.062832 0.000000
vt -0.003536 -0.031743 0.000000
vt -0.000000 -0.031743 0.000000
vt -0.003536 0.000000 0.000000
vt 0.000000 0.000000 0.000000
vt -0.003536 0.031743 0.000000
vt -0.000000 0.031743 0.000000
vt -0.003536 0.063486 0.000000
vt 0.000000 0.063486 0.000000
vt -0.003536 0.095230 0.000000
vt 0.000000 0.095230 0.000000
vt -0.003536 0.126973 0.000000
vt -0.000000 0.126973 0.000000
vt -0.003536 0.158716 0.000000
vt 0.000000 0.158716 0.000000
vt -0.003536 0.190459 0.000000
vt -0.000000 0.190459 0.000000
vt -0.003536 0.222202 0.000000
vt 0.000000 0.222202 0.000000
vt -0.003536 0.253945 0.000000
vt -0.000000 0.253945 0.000000
vt -0.003536 0.285689 0.000000
vt 0.000000 0.285689 0.000000
vt -0.003536 0.317432 0.000000
vt 0.000000 0.317432 0.000000
vt -0.003536 0.349175 0.000000
vt -0.000000 0.349175 0.000000
vt -0.003536 0.380918 0.000000
vt 0.000000 0.380918 0.000000
vt -0.003536 -0.380918 0.000000
vt 0.000000 -0.380918 0.000000
vt -0.003536 -0.349175 0.000000
vt -0.000000 -0.349175 0.000000
vt -0.003536 -0.317432 0.000000
vt 0.000000 -0.317432 0.000000
vt -0.003536 -0.285689 0.000000
vt 0.000000 -0.285689 0.000000
vt -0.003536 -0.253945 0.000000
vt -0.000000 -0.253945 0.000000
vt -0.003536 -0.222202 0.000000
vt 0.000000 -0.222202 0.000000
vt -0.003536 -0.190459 0.000000
vt -0.000000 -0.190459 0.000000
vt -0.003536 -0.158716 0.000000
vt 0.000000 -0.158716 0.000000
vt -0.003536 -0.126973 0.000000
vt -0.000000 -0.126973 0.000000
vt -0.003536 -0.095230 0.000000
vt 0.000000 -0.095230 0.000000
vt -0.003536 -0.063486 0.000000
vt 0.000000 -0.063486 0.000000
vt -0.300000 -1.322353 0.000000
vt -0.000000 -1.322353 0.000000
vt -0.300000 -1.134137 0.000000
vt -0.000000 -1.134137 0.000000
vt -0.300000 -0.945922 0.000000
vt -0.000000 -0.945922 0.000000
vt -0.300000 -0.757706 0.000000
vt -0.000000 -0.757706 0.000000
vt -0.300000 -0.569491 0.000000
vt -0.000000 -0.569491 0.000000
vt -0.300000 -0.381275 0.000000
vt -0.000000 -0.381275 0.000000
vt -0.300000 -0.193060 0.000000
vt -0.000000 -0.193060 0.000000
vt -0.300000 -0.004844 0.000000
vt 0.000000 -0.004844 0.000000
vt -0.300000 0.183371 0.000000
vt -0.000000 0.183371 0.000000
vt -0.300000 0.371587 0.000000
vt 0.000000 0.371587 0.000000
vt -0.300000 0.559802 0.000000
vt 0.000000 0.559802 0.000000
vt -0.300000 0.748018 0.000000
vt -0.000000 0.748018 0.000000
vt -0.300000 0.936234 0.000000
vt 0.000000 0.936234 0.000000
vt -0.300000 1.124449 0.000000
vt -0.000000 1.124449 0.000000
vt -0.300000 1.312665 0.000000
vt -0.000000 1.312665 0.000000
vt -1.225000 23.122262 0.000000
vt -0.925000 23.122262 0.000000
vt -1.225000 23.322262 0.000000
vt -0.512109 23.198275 0.000000
vt -0.460332 23.238004 0.000000
vt -0.925000 21.322262 0.000000
vt -0.512109 22.844721 0.000000
vt -0.551839 22.896498 0.000000
vt -0.576814 22.956793 0.000000
vt -1.225000 21.322262 0.000000
vt -1.225000 21.122262 0.000000
vt -0.512109 21.244721 0.000000
vt -0.551839 21.296498 0.000000
vt 0.664668 21.122262 0.000000
vt -0.335332 21.171498 0.000000
vt -0.400037 21.180017 0.000000
vt -0.460332 21.204992 0.000000
vt 0.664668 21.722262 0.000000
vt -0.085332 21.421498 0.000000
vt -0.093851 21.356793 0.000000
vt -0.118826 21.296498 0.000000
vt 1.964668 21.722262 0.000000
vt 0.664668 22.722262 0.000000
vt -0.270628 22.780017 0.000000
vt -0.270628 21.662980 0.000000
vt -0.335332 22.771498 0.000000
vt -0.335332 21.671498 0.000000
vt -0.400037 21.662980 0.000000
vt -0.400037 22.780017 0.000000
vt -0.460332 21.638004 0.000000
vt -0.460332 22.804992 0.000000
vt 1.964668 21.122262 0.000000
vt 2.025000 21.322262 0.000000
vt 1.964668 22.722262 0.000000
vt 2.975000 21.122262 0.000000
vt 2.664668 21.171498 0.000000
vt 2.599963 21.180017 0.000000
vt 2.539668 21.204992 0.000000
vt 2.975000 23.322262 0.000000
vt 2.906149 22.956793 0.000000
vt 2.906149 21.486203 0.000000
vt 2.914668 21.421498 0.000000
vt 1.964668 23.322262 0.000000
vt 2.664668 23.271498 0.000000
vt 2.729372 23.262980 0.000000
vt 2.789668 23.238004 0.000000
vt 2.025000 23.122262 0.000000
vt 2.325000 23.122262 0.000000
vt 2.487891 23.198275 0.000000
vt 2.448161 23.146498 0.000000
vt 2.423186 23.086203 0.000000
vt 2.414668 23.021498 0.000000
vt 2.423186 22.956793 0.000000
vt 2.448161 22.896498 0.000000
vt 2.325000 21.322262 0.000000
vt 2.448161 21.546498 0.000000
vt 2.423186 21.486203 0.000000
vt 2.414668 21.421498 0.000000
vt 2.423186 21.356793 0.000000
vt 2.448161 21.296498 0.000000
vt 2.487891 21.244721 0.000000
vt 0.664668 23.322262 0.000000
vt -0.085332 23.021498 0.000000
vt -0.093851 22.956793 0.000000
vt -0.118826 22.896498 0.000000
vt -0.335332 23.271498 0.000000
vt -0.270628 23.262980 0.000000
vt -0.210332 23.238004 0.000000
vt -0.158556 22.844721 0.000000
vt -0.210332 22.804992 0.000000
vt -0.585332 23.021498 0.000000
vt -0.576814 23.086203 0.000000
vt -0.551839 23.146498 0.000000
vt -0.400037 23.262980 0.000000
vt -0.158556 23.198275 0.000000
vt -0.118826 23.146498 0.000000
vt -0.093851 23.086203 0.000000
vt -0.158556 21.244721 0.000000
vt -0.210332 21.204992 0.000000
vt -0.270628 21.180017 0.000000
vt -0.576814 21.356793 0.000000
vt -0.585332 21.421498 0.000000
vt -0.576814 21.486203 0.000000
vt -0.551839 21.546498 0.000000
vt -0.512109 21.598275 0.000000
vt -0.210332 21.638004 0.000000
vt -0.158556 21.598275 0.000000
vt -0.118826 21.546498 0.000000
vt -0.093851 21.486203 0.000000
vt 2.906149 21.356793 0.000000
vt 2.881174 21.296498 0.000000
vt 2.841444 21.244721 0.000000
vt 2.789668 21.204992 0.000000
vt 2.729372 21.180017 0.000000
vt 2.487891 22.844721 0.000000
vt 2.487891 21.598275 0.000000
vt 2.539668 22.804992 0.000000
vt 2.539668 21.638004 0.000000
vt 2.599963 22.780017 0.000000
vt 2.599963 21.662980 0.000000
vt 2.664668 22.771498 0.000000
vt 2.664668 21.671498 0.000000
vt 2.729372 21.662980 0.000000
vt 2.729372 22.780017 0.000000
vt 2.789668 21.638004 0.000000
vt 2.789668 22.804992 0.000000
vt 2.841444 21.598275 0.000000
vt 2.841444 22.844721 0.000000
vt 2.881174 21.546498 0.000000
vt 2.881174 22.896498 0.000000
vt 2.906149 23.086203 0.000000
vt 2.914668 23.021498 0.000000
vt 2.539668 23.238004 0.000000
vt 2.599963 23.262980 0.000000
vt 2.841444 23.198275 0.000000
vt 2.881174 23.146498 0.000000
vt -0.300000 3.189668 0.000000
vt -0.000000 3.189668 0.000000
vt -0.300000 4.200000 0.000000
vt 0.000000 4.200000 0.000000
vt 0.300000 -2.310332 0.000000
vt -0.000000 -2.310332 0.000000
vt 0.300000 -4.200000 0.000000
vt 0.000000 -4.200000 0.000000
vt -0.300000 0.000000 0.000000
vt 0.000000 0.000000 0.000000
vt -0.300000 2.200000 0.000000
vt 0.000000 2.200000 0.000000
vt 0.000000 1.889668 0.000000
vt -0.300000 1.889668 0.000000
vt 0.000000 0.000000 0.000000
vt -0.300000 0.000000 0.000000
vt 0.300000 0.000000 0.000000
vt 0.000000 0.000000 0.000000
vt 0.300000 -0.200000 0.000000
vt 0.000000 -2.200000 0.000000
vt 0.300000 -2.000000 0.000000
vt 0.300000 -2.200000 0.000000
vt 1.994693 -2.000000 0.000000
vt 1.815167 -1.784853 0.000000
vt 1.796097 -1.760000 0.000000
vt 1.784109 -1.731058 0.000000
vt 2.178228 -1.959841 0.000000
vt 1.960020 -1.803923 0.000000
vt 1.931078 -1.815911 0.000000
vt 1.900020 -1.820000 0.000000
vt 2.349537 -1.882698 0.000000
vt 2.003943 -1.760000 0.000000
vt 1.984873 -1.784853 0.000000
vt 2.501258 -1.771888 0.000000
vt 2.020020 -1.700000 0.000000
vt 2.015931 -1.731058 0.000000
vt 2.626867 -1.632174 0.000000
vt 2.003943 -1.640000 0.000000
vt 2.015931 -1.668942 0.000000
vt 2.468942 -1.215931 0.000000
vt 2.720967 -1.469560 0.000000
vt 2.500000 -1.220020 0.000000
vt 2.531058 -1.215931 0.000000
vt 2.779513 -1.291038 0.000000
vt 2.560000 -1.203943 0.000000
vt 2.584853 -1.184873 0.000000
vt 2.603923 -1.160020 0.000000
vt 2.799987 -1.104279 0.000000
vt 2.615911 -1.131078 0.000000
vt 2.620000 -1.100020 0.000000
vt 2.615911 -1.068962 0.000000
vt 2.603923 -1.040020 0.000000
vt 2.781511 -0.917312 0.000000
vt 2.584853 -1.015167 0.000000
vt 2.560000 -0.996097 0.000000
vt 2.531058 -0.984109 0.000000
vt 2.724877 -0.738174 0.000000
vt 2.500000 -0.980020 0.000000
vt 2.468942 -0.984109 0.000000
vt 2.632521 -0.574564 0.000000
vt 2.003943 -0.560040 0.000000
vt 2.508412 -0.433515 0.000000
vt 2.015931 -0.531098 0.000000
vt 2.020020 -0.500040 0.000000
vt 2.357885 -0.321089 0.000000
vt 2.015931 -0.468982 0.000000
vt 2.003943 -0.440040 0.000000
vt 2.187410 -0.242119 0.000000
vt 1.984873 -0.415187 0.000000
vt 1.960020 -0.396117 0.000000
vt 2.004315 -0.200000 0.000000
vt 1.931078 -0.384129 0.000000
vt 1.900020 -0.380040 0.000000
vt 1.868962 -0.384129 0.000000
vt 1.840020 -0.396117 0.000000
vt 1.815167 -0.415187 0.000000
vt 1.796097 -0.440040 0.000000
vt 1.784109 -0.468982 0.000000
vt 1.268982 -0.984109 0.000000
vt 1.780020 -0.500040 0.000000
vt 1.300040 -0.980020 0.000000
vt 1.784109 -0.531098 0.000000
vt 1.796097 -0.560040 0.000000
vt 1.331098 -0.984109 0.000000
vt 1.815167 -0.584893 0.000000
vt 1.360040 -0.996097 0.000000
vt 1.840020 -0.603963 0.000000
vt 1.384893 -1.015167 0.000000
vt 1.868962 -0.615951 0.000000
vt 1.403963 -1.040020 0.000000
vt 1.900020 -0.620040 0.000000
vt 1.415951 -1.068962 0.000000
vt 2.384089 -1.068962 0.000000
vt 2.380000 -1.100020 0.000000
vt 1.420040 -1.100020 0.000000
vt 2.384089 -1.131078 0.000000
vt 1.415951 -1.131078 0.000000
vt 1.900020 -1.580000 0.000000
vt 1.403963 -1.160020 0.000000
vt 1.868962 -1.584089 0.000000
vt 1.384893 -1.184873 0.000000
vt 1.840020 -1.596077 0.000000
vt 1.360040 -1.203943 0.000000
vt 1.815167 -1.615147 0.000000
vt 1.331098 -1.215931 0.000000
vt 1.796097 -1.640000 0.000000
vt 1.300040 -1.220020 0.000000
vt 1.784109 -1.668942 0.000000
vt 1.780020 -1.700000 0.000000
vt 1.268982 -1.215931 0.000000
vt 1.984873 -0.584893 0.000000
vt 2.440000 -0.996097 0.000000
vt 1.960020 -0.603963 0.000000
vt 2.415147 -1.015167 0.000000
vt 1.931078 -0.615951 0.000000
vt 2.396077 -1.040020 0.000000
vt 1.984873 -1.615147 0.000000
vt 2.440000 -1.203943 0.000000
vt 1.960020 -1.596077 0.000000
vt 2.415147 -1.184873 0.000000
vt 1.931078 -1.584089 0.000000
vt 2.396077 -1.160020 0.000000
vt 1.868962 -1.815911 0.000000
vt 1.840020 -1.803923 0.000000
vt 1.184129 -1.068962 0.000000
vt 1.180040 -1.100020 0.000000
vt 1.184129 -1.131078 0.000000
vt 1.196117 -1.160020 0.000000
vt 1.215187 -1.184873 0.000000
vt 1.240040 -1.203943 0.000000
vt 1.196117 -1.040020 0.000000
vt 1.215187 -1.015167 0.000000
vt 1.240040 -0.996097 0.000000
vt 0.000000 -1.010332 0.000000
vt 0.300000 -1.010332 0.000000
vt 0.000000 0.000000 0.000000
vt 0.300000 0.000000 0.000000
vt -1.964668 21.122262 0.000000
vt -2.633609 21.305587 0.000000
vt -2.975000 21.122262 0.000000
vt -2.664668 21.301498 0.000000
vt -2.695726 21.305587 0.000000
vt -1.964668 21.722262 0.000000
vt -2.544668 21.421498 0.000000
vt -2.548757 21.390440 0.000000
vt -2.560745 21.361498 0.000000
vt -0.664668 21.722262 0.000000
vt -1.964668 22.722262 0.000000
vt -2.664668 22.901498 0.000000
vt -2.664668 21.541498 0.000000
vt -2.695726 21.537409 0.000000
vt -2.695726 22.905587 0.000000
vt -2.724668 21.525421 0.000000
vt -2.724668 22.917575 0.000000
vt -2.749520 21.506351 0.000000
vt -2.749520 22.936645 0.000000
vt -2.768591 21.481498 0.000000
vt -2.768591 22.961498 0.000000
vt -2.975000 23.322262 0.000000
vt -2.780579 22.990440 0.000000
vt -2.784668 23.021498 0.000000
vt -0.664668 21.122262 0.000000
vt 0.215332 21.421498 0.000000
vt 0.219421 21.452556 0.000000
vt 0.231409 21.481498 0.000000
vt 1.225000 21.122262 0.000000
vt 0.335332 21.301498 0.000000
vt 0.304274 21.305587 0.000000
vt 0.275332 21.317575 0.000000
vt 1.225000 23.322262 0.000000
vt 0.420185 22.936645 0.000000
vt 0.420185 21.506351 0.000000
vt 0.439255 21.481498 0.000000
vt -0.664668 23.322262 0.000000
vt 0.335332 23.141498 0.000000
vt 0.366391 23.137409 0.000000
vt 0.395332 23.125421 0.000000
vt -0.664668 22.722262 0.000000
vt 0.215332 23.021498 0.000000
vt 0.219421 23.052556 0.000000
vt 0.231409 23.081498 0.000000
vt 0.335332 22.901498 0.000000
vt 0.304274 22.905587 0.000000
vt -1.964668 23.322262 0.000000
vt -2.544668 23.021498 0.000000
vt -2.548757 22.990440 0.000000
vt -2.560745 22.961498 0.000000
vt -2.633609 23.137409 0.000000
vt -2.604668 23.125421 0.000000
vt -2.579815 23.106351 0.000000
vt 0.250480 23.106351 0.000000
vt 0.275332 23.125421 0.000000
vt 0.304274 23.137409 0.000000
vt 0.420185 23.106351 0.000000
vt 0.439255 23.081498 0.000000
vt 0.451243 23.052556 0.000000
vt 0.455332 23.021498 0.000000
vt 0.451243 22.990440 0.000000
vt 0.439255 22.961498 0.000000
vt 0.395332 21.525421 0.000000
vt 0.395332 22.917575 0.000000
vt 0.366391 22.905587 0.000000
vt 0.366391 21.537409 0.000000
vt 0.335332 21.541498 0.000000
vt 0.304274 21.537409 0.000000
vt 0.275332 21.525421 0.000000
vt 0.250480 21.506351 0.000000
vt 0.275332 22.917575 0.000000
vt 0.250480 22.936645 0.000000
vt 0.231409 22.961498 0.000000
vt 0.219421 22.990440 0.000000
vt 0.451243 21.452556 0.000000
vt 0.455332 21.421498 0.000000
vt 0.451243 21.390440 0.000000
vt 0.439255 21.361498 0.000000
vt 0.420185 21.336645 0.000000
vt 0.395332 21.317575 0.000000
vt 0.366391 21.305587 0.000000
vt 0.250480 21.336645 0.000000
vt 0.231409 21.361498 0.000000
vt 0.219421 21.390440 0.000000
vt -2.780579 21.390440 0.000000
vt -2.784668 21.421498 0.000000
vt -2.780579 21.452556 0.000000
vt -2.633609 21.537409 0.000000
vt -2.604668 21.525421 0.000000
vt -2.579815 21.506351 0.000000
vt -2.560745 21.481498 0.000000
vt -2.548757 21.452556 0.000000
vt -2.579815 21.336645 0.000000
vt -2.604668 21.317575 0.000000
vt -2.724668 21.317575 0.000000
vt -2.749520 21.336645 0.000000
vt -2.768591 21.361498 0.000000
vt -2.780579 23.052556 0.000000
vt -2.768591 23.081498 0.000000
vt -2.749520 23.106351 0.000000
vt -2.724668 23.125421 0.000000
vt -2.695726 23.137409 0.000000
vt -2.664668 23.141498 0.000000
vt -2.560745 23.081498 0.000000
vt -2.548757 23.052556 0.000000
vt -2.579815 22.936645 0.000000
vt -2.604668 22.917575 0.000000
vt -2.633609 22.905587 0.000000
vt 0.300000 0.600000 0.000000
vt 0.000000 0.600000 0.000000
vt 0.300000 0.000000 0.000000
vt -0.000000 0.000000 0.000000
vt -0.300000 -1.300000 0.000000
vt -0.000000 -1.300000 0.000000
vt -0.300000 0.000000 0.000000
vt -0.000000 -0.000000 0.000000
vt -0.300000 -0.600000 0.000000
vt -0.000000 -0.600000 0.000000
vt -0.300000 0.000000 0.000000
vt -0.000000 0.000000 0.000000
vt -0.300000 -0.600000 0.000000
vt 0.000000 -0.600000 0.000000
vt -0.300000 0.000000 0.000000
vt -0.000000 0.000000 0.000000
vt 0.300000 1.300000 0.000000
vt -0.000000 1.300000 0.000000
vt 0.300000 0.000000 0.000000
vt 0.000000 -0.000000 0.000000
vt 0.300000 0.600000 0.000000
vt 0.000000 0.600000 0.000000
vt 0.300000 0.000000 0.000000
vt -0.000000 0.000000 0.000000
vt -1.694693 -0.300000 0.000000
vt -0.000000 -0.300000 0.000000
vt -1.694693 -0.000000 0.000000
vt 0.000000 0.000000 0.000000
vt -1.704315 -0.300000 0.000000
vt -0.000000 -0.300000 0.000000
vt -1.704315 0.000000 0.000000
vt 0.000000 0.000000 0.000000
vt -0.293609 0.857316 0.000000
vt -0.066219 0.703318 0.000000
vt -0.110513 0.899435 0.000000
vt -0.037277 0.715306 0.000000
vt -0.006219 0.719395 0.000000
vt -0.464084 0.778346 0.000000
vt -0.110142 0.659395 0.000000
vt -0.091071 0.684248 0.000000
vt -0.614611 0.665920 0.000000
vt -0.126219 0.599395 0.000000
vt -0.122130 0.630453 0.000000
vt -0.738720 0.524871 0.000000
vt -0.110142 0.539395 0.000000
vt -0.122130 0.568337 0.000000
vt -0.831076 0.361261 0.000000
vt -0.575140 0.115326 0.000000
vt -0.091071 0.514542 0.000000
vt -0.887709 0.182123 0.000000
vt -0.637257 0.115326 0.000000
vt -0.606199 0.119415 0.000000
vt -0.906186 -0.004844 0.000000
vt -0.710122 0.059415 0.000000
vt -0.691052 0.084268 0.000000
vt -0.666199 0.103338 0.000000
vt -0.885712 -0.191603 0.000000
vt -0.710122 -0.060585 0.000000
vt -0.722110 -0.031643 0.000000
vt -0.726199 -0.000585 0.000000
vt -0.827166 -0.370125 0.000000
vt -0.637257 -0.116496 0.000000
vt -0.666199 -0.104508 0.000000
vt -0.691052 -0.085438 0.000000
vt -0.733066 -0.532739 0.000000
vt -0.575140 -0.116496 0.000000
vt -0.606199 -0.120585 0.000000
vt -0.607456 -0.672453 0.000000
vt -0.110142 -0.540565 0.000000
vt -0.091071 -0.515712 0.000000
vt -0.546199 -0.104508 0.000000
vt -0.066219 -0.496642 0.000000
vt -0.521346 -0.085438 0.000000
vt -0.037277 -0.484654 0.000000
vt -0.502276 -0.060585 0.000000
vt -0.006219 -0.480565 0.000000
vt -0.490288 -0.031643 0.000000
vt 0.477850 -0.031643 0.000000
vt -0.486199 -0.000585 0.000000
vt 0.473761 -0.000585 0.000000
vt -0.490288 0.030473 0.000000
vt 0.477850 0.030473 0.000000
vt -0.006219 0.479395 0.000000
vt 0.489838 0.059415 0.000000
vt 0.024840 0.483484 0.000000
vt 0.508909 0.084268 0.000000
vt 0.053781 0.495472 0.000000
vt 0.533761 0.103338 0.000000
vt 0.078634 0.514542 0.000000
vt 0.562703 0.115326 0.000000
vt 0.097704 0.539395 0.000000
vt 0.593761 0.119415 0.000000
vt 0.109692 0.568337 0.000000
vt 0.113781 0.599395 0.000000
vt 0.624820 0.115326 0.000000
vt 1.593801 0.899435 0.000000
vt 0.653761 0.103338 0.000000
vt 0.678614 0.084268 0.000000
vt -0.455736 -0.783263 0.000000
vt -0.126219 -0.600565 0.000000
vt -0.122130 -0.569507 0.000000
vt -0.284427 -0.860406 0.000000
vt -0.110142 -0.660565 0.000000
vt -0.122130 -0.631623 0.000000
vt -0.100891 -0.900565 0.000000
vt -0.066219 -0.704488 0.000000
vt -0.091071 -0.685418 0.000000
vt 1.593801 -0.900565 0.000000
vt 0.078634 -0.685418 0.000000
vt 0.053781 -0.704488 0.000000
vt 0.024840 -0.716476 0.000000
vt 0.713761 -0.000585 0.000000
vt 0.709673 -0.031643 0.000000
vt 0.697685 -0.060585 0.000000
vt 0.078634 0.684248 0.000000
vt 0.097704 0.659395 0.000000
vt 0.109692 0.630453 0.000000
vt -0.502276 0.059415 0.000000
vt -0.037277 0.483484 0.000000
vt -0.521346 0.084268 0.000000
vt -0.066219 0.495472 0.000000
vt -0.546199 0.103338 0.000000
vt 0.024840 0.715306 0.000000
vt 0.053781 0.703318 0.000000
vt -0.722110 0.030473 0.000000
vt 0.109692 -0.631623 0.000000
vt 0.113781 -0.600565 0.000000
vt 0.624820 -0.116496 0.000000
vt 0.593761 -0.120585 0.000000
vt 0.097704 -0.660565 0.000000
vt -0.006219 -0.720565 0.000000
vt -0.037277 -0.716476 0.000000
vt 0.489838 -0.060585 0.000000
vt 0.024840 -0.484654 0.000000
vt 0.508909 -0.085438 0.000000
vt 0.053781 -0.496642 0.000000
vt 0.533761 -0.104508 0.000000
vt 0.078634 -0.515712 0.000000
vt 0.562703 -0.116496 0.000000
vt 0.097704 -0.540565 0.000000
vt 0.109692 -0.569507 0.000000
vt 0.678614 -0.085438 0.000000
vt 0.653761 -0.104508 0.000000
vt 0.697685 0.059415 0.000000
vt 0.709673 0.030473 0.000000
vt -0.000000 -1.524555 0.000000
vt -0.300000 -1.524555 0.000000
vt -0.000000 -1.712770 0.000000
vt -0.300000 -1.712770 0.000000
vt -0.000000 -1.900986 0.000000
vt -0.300000 -1.900986 0.000000
vt -0.000000 -2.089201 0.000000
vt -0.300000 -2.089201 0.000000
vt -0.000000 -2.277417 0.000000
vt -0.300000 -2.277417 0.000000
vt -0.000000 -2.465633 0.000000
vt -0.300000 -2.465633 0.000000
vt -0.000000 -2.653848 0.000000
vt -0.300000 -2.653848 0.000000
vt -0.000000 -2.842064 0.000000
vt -0.300000 -2.842064 0.000000
vt -0.000000 -3.030279 0.000000
vt -0.300000 -3.030279 0.000000
vt -0.000000 -3.218495 0.000000
vt -0.300000 -3.218495 0.000000
vt -0.000000 -3.406710 0.000000
vt -0.300000 -3.406710 0.000000
vt -0.000000 -3.594926 0.000000
vt -0.300000 -3.594926 0.000000
vt -0.000000 -3.783141 0.000000
vt -0.300000 -3.783141 0.000000
vt -0.000000 -3.971357 0.000000
vt -0.300000 -3.971357 0.000000
vt -0.000000 -4.159572 0.000000
vt -0.300000 -4.159572 0.000000
vt 1.704315 0.300000 0.000000
vt 0.000000 0.300000 0.000000
vt 1.704315 0.000000 0.000000
vt -0.000000 0.000000 0.000000
vt 1.694693 0.300000 0.000000
vt 0.000000 0.300000 0.000000
vt 1.694693 0.000000 0.000000
vt 0.000000 0.000000 0.000000
vt 0.284427 -0.860406 0.000000
vt 0.066219 -0.704488 0.000000
vt 0.100891 -0.900565 0.000000
vt 0.037277 -0.716476 0.000000
vt 0.006219 -0.720565 0.000000
vt 0.455736 -0.783263 0.000000
vt 0.110142 -0.660565 0.000000
vt 0.091071 -0.685418 0.000000
vt 0.607456 -0.672453 0.000000
vt 0.126219 -0.600565 0.000000
vt 0.122130 -0.631623 0.000000
vt 0.733066 -0.532739 0.000000
vt 0.110142 -0.540565 0.000000
vt 0.122130 -0.569507 0.000000
vt 0.827166 -0.370125 0.000000
vt 0.575140 -0.116496 0.000000
vt 0.091071 -0.515712 0.000000
vt 0.885712 -0.191603 0.000000
vt 0.637257 -0.116496 0.000000
vt 0.606199 -0.120585 0.000000
vt 0.906186 -0.004844 0.000000
vt 0.710122 -0.060585 0.000000
vt 0.691052 -0.085438 0.000000
vt 0.666199 -0.104508 0.000000
vt 0.887709 0.182123 0.000000
vt 0.710122 0.059415 0.000000
vt 0.722110 0.030473 0.000000
vt 0.726199 -0.000585 0.000000
vt 0.831076 0.361261 0.000000
vt 0.637257 0.115326 0.000000
vt 0.666199 0.103338 0.000000
vt 0.691052 0.084268 0.000000
vt 0.738720 0.524871 0.000000
vt 0.575140 0.115326 0.000000
vt 0.606199 0.119415 0.000000
vt 0.614611 0.665920 0.000000
vt 0.110142 0.539395 0.000000
vt 0.091071 0.514542 0.000000
vt 0.546199 0.103338 0.000000
vt 0.066219 0.495472 0.000000
vt 0.521346 0.084268 0.000000
vt 0.037277 0.483484 0.000000
vt 0.502276 0.059415 0.000000
vt 0.006219 0.479395 0.000000
vt 0.490288 0.030473 0.000000
vt -0.477850 0.030473 0.000000
vt 0.486199 -0.000585 0.000000
vt -0.473761 -0.000585 0.000000
vt 0.490288 -0.031643 0.000000
vt -0.477850 -0.031643 0.000000
vt 0.006219 -0.480565 0.000000
vt -0.489838 -0.060585 0.000000
vt -0.024840 -0.484654 0.000000
vt -0.508909 -0.085438 0.000000
vt -0.053781 -0.496642 0.000000
vt -0.533761 -0.104508 0.000000
vt -0.078634 -0.515712 0.000000
vt -0.562703 -0.116496 0.000000
vt -0.097704 -0.540565 0.000000
vt -0.593761 -0.120585 0.000000
vt -0.109692 -0.569507 0.000000
vt -0.113781 -0.600565 0.000000
vt -0.624820 -0.116496 0.000000
vt -1.593801 -0.900565 0.000000
vt -0.653761 -0.104508 0.000000
vt -0.678614 -0.085438 0.000000
vt 0.464084 0.778346 0.000000
vt 0.126219 0.599395 0.000000
vt 0.122130 0.568337 0.000000
vt 0.293609 0.857316 0.000000
vt 0.110142 0.659395 0.000000
vt 0.122130 0.630453 0.000000
vt 0.110513 0.899435 0.000000
vt 0.066219 0.703318 0.000000
vt 0.091071 0.684248 0.000000
vt -1.593801 0.899435 0.000000
vt -0.078634 0.684248 0.000000
vt -0.053781 0.703318 0.000000
vt -0.024840 0.715306 0.000000
vt -0.713761 -0.000585 0.000000
vt -0.709673 0.030473 0.000000
vt -0.697685 0.059415 0.000000
vt -0.078634 -0.685418 0.000000
vt -0.097704 -0.660565 0.000000
vt -0.109692 -0.631623 0.000000
vt -0.109692 0.630453 0.000000
vt -0.113781 0.599395 0.000000
vt -0.624820 0.115326 0.000000
vt -0.593761 0.119415 0.000000
vt -0.097704 0.659395 0.000000
vt 0.006219 0.719395 0.000000
vt 0.037277 0.715306 0.000000
vt -0.489838 0.059415 0.000000
vt -0.024840 0.483484 0.000000
vt -0.508909 0.084268 0.000000
vt -0.053781 0.495472 0.000000
vt -0.533761 0.103338 0.000000
vt -0.078634 0.514542 0.000000
vt -0.562703 0.115326 0.000000
vt -0.097704 0.539395 0.000000
vt -0.109692 0.568337 0.000000
vt 0.722110 -0.031643 0.000000
vt 0.546199 -0.104508 0.000000
vt 0.066219 -0.496642 0.000000
vt 0.521346 -0.085438 0.000000
vt 0.037277 -0.484654 0.000000
vt 0.502276 -0.060585 0.000000
vt -0.024840 -0.716476 0.000000
vt -0.053781 -0.704488 0.000000
vt -0.678614 0.084268 0.000000
vt -0.653761 0.103338 0.000000
vt -0.697685 -0.060585 0.000000
vt -0.709673 -0.031643 0.000000
vt -0.293609 0.857316 0.000000
vt -0.067469 0.705483 0.000000
vt -0.110513 0.899435 0.000000
vt -0.037924 0.717721 0.000000
vt -0.006219 0.721895 0.000000
vt -0.464084 0.778346 0.000000
vt -0.112307 0.660645 0.000000
vt -0.092839 0.686016 0.000000
vt -0.614611 0.665920 0.000000
vt -0.128719 0.599395 0.000000
vt -0.124545 0.631100 0.000000
vt -0.738720 0.524871 0.000000
vt -0.112307 0.538145 0.000000
vt -0.124545 0.567690 0.000000
vt -0.831076 0.361261 0.000000
vt -0.574493 0.117741 0.000000
vt -0.092839 0.512775 0.000000
vt -0.887709 0.182123 0.000000
vt -0.637904 0.117741 0.000000
vt -0.606199 0.121915 0.000000
vt -0.906186 -0.004844 0.000000
vt -0.712287 0.060665 0.000000
vt -0.692819 0.086036 0.000000
vt -0.667449 0.105503 0.000000
vt -0.885712 -0.191603 0.000000
vt -0.712287 -0.061835 0.000000
vt -0.724525 -0.032290 0.000000
vt -0.728699 -0.000585 0.000000
vt -0.827166 -0.370125 0.000000
vt -0.637904 -0.118911 0.000000
vt -0.667449 -0.106673 0.000000
vt -0.692819 -0.087206 0.000000
vt -0.733066 -0.532739 0.000000
vt -0.574493 -0.118911 0.000000
vt -0.606199 -0.123085 0.000000
vt -0.607456 -0.672453 0.000000
vt -0.112307 -0.539315 0.000000
vt -0.092839 -0.513944 0.000000
vt -0.544949 -0.106673 0.000000
vt -0.067469 -0.494477 0.000000
vt -0.519578 -0.087206 0.000000
vt -0.037924 -0.482239 0.000000
vt -0.500111 -0.061835 0.000000
vt -0.006219 -0.478065 0.000000
vt -0.487873 -0.032290 0.000000
vt 0.475436 -0.032290 0.000000
vt -0.483699 -0.000585 0.000000
vt 0.471261 -0.000585 0.000000
vt -0.487873 0.031120 0.000000
vt 0.475436 0.031120 0.000000
vt -0.006219 0.476895 0.000000
vt 0.487673 0.060665 0.000000
vt 0.025487 0.481069 0.000000
vt 0.507141 0.086036 0.000000
vt 0.055031 0.493307 0.000000
vt 0.532511 0.105503 0.000000
vt 0.080402 0.512775 0.000000
vt 0.562056 0.117741 0.000000
vt 0.099869 0.538145 0.000000
vt 0.593761 0.121915 0.000000
vt 0.112107 0.567690 0.000000
vt 0.116281 0.599395 0.000000
vt 0.625467 0.117741 0.000000
vt 1.593801 0.899435 0.000000
vt 0.655011 0.105503 0.000000
vt 0.680382 0.086036 0.000000
vt -0.455736 -0.783263 0.000000
vt -0.128719 -0.600565 0.000000
vt -0.124545 -0.568860 0.000000
vt -0.284427 -0.860406 0.000000
vt -0.112307 -0.661815 0.000000
vt -0.124545 -0.632270 0.000000
vt -0.100891 -0.900565 0.000000
vt -0.067469 -0.706653 0.000000
vt -0.092839 -0.687186 0.000000
vt 1.593801 -0.900565 0.000000
vt 0.080402 -0.687186 0.000000
vt 0.055031 -0.706653 0.000000
vt 0.025487 -0.718891 0.000000
vt 0.716261 -0.000585 0.000000
vt 0.712087 -0.032290 0.000000
vt 0.699850 -0.061835 0.000000
vt 0.080402 0.686016 0.000000
vt 0.099869 0.660645 0.000000
vt 0.112107 0.631100 0.000000
vt -0.500111 0.060665 0.000000
vt -0.037924 0.481069 0.000000
vt -0.519578 0.086036 0.000000
vt -0.067469 0.493307 0.000000
vt -0.544949 0.105503 0.000000
vt 0.025487 0.717721 0.000000
vt 0.055031 0.705483 0.000000
vt -0.724525 0.031120 0.000000
vt 0.112107 -0.632270 0.000000
vt 0.116281 -0.600565 0.000000
vt 0.625467 -0.118911 0.000000
vt 0.593761 -0.123085 0.000000
vt 0.099869 -0.661815 0.000000
vt -0.006219 -0.723065 0.000000
vt -0.037924 -0.718891 0.000000
vt 0.487673 -0.061835 0.000000
vt 0.025487 -0.482239 0.000000
vt 0.507141 -0.087206 0.000000
vt 0.055031 -0.494477 0.000000
vt 0.532511 -0.106673 0.000000
vt 0.080402 -0.513944 0.000000
vt 0.562056 -0.118911 0.000000
vt 0.099869 -0.539315 0.000000
vt 0.112107 -0.568860 0.000000
vt 0.680382 -0.087206 0.000000
vt 0.655011 -0.106673 0.000000
vt 0.699850 0.060665 0.000000
vt 0.712087 0.031120 0.000000
vt 0.121481 0.064705 0.000000
vt -0.004089 0.031058 0.000000
vt 0.130000 0.000000 0.000000
vt -0.000000 0.000000 0.000000
vt 0.121481 -0.064705 0.000000
vt -0.004089 -0.031058 0.000000
vt -0.016077 -0.060000 0.000000
vt -0.016077 0.060000 0.000000
vt 0.096506 0.125000 0.000000
vt -0.035147 0.084853 0.000000
vt 0.056777 0.176777 0.000000
vt -0.060000 0.103923 0.000000
vt 0.005000 0.216506 0.000000
vt -0.088942 0.115911 0.000000
vt -0.055295 0.241481 0.000000
vt -0.120000 0.120000 0.000000
vt -0.120000 0.250000 0.000000
vt -0.184705 0.241481 0.000000
vt -0.151058 0.115911 0.000000
vt -0.245000 0.216506 0.000000
vt -0.180000 0.103923 0.000000
vt -0.296777 0.176777 0.000000
vt -0.204853 0.084853 0.000000
vt -0.336506 0.125000 0.000000
vt -0.223923 0.060000 0.000000
vt -0.361481 0.064705 0.000000
vt -0.235911 0.031058 0.000000
vt -0.370000 0.000000 0.000000
vt -0.240000 0.000000 0.000000
vt -0.235911 -0.031058 0.000000
vt -0.361481 -0.064705 0.000000
vt -0.223923 -0.060000 0.000000
vt -0.336506 -0.125000 0.000000
vt -0.204853 -0.084853 0.000000
vt -0.296777 -0.176777 0.000000
vt -0.180000 -0.103923 0.000000
vt -0.245000 -0.216506 0.000000
vt -0.151058 -0.115911 0.000000
vt -0.184705 -0.241481 0.000000
vt -0.120000 -0.120000 0.000000
vt -0.120000 -0.250000 0.000000
vt -0.055295 -0.241481 0.000000
vt -0.088942 -0.115911 0.000000
vt 0.005000 -0.216506 0.000000
vt -0.060000 -0.103923 0.000000
vt 0.056777 -0.176777 0.000000
vt -0.035147 -0.084853 0.000000
vt 0.096506 -0.125000 0.000000
vt 0.121481 0.064705 0.000000
vt -0.004089 0.031058 0.000000
vt 0.130000 0.000000 0.000000
vt -0.000000 0.000000 0.000000
vt 0.121481 -0.064705 0.000000
vt -0.004089 -0.031058 0.000000
vt -0.016077 -0.060000 0.000000
vt -0.016077 0.060000 0.000000
vt 0.096506 0.125000 0.000000
vt -0.035147 0.084853 0.000000
vt 0.056777 0.176777 0.000000
vt -0.060000 0.103923 0.000000
vt 0.005000 0.216506 0.000000
vt -0.088942 0.115911 0.000000
vt -0.055295 0.241481 0.000000
vt -0.120000 0.120000 0.000000
vt -0.120000 0.250000 0.000000
vt -0.184705 0.241481 0.000000
vt -0.151058 0.115911 0.000000
vt -0.245000 0.216506 0.000000
vt -0.180000 0.103923 0.000000
vt -0.296777 0.176777 0.000000
vt -0.204853 0.084853 0.000000
vt -0.336506 0.125000 0.000000
vt -0.223923 0.060000 0.000000
vt -0.361481 0.064705 0.000000
vt -0.235911 0.031058 0.000000
vt -0.370000 0.000000 0.000000
vt -0.240000 0.000000 0.000000
vt -0.235911 -0.031058 0.000000
vt -0.361481 -0.064705 0.000000
vt -0.223923 -0.060000 0.000000
vt -0.336506 -0.125000 0.000000
vt -0.204853 -0.084853 0.000000
vt -0.296777 -0.176777 0.000000
vt -0.180000 -0.103923 0.000000
vt -0.245000 -0.216506 0.000000
vt -0.151058 -0.115911 0.000000
vt -0.184705 -0.241481 0.000000
vt -0.120000 -0.120000 0.000000
vt -0.120000 -0.250000 0.000000
vt -0.055295 -0.241481 0.000000
vt -0.088942 -0.115911 0.000000
vt 0.005000 -0.216506 0.000000
vt -0.060000 -0.103923 0.000000
vt 0.056777 -0.176777 0.000000
vt -0.035147 -0.084853 0.000000
vt 0.096506 -0.125000 0.000000
vt 0.121481 0.064705 0.000000
vt -0.004089 0.031058 0.000000
vt 0.130000 0.000000 0.000000
vt -0.000000 0.000000 0.000000
vt 0.121481 -0.064705 0.000000
vt -0.004089 -0.031058 0.000000
vt -0.016077 -0.060000 0.000000
vt -0.016077 0.060000 0.000000
vt 0.096506 0.125000 0.000000
vt -0.035147 0.084853 0.000000
vt 0.056777 0.176777 0.000000
vt -0.060000 0.103923 0.000000
vt 0.005000 0.216506 0.000000
vt -0.088942 0.115911 0.000000
vt -0.055295 0.241481 0.000000
vt -0.120000 0.120000 0.000000
vt -0.120000 0.250000 0.000000
vt -0.184705 0.241481 0.000000
vt -0.151058 0.115911 0.000000
vt -0.245000 0.216506 0.000000
vt -0.180000 0.103923 0.000000
vt -0.296777 0.176777 0.000000
vt -0.204853 0.084853 0.000000
vt -0.336506 0.125000 0.000000
vt -0.223923 0.060000 0.000000
vt -0.361481 0.064705 0.000000
vt -0.235911 0.031058 0.000000
vt -0.370000 0.000000 0.000000
vt -0.240000 0.000000 0.000000
vt -0.235911 -0.031058 0.000000
vt -0.361481 -0.064705 0.000000
vt -0.223923 -0.060000 0.000000
vt -0.336506 -0.125000 0.000000
vt -0.204853 -0.084853 0.000000
vt -0.296777 -0.176777 0.000000
vt -0.180000 -0.103923 0.000000
vt -0.245000 -0.216506 0.000000
vt -0.151058 -0.115911 0.000000
vt -0.184705 -0.241481 0.000000
vt -0.120000 -0.120000 0.000000
vt -0.120000 -0.250000 0.000000
vt -0.055295 -0.241481 0.000000
vt -0.088942 -0.115911 0.000000
vt 0.005000 -0.216506 0.000000
vt -0.060000 -0.103923 0.000000
vt 0.056777 -0.176777 0.000000
vt -0.035147 -0.084853 0.000000
vt 0.096506 -0.125000 0.000000
vt 0.121481 0.064705 0.000000
vt -0.004089 0.031058 0.000000
vt 0.130000 0.000000 0.000000
vt -0.000000 0.000000 0.000000
vt 0.121481 -0.064705 0.000000
vt -0.004089 -0.031058 0.000000
vt -0.016077 -0.060000 0.000000
vt -0.016077 0.060000 0.000000
vt 0.096506 0.125000 0.000000
vt -0.035147 0.084853 0.000000
vt 0.056777 0.176777 0.000000
vt -0.060000 0.103923 0.000000
vt 0.005000 0.216506 0.000000
vt -0.088942 0.115911 0.000000
vt -0.055295 0.241481 0.000000
vt -0.120000 0.120000 0.000000
vt -0.120000 0.250000 0.000000
vt -0.184705 0.241481 0.000000
vt -0.151058 0.115911 0.000000
vt -0.245000 0.216506 0.000000
vt -0.180000 0.103923 0.000000
vt -0.296777 0.176777 0.000000
vt -0.204853 0.084853 0.000000
vt -0.336506 0.125000 0.000000
vt -0.223923 0.060000 0.000000
vt -0.361481 0.064705 0.000000
vt -0.235911 0.031058 0.000000
vt -0.370000 0.000000 0.000000
vt -0.240000 0.000000 0.000000
vt -0.235911 -0.031058 0.000000
vt -0.361481 -0.064705 0.000000
vt -0.223923 -0.060000 0.000000
vt -0.336506 -0.125000 0.000000
vt -0.204853 -0.084853 0.000000
vt -0.296777 -0.176777 0.000000
vt -0.180000 -0.103923 0.000000
vt -0.245000 -0.216506 0.000000
vt -0.151058 -0.115911 0.000000
vt -0.184705 -0.241481 0.000000
vt -0.120000 -0.120000 0.000000
vt -0.120000 -0.250000 0.000000
vt -0.055295 -0.241481 0.000000
vt -0.088942 -0.115911 0.000000
vt 0.005000 -0.216506 0.000000
vt -0.060000 -0.103923 0.000000
vt 0.056777 -0.176777 0.000000
vt -0.035147 -0.084853 0.000000
vt 0.096506 -0.125000 0.000000
vn -0.965926 0.258819 0.000000
vn -0.965926 0.258819 0.000000
vn -1.000000 -0.000000 0.000000
vn -1.000000 -0.000000 0.000000
vn -0.965926 -0.258819 0.000000
vn -0.965926 -0.258819 0.000000
vn -0.866025 -0.500000 0.000000
vn -0.866025 -0.500000 0.000000
vn -0.707107 -0.707107 0.000000
vn -0.707107 -0.707107 0.000000
vn -0.500000 -0.866025 0.000000
vn -0.500000 -0.866025 0.000000
vn -0.258819 -0.965926 0.000000
vn -0.258819 -0.965926 0.000000
vn 0.000000 -1.000000 0.000000
vn 0.000000 -1.000000 0.000000
vn 0.258819 -0.965926 0.000000
vn 0.258819 -0.965926 0.000000
vn 0.500000 -0.866025 0.000000
vn 0.500000 -0.866025 0.000000
vn 0.707107 -0.707107 0.000000
vn 0.707107 -0.707107 0.000000
vn 0.866025 -0.500000 0.000000
vn 0.866025 -0.500000 0.000000
vn 0.965926 -0.258819 0.000000
vn 0.965926 -0.258819 0.000000
vn 1.000000 -0.000000 0.000000
vn 1.000000 -0.000000 0.000000
vn 0.965926 0.258819 0.000000
vn 0.965926 0.258819 0.000000
vn 0.866025 0.500000 0.000000
vn 0.866025 0.500000 0.000000
vn 0.707107 0.707107 0.000000
vn 0.707107 0.707107 0.000000
vn 0.500000 0.866025 0.000000
vn 0.500000 0.866025 0.000000
vn 0.258819 0.965926 0.000000
vn 0.258819 0.965926 0.000000
vn -0.000000 1.000000 0.000000
vn -0.000000 1.000000 0.000000
vn -0.258819 0.965926 0.000000
vn -0.258819 0.965926 0.000000
vn -0.500000 0.866025 0.000000
vn -0.500000 0.866025 0.000000
vn -0.707107 0.707107 0.000000
vn -0.707107 0.707107 0.000000
vn -0.866025 0.500000 0.000000
vn -0.866025 0.500000 0.000000
vn -0.965926 0.258819 0.000000
vn -0.965926 0.258819 0.000000
vn -1.000000 -0.000000 0.000000
vn -1.000000 -0.000000 0.000000
vn -0.965926 -0.258819 0.000000
vn -0.965926 -0.258819 0.000000
vn -0.866025 -0.500000 0.000000
vn -0.866025 -0.500000 0.000000
vn -0.707107 -0.707107 0.000000
vn -0.707107 -0.707107 0.000000
vn -0.500000 -0.866025 0.000000
vn -0.500000 -0.866025 0.000000
vn -0.258819 -0.965926 0.000000
vn -0.258819 -0.965926 0.000000
vn -0.000000 -1.000000 0.000000
vn -0.000000 -1.000000 0.000000
vn 0.258819 -0.965926 0.000000
vn 0.258819 -0.965926 0.000000
vn 0.500000 -0.866025 0.000000
vn 0.500000 -0.866025 0.000000
vn 0.707107 -0.707107 0.000000
vn 0.707107 -0.707107 0.000000
vn 0.866025 -0.500000 0.000000
vn 0.866025 -0.500000 0.000000
vn 0.965926 -0.258819 0.000000
vn 0.965926 -0.258819 0.000000
vn 1.000000 -0.000000 0.000000
vn 1.000000 -0.000000 0.000000
vn 0.965926 0.258819 0.000000
vn 0.965926 0.258819 0.000000
vn 0.866025 0.500000 0.000000
vn 0.866025 0.500000 0.000000
vn 0.707107 0.707107 0.000000
vn 0.707107 0.707107 0.000000
vn 0.500000 0.866025 0.000000
vn 0.500000 0.866025 0.000000
vn 0.258819 0.965926 0.000000
vn 0.258819 0.965926 0.000000
vn -0.000000 1.000000 0.000000
vn -0.000000 1.000000 0.000000
vn -0.258819 0.965926 0.000000
vn -0.258819 0.965926 0.000000
vn -0.500000 0.866025 0.000000
vn -0.500000 0.866025 0.000000
vn -0.707107 0.707107 0.000000
vn -0.707107 0.707107 0.000000
vn -0.866025 0.500000 0.000000
vn -0.866025 0.500000 0.000000
vn -0.965926 0.258819 0.000000
vn -0.965926 0.258819 0.000000
vn -1.000000 -0.000000 0.000000
vn -1.000000 -0.000000 0.000000
vn -0.965926 -0.258819 0.000000
vn -0.965926 -0.258819 0.000000
vn -0.866025 -0.500000 0.000000
vn -0.866025 -0.500000 0.000000
vn -0.707107 -0.707107 0.000000
vn -0.707107 -0.707107 0.000000
vn -0.500000 -0.866025 0.000000
vn -0.500000 -0.866025 0.000000
vn -0.258819 -0.965926 0.000000
vn -0.258819 -0.965926 0.000000
vn 0.000000 -1.000000 0.000000
vn 0.000000 -1.000000 0.000000
vn 0.258819 -0.965926 0.000000
vn 0.258819 -0.965926 0.000000
vn 0.500000 -0.866025 0.000000
vn 0.500000 -0.866025 0.000000
vn 0.707107 -0.707107 0.000000
vn 0.707107 -0.707107 0.000000
vn 0.866025 -0.500000 0.000000
vn 0.866025 -0.500000 0.000000
vn 0.965926 -0.258819 0.000000
vn 0.965926 -0.258819 0.000000
vn 1.000000 -0.000000 0.000000
vn 1.000000 -0.000000 0.000000
vn 0.965926 0.258819 0.000000
vn 0.965926 0.258819 0.000000
vn 0.866025 0.500000 0.000000
vn 0.866025 0.500000 0.000000
vn 0.707107 0.707107 0.000000
vn 0.707107 0.707107 0.000000
vn 0.500000 0.866025 0.000000
vn 0.500000 0.866025 0.000000
vn 0.258819 0.965926 0.000000
vn 0.258819 0.965926 0.000000
vn -0.000000 1.000000 0.000000
vn -0.000000 1.000000 0.000000
vn -0.258819 0.965926 0.000000
vn -0.258819 0.965926 0.000000
vn -0.500000 0.866025 0.000000
vn -0.500000 0.866025 0.000000
vn -0.707107 0.707107 0.000000
vn -0.707107 0.707107 0.000000
vn -0.866025 0.500000 0.000000
vn -0.866025 0.500000 0.000000
vn -0.965926 0.258819 0.000000
vn -0.965926 0.258819 0.000000
vn -1.000000 -0.000000 0.000000
vn -1.000000 -0.000000 0.000000
vn -0.965926 -0.258819 0.000000
vn -0.965926 -0.258819 0.000000
vn -0.866025 -0.500000 0.000000
vn -0.866025 -0.500000 0.000000
vn -0.707107 -0.707107 0.000000
vn -0.707107 -0.707107 0.000000
vn -0.500000 -0.866025 0.000000
vn -0.500000 -0.866025 0.000000
vn -0.258819 -0.965926 0.000000
vn -0.258819 -0.965926 0.000000
vn -0.000000 -1.000000 0.000000
vn -0.000000 -1.000000 0.000000
vn 0.258819 -0.965926 0.000000
vn 0.258819 -0.965926 0.000000
vn 0.500000 -0.866025 0.000000
vn 0.500000 -0.866025 0.000000
vn 0.707107 -0.707107 0.000000
vn 0.707107 -0.707107 0.000000
vn 0.866025 -0.500000 0.000000
vn 0.866025 -0.500000 0.000000
vn 0.965926 -0.258819 0.000000
vn 0.965926 -0.258819 0.000000
vn 1.000000 -0.000000 0.000000
vn 1.000000 -0.000000 0.000000
vn 0.965926 0.258819 0.000000
vn 0.965926 0.258819 0.000000
vn 0.866025 0.500000 0.000000
vn 0.866025 0.500000 0.000000
vn 0.707107 0.707107 0.000000
vn 0.707107 0.707107 0.000000
vn 0.500000 0.866025 0.000000
vn 0.500000 0.866025 0.000000
vn 0.258819 0.965926 0.000000
vn 0.258819 0.965926 0.000000
vn -0.000000 1.000000 0.000000
vn -0.000000 1.000000 0.000000
vn -0.258819 0.965926 0.000000
vn -0.258819 0.965926 0.000000
vn -0.500000 0.866025 0.000000
vn -0.500000 0.866025 0.000000
vn -0.707107 0.707107 0.000000
vn -0.707107 0.707107 0.000000
vn -0.866025 0.500000 0.000000
vn -0.866025 0.500000 0.000000
vn -0.965926 0.258819 0.000000
vn -0.965926 0.258819 0.000000
vn -1.000000 -0.000000 0.000000
vn -1.000000 -0.000000 0.000000
vn -0.965926 -0.258819 0.000000
vn -0.965926 -0.258819 0.000000
vn -0.866025 -0.500000 0.000000
vn -0.866025 -0.500000 0.000000
vn -0.707107 -0.707107 0.000000
vn -0.707107 -0.707107 0.000000
vn -0.500000 -0.866025 0.000000
vn -0.500000 -0.866025 0.000000
vn -0.258819 -0.965926 0.000000
vn -0.258819 -0.965926 0.000000
vn -0.000000 -1.000000 0.000000
vn -0.000000 -1.000000 0.000000
vn 0.258819 -0.965926 0.000000
vn 0.258819 -0.965926 0.000000
vn 0.500000 -0.866025 0.000000
vn 0.500000 -0.866025 0.000000
vn 0.707107 -0.707107 0.000000
vn 0.707107 -0.707107 0.000000
vn 0.866025 -0.500000 0.000000
vn 0.866025 -0.500000 0.000000
vn 0.965926 -0.258819 0.000000
vn 0.965926 -0.258819 0.000000
vn 1.000000 -0.000000 0.000000
vn 1.000000 -0.000000 0.000000
vn 0.965926 0.258819 0.000000
vn 0.965926 0.258819 0.000000
vn 0.866025 0.500000 0.000000
vn 0.866025 0.500000 0.000000
vn 0.707107 0.707107 0.000000
vn 0.707107 0.707107 0.000000
vn 0.500000 0.866025 0.000000
vn 0.500000 0.866025 0.000000
vn 0.258819 0.965926 0.000000
vn 0.258819 0.965926 0.000000
vn -0.000000 1.000000 0.000000
vn -0.000000 1.000000 0.000000
vn -0.258819 0.965926 0.000000
vn -0.258819 0.965926 0.000000
vn -0.500000 0.866025 0.000000
vn -0.500000 0.866025 0.000000
vn -0.707107 0.707107 0.000000
vn -0.707107 0.707107 0.000000
vn -0.866025 0.500000 0.000000
vn -0.866025 0.500000 0.000000
vn -0.965926 0.258819 0.000000
vn -0.965926 0.258819 0.000000
vn -1.000000 -0.000000 0.000000
vn -1.000000 -0.000000 0.000000
vn -0.965926 -0.258819 0.000000
vn -0.965926 -0.258819 0.000000
vn -0.866025 -0.500000 0.000000
vn -0.866025 -0.500000 0.000000
vn -0.707107 -0.707107 0.000000
vn -0.707107 -0.707107 0.000000
vn -0.500000 -0.866025 0.000000
vn -0.500000 -0.866025 0.000000
vn -0.258819 -0.965926 0.000000
vn -0.258819 -0.965926 0.000000
vn -0.000000 -1.000000 0.000000
vn -0.000000 -1.000000 0.000000
vn 0.258819 -0.965926 0.000000
vn 0.258819 -0.965926 0.000000
vn 0.500000 -0.866025 0.000000
vn 0.500000 -0.866025 0.000000
vn 0.707107 -0.707107 0.000000
vn 0.707107 -0.707107 0.000000
vn 0.866025 -0.500000 0.000000
vn 0.866025 -0.500000 0.000000
vn 0.965926 -0.258819 0.000000
vn 0.965926 -0.258819 0.000000
vn 1.000000 -0.000000 0.000000
vn 1.000000 -0.000000 0.000000
vn 0.965926 0.258819 0.000000
vn 0.965926 0.258819 0.000000
vn 0.866025 0.500000 0.000000
vn 0.866025 0.500000 0.000000
vn 0.707107 0.707107 0.000000
vn 0.707107 0.707107 0.000000
vn 0.500000 0.866025 0.000000
vn 0.500000 0.866025 0.000000
vn 0.258819 0.965926 0.000000
vn 0.258819 0.965926 0.000000
vn -0.000000 1.000000 0.000000
vn -0.000000 1.000000 0.000000
vn -0.258819 0.965926 0.000000
vn -0.258819 0.965926 0.000000
vn -0.500000 0.866025 0.000000
vn -0.500000 0.866025 0.000000
vn -0.707107 0.707107 0.000000
vn -0.707107 0.707107 0.000000
vn -0.866025 0.500000 0.000000
vn -0.866025 0.500000 0.000000
vn -0.965926 0.258819 0.000000
vn -0.965926 0.258819 0.000000
vn -1.000000 -0.000000 0.000000
vn -1.000000 -0.000000 0.000000
vn -0.965926 -0.258819 0.000000
vn -0.965926 -0.258819 0.000000
vn -0.866025 -0.500000 0.000000
vn -0.866025 -0.500000 0.000000
vn -0.707107 -0.707107 0.000000
vn -0.707107 -0.707107 0.000000
vn -0.500000 -0.866025 0.000000
vn -0.500000 -0.866025 0.000000
vn -0.258819 -0.965926 0.000000
vn -0.258819 -0.965926 0.000000
vn -0.000000 -1.000000 0.000000
vn -0.000000 -1.000000 0.000000
vn 0.258819 -0.965926 0.000000
vn 0.258819 -0.965926 0.000000
vn 0.500000 -0.866025 0.000000
vn 0.500000 -0.866025 0.000000
vn 0.707107 -0.707107 0.000000
vn 0.707107 -0.707107 0.000000
vn 0.866025 -0.500000 0.000000
vn 0.866025 -0.500000 0.000000
vn 0.965926 -0.258819 0.000000
vn 0.965926 -0.258819 0.000000
vn 1.000000 -0.000000 0.000000
vn 1.000000 -0.000000 0.000000
vn 0.965926 0.258819 0.000000
vn 0.965926 0.258819 0.000000
vn 0.866025 0.500000 0.000000
vn 0.866025 0.500000 0.000000
vn 0.707107 0.707107 0.000000
vn 0.707107 0.707107 0.000000
vn 0.500000 0.866025 0.000000
vn 0.500000 0.866025 0.000000
vn 0.258819 0.965926 0.000000
vn 0.258819 0.965926 0.000000
vn -0.000000 1.000000 0.000000
vn -0.000000 1.000000 0.000000
vn -0.258819 0.965926 0.000000
vn -0.258819 0.965926 0.000000
vn -0.500000 0.866025 0.000000
vn -0.500000 0.866025 0.000000
vn -0.707107 0.707107 0.000000
vn -0.707107 0.707107 0.000000
vn -0.866025 0.500000 0.000000
vn -0.866025 0.500000 0.000000
vn -0.965926 0.258819 0.000000
vn -0.965926 0.258819 0.000000
vn -1.000000 -0.000000 0.000000
vn -1.000000 -0.000000 0.000000
vn -0.965926 -0.258819 0.000000
vn -0.965926 -0.258819 0.000000
vn -0.866025 -0.500000 0.000000
vn -0.866025 -0.500000 0.000000
vn -0.707107 -0.707107 0.000000
vn -0.707107 -0.707107 0.000000
vn -0.500000 -0.866025 0.000000
vn -0.500000 -0.866025 0.000000
vn -0.258819 -0.965926 0.000000
vn -0.258819 -0.965926 0.000000
vn -0.000000 -1.000000 0.000000
vn -0.000000 -1.000000 0.000000
vn 0.258819 -0.965926 0.000000
vn 0.258819 -0.965926 0.000000
vn 0.500000 -0.866025 0.000000
vn 0.500000 -0.866025 0.000000
vn 0.707107 -0.707107 0.000000
vn 0.707107 -0.707107 0.000000
vn 0.866025 -0.500000 0.000000
vn 0.866025 -0.500000 0.000000
vn 0.965926 -0.258819 0.000000
vn 0.965926 -0.258819 0.000000
vn 1.000000 -0.000000 0.000000
vn 1.000000 -0.000000 0.000000
vn 0.965926 0.258819 0.000000
vn 0.965926 0.258819 0.000000
vn 0.866025 0.500000 0.000000
vn 0.866025 0.500000 0.000000
vn 0.707107 0.707107 0.000000
vn 0.707107 0.707107 0.000000
vn 0.500000 0.866025 0.000000
vn 0.500000 0.866025 0.000000
vn 0.258819 0.965926 0.000000
vn 0.258819 0.965926 0.000000
vn -0.000000 1.000000 0.000000
vn -0.000000 1.000000 0.000000
vn -0.258819 0.965926 0.000000
vn -0.258819 0.965926 0.000000
vn -0.500000 0.866025 0.000000
vn -0.500000 0.866025 0.000000
vn -0.707107 0.707107 0.000000
vn -0.707107 0.707107 0.000000
vn -0.866025 0.500000 0.000000
vn -0.866025 0.500000 0.000000
vn 0.000000 0.258819 0.965926
vn 0.000000 0.258819 0.965926
vn 0.000000 -0.000000 1.000000
vn 0.000000 -0.000000 1.000000
vn 0.000000 -0.258819 0.965926
vn 0.000000 -0.258819 0.965926
vn 0.000000 -0.500000 0.866025
vn 0.000000 -0.500000 0.866025
vn 0.000000 -0.707107 0.707107
vn 0.000000 -0.707107 0.707107
vn 0.000000 -0.866025 0.500000
vn 0.000000 -0.866025 0.500000
vn 0.000000 -0.965926 0.258819
vn 0.000000 -0.965926 0.258819
vn 0.000000 -1.000000 0.000000
vn 0.000000 -1.000000 0.000000
vn 0.000000 -0.965926 -0.258819
vn 0.000000 -0.965926 -0.258819
vn 0.000000 -0.866025 -0.500000
vn 0.000000 -0.866025 -0.500000
vn 0.000000 -0.707107 -0.707107
vn 0.000000 -0.707107 -0.707107
vn 0.000000 -0.500000 -0.866025
vn 0.000000 -0.500000 -0.866025
vn 0.000000 -0.258819 -0.965926
vn 0.000000 -0.258819 -0.965926
vn 0.000000 -0.000000 -1.000000
vn 0.000000 -0.000000 -1.000000
vn 0.000000 0.258819 -0.965926
vn 0.000000 0.258819 -0.965926
vn 0.000000 0.500000 -0.866025
vn 0.000000 0.500000 -0.866025
vn 0.000000 0.707107 -0.707107
vn 0.000000 0.707107 -0.707107
vn 0.000000 0.866025 -0.500000
vn 0.000000 0.866025 -0.500000
vn 0.000000 0.965926 -0.258819
vn 0.000000 0.965926 -0.258819
vn 0.000000 1.000000 0.000000
vn 0.000000 1.000000 0.000000
vn 0.000000 0.965926 0.258819
vn 0.000000 0.965926 0.258819
vn 0.000000 0.866025 0.500000
vn 0.000000 0.866025 0.500000
vn 0.000000 0.707107 0.707107
vn 0.000000 0.707107 0.707107
vn 0.000000 0.500000 0.866025
vn 0.000000 0.500000 0.866025
vn 0.000000 0.258819 0.965926
vn 0.000000 0.258819 0.965926
vn 0.000000 -0.000000 1.000000
vn 0.000000 -0.000000 1.000000
vn 0.000000 -0.258819 0.965926
vn 0.000000 -0.258819 0.965926
vn 0.000000 -0.500000 0.866025
vn 0.000000 -0.500000 0.866025
vn 0.000000 -0.707107 0.707107
vn 0.000000 -0.707107 0.707107
vn 0.000000 -0.866025 0.500000
vn 0.000000 -0.866025 0.500000
vn 0.000000 -0.965926 0.258819
vn 0.000000 -0.965926 0.258819
vn 0.000000 -1.000000 0.000000
vn 0.000000 -1.000000 0.000000
vn 0.000000 -0.965926 -0.258819
vn 0.000000 -0.965926 -0.258819
vn 0.000000 -0.866025 -0.500000
vn 0.000000 -0.866025 -0.500000
vn 0.000000 -0.707107 -0.707107
vn 0.000000 -0.707107 -0.707107
vn 0.000000 -0.500000 -0.866025
vn 0.000000 -0.500000 -0.866025
vn 0.000000 -0.258819 -0.965926
vn 0.000000 -0.258819 -0.965926
vn 0.000000 -0.000000 -1.000000
vn 0.000000 -0.000000 -1.000000
vn 0.000000 0.258819 -0.965926
vn 0.000000 0.258819 -0.965926
vn 0.000000 0.500000 -0.866025
vn 0.000000 0.500000 -0.866025
vn 0.000000 0.707107 -0.707107
vn 0.000000 0.707107 -0.707107
vn 0.000000 0.866025 -0.500000
vn 0.000000 0.866025 -0.500000
vn 0.000000 0.965926 -0.258819
vn 0.000000 0.965926 -0.258819
vn 0.000000 1.000000 0.000000
vn 0.000000 1.000000 0.000000
vn 0.000000 0.965926 0.258819
vn 0.000000 0.965926 0.258819
vn 0.000000 0.866025 0.500000
vn 0.000000 0.866025 0.500000
vn 0.000000 0.707107 0.707107
vn 0.000000 0.707107 0.707107
vn 0.000000 0.500000 0.866025
vn 0.000000 0.500000 0.866025
vn 0.707107 0.183013 0.683013
vn 0.707107 0.183013 0.683013
vn 0.707107 -0.000000 0.707107
vn 0.707107 -0.000000 0.707107
vn 0.707107 -0.183013 0.683013
vn 0.707107 -0.183013 0.683013
vn 0.707107 -0.353553 0.612372
vn 0.707107 -0.353553 0.612372
vn 0.707107 -0.500000 0.500000
vn 0.707107 -0.500000 0.500000
vn 0.707107 -0.612372 0.353553
vn 0.707107 -0.612372 0.353553
vn 0.707107 -0.683013 0.183013
vn 0.707107 -0.683013 0.183013
vn 0.707107 -0.707107 0.000000
vn 0.707107 -0.707107 0.000000
vn 0.707107 -0.683013 -0.183013
vn 0.707107 -0.683013 -0.183013
vn 0.707107 -0.612372 -0.353553
vn 0.707107 -0.612372 -0.353553
vn 0.707107 -0.500000 -0.500000
vn 0.707107 -0.500000 -0.500000
vn 0.707107 -0.353553 -0.612372
vn 0.707107 -0.353553 -0.612372
vn 0.707107 -0.183013 -0.683013
vn 0.707107 -0.183013 -0.683013
vn 0.707107 -0.000000 -0.707107
vn 0.707107 -0.000000 -0.707107
vn 0.707107 0.183013 -0.683013
vn 0.707107 0.183013 -0.683013
vn 0.707107 0.353553 -0.612372
vn 0.707107 0.353553 -0.612372
vn 0.707107 0.500000 -0.500000
vn 0.707107 0.500000 -0.500000
vn 0.707107 0.612372 -0.353553
vn 0.707107 0.612372 -0.353553
vn 0.707107 0.683013 -0.183013
vn 0.707107 0.683013 -0.183013
vn 0.707107 0.707107 0.000000
vn 0.707107 0.707107 0.000000
vn 0.707107 0.683013 0.183013
vn 0.707107 0.683013 0.183013
vn 0.707107 0.612372 0.353553
vn 0.707107 0.612372 0.353553
vn 0.707107 0.500000 0.500000
vn 0.707107 0.500000 0.500000
vn 0.707107 0.353553 0.612372
vn 0.707107 0.353553 0.612372
vn 0.000000 0.258819 0.965926
vn 0.000000 0.258819 0.965926
vn 0.000000 -0.000000 1.000000
vn 0.000000 -0.000000 1.000000
vn 0.000000 -0.258819 0.965926
vn 0.000000 -0.258819 0.965926
vn 0.000000 -0.500000 0.866025
vn 0.000000 -0.500000 0.866025
vn 0.000000 -0.707107 0.707107
vn 0.000000 -0.707107 0.707107
vn 0.000000 -0.866025 0.500000
vn 0.000000 -0.866025 0.500000
vn 0.000000 -0.965926 0.258819
vn 0.000000 -0.965926 0.258819
vn 0.000000 -1.000000 0.000000
vn 0.000000 -1.000000 0.000000
vn 0.000000 -0.965926 -0.258819
vn 0.000000 -0.965926 -0.258819
vn 0.000000 -0.866025 -0.500000
vn 0.000000 -0.866025 -0.500000
vn 0.000000 -0.707107 -0.707107
vn 0.000000 -0.707107 -0.707107
vn 0.000000 -0.500000 -0.866025
vn 0.000000 -0.500000 -0.866025
vn 0.000000 -0.258819 -0.965926
vn 0.000000 -0.258819 -0.965926
vn 0.000000 -0.000000 -1.000000
vn 0.000000 -0.000000 -1.000000
vn 0.000000 0.258819 -0.965926
vn 0.000000 0.258819 -0.965926
vn 0.000000 0.500000 -0.866025
vn 0.000000 0.500000 -0.866025
vn 0.000000 0.707107 -0.707107
vn 0.000000 0.707107 -0.707107
vn 0.000000 0.866025 -0.500000
vn 0.000000 0.866025 -0.500000
vn 0.000000 0.965926 -0.258819
vn 0.000000 0.965926 -0.258819
vn 0.000000 1.000000 0.000000
vn 0.000000 1.000000 0.000000
vn 0.000000 0.965926 0.258819
vn 0.000000 0.965926 0.258819
vn 0.000000 0.866025 0.500000
vn 0.000000 0.866025 0.500000
vn 0.000000 0.707107 0.707107
vn 0.000000 0.707107 0.707107
vn 0.000000 0.500000 0.866025
vn 0.000000 0.500000 0.866025
vn 0.000000 0.258819 0.965926
vn 0.000000 0.258819 0.965926
vn 0.000000 -0.000000 1.000000
vn 0.000000 -0.000000 1.000000
vn 0.000000 -0.258819 0.965926
vn 0.000000 -0.258819 0.965926
vn 0.000000 -0.500000 0.866025
vn 0.000000 -0.500000 0.866025
vn 0.000000 -0.707107 0.707107
vn 0.000000 -0.707107 0.707107
vn 0.000000 -0.866025 0.500000
vn 0.000000 -0.866025 0.500000
vn 0.000000 -0.965926 0.258819
vn 0.000000 -0.965926 0.258819
vn 0.000000 -1.000000 0.000000
vn 0.000000 -1.000000 0.000000
vn 0.000000 -0.965926 -0.258819
vn 0.000000 -0.965926 -0.258819
vn 0.000000 -0.866025 -0.500000
vn 0.000000 -0.866025 -0.500000
vn 0.000000 -0.707107 -0.707107
vn 0.000000 -0.707107 -0.707107
vn 0.000000 -0.500000 -0.866025
vn 0.000000 -0.500000 -0.866025
vn 0.000000 -0.258819 -0.965926
vn 0.000000 -0.258819 -0.965926
vn 0.000000 -0.000000 -1.000000
vn 0.000000 -0.000000 -1.000000
vn 0.000000 0.258819 -0.965926
vn 0.000000 0.258819 -0.965926
vn 0.000000 0.500000 -0.866025
vn 0.000000 0.500000 -0.866025
vn 0.000000 0.707107 -0.707107
vn 0.000000 0.707107 -0.707107
vn 0.000000 0.866025 -0.500000
vn 0.000000 0.866025 -0.500000
vn 0.000000 0.965926 -0.258819
vn 0.000000 0.965926 -0.258819
vn 0.000000 1.000000 0.000000
vn 0.000000 1.000000 0.000000
vn 0.000000 0.965926 0.258819
vn 0.000000 0.965926 0.258819
vn 0.000000 0.866025 0.500000
vn 0.000000 0.866025 0.500000
vn 0.000000 0.707107 0.707107
vn 0.000000 0.707107 0.707107
vn 0.000000 0.500000 0.866025
vn 0.000000 0.500000 0.866025
vn 0.707107 0.183013 0.683013
vn 0.707107 0.183013 0.683013
vn 0.707107 -0.000000 0.707107
vn 0.707107 -0.000000 0.707107
vn 0.707107 -0.183013 0.683013
vn 0.707107 -0.183013 0.683013
vn 0.707107 -0.353553 0.612372
vn 0.707107 -0.353553 0.612372
vn 0.707107 -0.500000 0.500000
vn 0.707107 -0.500000 0.500000
vn 0.707107 -0.612372 0.353553
vn 0.707107 -0.612372 0.353553
vn 0.707107 -0.683013 0.183013
vn 0.707107 -0.683013 0.183013
vn 0.707107 -0.707107 0.000000
vn 0.707107 -0.707107 0.000000
vn 0.707107 -0.683013 -0.183013
vn 0.707107 -0.683013 -0.183013
vn 0.707107 -0.612372 -0.353553
vn 0.707107 -0.612372 -0.353553
vn 0.707107 -0.500000 -0.500000
vn 0.707107 -0.500000 -0.500000
vn 0.707107 -0.353553 -0.612372
vn 0.707107 -0.353553 -0.612372
vn 0.707107 -0.183013 -0.683013
vn 0.707107 -0.183013 -0.683013
vn 0.707107 -0.000000 -0.707107
vn 0.707107 -0.000000 -0.707107
vn 0.707107 0.183013 -0.683013
vn 0.707107 0.183013 -0.683013
vn 0.707107 0.353553 -0.612372
vn 0.707107 0.353553 -0.612372
vn 0.707107 0.500000 -0.500000
vn 0.707107 0.500000 -0.500000
vn 0.707107 0.612372 -0.353553
vn 0.707107 0.612372 -0.353553
vn 0.707107 0.683013 -0.183013
vn 0.707107 0.683013 -0.183013
vn 0.707107 0.707107 0.000000
vn 0.707107 0.707107 0.000000
vn 0.707107 0.683013 0.183013
vn 0.707107 0.683013 0.183013
vn 0.707107 0.612372 0.353553
vn 0.707107 0.612372 0.353553
vn 0.707107 0.500000 0.500000
vn 0.707107 0.500000 0.500000
vn 0.707107 0.353553 0.612372
vn 0.707107 0.353553 0.612372
vn 0.000000 0.258819 0.965926
vn 0.000000 0.258819 0.965926
vn 0.000000 -0.000000 1.000000
vn 0.000000 -0.000000 1.000000
vn 0.000000 -0.258819 0.965926
vn 0.000000 -0.258819 0.965926
vn 0.000000 -0.500000 0.866025
vn 0.000000 -0.500000 0.866025
vn 0.000000 -0.707107 0.707107
vn 0.000000 -0.707107 0.707107
vn 0.000000 -0.866025 0.500000
vn 0.000000 -0.866025 0.500000
vn 0.000000 -0.965926 0.258819
vn 0.000000 -0.965926 0.258819
vn 0.000000 -1.000000 0.000000
vn 0.000000 -1.000000 0.000000
vn 0.000000 -0.965926 -0.258819
vn 0.000000 -0.965926 -0.258819
vn 0.000000 -0.866025 -0.500000
vn 0.000000 -0.866025 -0.500000
vn 0.000000 -0.707107 -0.707107
vn 0.000000 -0.707107 -0.707107
vn 0.000000 -0.500000 -0.866025
vn 0.000000 -0.500000 -0.866025
vn 0.000000 -0.258819 -0.965926
vn 0.000000 -0.258819 -0.965926
vn 0.000000 -0.000000 -1.000000
vn 0.000000 -0.000000 -1.000000
vn 0.000000 0.258819 -0.965926
vn 0.000000 0.258819 -0.965926
vn 0.000000 0.500000 -0.866025
vn 0.000000 0.500000 -0.866025
vn 0.000000 0.707107 -0.707107
vn 0.000000 0.707107 -0.707107
vn 0.000000 0.866025 -0.500000
vn 0.000000 0.866025 -0.500000
vn 0.000000 0.965926 -0.258819
vn 0.000000 0.965926 -0.258819
vn 0.000000 1.000000 0.000000
vn 0.000000 1.000000 0.000000
vn 0.000000 0.965926 0.258819
vn 0.000000 0.965926 0.258819
vn 0.000000 0.866025 0.500000
vn 0.000000 0.866025 0.500000
vn 0.000000 0.707107 0.707107
vn 0.000000 0.707107 0.707107
vn 0.000000 0.500000 0.866025
vn 0.000000 0.500000 0.866025
vn 0.000000 0.258819 0.965926
vn 0.000000 0.258819 0.965926
vn 0.000000 -0.000000 1.000000
vn 0.000000 -0.000000 1.000000
vn 0.000000 -0.258819 0.965926
vn 0.000000 -0.258819 0.965926
vn 0.000000 -0.500000 0.866025
vn 0.000000 -0.500000 0.866025
vn 0.000000 -0.707107 0.707107
vn 0.000000 -0.707107 0.707107
vn 0.000000 -0.866025 0.500000
vn 0.000000 -0.866025 0.500000
vn 0.000000 -0.965926 0.258819
vn 0.000000 -0.965926 0.258819
vn 0.000000 -1.000000 0.000000
vn 0.000000 -1.000000 0.000000
vn 0.000000 -0.965926 -0.258819
vn 0.000000 -0.965926 -0.258819
vn 0.000000 -0.866025 -0.500000
vn 0.000000 -0.866025 -0.500000
vn 0.000000 -0.707107 -0.707107
vn 0.000000 -0.707107 -0.707107
vn 0.000000 -0.500000 -0.866025
vn 0.000000 -0.500000 -0.866025
vn 0.000000 -0.258819 -0.965926
vn 0.000000 -0.258819 -0.965926
vn 0.000000 -0.000000 -1.000000
vn 0.000000 -0.000000 -1.000000
vn 0.000000 0.258819 -0.965926
vn 0.000000 0.258819 -0.965926
vn 0.000000 0.500000 -0.866025
vn 0.000000 0.500000 -0.866025
vn 0.000000 0.707107 -0.707107
vn 0.000000 0.707107 -0.707107
vn 0.000000 0.866025 -0.500000
vn 0.000000 0.866025 -0.500000
vn 0.000000 0.965926 -0.258819
vn 0.000000 0.965926 -0.258819
vn 0.000000 1.000000 0.000000
vn 0.000000 1.000000 0.000000
vn 0.000000 0.965926 0.258819
vn 0.000000 0.965926 0.258819
vn 0.000000 0.866025 0.500000
vn 0.000000 0.866025 0.500000
vn 0.000000 0.707107 0.707107
vn 0.000000 0.707107 0.707107
vn 0.000000 0.500000 0.866025
vn 0.000000 0.500000 0.866025
vn 0.707107 0.183013 0.683013
vn 0.707107 0.183013 0.683013
vn 0.707107 -0.000000 0.707107
vn 0.707107 -0.000000 0.707107
vn 0.707107 -0.183013 0.683013
vn 0.707107 -0.183013 0.683013
vn 0.707107 -0.353553 0.612372
vn 0.707107 -0.353553 0.612372
vn 0.707107 -0.500000 0.500000
vn 0.707107 -0.500000 0.500000
vn 0.707107 -0.612372 0.353553
vn 0.707107 -0.612372 0.353553
vn 0.707107 -0.683013 0.183013
vn 0.707107 -0.683013 0.183013
vn 0.707107 -0.707107 0.000000
vn 0.707107 -0.707107 0.000000
vn 0.707107 -0.683013 -0.183013
vn 0.707107 -0.683013 -0.183013
vn 0.707107 -0.612372 -0.353553
vn 0.707107 -0.612372 -0.353553
vn 0.707107 -0.500000 -0.500000
vn 0.707107 -0.500000 -0.500000
vn 0.707107 -0.353553 -0.612372
vn 0.707107 -0.353553 -0.612372
vn 0.707107 -0.183013 -0.683013
vn 0.707107 -0.183013 -0.683013
vn 0.707107 -0.000000 -0.707107
vn 0.707107 -0.000000 -0.707107
vn 0.707107 0.183013 -0.683013
vn 0.707107 0.183013 -0.683013
vn 0.707107 0.353553 -0.612372
vn 0.707107 0.353553 -0.612372
vn 0.707107 0.500000 -0.500000
vn 0.707107 0.500000 -0.500000
vn 0.707107 0.612372 -0.353553
vn 0.707107 0.612372 -0.353553
vn 0.707107 0.683013 -0.183013
vn 0.707107 0.683013 -0.183013
vn 0.707107 0.707107 0.000000
vn 0.707107 0.707107 0.000000
vn 0.707107 0.683013 0.183013
vn 0.707107 0.683013 0.183013
vn 0.707107 0.612372 0.353553
vn 0.707107 0.612372 0.353553
vn 0.707107 0.500000 0.500000
vn 0.707107 0.500000 0.500000
vn 0.707107 0.353553 0.612372
vn 0.707107 0.353553 0.612372
vn 0.000000 0.258819 0.965926
vn 0.000000 0.258819 0.965926
vn 0.000000 -0.000000 1.000000
vn 0.000000 -0.000000 1.000000
vn 0.000000 -0.258819 0.965926
vn 0.000000 -0.258819 0.965926
vn 0.000000 -0.500000 0.866025
vn 0.000000 -0.500000 0.866025
vn 0.000000 -0.707107 0.707107
vn 0.000000 -0.707107 0.707107
vn 0.000000 -0.866025 0.500000
vn 0.000000 -0.866025 0.500000
vn 0.000000 -0.965926 0.258819
vn 0.000000 -0.965926 0.258819
vn 0.000000 -1.000000 0.000000
vn 0.000000 -1.000000 0.000000
vn 0.000000 -0.965926 -0.258819
vn 0.000000 -0.965926 -0.258819
vn 0.000000 -0.866025 -0.500000
vn 0.000000 -0.866025 -0.500000
vn 0.000000 -0.707107 -0.707107
vn 0.000000 -0.707107 -0.707107
vn 0.000000 -0.500000 -0.866025
vn 0.000000 -0.500000 -0.866025
vn 0.000000 -0.258819 -0.965926
vn 0.000000 -0.258819 -0.965926
vn 0.000000 -0.000000 -1.000000
vn 0.000000 -0.000000 -1.000000
vn 0.000000 0.258819 -0.965926
vn 0.000000 0.258819 -0.965926
vn 0.000000 0.500000 -0.866025
vn 0.000000 0.500000 -0.866025
vn 0.000000 0.707107 -0.707107
vn 0.000000 0.707107 -0.707107
vn 0.000000 0.866025 -0.500000
vn 0.000000 0.866025 -0.500000
vn 0.000000 0.965926 -0.258819
vn 0.000000 0.965926 -0.258819
vn 0.000000 1.000000 0.000000
vn 0.000000 1.000000 0.000000
vn 0.000000 0.965926 0.258819
vn 0.000000 0.965926 0.258819
vn 0.000000 0.866025 0.500000
vn 0.000000 0.866025 0.500000
vn 0.000000 0.707107 0.707107
vn 0.000000 0.707107 0.707107
vn 0.000000 0.500000 0.866025
vn 0.000000 0.500000 0.866025
vn 0.000000 0.258819 0.965926
vn 0.000000 0.258819 0.965926
vn 0.000000 -0.000000 1.000000
vn 0.000000 -0.000000 1.000000
vn 0.000000 -0.258819 0.965926
vn 0.000000 -0.258819 0.965926
vn 0.000000 -0.500000 0.866025
vn 0.000000 -0.500000 0.866025
vn 0.000000 -0.707107 0.707107
vn 0.000000 -0.707107 0.707107
vn 0.000000 -0.866025 0.500000
vn 0.000000 -0.866025 0.500000
vn 0.000000 -0.965926 0.258819
vn 0.000000 -0.965926 0.258819
vn 0.000000 -1.000000 0.000000
vn 0.000000 -1.000000 0.000000
vn 0.000000 -0.965926 -0.258819
vn 0.000000 -0.965926 -0.258819
vn 0.000000 -0.866025 -0.500000
vn 0.000000 -0.866025 -0.500000
vn 0.000000 -0.707107 -0.707107
vn 0.000000 -0.707107 -0.707107
vn 0.000000 -0.500000 -0.866025
vn 0.000000 -0.500000 -0.866025
vn 0.000000 -0.258819 -0.965926
vn 0.000000 -0.258819 -0.965926
vn 0.000000 -0.000000 -1.000000
vn 0.000000 -0.000000 -1.000000
vn 0.000000 0.258819 -0.965926
vn 0.000000 0.258819 -0.965926
vn 0.000000 0.500000 -0.866025
vn 0.000000 0.500000 -0.866025
vn 0.000000 0.707107 -0.707107
vn 0.000000 0.707107 -0.707107
vn 0.000000 0.866025 -0.500000
vn 0.000000 0.866025 -0.500000
vn 0.000000 0.965926 -0.258819
vn 0.000000 0.965926 -0.258819
vn 0.000000 1.000000 0.000000
vn 0.000000 1.000000 0.000000
vn 0.000000 0.965926 0.258819
vn 0.000000 0.965926 0.258819
vn 0.000000 0.866025 0.500000
vn 0.000000 0.866025 0.500000
vn 0.000000 0.707107 0.707107
vn 0.000000 0.707107 0.707107
vn 0.000000 0.500000 0.866025
vn 0.000000 0.500000 0.866025
vn 0.707107 0.183013 0.683013
vn 0.707107 0.183013 0.683013
vn 0.707107 -0.000000 0.707107
vn 0.707107 -0.000000 0.707107
vn 0.707107 -0.183013 0.683013
vn 0.707107 -0.183013 0.683013
vn 0.707107 -0.353553 0.612372
vn 0.707107 -0.353553 0.612372
vn 0.707107 -0.500000 0.500000
vn 0.707107 -0.500000 0.500000
vn 0.707107 -0.612372 0.353553
vn 0.707107 -0.612372 0.353553
vn 0.707107 -0.683013 0.183013
vn 0.707107 -0.683013 0.183013
vn 0.707107 -0.707107 0.000000
vn 0.707107 -0.707107 0.000000
vn 0.707107 -0.683013 -0.183013
vn 0.707107 -0.683013 -0.183013
vn 0.707107 -0.612372 -0.353553
vn 0.707107 -0.612372 -0.353553
vn 0.707107 -0.500000 -0.500000
vn 0.707107 -0.500000 -0.500000
vn 0.707107 -0.353553 -0.612372
vn 0.707107 -0.353553 -0.612372
vn 0.707107 -0.183013 -0.683013
vn 0.707107 -0.183013 -0.683013
vn 0.707107 -0.000000 -0.707107
vn 0.707107 -0.000000 -0.707107
vn 0.707107 0.183013 -0.683013
vn 0.707107 0.183013 -0.683013
vn 0.707107 0.353553 -0.612372
vn 0.707107 0.353553 -0.612372
vn 0.707107 0.500000 -0.500000
vn 0.707107 0.500000 -0.500000
vn 0.707107 0.612372 -0.353553
vn 0.707107 0.612372 -0.353553
vn 0.707107 0.683013 -0.183013
vn 0.707107 0.683013 -0.183013
vn 0.707107 0.707107 0.000000
vn 0.707107 0.707107 0.000000
vn 0.707107 0.683013 0.183013
vn 0.707107 0.683013 0.183013
vn 0.707107 0.612372 0.353553
vn 0.707107 0.612372 0.353553
vn 0.707107 0.500000 0.500000
vn 0.707107 0.500000 0.500000
vn 0.707107 0.353553 0.612372
vn 0.707107 0.353553 0.612372
vn -0.000000 -0.993783 0.111335
vn -0.000000 -0.993783 0.111335
vn -0.000000 -0.949467 0.313868
vn -0.000000 -0.949467 0.313868
vn -0.000000 -0.864339 0.502909
vn -0.000000 -0.864339 0.502909
vn -0.000000 -0.742059 0.670334
vn -0.000000 -0.742059 0.670334
vn -0.000000 -0.587883 0.808946
vn -0.000000 -0.587883 0.808946
vn -0.000000 -0.408437 0.912786
vn -0.000000 -0.408437 0.912786
vn -0.000000 -0.211435 0.977392
vn -0.000000 -0.211435 0.977392
vn -0.000000 -0.005346 0.999986
vn -0.000000 -0.005346 0.999986
vn -0.000000 0.200974 0.979597
vn -0.000000 0.200974 0.979597
vn -0.000000 0.398655 0.917101
vn -0.000000 0.398655 0.917101
vn -0.000000 0.579201 0.815185
vn -0.000000 0.579201 0.815185
vn -0.000000 0.734850 0.678229
vn -0.000000 0.734850 0.678229
vn -0.000000 0.858913 0.512121
vn -0.000000 0.858913 0.512121
vn -0.000000 0.946057 0.324000
vn -0.000000 0.946057 0.324000
vn -0.000000 0.992536 0.121953
vn -0.000000 0.992536 0.121953
vn 0.000000 -0.000000 1.000000
vn 0.000000 -0.000000 1.000000
vn 0.000000 -0.000000 1.000000
vn 0.000000 -0.000000 1.000000
vn 0.000000 -0.000000 1.000000
vn 0.000000 -0.000000 1.000000
vn 0.000000 -0.000000 1.000000
vn 0.000000 -0.000000 1.000000
vn 0.000000 -0.000000 1.000000
vn 0.000000 -0.000000 1.000000
vn 0.000000 -0.000000 1.000000
vn 0.000000 -0.000000 1.000000
vn 0.000000 -0.000000 1.000000
vn 0.000000 -0.000000 1.000000
vn 0.000000 -0.000000 1.000000
vn 0.000000 -0.000000 1.000000
vn 0.000000 -0.000000 1.000000
vn 0.000000 -0.000000 1.000000
vn 0.000000 -0.000000 1.000000
vn 0.000000 -0.000000 1.000000
vn 0.000000 -0.000000 1.000000
vn 0.000000 -0.000000 1.000000
vn 0.000000 -0.000000 1.000000
vn 0.000000 -0.000000 1.000000
vn 0.000000 -0.000000 1.000000
vn 0.000000 -0.000000 1.000000
vn 0.000000 -0.000000 1.000000
vn 0.000000 -0.000000 1.000000
vn 0.000000 -0.000000 1.000000
vn 0.000000 -0.000000 1.000000
vn 0.000000 -0.000000 1.000000
vn 0.000000 -0.000000 1.000000
vn 0.000000 -0.000000 1.000000
vn 0.000000 -0.000000 1.000000
vn 0.000000 -0.000000 1.000000
vn 0.000000 -0.000000 1.000000
vn 0.000000 -0.000000 1.000000
vn 0.000000 -0.000000 1.000000
vn 0.000000 -0.000000 1.000000
vn 0.000000 -0.000000 1.000000
vn 0.000000 -0.000000 1.000000
vn 0.000000 -0.000000 1.000000
vn 0.000000 -0.000000 1.000000
vn 0.000000 -0.000000 1.000000
vn 0.000000 -0.000000 1.000000
vn 0.000000 -0.000000 1.000000
vn 0.000000 -0.000000 1.000000
vn 0.000000 -0.000000 1.000000
vn 0.000000 -0.000000 1.000000
vn 0.000000 -0.000000 1.000000
vn 0.000000 -0.000000 1.000000
vn 0.000000 -0.000000 1.000000
vn 0.000000 -0.000000 1.000000
vn 0.000000 -0.000000 1.000000
vn 0.000000 -0.000000 1.000000
vn 0.000000 -0.000000 1.000000
vn 0.000000 -0.000000 1.000000
vn 0.000000 -0.000000 1.000000
vn 0.000000 -0.000000 1.000000
vn 0.000000 -0.000000 1.000000
vn 0.000000 -0.000000 1.000000
vn 0.000000 -0.000000 1.000000
vn 0.000000 -0.000000 1.000000
vn 0.000000 -0.000000 1.000000
vn 0.000000 -0.000000 1.000000
vn 0.000000 -0.000000 1.000000
vn 0.000000 -0.000000 1.000000
vn 0.000000 -0.000000 1.000000
vn 0.000000 -0.000000 1.000000
vn 0.000000 -0.000000 1.000000
vn 0.000000 -0.000000 1.000000
vn 0.000000 -0.000000 1.000000
vn 0.000000 -0.000000 1.000000
vn 0.000000 -0.000000 1.000000
vn 0.000000 -0.000000 1.000000
vn 0.000000 -0.000000 1.000000
vn 0.000000 -0.000000 1.000000
vn 0.000000 -0.000000 1.000000
vn 0.000000 -0.000000 1.000000
vn 0.000000 -0.000000 1.000000
vn 0.000000 -0.000000 1.000000
vn 0.000000 -0.000000 1.000000
vn 0.000000 -0.000000 1.000000
vn 0.000000 -0.000000 1.000000
vn 0.000000 -0.000000 1.000000
vn 0.000000 -0.000000 1.000000
vn 0.000000 -0.000000 1.000000
vn 0.000000 -0.000000 1.000000
vn 0.000000 -0.000000 1.000000
vn 0.000000 -0.000000 1.000000
vn 0.000000 -0.000000 1.000000
vn 0.000000 -0.000000 1.000000
vn 0.000000 -0.000000 1.000000
vn 0.000000 -0.000000 1.000000
vn 0.000000 -0.000000 1.000000
vn 0.000000 -0.000000 1.000000
vn 0.000000 -0.000000 1.000000
vn 0.000000 -0.000000 1.000000
vn 0.000000 -0.000000 1.000000
vn 0.000000 -0.000000 1.000000
vn 0.000000 -0.000000 1.000000
vn 0.000000 -0.000000 1.000000
vn 0.000000 -0.000000 1.000000
vn 0.000000 -0.000000 1.000000
vn 0.000000 -0.000000 1.000000
vn 0.000000 -0.000000 1.000000
vn 0.000000 -0.000000 1.000000
vn 0.000000 -0.000000 1.000000
vn 0.000000 -0.000000 1.000000
vn 0.000000 -0.000000 1.000000
vn 0.000000 -0.000000 1.000000
vn 0.000000 -0.000000 1.000000
vn 0.000000 -0.000000 1.000000
vn 0.000000 -0.000000 1.000000
vn 0.000000 -0.000000 1.000000
vn 0.000000 -0.000000 1.000000
vn 0.000000 -1.000000 0.000000
vn 0.000000 -1.000000 0.000000
vn 0.000000 -1.000000 0.000000
vn 0.000000 -1.000000 0.000000
vn 0.000000 1.000000 -0.000000
vn 0.000000 1.000000 -0.000000
vn 0.000000 1.000000 -0.000000
vn 0.000000 1.000000 -0.000000
vn 1.000000 0.000000 0.000000
vn 1.000000 0.000000 0.000000
vn 1.000000 0.000000 0.000000
vn 1.000000 0.000000 0.000000
vn 0.000000 -1.000000 0.000000
vn 0.000000 -1.000000 0.000000
vn 0.000000 -1.000000 0.000000
vn 0.000000 -1.000000 0.000000
vn -1.000000 0.000000 0.000000
vn -1.000000 0.000000 0.000000
vn -1.000000 0.000000 0.000000
vn -1.000000 0.000000 0.000000
vn -1.000000 0.000000 0.000000
vn -1.000000 0.000000 0.000000
vn -1.000000 0.000000 0.000000
vn -1.000000 0.000000 0.000000
vn -1.000000 0.000000 0.000000
vn -1.000000 0.000000 0.000000
vn -1.000000 0.000000 0.000000
vn -1.000000 0.000000 0.000000
vn -1.000000 0.000000 0.000000
vn -1.000000 0.000000 0.000000
vn -1.000000 0.000000 0.000000
vn -1.000000 0.000000 0.000000
vn -1.000000 0.000000 0.000000
vn -1.000000 0.000000 0.000000
vn -1.000000 0.000000 0.000000
vn -1.000000 0.000000 0.000000
vn -1.000000 0.000000 0.000000
vn -1.000000 0.000000 0.000000
vn -1.000000 0.000000 0.000000
vn -1.000000 0.000000 0.000000
vn -1.000000 0.000000 0.000000
vn -1.000000 0.000000 0.000000
vn -1.000000 0.000000 0.000000
vn -1.000000 0.000000 0.000000
vn -1.000000 0.000000 0.000000
vn -1.000000 0.000000 0.000000
vn -1.000000 0.000000 0.000000
vn -1.000000 0.000000 0.000000
vn -1.000000 0.000000 0.000000
vn -1.000000 0.000000 0.000000
vn -1.000000 0.000000 0.000000
vn -1.000000 0.000000 0.000000
vn -1.000000 0.000000 0.000000
vn -1.000000 0.000000 0.000000
vn -1.000000 0.000000 0.000000
vn -1.000000 0.000000 0.000000
vn -1.000000 0.000000 0.000000
vn -1.000000 0.000000 0.000000
vn -1.000000 0.000000 0.000000
vn -1.000000 0.000000 0.000000
vn -1.000000 0.000000 0.000000
vn -1.000000 0.000000 0.000000
vn -1.000000 0.000000 0.000000
vn -1.000000 0.000000 0.000000
vn -1.000000 0.000000 0.000000
vn -1.000000 0.000000 0.000000
vn -1.000000 0.000000 0.000000
vn -1.000000 0.000000 0.000000
vn -1.000000 0.000000 0.000000
vn -1.000000 0.000000 0.000000
vn -1.000000 0.000000 0.000000
vn -1.000000 0.000000 0.000000
vn -1.000000 0.000000 0.000000
vn -1.000000 0.000000 0.000000
vn -1.000000 0.000000 0.000000
vn -1.000000 0.000000 0.000000
vn -1.000000 0.000000 0.000000
vn -1.000000 0.000000 0.000000
vn -1.000000 0.000000 0.000000
vn -1.000000 0.000000 0.000000
vn -1.000000 0.000000 0.000000
vn -1.000000 0.000000 0.000000
vn -1.000000 0.000000 0.000000
vn -1.000000 0.000000 0.000000
vn -1.000000 0.000000 0.000000
vn -1.000000 0.000000 0.000000
vn -1.000000 0.000000 0.000000
vn -1.000000 0.000000 0.000000
vn -1.000000 0.000000 0.000000
vn -1.000000 0.000000 0.000000
vn -1.000000 0.000000 0.000000
vn -1.000000 0.000000 0.000000
vn -1.000000 0.000000 0.000000
vn -1.000000 0.000000 0.000000
vn -1.000000 0.000000 0.000000
vn -1.000000 0.000000 0.000000
vn -1.000000 0.000000 0.000000
vn -1.000000 0.000000 0.000000
vn -1.000000 0.000000 0.000000
vn -1.000000 0.000000 0.000000
vn -1.000000 0.000000 0.000000
vn -1.000000 0.000000 0.000000
vn -1.000000 0.000000 0.000000
vn -1.000000 0.000000 0.000000
vn -1.000000 0.000000 0.000000
vn -1.000000 0.000000 0.000000
vn -1.000000 0.000000 0.000000
vn -1.000000 0.000000 0.000000
vn -1.000000 0.000000 0.000000
vn -1.000000 0.000000 0.000000
vn -1.000000 0.000000 0.000000
vn -1.000000 0.000000 0.000000
vn -1.000000 0.000000 0.000000
vn -1.000000 0.000000 0.000000
vn -1.000000 0.000000 0.000000
vn -1.000000 0.000000 0.000000
vn -1.000000 0.000000 0.000000
vn -1.000000 0.000000 0.000000
vn -1.000000 0.000000 0.000000
vn -1.000000 0.000000 0.000000
vn -1.000000 0.000000 0.000000
vn -1.000000 0.000000 0.000000
vn -1.000000 0.000000 0.000000
vn -1.000000 0.000000 0.000000
vn -1.000000 0.000000 0.000000
vn -1.000000 0.000000 0.000000
vn -1.000000 0.000000 0.000000
vn -1.000000 0.000000 0.000000
vn -1.000000 0.000000 0.000000
vn -1.000000 0.000000 0.000000
vn -1.000000 0.000000 0.000000
vn -1.000000 0.000000 0.000000
vn -1.000000 0.000000 0.000000
vn 0.000000 1.000000 -0.000000
vn 0.000000 1.000000 -0.000000
vn 0.000000 1.000000 -0.000000
vn 0.000000 1.000000 -0.000000
vn -0.000000 0.000000 -1.000000
vn -0.000000 0.000000 -1.000000
vn -0.000000 0.000000 -1.000000
vn -0.000000 0.000000 -1.000000
vn -0.000000 0.000000 -1.000000
vn -0.000000 0.000000 -1.000000
vn -0.000000 0.000000 -1.000000
vn -0.000000 0.000000 -1.000000
vn -0.000000 0.000000 -1.000000
vn -0.000000 0.000000 -1.000000
vn -0.000000 0.000000 -1.000000
vn -0.000000 0.000000 -1.000000
vn -0.000000 0.000000 -1.000000
vn -0.000000 0.000000 -1.000000
vn -0.000000 0.000000 -1.000000
vn -0.000000 0.000000 -1.000000
vn -0.000000 0.000000 -1.000000
vn -0.000000 0.000000 -1.000000
vn -0.000000 0.000000 -1.000000
vn -0.000000 0.000000 -1.000000
vn -0.000000 0.000000 -1.000000
vn -0.000000 0.000000 -1.000000
vn -0.000000 0.000000 -1.000000
vn -0.000000 0.000000 -1.000000
vn -0.000000 0.000000 -1.000000
vn -0.000000 0.000000 -1.000000
vn -0.000000 0.000000 -1.000000
vn -0.000000 0.000000 -1.000000
vn -0.000000 0.000000 -1.000000
vn -0.000000 0.000000 -1.000000
vn -0.000000 0.000000 -1.000000
vn -0.000000 0.000000 -1.000000
vn -0.000000 0.000000 -1.000000
vn -0.000000 0.000000 -1.000000
vn -0.000000 0.000000 -1.000000
vn -0.000000 0.000000 -1.000000
vn -0.000000 0.000000 -1.000000
vn -0.000000 0.000000 -1.000000
vn -0.000000 0.000000 -1.000000
vn -0.000000 0.000000 -1.000000
vn -0.000000 0.000000 -1.000000
vn -0.000000 0.000000 -1.000000
vn -0.000000 0.000000 -1.000000
vn -0.000000 0.000000 -1.000000
vn -0.000000 0.000000 -1.000000
vn -0.000000 0.000000 -1.000000
vn -0.000000 0.000000 -1.000000
vn -0.000000 0.000000 -1.000000
vn -0.000000 0.000000 -1.000000
vn -0.000000 0.000000 -1.000000
vn -0.000000 0.000000 -1.000000
vn -0.000000 0.000000 -1.000000
vn -0.000000 0.000000 -1.000000
vn -0.000000 0.000000 -1.000000
vn -0.000000 0.000000 -1.000000
vn -0.000000 0.000000 -1.000000
vn -0.000000 0.000000 -1.000000
vn -0.000000 0.000000 -1.000000
vn -0.000000 0.000000 -1.000000
vn -0.000000 0.000000 -1.000000
vn -0.000000 0.000000 -1.000000
vn -0.000000 0.000000 -1.000000
vn -0.000000 0.000000 -1.000000
vn -0.000000 0.000000 -1.000000
vn -0.000000 0.000000 -1.000000
vn -0.000000 0.000000 -1.000000
vn -0.000000 0.000000 -1.000000
vn -0.000000 0.000000 -1.000000
vn -0.000000 0.000000 -1.000000
vn -0.000000 0.000000 -1.000000
vn -0.000000 0.000000 -1.000000
vn -0.000000 0.000000 -1.000000
vn -0.000000 0.000000 -1.000000
vn -0.000000 0.000000 -1.000000
vn -0.000000 0.000000 -1.000000
vn -0.000000 0.000000 -1.000000
vn -0.000000 0.000000 -1.000000
vn -0.000000 0.000000 -1.000000
vn -0.000000 0.000000 -1.000000
vn -0.000000 0.000000 -1.000000
vn -0.000000 0.000000 -1.000000
vn -0.000000 0.000000 -1.000000
vn -0.000000 0.000000 -1.000000
vn -0.000000 0.000000 -1.000000
vn -0.000000 0.000000 -1.000000
vn -0.000000 0.000000 -1.000000
vn -0.000000 0.000000 -1.000000
vn -0.000000 0.000000 -1.000000
vn -0.000000 0.000000 -1.000000
vn -0.000000 0.000000 -1.000000
vn -0.000000 0.000000 -1.000000
vn -0.000000 0.000000 -1.000000
vn -0.000000 0.000000 -1.000000
vn -0.000000 0.000000 -1.000000
vn -0.000000 0.000000 -1.000000
vn -0.000000 0.000000 -1.000000
vn -0.000000 0.000000 -1.000000
vn -0.000000 0.000000 -1.000000
vn -0.000000 0.000000 -1.000000
vn -0.000000 0.000000 -1.000000
vn -0.000000 0.000000 -1.000000
vn -0.000000 0.000000 -1.000000
vn -0.000000 0.000000 -1.000000
vn -0.000000 0.000000 -1.000000
vn -0.000000 0.000000 -1.000000
vn -0.000000 0.000000 -1.000000
vn -0.000000 0.000000 -1.000000
vn -0.000000 0.000000 -1.000000
vn 1.000000 0.000000 0.000000
vn 1.000000 0.000000 0.000000
vn 1.000000 0.000000 0.000000
vn 1.000000 0.000000 0.000000
vn 0.000000 1.000000 -0.000000
vn 0.000000 1.000000 -0.000000
vn 0.000000 1.000000 -0.000000
vn 0.000000 1.000000 -0.000000
vn -1.000000 -0.000000 -0.000000
vn -1.000000 -0.000000 -0.000000
vn -1.000000 -0.000000 -0.000000
vn -1.000000 -0.000000 -0.000000
vn -1.000000 -0.000000 -0.000000
vn -1.000000 -0.000000 -0.000000
vn -1.000000 -0.000000 -0.000000
vn -1.000000 -0.000000 -0.000000
vn -0.000000 -1.000000 0.000000
vn -0.000000 -1.000000 0.000000
vn -0.000000 -1.000000 0.000000
vn -0.000000 -1.000000 0.000000
vn 1.000000 0.000000 0.000000
vn 1.000000 0.000000 0.000000
vn 1.000000 0.000000 0.000000
vn 1.000000 0.000000 0.000000
vn -0.000000 -1.000000 0.000000
vn -0.000000 -1.000000 0.000000
vn -0.000000 -1.000000 0.000000
vn -0.000000 -1.000000 0.000000
vn 0.000000 1.000000 -0.000000
vn 0.000000 1.000000 -0.000000
vn 0.000000 1.000000 -0.000000
vn 0.000000 1.000000 -0.000000
vn 1.000000 -0.000000 0.000000
vn 1.000000 -0.000000 0.000000
vn 1.000000 -0.000000 0.000000
vn 1.000000 -0.000000 0.000000
vn 1.000000 -0.000000 0.000000
vn 1.000000 -0.000000 0.000000
vn 1.000000 -0.000000 0.000000
vn 1.000000 -0.000000 0.000000
vn 1.000000 -0.000000 0.000000
vn 1.000000 -0.000000 0.000000
vn 1.000000 -0.000000 0.000000
vn 1.000000 -0.000000 0.000000
vn 1.000000 -0.000000 0.000000
vn 1.000000 -0.000000 0.000000
vn 1.000000 -0.000000 0.000000
vn 1.000000 -0.000000 0.000000
vn 1.000000 -0.000000 0.000000
vn 1.000000 -0.000000 0.000000
vn 1.000000 -0.000000 0.000000
vn 1.000000 -0.000000 0.000000
vn 1.000000 -0.000000 0.000000
vn 1.000000 -0.000000 0.000000
vn 1.000000 -0.000000 0.000000
vn 1.000000 -0.000000 0.000000
vn 1.000000 -0.000000 0.000000
vn 1.000000 -0.000000 0.000000
vn 1.000000 -0.000000 0.000000
vn 1.000000 -0.000000 0.000000
vn 1.000000 -0.000000 0.000000
vn 1.000000 -0.000000 0.000000
vn 1.000000 -0.000000 0.000000
vn 1.000000 -0.000000 0.000000
vn 1.000000 -0.000000 0.000000
vn 1.000000 -0.000000 0.000000
vn 1.000000 -0.000000 0.000000
vn 1.000000 -0.000000 0.000000
vn 1.000000 -0.000000 0.000000
vn 1.000000 -0.000000 0.000000
vn 1.000000 -0.000000 0.000000
vn 1.000000 -0.000000 0.000000
vn 1.000000 -0.000000 0.000000
vn 1.000000 -0.000000 0.000000
vn 1.000000 -0.000000 0.000000
vn 1.000000 -0.000000 0.000000
vn 1.000000 -0.000000 0.000000
vn 1.000000 -0.000000 0.000000
vn 1.000000 -0.000000 0.000000
vn 1.000000 -0.000000 0.000000
vn 1.000000 -0.000000 0.000000
vn 1.000000 -0.000000 0.000000
vn 1.000000 -0.000000 0.000000
vn 1.000000 -0.000000 0.000000
vn 1.000000 -0.000000 0.000000
vn 1.000000 -0.000000 0.000000
vn 1.000000 -0.000000 0.000000
vn 1.000000 -0.000000 0.000000
vn 1.000000 -0.000000 0.000000
vn 1.000000 -0.000000 0.000000
vn 1.000000 -0.000000 0.000000
vn 1.000000 -0.000000 0.000000
vn 1.000000 -0.000000 0.000000
vn 1.000000 -0.000000 0.000000
vn 1.000000 -0.000000 0.000000
vn 1.000000 -0.000000 0.000000
vn 1.000000 -0.000000 0.000000
vn 1.000000 -0.000000 0.000000
vn 1.000000 -0.000000 0.000000
vn 1.000000 -0.000000 0.000000
vn 1.000000 -0.000000 0.000000
vn 1.000000 -0.000000 0.000000
vn 1.000000 -0.000000 0.000000
vn 1.000000 -0.000000 0.000000
vn 1.000000 -0.000000 0.000000
vn 1.000000 -0.000000 0.000000
vn 1.000000 -0.000000 0.000000
vn 1.000000 -0.000000 0.000000
vn 1.000000 -0.000000 0.000000
vn 1.000000 -0.000000 0.000000
vn 1.000000 -0.000000 0.000000
vn 1.000000 -0.000000 0.000000
vn 1.000000 -0.000000 0.000000
vn 1.000000 -0.000000 0.000000
vn 1.000000 -0.000000 0.000000
vn 1.000000 -0.000000 0.000000
vn 1.000000 -0.000000 0.000000
vn 1.000000 -0.000000 0.000000
vn 1.000000 -0.000000 0.000000
vn 1.000000 -0.000000 0.000000
vn 1.000000 -0.000000 0.000000
vn 1.000000 -0.000000 0.000000
vn 1.000000 -0.000000 0.000000
vn 1.000000 -0.000000 0.000000
vn 1.000000 -0.000000 0.000000
vn 1.000000 -0.000000 0.000000
vn 1.000000 -0.000000 0.000000
vn 1.000000 -0.000000 0.000000
vn 1.000000 -0.000000 0.000000
vn 1.000000 -0.000000 0.000000
vn 1.000000 -0.000000 0.000000
vn 1.000000 -0.000000 0.000000
vn 1.000000 -0.000000 0.000000
vn 1.000000 -0.000000 0.000000
vn 1.000000 -0.000000 0.000000
vn 1.000000 -0.000000 0.000000
vn 1.000000 -0.000000 0.000000
vn 1.000000 -0.000000 0.000000
vn 1.000000 -0.000000 0.000000
vn 1.000000 -0.000000 0.000000
vn 1.000000 -0.000000 0.000000
vn 1.000000 -0.000000 0.000000
vn 1.000000 -0.000000 0.000000
vn 1.000000 -0.000000 0.000000
vn 1.000000 -0.000000 0.000000
vn -0.000000 -0.993783 0.111335
vn -0.000000 -0.993783 0.111335
vn -0.000000 -0.949467 0.313868
vn -0.000000 -0.949467 0.313868
vn -0.000000 -0.864339 0.502909
vn -0.000000 -0.864339 0.502909
vn -0.000000 -0.742059 0.670334
vn -0.000000 -0.742059 0.670334
vn -0.000000 -0.587883 0.808946
vn -0.000000 -0.587883 0.808946
vn -0.000000 -0.408437 0.912786
vn -0.000000 -0.408437 0.912786
vn -0.000000 -0.211435 0.977392
vn -0.000000 -0.211435 0.977392
vn -0.000000 -0.005346 0.999986
vn -0.000000 -0.005346 0.999986
vn -0.000000 0.200974 0.979597
vn -0.000000 0.200974 0.979597
vn -0.000000 0.398655 0.917101
vn -0.000000 0.398655 0.917101
vn -0.000000 0.579201 0.815185
vn -0.000000 0.579201 0.815185
vn -0.000000 0.734850 0.678229
vn -0.000000 0.734850 0.678229
vn -0.000000 0.858913 0.512121
vn -0.000000 0.858913 0.512121
vn -0.000000 0.946057 0.324000
vn -0.000000 0.946057 0.324000
vn -0.000000 0.992536 0.121953
vn -0.000000 0.992536 0.121953
vn 0.000000 1.000000 -0.000000
vn 0.000000 1.000000 -0.000000
vn 0.000000 1.000000 -0.000000
vn 0.000000 1.000000 -0.000000
vn 0.000000 -1.000000 0.000000
vn 0.000000 -1.000000 0.000000
vn 0.000000 -1.000000 0.000000
vn 0.000000 -1.000000 0.000000
vn -1.000000 -0.000000 -0.000000
vn -1.000000 -0.000000 -0.000000
vn -1.000000 -0.000000 -0.000000
vn -1.000000 -0.000000 -0.000000
vn -1.000000 -0.000000 -0.000000
vn -1.000000 -0.000000 -0.000000
vn -1.000000 -0.000000 -0.000000
vn -1.000000 -0.000000 -0.000000
vn -1.000000 -0.000000 -0.000000
vn -1.000000 -0.000000 -0.000000
vn -1.000000 -0.000000 -0.000000
vn -1.000000 -0.000000 -0.000000
vn -1.000000 -0.000000 -0.000000
vn -1.000000 -0.000000 -0.000000
vn -1.000000 -0.000000 -0.000000
vn -1.000000 -0.000000 -0.000000
vn -1.000000 -0.000000 -0.000000
vn -1.000000 -0.000000 -0.000000
vn -1.000000 -0.000000 -0.000000
vn -1.000000 -0.000000 -0.000000
vn -1.000000 -0.000000 -0.000000
vn -1.000000 -0.000000 -0.000000
vn -1.000000 -0.000000 -0.000000
vn -1.000000 -0.000000 -0.000000
vn -1.000000 -0.000000 -0.000000
vn -1.000000 -0.000000 -0.000000
vn -1.000000 -0.000000 -0.000000
vn -1.000000 -0.000000 -0.000000
vn -1.000000 -0.000000 -0.000000
vn -1.000000 -0.000000 -0.000000
vn -1.000000 -0.000000 -0.000000
vn -1.000000 -0.000000 -0.000000
vn -1.000000 -0.000000 -0.000000
vn -1.000000 -0.000000 -0.000000
vn -1.000000 -0.000000 -0.000000
vn -1.000000 -0.000000 -0.000000
vn -1.000000 -0.000000 -0.000000
vn -1.000000 -0.000000 -0.000000
vn -1.000000 -0.000000 -0.000000
vn -1.000000 -0.000000 -0.000000
vn -1.000000 -0.000000 -0.000000
vn -1.000000 -0.000000 -0.000000
vn -1.000000 -0.000000 -0.000000
vn -1.000000 -0.000000 -0.000000
vn -1.000000 -0.000000 -0.000000
vn -1.000000 -0.000000 -0.000000
vn -1.000000 -0.000000 -0.000000
vn -1.000000 -0.000000 -0.000000
vn -1.000000 -0.000000 -0.000000
vn -1.000000 -0.000000 -0.000000
vn -1.000000 -0.000000 -0.000000
vn -1.000000 -0.000000 -0.000000
vn -1.000000 -0.000000 -0.000000
vn -1.000000 -0.000000 -0.000000
vn -1.000000 -0.000000 -0.000000
vn -1.000000 -0.000000 -0.000000
vn -1.000000 -0.000000 -0.000000
vn -1.000000 -0.000000 -0.000000
vn -1.000000 -0.000000 -0.000000
vn -1.000000 -0.000000 -0.000000
vn -1.000000 -0.000000 -0.000000
vn -1.000000 -0.000000 -0.000000
vn -1.000000 -0.000000 -0.000000
vn -1.000000 -0.000000 -0.000000
vn -1.000000 -0.000000 -0.000000
vn -1.000000 -0.000000 -0.000000
vn -1.000000 -0.000000 -0.000000
vn -1.000000 -0.000000 -0.000000
vn -1.000000 -0.000000 -0.000000
vn -1.000000 -0.000000 -0.000000
vn -1.000000 -0.000000 -0.000000
vn -1.000000 -0.000000 -0.000000
vn -1.000000 -0.000000 -0.000000
vn -1.000000 -0.000000 -0.000000
vn -1.000000 -0.000000 -0.000000
vn -1.000000 -0.000000 -0.000000
vn -1.000000 -0.000000 -0.000000
vn -1.000000 -0.000000 -0.000000
vn -1.000000 -0.000000 -0.000000
vn -1.000000 -0.000000 -0.000000
vn -1.000000 -0.000000 -0.000000
vn -1.000000 -0.000000 -0.000000
vn -1.000000 -0.000000 -0.000000
vn -1.000000 -0.000000 -0.000000
vn -1.000000 -0.000000 -0.000000
vn -1.000000 -0.000000 -0.000000
vn -1.000000 -0.000000 -0.000000
vn -1.000000 -0.000000 -0.000000
vn -1.000000 -0.000000 -0.000000
vn -1.000000 -0.000000 -0.000000
vn -1.000000 -0.000000 -0.000000
vn -1.000000 -0.000000 -0.000000
vn -1.000000 -0.000000 -0.000000
vn -1.000000 -0.000000 -0.000000
vn -1.000000 -0.000000 -0.000000
vn -1.000000 -0.000000 -0.000000
vn -1.000000 -0.000000 -0.000000
vn -1.000000 -0.000000 -0.000000
vn -1.000000 -0.000000 -0.000000
vn -1.000000 -0.000000 -0.000000
vn -1.000000 -0.000000 -0.000000
vn -1.000000 -0.000000 -0.000000
vn -1.000000 -0.000000 -0.000000
vn -1.000000 -0.000000 -0.000000
vn -1.000000 -0.000000 -0.000000
vn -1.000000 -0.000000 -0.000000
vn -1.000000 -0.000000 -0.000000
vn -1.000000 -0.000000 -0.000000
vn -1.000000 -0.000000 -0.000000
vn -1.000000 -0.000000 -0.000000
vn -1.000000 -0.000000 -0.000000
vn -1.000000 -0.000000 -0.000000
vn -1.000000 -0.000000 -0.000000
vn 1.000000 0.000000 0.000000
vn 1.000000 0.000000 0.000000
vn 1.000000 0.000000 0.000000
vn 1.000000 0.000000 0.000000
vn 1.000000 0.000000 0.000000
vn 1.000000 0.000000 0.000000
vn 1.000000 0.000000 0.000000
vn 1.000000 0.000000 0.000000
vn 1.000000 0.000000 0.000000
vn 1.000000 0.000000 0.000000
vn 1.000000 0.000000 0.000000
vn 1.000000 0.000000 0.000000
vn 1.000000 0.000000 0.000000
vn 1.000000 0.000000 0.000000
vn 1.000000 0.000000 0.000000
vn 1.000000 0.000000 0.000000
vn 1.000000 0.000000 0.000000
vn 1.000000 0.000000 0.000000
vn 1.000000 0.000000 0.000000
vn 1.000000 0.000000 0.000000
vn 1.000000 0.000000 0.000000
vn 1.000000 0.000000 0.000000
vn 1.000000 0.000000 0.000000
vn 1.000000 0.000000 0.000000
vn 1.000000 0.000000 0.000000
vn 1.000000 0.000000 0.000000
vn 1.000000 0.000000 0.000000
vn 1.000000 0.000000 0.000000
vn 1.000000 0.000000 0.000000
vn 1.000000 0.000000 0.000000
vn 1.000000 0.000000 0.000000
vn 1.000000 0.000000 0.000000
vn 1.000000 0.000000 0.000000
vn 1.000000 0.000000 0.000000
vn 1.000000 0.000000 0.000000
vn 1.000000 0.000000 0.000000
vn 1.000000 0.000000 0.000000
vn 1.000000 0.000000 0.000000
vn 1.000000 0.000000 0.000000
vn 1.000000 0.000000 0.000000
vn 1.000000 0.000000 0.000000
vn 1.000000 0.000000 0.000000
vn 1.000000 0.000000 0.000000
vn 1.000000 0.000000 0.000000
vn 1.000000 0.000000 0.000000
vn 1.000000 0.000000 0.000000
vn 1.000000 0.000000 0.000000
vn 1.000000 0.000000 0.000000
vn 1.000000 0.000000 0.000000
vn 1.000000 0.000000 0.000000
vn 1.000000 0.000000 0.000000
vn 1.000000 0.000000 0.000000
vn 1.000000 0.000000 0.000000
vn 1.000000 0.000000 0.000000
vn 1.000000 0.000000 0.000000
vn 1.000000 0.000000 0.000000
vn 1.000000 0.000000 0.000000
vn 1.000000 0.000000 0.000000
vn 1.000000 0.000000 0.000000
vn 1.000000 0.000000 0.000000
vn 1.000000 0.000000 0.000000
vn 1.000000 0.000000 0.000000
vn 1.000000 0.000000 0.000000
vn 1.000000 0.000000 0.000000
vn 1.000000 0.000000 0.000000
vn 1.000000 0.000000 0.000000
vn 1.000000 0.000000 0.000000
vn 1.000000 0.000000 0.000000
vn 1.000000 0.000000 0.000000
vn 1.000000 0.000000 0.000000
vn 1.000000 0.000000 0.000000
vn 1.000000 0.000000 0.000000
vn 1.000000 0.000000 0.000000
vn 1.000000 0.000000 0.000000
vn 1.000000 0.000000 0.000000
vn 1.000000 0.000000 0.000000
vn 1.000000 0.000000 0.000000
vn 1.000000 0.000000 0.000000
vn 1.000000 0.000000 0.000000
vn 1.000000 0.000000 0.000000
vn 1.000000 0.000000 0.000000
vn 1.000000 0.000000 0.000000
vn 1.000000 0.000000 0.000000
vn 1.000000 0.000000 0.000000
vn 1.000000 0.000000 0.000000
vn 1.000000 0.000000 0.000000
vn 1.000000 0.000000 0.000000
vn 1.000000 0.000000 0.000000
vn 1.000000 0.000000 0.000000
vn 1.000000 0.000000 0.000000
vn 1.000000 0.000000 0.000000
vn 1.000000 0.000000 0.000000
vn 1.000000 0.000000 0.000000
vn 1.000000 0.000000 0.000000
vn 1.000000 0.000000 0.000000
vn 1.000000 0.000000 0.000000
vn 1.000000 0.000000 0.000000
vn 1.000000 0.000000 0.000000
vn 1.000000 0.000000 0.000000
vn 1.000000 0.000000 0.000000
vn 1.000000 0.000000 0.000000
vn 1.000000 0.000000 0.000000
vn 1.000000 0.000000 0.000000
vn 1.000000 0.000000 0.000000
vn 1.000000 0.000000 0.000000
vn 1.000000 0.000000 0.000000
vn 1.000000 0.000000 0.000000
vn 1.000000 0.000000 0.000000
vn 1.000000 0.000000 0.000000
vn 1.000000 0.000000 0.000000
vn 1.000000 0.000000 0.000000
vn 1.000000 0.000000 0.000000
vn 1.000000 0.000000 0.000000
vn -0.000000 -0.000000 1.000000
vn -0.000000 -0.000000 1.000000
vn -0.000000 -0.000000 1.000000
vn -0.000000 -0.000000 1.000000
vn -0.000000 -0.000000 1.000000
vn -0.000000 -0.000000 1.000000
vn -0.000000 -0.000000 1.000000
vn -0.000000 -0.000000 1.000000
vn -0.000000 -0.000000 1.000000
vn -0.000000 -0.000000 1.000000
vn -0.000000 -0.000000 1.000000
vn -0.000000 -0.000000 1.000000
vn -0.000000 -0.000000 1.000000
vn -0.000000 -0.000000 1.000000
vn -0.000000 -0.000000 1.000000
vn -0.000000 -0.000000 1.000000
vn -0.000000 -0.000000 1.000000
vn -0.000000 -0.000000 1.000000
vn -0.000000 -0.000000 1.000000
vn -0.000000 -0.000000 1.000000
vn -0.000000 -0.000000 1.000000
vn -0.000000 -0.000000 1.000000
vn -0.000000 -0.000000 1.000000
vn -0.000000 -0.000000 1.000000
vn -0.000000 -0.000000 1.000000
vn -0.000000 -0.000000 1.000000
vn -0.000000 -0.000000 1.000000
vn -0.000000 -0.000000 1.000000
vn -0.000000 -0.000000 1.000000
vn -0.000000 -0.000000 1.000000
vn -0.000000 -0.000000 1.000000
vn -0.000000 -0.000000 1.000000
vn -0.000000 -0.000000 1.000000
vn -0.000000 -0.000000 1.000000
vn -0.000000 -0.000000 1.000000
vn -0.000000 -0.000000 1.000000
vn -0.000000 -0.000000 1.000000
vn -0.000000 -0.000000 1.000000
vn -0.000000 -0.000000 1.000000
vn -0.000000 -0.000000 1.000000
vn -0.000000 -0.000000 1.000000
vn -0.000000 -0.000000 1.000000
vn -0.000000 -0.000000 1.000000
vn -0.000000 -0.000000 1.000000
vn -0.000000 -0.000000 1.000000
vn -0.000000 -0.000000 1.000000
vn -0.000000 -0.000000 1.000000
vn -0.000000 -0.000000 1.000000
vn -0.000000 -0.000000 1.000000
vn -0.000000 -0.000000 1.000000
vn -0.000000 -0.000000 1.000000
vn -0.000000 -0.000000 1.000000
vn -0.000000 -0.000000 1.000000
vn -0.000000 -0.000000 1.000000
vn -0.000000 -0.000000 1.000000
vn -0.000000 -0.000000 1.000000
vn -0.000000 -0.000000 1.000000
vn -0.000000 -0.000000 1.000000
vn -0.000000 -0.000000 1.000000
vn -0.000000 -0.000000 1.000000
vn -0.000000 -0.000000 1.000000
vn -0.000000 -0.000000 1.000000
vn -0.000000 -0.000000 1.000000
vn -0.000000 -0.000000 1.000000
vn -0.000000 -0.000000 1.000000
vn -0.000000 -0.000000 1.000000
vn -0.000000 -0.000000 1.000000
vn -0.000000 -0.000000 1.000000
vn -0.000000 -0.000000 1.000000
vn -0.000000 -0.000000 1.000000
vn -0.000000 -0.000000 1.000000
vn -0.000000 -0.000000 1.000000
vn -0.000000 -0.000000 1.000000
vn -0.000000 -0.000000 1.000000
vn -0.000000 -0.000000 1.000000
vn -0.000000 -0.000000 1.000000
vn -0.000000 -0.000000 1.000000
vn -0.000000 -0.000000 1.000000
vn -0.000000 -0.000000 1.000000
vn -0.000000 -0.000000 1.000000
vn -0.000000 -0.000000 1.000000
vn -0.000000 -0.000000 1.000000
vn -0.000000 -0.000000 1.000000
vn -0.000000 -0.000000 1.000000
vn -0.000000 -0.000000 1.000000
vn -0.000000 -0.000000 1.000000
vn -0.000000 -0.000000 1.000000
vn -0.000000 -0.000000 1.000000
vn -0.000000 -0.000000 1.000000
vn -0.000000 -0.000000 1.000000
vn -0.000000 -0.000000 1.000000
vn -0.000000 -0.000000 1.000000
vn -0.000000 -0.000000 1.000000
vn -0.000000 -0.000000 1.000000
vn -0.000000 -0.000000 1.000000
vn -0.000000 -0.000000 1.000000
vn -0.000000 -0.000000 1.000000
vn -0.000000 -0.000000 1.000000
vn -0.000000 -0.000000 1.000000
vn -0.000000 -0.000000 1.000000
vn -0.000000 -0.000000 1.000000
vn -0.000000 -0.000000 1.000000
vn -0.000000 -0.000000 1.000000
vn -0.000000 -0.000000 1.000000
vn -0.000000 -0.000000 1.000000
vn -0.000000 -0.000000 1.000000
vn -0.000000 -0.000000 1.000000
vn -0.000000 -0.000000 1.000000
vn -0.000000 -0.000000 1.000000
vn -0.000000 -0.000000 1.000000
vn -0.000000 -0.000000 1.000000
vn -0.000000 -0.000000 1.000000
vn -0.000000 -0.000000 1.000000
vn -0.000000 -0.000000 1.000000
vn -0.000000 -0.000000 1.000000
vn -0.000000 -0.000000 1.000000
vn -0.000000 -0.000000 1.000000
vn -0.000000 -0.000000 1.000000
vn -0.000000 -0.000000 1.000000
vn -0.000000 -0.000000 1.000000
vn -0.000000 -0.000000 1.000000
vn -0.000000 -0.000000 1.000000
vn -0.000000 -0.000000 1.000000
vn -0.000000 -0.000000 1.000000
vn -0.000000 -0.000000 1.000000
vn -0.000000 -0.000000 1.000000
vn -0.000000 -0.000000 1.000000
vn -0.000000 -0.000000 1.000000
vn -0.000000 -0.000000 1.000000
vn -0.000000 -0.000000 1.000000
vn -0.000000 -0.000000 1.000000
vn -0.000000 -0.000000 1.000000
vn -0.000000 -0.000000 1.000000
vn -0.000000 -0.000000 1.000000
vn -0.000000 -0.000000 1.000000
vn -0.000000 -0.000000 1.000000
vn -0.000000 -0.000000 1.000000
vn -0.000000 -0.000000 1.000000
vn -0.000000 -0.000000 1.000000
vn -0.000000 -0.000000 1.000000
vn -0.000000 -0.000000 1.000000
vn -0.000000 -0.000000 1.000000
vn -0.000000 -0.000000 1.000000
vn -0.000000 -0.000000 1.000000
vn -0.000000 -0.000000 1.000000
vn -0.000000 -0.000000 1.000000
vn -0.000000 -0.000000 1.000000
vn -0.000000 -0.000000 1.000000
vn -0.000000 -0.000000 1.000000
vn -0.000000 -0.000000 1.000000
vn -0.000000 -0.000000 1.000000
vn -0.000000 -0.000000 1.000000
vn -0.000000 -0.000000 1.000000
vn -0.000000 -0.000000 1.000000
vn -0.000000 -0.000000 1.000000
vn -0.000000 -0.000000 1.000000
vn -0.000000 -0.000000 1.000000
vn -0.000000 -0.000000 1.000000
vn -0.000000 -0.000000 1.000000
vn -0.000000 -0.000000 1.000000
vn -0.000000 -0.000000 1.000000
vn -0.000000 -0.000000 1.000000
vn -0.000000 -0.000000 1.000000
vn -0.000000 -0.000000 1.000000
vn -0.000000 -0.000000 1.000000
vn -0.000000 -0.000000 1.000000
vn -0.000000 -0.000000 1.000000
vn -0.000000 -0.000000 1.000000
vn -0.000000 -0.000000 1.000000
vn -0.000000 -0.000000 1.000000
vn -0.000000 -0.000000 1.000000
vn -0.000000 -0.000000 1.000000
vn -0.000000 -0.000000 1.000000
vn -0.000000 -0.000000 1.000000
vn -0.000000 -0.000000 1.000000
vn -0.000000 -0.000000 1.000000
vn -0.000000 -0.000000 1.000000
vn -0.000000 -0.000000 1.000000
vn -0.000000 -0.000000 1.000000
vn -0.000000 -0.000000 1.000000
vn -0.000000 -0.000000 1.000000
vn -0.000000 -0.000000 1.000000
vn -0.000000 -0.000000 1.000000
vn -0.000000 -0.000000 1.000000
vn -0.000000 -0.000000 1.000000
vn -0.000000 -0.000000 1.000000
vn -0.000000 -0.000000 1.000000
vn -0.000000 -0.000000 1.000000
vn -0.000000 -0.000000 1.000000
vn -0.000000 -0.000000 1.000000
vn -0.000000 -0.000000 1.000000
vn -0.000000 -0.000000 1.000000
usemtl Stahl_-_satiniert
f 2/1/1 48/2/2 1/3/3
f 1/3/3 48/2/2 25/4/4
f 1/3/3 25/4/4 24/5/5
f 24/5/5 25/4/4 26/6/6
f 24/5/5 26/6/6 23/7/7
f 23/7/7 26/6/6 27/8/8
f 23/7/7 27/8/8 22/9/9
f 22/9/9 27/8/8 28/10/10
f 22/9/9 28/10/10 21/11/11
f 21/11/11 28/10/10 29/12/12
f 21/11/11 29/12/12 20/13/13
f 20/13/13 29/12/12 30/14/14
f 20/13/13 30/14/14 19/15/15
f 19/15/15 30/14/14 31/16/16
f 19/15/15 31/16/16 18/17/17
f 18/17/17 31/16/16 32/18/18
f 18/17/17 32/18/18 17/19/19
f 17/19/19 32/18/18 33/20/20
f 17/19/19 33/20/20 16/21/21
f 16/21/21 33/20/20 34/22/22
f 16/21/21 34/22/22 15/23/23
f 15/23/23 34/22/22 35/24/24
f 15/23/23 35/24/24 14/25/25
f 14/25/25 35/24/24 36/26/26
f 14/25/25 36/26/26 13/27/27
f 13/27/27 36/26/26 37/28/28
f 13/29/27 37/30/28 12/31/29
f 12/31/29 37/30/28 38/32/30
f 12/31/29 38/32/30 11/33/31
f 11/33/31 38/32/30 39/34/32
f 11/33/31 39/34/32 10/35/33
f 10/35/33 39/34/32 40/36/34
f 10/35/33 40/36/34 9/37/35
f 9/37/35 40/36/34 41/38/36
f 9/37/35 41/38/36 8/39/37
f 8/39/37 41/38/36 42/40/38
f 8/39/37 42/40/38 7/41/39
f 7/41/39 42/40/38 43/42/40
f 7/41/39 43/42/40 6/43/41
f 6/43/41 43/42/40 44/44/42
f 6/43/41 44/44/42 5/45/43
f 5/45/43 44/44/42 45/46/44
f 5/45/43 45/46/44 4/47/45
f 4/47/45 45/46/44 46/48/46
f 4/47/45 46/48/46 3/49/47
f 3/49/47 46/48/46 47/50/48
f 3/49/47 47/50/48 2/1/1
f 2/1/1 47/50/48 48/2/2
f 50/51/49 96/52/50 49/53/51
f 49/53/51 96/52/50 73/54/52
f 49/53/51 73/54/52 72/55/53
f 72/55/53 73/54/52 74/56/54
f 72/55/53 74/56/54 71/57/55
f 71/57/55 74/56/54 75/58/56
f 71/57/55 75/58/56 70/59/57
f 70/59/57 75/58/56 76/60/58
f 70/59/57 76/60/58 69/61/59
f 69/61/59 76/60/58 77/62/60
f 69/61/59 77/62/60 68/63/61
f 68/63/61 77/62/60 78/64/62
f 68/63/61 78/64/62 67/65/63
f 67/65/63 78/64/62 79/66/64
f 67/65/63 79/66/64 66/67/65
f 66/67/65 79/66/64 80/68/66
f 66/67/65 80/68/66 65/69/67
f 65/69/67 80/68/66 81/70/68
f 65/69/67 81/70/68 64/71/69
f 64/71/69 81/70/68 82/72/70
f 64/71/69 82/72/70 63/73/71
f 63/73/71 82/72/70 83/74/72
f 63/73/71 83/74/72 62/75/73
f 62/75/73 83/74/72 84/76/74
f 62/75/73 84/76/74 61/77/75
f 61/77/75 84/76/74 85/78/76
f 61/79/75 85/80/76 60/81/77
f 60/81/77 85/80/76 86/82/78
f 60/81/77 86/82/78 59/83/79
f 59/83/79 86/82/78 87/84/80
f 59/83/79 87/84/80 58/85/81
f 58/85/81 87/84/80 88/86/82
f 58/85/81 88/86/82 57/87/83
f 57/87/83 88/86/82 89/88/84
f 57/87/83 89/88/84 56/89/85
f 56/89/85 89/88/84 90/90/86
f 56/89/85 90/90/86 55/91/87
f 55/91/87 90/90/86 91/92/88
f 55/91/87 91/92/88 54/93/89
f 54/93/89 91/92/88 92/94/90
f 54/93/89 92/94/90 53/95/91
f 53/95/91 92/94/90 93/96/92
f 53/95/91 93/96/92 52/97/93
f 52/97/93 93/96/92 94/98/94
f 52/97/93 94/98/94 51/99/95
f 51/99/95 94/98/94 95/100/96
f 51/99/95 95/100/96 50/51/49
f 50/51/49 95/100/96 96/52/50
f 98/101/97 144/102/98 97/103/99
f 97/103/99 144/102/98 121/104/100
f 97/103/99 121/104/100 120/105/101
f 120/105/101 121/104/100 122/106/102
f 120/105/101 122/106/102 119/107/103
f 119/107/103 122/106/102 123/108/104
f 119/107/103 123/108/104 118/109/105
f 118/109/105 123/108/104 124/110/106
f 118/109/105 124/110/106 117/111/107
f 117/111/107 124/110/106 125/112/108
f 117/111/107 125/112/108 116/113/109
f 116/113/109 125/112/108 126/114/110
f 116/113/109 126/114/110 115/115/111
f 115/115/111 126/114/110 127/116/112
f 115/115/111 127/116/112 114/117/113
f 114/117/113 127/116/112 128/118/114
f 114/117/113 128/118/114 113/119/115
f 113/119/115 128/118/114 129/120/116
f 113/119/115 129/120/116 112/121/117
f 112/121/117 129/120/116 130/122/118
f 112/121/117 130/122/118 111/123/119
f 111/123/119 130/122/118 131/124/120
f 111/123/119 131/124/120 110/125/121
f 110/125/121 131/124/120 132/126/122
f 110/125/121 132/126/122 109/127/123
f 109/127/123 132/126/122 133/128/124
f 109/129/123 133/130/124 108/131/125
f 108/131/125 133/130/124 134/132/126
f 108/131/125 134/132/126 107/133/127
f 107/133/127 134/132/126 135/134/128
f 107/133/127 135/134/128 106/135/129
f 106/135/129 135/134/128 136/136/130
f 106/135/129 136/136/130 105/137/131
f 105/137/131 136/136/130 137/138/132
f 105/137/131 137/138/132 104/139/133
f 104/139/133 137/138/132 138/140/134
f 104/139/133 138/140/134 103/141/135
f 103/141/135 138/140/134 139/142/136
f 103/141/135 139/142/136 102/143/137
f 102/143/137 139/142/136 140/144/138
f 102/143/137 140/144/138 101/145/139
f 101/145/139 140/144/138 141/146/140
f 101/145/139 141/146/140 100/147/141
f 100/147/141 141/146/140 142/148/142
f 100/147/141 142/148/142 99/149/143
f 99/149/143 142/148/142 143/150/144
f 99/149/143 143/150/144 98/101/97
f 98/101/97 143/150/144 144/102/98
f 146/151/145 192/152/146 145/153/147
f 145/153/147 192/152/146 169/154/148
f 145/153/147 169/154/148 168/155/149
f 168/155/149 169/154/148 170/156/150
f 168/155/149 170/156/150 167/157/151
f 167/157/151 170/156/150 171/158/152
f 167/157/151 171/158/152 166/159/153
f 166/159/153 171/158/152 172/160/154
f 166/159/153 172/160/154 165/161/155
f 165/161/155 172/160/154 173/162/156
f 165/161/155 173/162/156 164/163/157
f 164/163/157 173/162/156 174/164/158
f 164/163/157 174/164/158 163/165/159
f 163/165/159 174/164/158 175/166/160
f 163/165/159 175/166/160 162/167/161
f 162/167/161 175/166/160 176/168/162
f 162/167/161 176/168/162 161/169/163
f 161/169/163 176/168/162 177/170/164
f 161/169/163 177/170/164 160/171/165
f 160/171/165 177/170/164 178/172/166
f 160/171/165 178/172/166 159/173/167
f 159/173/167 178/172/166 179/174/168
f 159/173/167 179/174/168 158/175/169
f 158/175/169 179/174/168 180/176/170
f 158/175/169 180/176/170 157/177/171
f 157/177/171 180/176/170 181/178/172
f 157/179/171 181/180/172 156/181/173
f 156/181/173 181/180/172 182/182/174
f 156/181/173 182/182/174 155/183/175
f 155/183/175 182/182/174 183/184/176
f 155/183/175 183/184/176 154/185/177
f 154/185/177 183/184/176 184/186/178
f 154/185/177 184/186/178 153/187/179
f 153/187/179 184/186/178 185/188/180
f 153/187/179 185/188/180 152/189/181
f 152/189/181 185/188/180 186/190/182
f 152/189/181 186/190/182 151/191/183
f 151/191/183 186/190/182 187/192/184
f 151/191/183 187/192/184 150/193/185
f 150/193/185 187/192/184 188/194/186
f 150/193/185 188/194/186 149/195/187
f 149/195/187 188/194/186 189/196/188
f 149/195/187 189/196/188 148/197/189
f 148/197/189 189/196/188 190/198/190
f 148/197/189 190/198/190 147/199/191
f 147/199/191 190/198/190 191/200/192
f 147/199/191 191/200/192 146/151/145
f 146/151/145 191/200/192 192/152/146
f 194/201/193 240/202/194 193/203/195
f 193/203/195 240/202/194 217/204/196
f 193/203/195 217/204/196 216/205/197
f 216/205/197 217/204/196 218/206/198
f 216/205/197 218/206/198 215/207/199
f 215/207/199 218/206/198 219/208/200
f 215/207/199 219/208/200 214/209/201
f 214/209/201 219/208/200 220/210/202
f 214/209/201 220/210/202 213/211/203
f 213/211/203 220/210/202 221/212/204
f 213/211/203 221/212/204 212/213/205
f 212/213/205 221/212/204 222/214/206
f 212/213/205 222/214/206 211/215/207
f 211/215/207 222/214/206 223/216/208
f 211/215/207 223/216/208 210/217/209
f 210/217/209 223/216/208 224/218/210
f 210/217/209 224/218/210 209/219/211
f 209/219/211 224/218/210 225/220/212
f 209/219/211 225/220/212 208/221/213
f 208/221/213 225/220/212 226/222/214
f 208/221/213 226/222/214 207/223/215
f 207/223/215 226/222/214 227/224/216
f 207/223/215 227/224/216 206/225/217
f 206/225/217 227/224/216 228/226/218
f 206/225/217 228/226/218 205/227/219
f 205/227/219 228/226/218 229/228/220
f 205/229/219 229/230/220 204/231/221
f 204/231/221 229/230/220 230/232/222
f 204/231/221 230/232/222 203/233/223
f 203/233/223 230/232/222 231/234/224
f 203/233/223 231/234/224 202/235/225
f 202/235/225 231/234/224 232/236/226
f 202/235/225 232/236/226 201/237/227
f 201/237/227 232/236/226 233/238/228
f 201/237/227 233/238/228 200/239/229
f 200/239/229 233/238/228 234/240/230
f 200/239/229 234/240/230 199/241/231
f 199/241/231 234/240/230 235/242/232
f 199/241/231 235/242/232 198/243/233
f 198/243/233 235/242/232 236/244/234
f 198/243/233 236/244/234 197/245/235
f 197/245/235 236/244/234 237/246/236
f 197/245/235 237/246/236 196/247/237
f 196/247/237 237/246/236 238/248/238
f 196/247/237 238/248/238 195/249/239
f 195/249/239 238/248/238 239/250/240
f 195/249/239 239/250/240 194/201/193
f 194/201/193 239/250/240 240/202/194
f 242/251/241 288/252/242 241/253/243
f 241/253/243 288/252/242 265/254/244
f 241/253/243 265/254/244 264/255/245
f 264/255/245 265/254/244 266/256/246
f 264/255/245 266/256/246 263/257/247
f 263/257/247 266/256/246 267/258/248
f 263/257/247 267/258/248 262/259/249
f 262/259/249 267/258/248 268/260/250
f 262/259/249 268/260/250 261/261/251
f 261/261/251 268/260/250 269/262/252
f 261/261/251 269/262/252 260/263/253
f 260/263/253 269/262/252 270/264/254
f 260/263/253 270/264/254 259/265/255
f 259/265/255 270/264/254 271/266/256
f 259/265/255 271/266/256 258/267/257
f 258/267/257 271/266/256 272/268/258
f 258/267/257 272/268/258 257/269/259
f 257/269/259 272/268/258 273/270/260
f 257/269/259 273/270/260 256/271/261
f 256/271/261 273/270/260 274/272/262
f 256/271/261 274/272/262 255/273/263
f 255/273/263 274/272/262 275/274/264
f 255/273/263 275/274/264 254/275/265
f 254/275/265 275/274/264 276/276/266
f 254/275/265 276/276/266 253/277/267
f 253/277/267 276/276/266 277/278/268
f 253/279/267 277/280/268 252/281/269
f 252/281/269 277/280/268 278/282/270
f 252/281/269 278/282/270 251/283/271
f 251/283/271 278/282/270 279/284/272
f 251/283/271 279/284/272 250/285/273
f 250/285/273 279/284/272 280/286/274
f 250/285/273 280/286/274 249/287/275
f 249/287/275 280/286/274 281/288/276
f 249/287/275 281/288/276 248/289/277
f 248/289/277 281/288/276 282/290/278
f 248/289/277 282/290/278 247/291/279
f 247/291/279 282/290/278 283/292/280
f 247/291/279 283/292/280 246/293/281
f 246/293/281 283/292/280 284/294/282
f 246/293/281 284/294/282 245/295/283
f 245/295/283 284/294/282 285/296/284
f 245/295/283 285/296/284 244/297/285
f 244/297/285 285/296/284 286/298/286
f 244/297/285 286/298/286 243/299/287
f 243/299/287 286/298/286 287/300/288
f 243/299/287 287/300/288 242/251/241
f 242/251/241 287/300/288 288/252/242
f 290/301/289 336/302/290 289/303/291
f 289/303/291 336/302/290 313/304/292
f 289/303/291 313/304/292 312/305/293
f 312/305/293 313/304/292 314/306/294
f 312/305/293 314/306/294 311/307/295
f 311/307/295 314/306/294 315/308/296
f 311/307/295 315/308/296 310/309/297
f 310/309/297 315/308/296 316/310/298
f 310/309/297 316/310/298 309/311/299
f 309/311/299 316/310/298 317/312/300
f 309/311/299 317/312/300 308/313/301
f 308/313/301 317/312/300 318/314/302
f 308/313/301 318/314/302 307/315/303
f 307/315/303 318/314/302 319/316/304
f 307/315/303 319/316/304 306/317/305
f 306/317/305 319/316/304 320/318/306
f 306/317/305 320/318/306 305/319/307
f 305/319/307 320/318/306 321/320/308
f 305/319/307 321/320/308 304/321/309
f 304/321/309 321/320/308 322/322/310
f 304/321/309 322/322/310 303/323/311
f 303/323/311 322/322/310 323/324/312
f 303/323/311 323/324/312 302/325/313
f 302/325/313 323/324/312 324/326/314
f 302/325/313 324/326/314 301/327/315
f 301/327/315 324/326/314 325/328/316
f 301/329/315 325/330/316 300/331/317
f 300/331/317 325/330/316 326/332/318
f 300/331/317 326/332/318 299/333/319
f 299/333/319 326/332/318 327/334/320
f 299/333/319 327/334/320 298/335/321
f 298/335/321 327/334/320 328/336/322
f 298/335/321 328/336/322 297/337/323
f 297/337/323 328/336/322 329/338/324
f 297/337/323 329/338/324 296/339/325
f 296/339/325 329/338/324 330/340/326
f 296/339/325 330/340/326 295/341/327
f 295/341/327 330/340/326 331/342/328
f 295/341/327 331/342/328 294/343/329
f 294/343/329 331/342/328 332/344/330
f 294/343/329 332/344/330 293/345/331
f 293/345/331 332/344/330 333/346/332
f 293/345/331 333/346/332 292/347/333
f 292/347/333 333/346/332 334/348/334
f 292/347/333 334/348/334 291/349/335
f 291/349/335 334/348/334 335/350/336
f 291/349/335 335/350/336 290/301/289
f 290/301/289 335/350/336 336/302/290
f 338/351/337 384/352/338 337/353/339
f 337/353/339 384/352/338 361/354/340
f 337/353/339 361/354/340 360/355/341
f 360/355/341 361/354/340 362/356/342
f 360/355/341 362/356/342 359/357/343
f 359/357/343 362/356/342 363/358/344
f 359/357/343 363/358/344 358/359/345
f 358/359/345 363/358/344 364/360/346
f 358/359/345 364/360/346 357/361/347
f 357/361/347 364/360/346 365/362/348
f 357/361/347 365/362/348 356/363/349
f 356/363/349 365/362/348 366/364/350
f 356/363/349 366/364/350 355/365/351
f 355/365/351 366/364/350 367/366/352
f 355/365/351 367/366/352 354/367/353
f 354/367/353 367/366/352 368/368/354
f 354/367/353 368/368/354 353/369/355
f 353/369/355 368/368/354 369/370/356
f 353/369/355 369/370/356 352/371/357
f 352/371/357 369/370/356 370/372/358
f 352/371/357 370/372/358 351/373/359
f 351/373/359 370/372/358 371/374/360
f 351/373/359 371/374/360 350/375/361
f 350/375/361 371/374/360 372/376/362
f 350/375/361 372/376/362 349/377/363
f 349/377/363 372/376/362 373/378/364
f 349/379/363 373/380/364 348/381/365
f 348/381/365 373/380/364 374/382/366
f 348/381/365 374/382/366 347/383/367
f 347/383/367 374/382/366 375/384/368
f 347/383/367 375/384/368 346/385/369
f 346/385/369 375/384/368 376/386/370
f 346/385/369 376/386/370 345/387/371
f 345/387/371 376/386/370 377/388/372
f 345/387/371 377/388/372 344/389/373
f 344/389/373 377/388/372 378/390/374
f 344/389/373 378/390/374 343/391/375
f 343/391/375 378/390/374 379/392/376
f 343/391/375 379/392/376 342/393/377
f 342/393/377 379/392/376 380/394/378
f 342/393/377 380/394/378 341/395/379
f 341/395/379 380/394/378 381/396/380
f 341/395/379 381/396/380 340/397/381
f 340/397/381 381/396/380 382/398/382
f 340/397/381 382/398/382 339/399/383
f 339/399/383 382/398/382 383/400/384
f 339/399/383 383/400/384 338/351/337
f 338/351/337 383/400/384 384/352/338
f 386/401/385 432/402/386 385/403/387
f 385/403/387 432/402/386 409/404/388
f 385/403/387 409/404/388 408/405/389
f 408/405/389 409/404/388 410/406/390
f 408/405/389 410/406/390 407/407/391
f 407/407/391 410/406/390 411/408/392
f 407/407/391 411/408/392 406/409/393
f 406/409/393 411/408/392 412/410/394
f 406/409/393 412/410/394 405/411/395
f 405/411/395 412/410/394 413/412/396
f 405/411/395 413/412/396 404/413/397
f 404/413/397 413/412/396 414/414/398
f 404/413/397 414/414/398 403/415/399
f 403/415/399 414/414/398 415/416/400
f 403/415/399 415/416/400 402/417/401
f 402/417/401 415/416/400 416/418/402
f 402/417/401 416/418/402 401/419/403
f 401/419/403 416/418/402 417/420/404
f 401/419/403 417/420/404 400/421/405
f 400/421/405 417/420/404 418/422/406
f 400/421/405 418/422/406 399/423/407
f 399/423/407 418/422/406 419/424/408
f 399/423/407 419/424/408 398/425/409
f 398/425/409 419/424/408 420/426/410
f 398/425/409 420/426/410 397/427/411
f 397/427/411 420/426/410 421/428/412
f 397/429/411 421/430/412 396/431/413
f 396/431/413 421/430/412 422/432/414
f 396/431/413 422/432/414 395/433/415
f 395/433/415 422/432/414 423/434/416
f 395/433/415 423/434/416 394/435/417
f 394/435/417 423/434/416 424/436/418
f 394/435/417 424/436/418 393/437/419
f 393/437/419 424/436/418 425/438/420
f 393/437/419 425/438/420 392/439/421
f 392/439/421 425/438/420 426/440/422
f 392/439/421 426/440/422 391/441/423
f 391/441/423 426/440/422 427/442/424
f 391/441/423 427/442/424 390/443/425
f 390/443/425 427/442/424 428/444/426
f 390/443/425 428/444/426 389/445/427
f 389/445/427 428/444/426 429/446/428
f 389/445/427 429/446/428 388/447/429
f 388/447/429 429/446/428 430/448/430
f 388/447/429 430/448/430 387/449/431
f 387/449/431 430/448/430 431/450/432
f 387/449/431 431/450/432 386/401/385
f 386/401/385 431/450/432 432/402/386
f 434/451/433 480/452/434 433/453/435
f 433/453/435 480/452/434 457/454/436
f 433/453/435 457/454/436 456/455/437
f 456/455/437 457/454/436 458/456/438
f 456/455/437 458/456/438 455/457/439
f 455/457/439 458/456/438 459/458/440
f 455/457/439 459/458/440 454/459/441
f 454/459/441 459/458/440 460/460/442
f 454/459/441 460/460/442 453/461/443
f 453/461/443 460/460/442 461/462/444
f 453/461/443 461/462/444 452/463/445
f 452/463/445 461/462/444 462/464/446
f 452/463/445 462/464/446 451/465/447
f 451/465/447 462/464/446 463/466/448
f 451/465/447 463/466/448 450/467/449
f 450/467/449 463/466/448 464/468/450
f 450/467/449 464/468/450 449/469/451
f 449/469/451 464/468/450 465/470/452
f 449/469/451 465/470/452 448/471/453
f 448/471/453 465/470/452 466/472/454
f 448/471/453 466/472/454 447/473/455
f 447/473/455 466/472/454 467/474/456
f 447/473/455 467/474/456 446/475/457
f 446/475/457 467/474/456 468/476/458
f 446/475/457 468/476/458 445/477/459
f 445/477/459 468/476/458 469/478/460
f 445/479/459 469/480/460 444/481/461
f 444/481/461 469/480/460 470/482/462
f 444/481/461 470/482/462 443/483/463
f 443/483/463 470/482/462 471/484/464
f 443/483/463 471/484/464 442/485/465
f 442/485/465 471/484/464 472/486/466
f 442/485/465 472/486/466 441/487/467
f 441/487/467 472/486/466 473/488/468
f 441/487/467 473/488/468 440/489/469
f 440/489/469 473/488/468 474/490/470
f 440/489/469 474/490/470 439/491/471
f 439/491/471 474/490/470 475/492/472
f 439/491/471 475/492/472 438/493/473
f 438/493/473 475/492/472 476/494/474
f 438/493/473 476/494/474 437/495/475
f 437/495/475 476/494/474 477/496/476
f 437/495/475 477/496/476 436/497/477
f 436/497/477 477/496/476 478/498/478
f 436/497/477 478/498/478 435/499/479
f 435/499/479 478/498/478 479/500/480
f 435/499/479 479/500/480 434/451/433
f 434/451/433 479/500/480 480/452/434
f 480/501/481 504/502/482 457/503/483
f 457/503/483 504/502/482 481/504/484
f 457/503/483 481/504/484 458/505/485
f 458/505/485 481/504/484 482/506/486
f 458/505/485 482/506/486 459/507/487
f 459/507/487 482/506/486 483/508/488
f 459/507/487 483/508/488 460/509/489
f 460/509/489 483/508/488 484/510/490
f 460/509/489 484/510/490 461/511/491
f 461/511/491 484/510/490 485/512/492
f 461/511/491 485/512/492 462/513/493
f 462/513/493 485/512/492 486/514/494
f 462/513/493 486/514/494 463/515/495
f 463/515/495 486/514/494 487/516/496
f 463/515/495 487/516/496 464/517/497
f 464/517/497 487/516/496 488/518/498
f 464/517/497 488/518/498 465/519/499
f 465/519/499 488/518/498 489/520/500
f 465/519/499 489/520/500 466/521/501
f 466/521/501 489/520/500 490/522/502
f 466/521/501 490/522/502 467/523/503
f 467/523/503 490/522/502 491/524/504
f 467/523/503 491/524/504 468/525/505
f 468/525/505 491/524/504 492/526/506
f 468/525/505 492/526/506 469/527/507
f 469/527/507 492/526/506 493/528/508
f 469/529/507 493/530/508 470/531/509
f 470/531/509 493/530/508 494/532/510
f 470/531/509 494/532/510 471/533/511
f 471/533/511 494/532/510 495/534/512
f 471/533/511 495/534/512 472/535/513
f 472/535/513 495/534/512 496/536/514
f 472/535/513 496/536/514 473/537/515
f 473/537/515 496/536/514 497/538/516
f 473/537/515 497/538/516 474/539/517
f 474/539/517 497/538/516 498/540/518
f 474/539/517 498/540/518 475/541/519
f 475/541/519 498/540/518 499/542/520
f 475/541/519 499/542/520 476/543/521
f 476/543/521 499/542/520 500/544/522
f 476/543/521 500/544/522 477/545/523
f 477/545/523 500/544/522 501/546/524
f 477/545/523 501/546/524 478/547/525
f 478/547/525 501/546/524 502/548/526
f 478/547/525 502/548/526 479/549/527
f 479/549/527 502/548/526 503/550/528
f 479/549/527 503/550/528 480/501/481
f 480/501/481 503/550/528 504/502/482
f 506/551/529 552/552/530 505/553/531
f 505/553/531 552/552/530 529/554/532
f 505/553/531 529/554/532 528/555/533
f 528/555/533 529/554/532 530/556/534
f 528/555/533 530/556/534 527/557/535
f 527/557/535 530/556/534 531/558/536
f 527/557/535 531/558/536 526/559/537
f 526/559/537 531/558/536 532/560/538
f 526/559/537 532/560/538 525/561/539
f 525/561/539 532/560/538 533/562/540
f 525/561/539 533/562/540 524/563/541
f 524/563/541 533/562/540 534/564/542
f 524/563/541 534/564/542 523/565/543
f 523/565/543 534/564/542 535/566/544
f 523/565/543 535/566/544 522/567/545
f 522/567/545 535/566/544 536/568/546
f 522/567/545 536/568/546 521/569/547
f 521/569/547 536/568/546 537/570/548
f 521/569/547 537/570/548 520/571/549
f 520/571/549 537/570/548 538/572/550
f 520/571/549 538/572/550 519/573/551
f 519/573/551 538/572/550 539/574/552
f 519/573/551 539/574/552 518/575/553
f 518/575/553 539/574/552 540/576/554
f 518/575/553 540/576/554 517/577/555
f 517/577/555 540/576/554 541/578/556
f 517/579/555 541/580/556 516/581/557
f 516/581/557 541/580/556 542/582/558
f 516/581/557 542/582/558 515/583/559
f 515/583/559 542/582/558 543/584/560
f 515/583/559 543/584/560 514/585/561
f 514/585/561 543/584/560 544/586/562
f 514/585/561 544/586/562 513/587/563
f 513/587/563 544/586/562 545/588/564
f 513/587/563 545/588/564 512/589/565
f 512/589/565 545/588/564 546/590/566
f 512/589/565 546/590/566 511/591/567
f 511/591/567 546/590/566 547/592/568
f 511/591/567 547/592/568 510/593/569
f 510/593/569 547/592/568 548/594/570
f 510/593/569 548/594/570 509/595/571
f 509/595/571 548/594/570 549/596/572
f 509/595/571 549/596/572 508/597/573
f 508/597/573 549/596/572 550/598/574
f 508/597/573 550/598/574 507/599/575
f 507/599/575 550/598/574 551/600/576
f 507/599/575 551/600/576 506/551/529
f 506/551/529 551/600/576 552/552/530
f 554/601/577 600/602/578 553/603/579
f 553/603/579 600/602/578 577/604/580
f 553/603/579 577/604/580 576/605/581
f 576/605/581 577/604/580 578/606/582
f 576/605/581 578/606/582 575/607/583
f 575/607/583 578/606/582 579/608/584
f 575/607/583 579/608/584 574/609/585
f 574/609/585 579/608/584 580/610/586
f 574/609/585 580/610/586 573/611/587
f 573/611/587 580/610/586 581/612/588
f 573/611/587 581/612/588 572/613/589
f 572/613/589 581/612/588 582/614/590
f 572/613/589 582/614/590 571/615/591
f 571/615/591 582/614/590 583/616/592
f 571/615/591 583/616/592 570/617/593
f 570/617/593 583/616/592 584/618/594
f 570/617/593 584/618/594 569/619/595
f 569/619/595 584/618/594 585/620/596
f 569/619/595 585/620/596 568/621/597
f 568/621/597 585/620/596 586/622/598
f 568/621/597 586/622/598 567/623/599
f 567/623/599 586/622/598 587/624/600
f 567/623/599 587/624/600 566/625/601
f 566/625/601 587/624/600 588/626/602
f 566/625/601 588/626/602 565/627/603
f 565/627/603 588/626/602 589/628/604
f 565/629/603 589/630/604 564/631/605
f 564/631/605 589/630/604 590/632/606
f 564/631/605 590/632/606 563/633/607
f 563/633/607 590/632/606 591/634/608
f 563/633/607 591/634/608 562/635/609
f 562/635/609 591/634/608 592/636/610
f 562/635/609 592/636/610 561/637/611
f 561/637/611 592/636/610 593/638/612
f 561/637/611 593/638/612 560/639/613
f 560/639/613 593/638/612 594/640/614
f 560/639/613 594/640/614 559/641/615
f 559/641/615 594/640/614 595/642/616
f 559/641/615 595/642/616 558/643/617
f 558/643/617 595/642/616 596/644/618
f 558/643/617 596/644/618 557/645/619
f 557/645/619 596/644/618 597/646/620
f 557/645/619 597/646/620 556/647/621
f 556/647/621 597/646/620 598/648/622
f 556/647/621 598/648/622 555/649/623
f 555/649/623 598/648/622 599/650/624
f 555/649/623 599/650/624 554/601/577
f 554/601/577 599/650/624 600/602/578
f 600/651/625 624/652/626 577/653/627
f 577/653/627 624/652/626 601/654/628
f 577/653/627 601/654/628 578/655/629
f 578/655/629 601/654/628 602/656/630
f 578/655/629 602/656/630 579/657/631
f 579/657/631 602/656/630 603/658/632
f 579/657/631 603/658/632 580/659/633
f 580/659/633 603/658/632 604/660/634
f 580/659/633 604/660/634 581/661/635
f 581/661/635 604/660/634 605/662/636
f 581/661/635 605/662/636 582/663/637
f 582/663/637 605/662/636 606/664/638
f 582/663/637 606/664/638 583/665/639
f 583/665/639 606/664/638 607/666/640
f 583/665/639 607/666/640 584/667/641
f 584/667/641 607/666/640 608/668/642
f 584/667/641 608/668/642 585/669/643
f 585/669/643 608/668/642 609/670/644
f 585/669/643 609/670/644 586/671/645
f 586/671/645 609/670/644 610/672/646
f 586/671/645 610/672/646 587/673/647
f 587/673/647 610/672/646 611/674/648
f 587/673/647 611/674/648 588/675/649
f 588/675/649 611/674/648 612/676/650
f 588/675/649 612/676/650 589/677/651
f 589/677/651 612/676/650 613/678/652
f 589/679/651 613/680/652 590/681/653
f 590/681/653 613/680/652 614/682/654
f 590/681/653 614/682/654 591/683/655
f 591/683/655 614/682/654 615/684/656
f 591/683/655 615/684/656 592/685/657
f 592/685/657 615/684/656 616/686/658
f 592/685/657 616/686/658 593/687/659
f 593/687/659 616/686/658 617/688/660
f 593/687/659 617/688/660 594/689/661
f 594/689/661 617/688/660 618/690/662
f 594/689/661 618/690/662 595/691/663
f 595/691/663 618/690/662 619/692/664
f 595/691/663 619/692/664 596/693/665
f 596/693/665 619/692/664 620/694/666
f 596/693/665 620/694/666 597/695/667
f 597/695/667 620/694/666 621/696/668
f 597/695/667 621/696/668 598/697/669
f 598/697/669 621/696/668 622/698/670
f 598/697/669 622/698/670 599/699/671
f 599/699/671 622/698/670 623/700/672
f 599/699/671 623/700/672 600/651/625
f 600/651/625 623/700/672 624/652/626
f 626/701/673 672/702/674 625/703/675
f 625/703/675 672/702/674 649/704/676
f 625/703/675 649/704/676 648/705/677
f 648/705/677 649/704/676 650/706/678
f 648/705/677 650/706/678 647/707/679
f 647/707/679 650/706/678 651/708/680
f 647/707/679 651/708/680 646/709/681
f 646/709/681 651/708/680 652/710/682
f 646/709/681 652/710/682 645/711/683
f 645/711/683 652/710/682 653/712/684
f 645/711/683 653/712/684 644/713/685
f 644/713/685 653/712/684 654/714/686
f 644/713/685 654/714/686 643/715/687
f 643/715/687 654/714/686 655/716/688
f 643/715/687 655/716/688 642/717/689
f 642/717/689 655/716/688 656/718/690
f 642/717/689 656/718/690 641/719/691
f 641/719/691 656/718/690 657/720/692
f 641/719/691 657/720/692 640/721/693
f 640/721/693 657/720/692 658/722/694
f 640/721/693 658/722/694 639/723/695
f 639/723/695 658/722/694 659/724/696
f 639/723/695 659/724/696 638/725/697
f 638/725/697 659/724/696 660/726/698
f 638/725/697 660/726/698 637/727/699
f 637/727/699 660/726/698 661/728/700
f 637/729/699 661/730/700 636/731/701
f 636/731/701 661/730/700 662/732/702
f 636/731/701 662/732/702 635/733/703
f 635/733/703 662/732/702 663/734/704
f 635/733/703 663/734/704 634/735/705
f 634/735/705 663/734/704 664/736/706
f 634/735/705 664/736/706 633/737/707
f 633/737/707 664/736/706 665/738/708
f 633/737/707 665/738/708 632/739/709
f 632/739/709 665/738/708 666/740/710
f 632/739/709 666/740/710 631/741/711
f 631/741/711 666/740/710 667/742/712
f 631/741/711 667/742/712 630/743/713
f 630/743/713 667/742/712 668/744/714
f 630/743/713 668/744/714 629/745/715
f 629/745/715 668/744/714 669/746/716
f 629/745/715 669/746/716 628/747/717
f 628/747/717 669/746/716 670/748/718
f 628/747/717 670/748/718 627/749/719
f 627/749/719 670/748/718 671/750/720
f 627/749/719 671/750/720 626/701/673
f 626/701/673 671/750/720 672/702/674
f 674/751/721 720/752/722 673/753/723
f 673/753/723 720/752/722 697/754/724
f 673/753/723 697/754/724 696/755/725
f 696/755/725 697/754/724 698/756/726
f 696/755/725 698/756/726 695/757/727
f 695/757/727 698/756/726 699/758/728
f 695/757/727 699/758/728 694/759/729
f 694/759/729 699/758/728 700/760/730
f 694/759/729 700/760/730 693/761/731
f 693/761/731 700/760/730 701/762/732
f 693/761/731 701/762/732 692/763/733
f 692/763/733 701/762/732 702/764/734
f 692/763/733 702/764/734 691/765/735
f 691/765/735 702/764/734 703/766/736
f 691/765/735 703/766/736 690/767/737
f 690/767/737 703/766/736 704/768/738
f 690/767/737 704/768/738 689/769/739
f 689/769/739 704/768/738 705/770/740
f 689/769/739 705/770/740 688/771/741
f 688/771/741 705/770/740 706/772/742
f 688/771/741 706/772/742 687/773/743
f 687/773/743 706/772/742 707/774/744
f 687/773/743 707/774/744 686/775/745
f 686/775/745 707/774/744 708/776/746
f 686/775/745 708/776/746 685/777/747
f 685/777/747 708/776/746 709/778/748
f 685/779/747 709/780/748 684/781/749
f 684/781/749 709/780/748 710/782/750
f 684/781/749 710/782/750 683/783/751
f 683/783/751 710/782/750 711/784/752
f 683/783/751 711/784/752 682/785/753
f 682/785/753 711/784/752 712/786/754
f 682/785/753 712/786/754 681/787/755
f 681/787/755 712/786/754 713/788/756
f 681/787/755 713/788/756 680/789/757
f 680/789/757 713/788/756 714/790/758
f 680/789/757 714/790/758 679/791/759
f 679/791/759 714/790/758 715/792/760
f 679/791/759 715/792/760 678/793/761
f 678/793/761 715/792/760 716/794/762
f 678/793/761 716/794/762 677/795/763
f 677/795/763 716/794/762 717/796/764
f 677/795/763 717/796/764 676/797/765
f 676/797/765 717/796/764 718/798/766
f 676/797/765 718/798/766 675/799/767
f 675/799/767 718/798/766 719/800/768
f 675/799/767 719/800/768 674/751/721
f 674/751/721 719/800/768 720/752/722
f 720/801/769 744/802/770 697/803/771
f 697/803/771 744/802/770 721/804/772
f 697/803/771 721/804/772 698/805/773
f 698/805/773 721/804/772 722/806/774
f 698/805/773 722/806/774 699/807/775
f 699/807/775 722/806/774 723/808/776
f 699/807/775 723/808/776 700/809/777
f 700/809/777 723/808/776 724/810/778
f 700/809/777 724/810/778 701/811/779
f 701/811/779 724/810/778 725/812/780
f 701/811/779 725/812/780 702/813/781
f 702/813/781 725/812/780 726/814/782
f 702/813/781 726/814/782 703/815/783
f 703/815/783 726/814/782 727/816/784
f 703/815/783 727/816/784 704/817/785
f 704/817/785 727/816/784 728/818/786
f 704/817/785 728/818/786 705/819/787
f 705/819/787 728/818/786 729/820/788
f 705/819/787 729/820/788 706/821/789
f 706/821/789 729/820/788 730/822/790
f 706/821/789 730/822/790 707/823/791
f 707/823/791 730/822/790 731/824/792
f 707/823/791 731/824/792 708/825/793
f 708/825/793 731/824/792 732/826/794
f 708/825/793 732/826/794 709/827/795
f 709/827/795 732/826/794 733/828/796
f 709/829/795 733/830/796 710/831/797
f 710/831/797 733/830/796 734/832/798
f 710/831/797 734/832/798 711/833/799
f 711/833/799 734/832/798 735/834/800
f 711/833/799 735/834/800 712/835/801
f 712/835/801 735/834/800 736/836/802
f 712/835/801 736/836/802 713/837/803
f 713/837/803 736/836/802 737/838/804
f 713/837/803 737/838/804 714/839/805
f 714/839/805 737/838/804 738/840/806
f 714/839/805 738/840/806 715/841/807
f 715/841/807 738/840/806 739/842/808
f 715/841/807 739/842/808 716/843/809
f 716/843/809 739/842/808 740/844/810
f 716/843/809 740/844/810 717/845/811
f 717/845/811 740/844/810 741/846/812
f 717/845/811 741/846/812 718/847/813
f 718/847/813 741/846/812 742/848/814
f 718/847/813 742/848/814 719/849/815
f 719/849/815 742/848/814 743/850/816
f 719/849/815 743/850/816 720/801/769
f 720/801/769 743/850/816 744/802/770
f 746/851/817 792/852/818 745/853/819
f 745/853/819 792/852/818 769/854/820
f 745/853/819 769/854/820 768/855/821
f 768/855/821 769/854/820 770/856/822
f 768/855/821 770/856/822 767/857/823
f 767/857/823 770/856/822 771/858/824
f 767/857/823 771/858/824 766/859/825
f 766/859/825 771/858/824 772/860/826
f 766/859/825 772/860/826 765/861/827
f 765/861/827 772/860/826 773/862/828
f 765/861/827 773/862/828 764/863/829
f 764/863/829 773/862/828 774/864/830
f 764/863/829 774/864/830 763/865/831
f 763/865/831 774/864/830 775/866/832
f 763/865/831 775/866/832 762/867/833
f 762/867/833 775/866/832 776/868/834
f 762/867/833 776/868/834 761/869/835
f 761/869/835 776/868/834 777/870/836
f 761/869/835 777/870/836 760/871/837
f 760/871/837 777/870/836 778/872/838
f 760/871/837 778/872/838 759/873/839
f 759/873/839 778/872/838 779/874/840
f 759/873/839 779/874/840 758/875/841
f 758/875/841 779/874/840 780/876/842
f 758/875/841 780/876/842 757/877/843
f 757/877/843 780/876/842 781/878/844
f 757/879/843 781/880/844 756/881/845
f 756/881/845 781/880/844 782/882/846
f 756/881/845 782/882/846 755/883/847
f 755/883/847 782/882/846 783/884/848
f 755/883/847 783/884/848 754/885/849
f 754/885/849 783/884/848 784/886/850
f 754/885/849 784/886/850 753/887/851
f 753/887/851 784/886/850 785/888/852
f 753/887/851 785/888/852 752/889/853
f 752/889/853 785/888/852 786/890/854
f 752/889/853 786/890/854 751/891/855
f 751/891/855 786/890/854 787/892/856
f 751/891/855 787/892/856 750/893/857
f 750/893/857 787/892/856 788/894/858
f 750/893/857 788/894/858 749/895/859
f 749/895/859 788/894/858 789/896/860
f 749/895/859 789/896/860 748/897/861
f 748/897/861 789/896/860 790/898/862
f 748/897/861 790/898/862 747/899/863
f 747/899/863 790/898/862 791/900/864
f 747/899/863 791/900/864 746/851/817
f 746/851/817 791/900/864 792/852/818
f 794/901/865 840/902/866 793/903/867
f 793/903/867 840/902/866 817/904/868
f 793/903/867 817/904/868 816/905/869
f 816/905/869 817/904/868 818/906/870
f 816/905/869 818/906/870 815/907/871
f 815/907/871 818/906/870 819/908/872
f 815/907/871 819/908/872 814/909/873
f 814/909/873 819/908/872 820/910/874
f 814/909/873 820/910/874 813/911/875
f 813/911/875 820/910/874 821/912/876
f 813/911/875 821/912/876 812/913/877
f 812/913/877 821/912/876 822/914/878
f 812/913/877 822/914/878 811/915/879
f 811/915/879 822/914/878 823/916/880
f 811/915/879 823/916/880 810/917/881
f 810/917/881 823/916/880 824/918/882
f 810/917/881 824/918/882 809/919/883
f 809/919/883 824/918/882 825/920/884
f 809/919/883 825/920/884 808/921/885
f 808/921/885 825/920/884 826/922/886
f 808/921/885 826/922/886 807/923/887
f 807/923/887 826/922/886 827/924/888
f 807/923/887 827/924/888 806/925/889
f 806/925/889 827/924/888 828/926/890
f 806/925/889 828/926/890 805/927/891
f 805/927/891 828/926/890 829/928/892
f 805/929/891 829/930/892 804/931/893
f 804/931/893 829/930/892 830/932/894
f 804/931/893 830/932/894 803/933/895
f 803/933/895 830/932/894 831/934/896
f 803/933/895 831/934/896 802/935/897
f 802/935/897 831/934/896 832/936/898
f 802/935/897 832/936/898 801/937/899
f 801/937/899 832/936/898 833/938/900
f 801/937/899 833/938/900 800/939/901
f 800/939/901 833/938/900 834/940/902
f 800/939/901 834/940/902 799/941/903
f 799/941/903 834/940/902 835/942/904
f 799/941/903 835/942/904 798/943/905
f 798/943/905 835/942/904 836/944/906
f 798/943/905 836/944/906 797/945/907
f 797/945/907 836/944/906 837/946/908
f 797/945/907 837/946/908 796/947/909
f 796/947/909 837/946/908 838/948/910
f 796/947/909 838/948/910 795/949/911
f 795/949/911 838/948/910 839/950/912
f 795/949/911 839/950/912 794/901/865
f 794/901/865 839/950/912 840/902/866
f 840/951/913 864/952/914 817/953/915
f 817/953/915 864/952/914 841/954/916
f 817/953/915 841/954/916 818/955/917
f 818/955/917 841/954/916 842/956/918
f 818/955/917 842/956/918 819/957/919
f 819/957/919 842/956/918 843/958/920
f 819/957/919 843/958/920 820/959/921
f 820/959/921 843/958/920 844/960/922
f 820/959/921 844/960/922 821/961/923
f 821/961/923 844/960/922 845/962/924
f 821/961/923 845/962/924 822/963/925
f 822/963/925 845/962/924 846/964/926
f 822/963/925 846/964/926 823/965/927
f 823/965/927 846/964/926 847/966/928
f 823/965/927 847/966/928 824/967/929
f 824/967/929 847/966/928 848/968/930
f 824/967/929 848/968/930 825/969/931
f 825/969/931 848/968/930 849/970/932
f 825/969/931 849/970/932 826/971/933
f 826/971/933 849/970/932 850/972/934
f 826/971/933 850/972/934 827/973/935
f 827/973/935 850/972/934 851/974/936
f 827/973/935 851/974/936 828/975/937
f 828/975/937 851/974/936 852/976/938
f 828/975/937 852/976/938 829/977/939
f 829/977/939 852/976/938 853/978/940
f 829/979/939 853/980/940 830/981/941
f 830/981/941 853/980/940 854/982/942
f 830/981/941 854/982/942 831/983/943
f 831/983/943 854/982/942 855/984/944
f 831/983/943 855/984/944 832/985/945
f 832/985/945 855/984/944 856/986/946
f 832/985/945 856/986/946 833/987/947
f 833/987/947 856/986/946 857/988/948
f 833/987/947 857/988/948 834/989/949
f 834/989/949 857/988/948 858/990/950
f 834/989/949 858/990/950 835/991/951
f 835/991/951 858/990/950 859/992/952
f 835/991/951 859/992/952 836/993/953
f 836/993/953 859/992/952 860/994/954
f 836/993/953 860/994/954 837/995/955
f 837/995/955 860/994/954 861/996/956
f 837/995/955 861/996/956 838/997/957
f 838/997/957 861/996/956 862/998/958
f 838/997/957 862/998/958 839/999/959
f 839/999/959 862/998/958 863/1000/960
f 839/999/959 863/1000/960 840/951/913
f 840/951/913 863/1000/960 864/952/914
f 894/1001/961 865/1002/962 893/1003/963
f 893/1003/963 865/1002/962 866/1004/964
f 893/1003/963 866/1004/964 892/1005/965
f 892/1005/965 866/1004/964 867/1006/966
f 892/1005/965 867/1006/966 891/1007/967
f 891/1007/967 867/1006/966 868/1008/968
f 891/1007/967 868/1008/968 890/1009/969
f 890/1009/969 868/1008/968 869/1010/970
f 890/1009/969 869/1010/970 889/1011/971
f 889/1011/971 869/1010/970 870/1012/972
f 889/1011/971 870/1012/972 888/1013/973
f 888/1013/973 870/1012/972 871/1014/974
f 888/1013/973 871/1014/974 887/1015/975
f 887/1015/975 871/1014/974 872/1016/976
f 887/1015/975 872/1016/976 886/1017/977
f 886/1017/977 872/1016/976 873/1018/978
f 886/1017/977 873/1018/978 885/1019/979
f 885/1019/979 873/1018/978 874/1020/980
f 885/1019/979 874/1020/980 884/1021/981
f 884/1021/981 874/1020/980 875/1022/982
f 884/1021/981 875/1022/982 883/1023/983
f 883/1023/983 875/1022/982 876/1024/984
f 883/1023/983 876/1024/984 882/1025/985
f 882/1025/985 876/1024/984 877/1026/986
f 882/1025/985 877/1026/986 881/1027/987
f 881/1027/987 877/1026/986 878/1028/988
f 881/1027/987 878/1028/988 880/1029/989
f 880/1029/989 878/1028/988 879/1030/990
f 895/1031/991 896/1032/992 910/1033/993
f 910/1033/993 896/1032/992 34/1034/994
f 910/1033/993 34/1034/994 33/1035/995
f 897/1036/996 40/1037/997 896/1032/992
f 896/1032/992 40/1037/997 39/1038/998
f 896/1032/992 39/1038/998 38/1039/999
f 898/1040/1000 899/1041/1001 897/1036/996
f 897/1036/996 899/1041/1001 136/1042/1002
f 897/1036/996 136/1042/1002 135/1043/1003
f 900/1044/1004 139/1045/1005 899/1041/1001
f 899/1041/1001 139/1045/1005 138/1046/1006
f 899/1041/1001 138/1046/1006 137/1047/1007
f 901/1048/1008 121/1049/1009 900/1044/1004
f 900/1044/1004 121/1049/1009 144/1050/1010
f 900/1044/1004 144/1050/1010 143/1051/1011
f 902/1052/1012 908/1053/1013 901/1048/1008
f 901/1048/1008 908/1053/1013 44/1054/1014
f 901/1048/1008 44/1054/1014 126/1055/1015
f 126/1055/1015 44/1054/1014 43/1056/1016
f 126/1055/1015 43/1056/1016 127/1057/1017
f 127/1057/1017 43/1056/1016 128/1058/1018
f 128/1058/1018 43/1056/1016 42/1059/1019
f 128/1058/1018 42/1059/1019 129/1060/1020
f 129/1060/1020 42/1059/1019 41/1061/1021
f 129/1060/1020 41/1061/1021 40/1037/997
f 903/1062/1022 912/1063/1023 902/1052/1012
f 902/1052/1012 912/1063/1023 907/1064/1024
f 902/1052/1012 907/1064/1024 908/1053/1013
f 904/1065/1025 235/1066/1026 903/1062/1022
f 903/1062/1022 235/1066/1026 234/1067/1027
f 903/1062/1022 234/1067/1027 233/1068/1028
f 905/1069/1029 336/1070/1030 904/1065/1025
f 904/1065/1025 336/1070/1030 218/1071/1031
f 904/1065/1025 218/1071/1031 217/1072/1032
f 906/1073/1033 319/1074/1034 905/1069/1029
f 905/1069/1029 319/1074/1034 318/1075/1035
f 905/1069/1029 318/1075/1035 317/1076/1036
f 907/1064/1024 913/1077/1037 906/1073/1033
f 906/1073/1033 913/1077/1037 914/1078/1038
f 906/1073/1033 914/1078/1038 322/1079/1039
f 322/1079/1039 914/1078/1038 323/1080/1040
f 323/1080/1040 914/1078/1038 324/1081/1041
f 324/1081/1041 914/1078/1038 325/1082/1042
f 325/1082/1042 914/1078/1038 326/1083/1043
f 326/1083/1043 914/1078/1038 327/1084/1044
f 327/1084/1044 914/1078/1038 911/1085/1045
f 327/1084/1044 911/1085/1045 227/1086/1046
f 227/1086/1046 911/1085/1045 228/1087/1047
f 228/1087/1047 911/1085/1045 229/1088/1048
f 229/1088/1048 911/1085/1045 230/1089/1049
f 230/1089/1049 911/1085/1045 231/1090/1050
f 231/1090/1050 911/1085/1045 232/1091/1051
f 232/1091/1051 911/1085/1045 903/1062/1022
f 232/1091/1051 903/1062/1022 233/1068/1028
f 909/1092/1052 25/1093/1053 908/1053/1013
f 908/1053/1013 25/1093/1053 48/1094/1054
f 908/1053/1013 48/1094/1054 47/1095/1055
f 910/1033/993 31/1096/1056 909/1092/1052
f 909/1092/1052 31/1096/1056 30/1097/1057
f 909/1092/1052 30/1097/1057 29/1098/1058
f 911/1085/1045 912/1063/1023 903/1062/1022
f 912/1063/1023 913/1077/1037 907/1064/1024
f 47/1095/1055 46/1099/1059 908/1053/1013
f 908/1053/1013 46/1099/1059 45/1100/1060
f 908/1053/1013 45/1100/1060 44/1054/1014
f 38/1039/999 37/1101/1061 896/1032/992
f 896/1032/992 37/1101/1061 36/1102/1062
f 896/1032/992 36/1102/1062 35/1103/1063
f 35/1103/1063 34/1034/994 896/1032/992
f 33/1035/995 32/1104/1064 910/1033/993
f 910/1033/993 32/1104/1064 31/1096/1056
f 29/1098/1058 28/1105/1065 909/1092/1052
f 909/1092/1052 28/1105/1065 27/1106/1066
f 909/1092/1052 27/1106/1066 26/1107/1067
f 26/1107/1067 25/1093/1053 909/1092/1052
f 143/1051/1011 142/1108/1068 900/1044/1004
f 900/1044/1004 142/1108/1068 141/1109/1069
f 900/1044/1004 141/1109/1069 140/1110/1070
f 140/1110/1070 139/1045/1005 900/1044/1004
f 137/1047/1007 136/1042/1002 899/1041/1001
f 135/1043/1003 134/1111/1071 897/1036/996
f 897/1036/996 134/1111/1071 133/1112/1072
f 897/1036/996 133/1112/1072 132/1113/1073
f 132/1113/1073 131/1114/1074 897/1036/996
f 897/1036/996 131/1114/1074 130/1115/1075
f 897/1036/996 130/1115/1075 40/1037/997
f 40/1037/997 130/1115/1075 129/1060/1020
f 126/1055/1015 125/1116/1076 901/1048/1008
f 901/1048/1008 125/1116/1076 124/1117/1077
f 901/1048/1008 124/1117/1077 123/1118/1078
f 123/1118/1078 122/1119/1079 901/1048/1008
f 901/1048/1008 122/1119/1079 121/1049/1009
f 217/1072/1032 240/1120/1080 904/1065/1025
f 904/1065/1025 240/1120/1080 239/1121/1081
f 904/1065/1025 239/1121/1081 238/1122/1082
f 238/1122/1082 237/1123/1083 904/1065/1025
f 904/1065/1025 237/1123/1083 236/1124/1084
f 904/1065/1025 236/1124/1084 235/1066/1026
f 327/1084/1044 227/1086/1046 328/1125/1085
f 328/1125/1085 227/1086/1046 226/1126/1086
f 328/1125/1085 226/1126/1086 329/1127/1087
f 329/1127/1087 226/1126/1086 225/1128/1088
f 329/1127/1087 225/1128/1088 330/1129/1089
f 330/1129/1089 225/1128/1088 224/1130/1090
f 330/1129/1089 224/1130/1090 331/1131/1091
f 331/1131/1091 224/1130/1090 223/1132/1092
f 331/1131/1091 223/1132/1092 222/1133/1093
f 331/1131/1091 222/1133/1093 332/1134/1094
f 332/1134/1094 222/1133/1093 221/1135/1095
f 332/1134/1094 221/1135/1095 333/1136/1096
f 333/1136/1096 221/1135/1095 220/1137/1097
f 333/1136/1096 220/1137/1097 334/1138/1098
f 334/1138/1098 220/1137/1097 219/1139/1099
f 334/1138/1098 219/1139/1099 335/1140/1100
f 335/1140/1100 219/1139/1099 218/1071/1031
f 335/1140/1100 218/1071/1031 336/1070/1030
f 314/1141/1101 313/1142/1102 905/1069/1029
f 905/1069/1029 313/1142/1102 336/1070/1030
f 322/1079/1039 321/1143/1103 906/1073/1033
f 906/1073/1033 321/1143/1103 320/1144/1104
f 906/1073/1033 320/1144/1104 319/1074/1034
f 317/1076/1036 316/1145/1105 905/1069/1029
f 905/1069/1029 316/1145/1105 315/1146/1106
f 905/1069/1029 315/1146/1106 314/1141/1101
f 903/1147/1107 915/1148/1108 904/1149/1109
f 904/1149/1109 915/1148/1108 916/1150/1110
f 909/1151/1111 917/1152/1112 910/1153/1113
f 910/1153/1113 917/1152/1112 918/1154/1114
f 904/1155/1115 916/1156/1116 905/1157/1117
f 905/1157/1117 916/1156/1116 919/1158/1118
f 920/1159/1119 900/1160/1120 921/1161/1121
f 921/1161/1121 900/1160/1120 899/1162/1122
f 910/1163/1123 918/1164/1124 895/1165/1125
f 895/1165/1125 918/1164/1124 921/1166/1126
f 895/1165/1125 921/1166/1126 898/1167/1127
f 898/1167/1127 921/1166/1126 899/1168/1128
f 894/1169/1129 628/1170/1130 898/1167/1127
f 898/1167/1127 628/1170/1130 627/1171/1131
f 898/1167/1127 627/1171/1131 626/1172/1132
f 893/1173/1133 633/1174/1134 894/1169/1129
f 894/1169/1129 633/1174/1134 632/1175/1135
f 894/1169/1129 632/1175/1135 631/1176/1136
f 892/1177/1137 635/1178/1138 893/1173/1133
f 893/1173/1133 635/1178/1138 634/1179/1139
f 893/1173/1133 634/1179/1139 633/1174/1134
f 891/1180/1140 637/1181/1141 892/1177/1137
f 892/1177/1137 637/1181/1141 636/1182/1142
f 892/1177/1137 636/1182/1142 635/1178/1138
f 890/1183/1143 639/1184/1144 891/1180/1140
f 891/1180/1140 639/1184/1144 638/1185/1145
f 891/1180/1140 638/1185/1145 637/1181/1141
f 639/1184/1144 890/1183/1143 510/1186/1146
f 510/1186/1146 890/1183/1143 889/1187/1147
f 510/1186/1146 889/1187/1147 511/1188/1148
f 511/1188/1148 889/1187/1147 512/1189/1149
f 512/1189/1149 889/1187/1147 888/1190/1150
f 512/1189/1149 888/1190/1150 513/1191/1151
f 513/1191/1151 888/1190/1150 514/1192/1152
f 514/1192/1152 888/1190/1150 515/1193/1153
f 515/1193/1153 888/1190/1150 887/1194/1154
f 515/1193/1153 887/1194/1154 516/1195/1155
f 516/1195/1155 887/1194/1154 517/1196/1156
f 517/1196/1156 887/1194/1154 518/1197/1157
f 518/1197/1157 887/1194/1154 519/1198/1158
f 519/1198/1158 887/1194/1154 886/1199/1159
f 519/1198/1158 886/1199/1159 520/1200/1160
f 520/1200/1160 886/1199/1159 521/1201/1161
f 521/1201/1161 886/1199/1159 522/1202/1162
f 522/1202/1162 886/1199/1159 885/1203/1163
f 522/1202/1162 885/1203/1163 523/1204/1164
f 523/1204/1164 885/1203/1163 524/1205/1165
f 524/1205/1165 885/1203/1163 884/1206/1166
f 524/1205/1165 884/1206/1166 395/1207/1167
f 395/1207/1167 884/1206/1166 883/1208/1168
f 395/1207/1167 883/1208/1168 396/1209/1169
f 396/1209/1169 883/1208/1168 397/1210/1170
f 397/1210/1170 883/1208/1168 882/1211/1171
f 397/1210/1170 882/1211/1171 398/1212/1172
f 398/1212/1172 882/1211/1171 399/1213/1173
f 399/1213/1173 882/1211/1171 881/1214/1174
f 399/1213/1173 881/1214/1174 400/1215/1175
f 400/1215/1175 881/1214/1174 401/1216/1176
f 401/1216/1176 881/1214/1174 880/1217/1177
f 401/1216/1176 880/1217/1177 402/1218/1178
f 402/1218/1178 880/1217/1177 403/1219/1179
f 403/1219/1179 880/1217/1177 404/1220/1180
f 404/1220/1180 880/1217/1177 405/1221/1181
f 405/1221/1181 880/1217/1177 406/1222/1182
f 406/1222/1182 880/1217/1177 895/1165/1125
f 406/1222/1182 895/1165/1125 407/1223/1183
f 407/1223/1183 895/1165/1125 408/1224/1184
f 408/1224/1184 895/1165/1125 764/1225/1185
f 408/1224/1184 764/1225/1185 385/1226/1186
f 385/1226/1186 764/1225/1185 763/1227/1187
f 385/1226/1186 763/1227/1187 386/1228/1188
f 386/1228/1188 763/1227/1187 387/1229/1189
f 387/1229/1189 763/1227/1187 762/1230/1190
f 387/1229/1189 762/1230/1190 388/1231/1191
f 388/1231/1191 762/1230/1190 761/1232/1192
f 388/1231/1191 761/1232/1192 389/1233/1193
f 389/1233/1193 761/1232/1192 760/1234/1194
f 389/1233/1193 760/1234/1194 390/1235/1195
f 390/1235/1195 760/1234/1194 759/1236/1196
f 390/1235/1195 759/1236/1196 391/1237/1197
f 391/1237/1197 759/1236/1196 758/1238/1198
f 391/1237/1197 758/1238/1198 528/1239/1199
f 528/1239/1199 758/1238/1198 505/1240/1200
f 505/1240/1200 758/1238/1198 757/1241/1201
f 505/1240/1200 757/1241/1201 506/1242/1202
f 506/1242/1202 757/1241/1201 756/1243/1203
f 506/1242/1202 756/1243/1203 643/1244/1204
f 643/1244/1204 756/1243/1203 755/1245/1205
f 643/1244/1204 755/1245/1205 644/1246/1206
f 644/1246/1206 755/1245/1205 754/1247/1207
f 644/1246/1206 754/1247/1207 645/1248/1208
f 645/1248/1208 754/1247/1207 753/1249/1209
f 645/1248/1208 753/1249/1209 646/1250/1210
f 646/1250/1210 753/1249/1209 752/1251/1211
f 646/1250/1210 752/1251/1211 647/1252/1212
f 647/1252/1212 752/1251/1211 751/1253/1213
f 647/1252/1212 751/1253/1213 648/1254/1214
f 648/1254/1214 751/1253/1213 625/1255/1215
f 625/1255/1215 751/1253/1213 750/1256/1216
f 625/1255/1215 750/1256/1216 626/1172/1132
f 626/1172/1132 750/1256/1216 898/1167/1127
f 395/1207/1167 394/1257/1217 524/1205/1165
f 524/1205/1165 394/1257/1217 525/1258/1218
f 525/1258/1218 394/1257/1217 393/1259/1219
f 525/1258/1218 393/1259/1219 526/1260/1220
f 526/1260/1220 393/1259/1219 392/1261/1221
f 526/1260/1220 392/1261/1221 527/1262/1222
f 527/1262/1222 392/1261/1221 391/1237/1197
f 527/1262/1222 391/1237/1197 528/1239/1199
f 639/1184/1144 510/1186/1146 640/1263/1223
f 640/1263/1223 510/1186/1146 509/1264/1224
f 640/1263/1223 509/1264/1224 641/1265/1225
f 641/1265/1225 509/1264/1224 508/1266/1226
f 641/1265/1225 508/1266/1226 642/1267/1227
f 642/1267/1227 508/1266/1226 507/1268/1228
f 642/1267/1227 507/1268/1228 643/1244/1204
f 643/1244/1204 507/1268/1228 506/1242/1202
f 631/1176/1136 630/1269/1229 894/1169/1129
f 894/1169/1129 630/1269/1229 629/1270/1230
f 894/1169/1129 629/1270/1230 628/1170/1130
f 768/1271/1231 895/1165/1125 745/1272/1232
f 745/1272/1232 895/1165/1125 898/1167/1127
f 745/1272/1232 898/1167/1127 746/1273/1233
f 746/1273/1233 898/1167/1127 747/1274/1234
f 747/1274/1234 898/1167/1127 748/1275/1235
f 748/1275/1235 898/1167/1127 749/1276/1236
f 749/1276/1236 898/1167/1127 750/1256/1216
f 768/1271/1231 767/1277/1237 895/1165/1125
f 895/1165/1125 767/1277/1237 766/1278/1238
f 895/1165/1125 766/1278/1238 765/1279/1239
f 765/1279/1239 764/1225/1185 895/1165/1125
f 922/1280/1240 906/1281/1241 919/1282/1242
f 919/1282/1242 906/1281/1241 905/1283/1243
f 915/1284/1244 248/1285/1245 916/1286/1246
f 916/1286/1246 248/1285/1245 247/1287/1247
f 916/1286/1246 247/1287/1247 246/1288/1248
f 923/1289/1249 253/1290/1250 915/1284/1244
f 915/1284/1244 253/1290/1250 252/1291/1251
f 915/1284/1244 252/1291/1251 251/1292/1252
f 924/1293/1253 926/1294/1254 923/1289/1249
f 923/1289/1249 926/1294/1254 343/1295/1255
f 923/1289/1249 343/1295/1255 259/1296/1256
f 259/1296/1256 343/1295/1255 260/1297/1257
f 260/1297/1257 343/1295/1255 342/1298/1258
f 260/1297/1257 342/1298/1258 261/1299/1259
f 261/1299/1259 342/1298/1258 341/1300/1260
f 261/1299/1259 341/1300/1260 262/1301/1261
f 262/1301/1261 341/1300/1260 340/1302/1262
f 262/1301/1261 340/1302/1262 263/1303/1263
f 263/1303/1263 340/1302/1262 339/1304/1264
f 263/1303/1263 339/1304/1264 916/1286/1246
f 916/1286/1246 339/1304/1264 919/1305/1265
f 919/1305/1265 339/1304/1264 338/1306/1266
f 919/1305/1265 338/1306/1266 337/1307/1267
f 920/1308/1268 145/1309/1269 924/1293/1253
f 924/1293/1253 145/1309/1269 168/1310/1270
f 924/1293/1253 168/1310/1270 167/1311/1271
f 921/1312/1272 151/1313/1273 920/1308/1268
f 920/1308/1268 151/1313/1273 150/1314/1274
f 920/1308/1268 150/1314/1274 149/1315/1275
f 918/1316/1276 58/1317/1277 921/1312/1272
f 921/1312/1272 58/1317/1277 160/1318/1278
f 921/1312/1272 160/1318/1278 159/1319/1279
f 917/1320/1280 67/1321/1281 918/1316/1276
f 918/1316/1276 67/1321/1281 66/1322/1282
f 918/1316/1276 66/1322/1282 65/1323/1283
f 925/1324/1284 49/1325/1285 917/1320/1280
f 917/1320/1280 49/1325/1285 72/1326/1286
f 917/1320/1280 72/1326/1286 71/1327/1287
f 926/1294/1254 924/1293/1253 925/1324/1284
f 925/1324/1284 924/1293/1253 55/1328/1288
f 925/1324/1284 55/1328/1288 54/1329/1289
f 922/1330/1290 349/1331/1291 926/1294/1254
f 926/1294/1254 349/1331/1291 348/1332/1292
f 926/1294/1254 348/1332/1292 347/1333/1293
f 919/1305/1265 354/1334/1294 922/1330/1290
f 922/1330/1290 354/1334/1294 353/1335/1295
f 922/1330/1290 353/1335/1295 352/1336/1296
f 71/1327/1287 70/1337/1297 917/1320/1280
f 917/1320/1280 70/1337/1297 69/1338/1298
f 917/1320/1280 69/1338/1298 68/1339/1299
f 68/1339/1299 67/1321/1281 917/1320/1280
f 65/1323/1283 64/1340/1300 918/1316/1276
f 918/1316/1276 64/1340/1300 63/1341/1301
f 918/1316/1276 63/1341/1301 62/1342/1302
f 62/1342/1302 61/1343/1303 918/1316/1276
f 918/1316/1276 61/1343/1303 60/1344/1304
f 918/1316/1276 60/1344/1304 59/1345/1305
f 59/1345/1305 58/1317/1277 918/1316/1276
f 160/1318/1278 58/1317/1277 161/1346/1306
f 161/1346/1306 58/1317/1277 57/1347/1307
f 161/1346/1306 57/1347/1307 56/1348/1308
f 161/1346/1306 56/1348/1308 162/1349/1309
f 162/1349/1309 56/1348/1308 55/1328/1288
f 162/1349/1309 55/1328/1288 163/1350/1310
f 163/1350/1310 55/1328/1288 924/1293/1253
f 163/1350/1310 924/1293/1253 164/1351/1311
f 164/1351/1311 924/1293/1253 165/1352/1312
f 165/1352/1312 924/1293/1253 166/1353/1313
f 166/1353/1313 924/1293/1253 167/1311/1271
f 54/1329/1289 53/1354/1314 925/1324/1284
f 925/1324/1284 53/1354/1314 52/1355/1315
f 925/1324/1284 52/1355/1315 51/1356/1316
f 51/1356/1316 50/1357/1317 925/1324/1284
f 925/1324/1284 50/1357/1317 49/1325/1285
f 159/1319/1279 158/1358/1318 921/1312/1272
f 921/1312/1272 158/1358/1318 157/1359/1319
f 921/1312/1272 157/1359/1319 156/1360/1320
f 156/1360/1320 155/1361/1321 921/1312/1272
f 921/1312/1272 155/1361/1321 154/1362/1322
f 921/1312/1272 154/1362/1322 153/1363/1323
f 153/1363/1323 152/1364/1324 921/1312/1272
f 921/1312/1272 152/1364/1324 151/1313/1273
f 149/1315/1275 148/1365/1325 920/1308/1268
f 920/1308/1268 148/1365/1325 147/1366/1326
f 920/1308/1268 147/1366/1326 146/1367/1327
f 146/1367/1327 145/1309/1269 920/1308/1268
f 242/1368/1328 241/1369/1329 916/1286/1246
f 916/1286/1246 241/1369/1329 264/1370/1330
f 916/1286/1246 264/1370/1330 263/1303/1263
f 259/1296/1256 258/1371/1331 923/1289/1249
f 923/1289/1249 258/1371/1331 257/1372/1332
f 923/1289/1249 257/1372/1332 256/1373/1333
f 256/1373/1333 255/1374/1334 923/1289/1249
f 923/1289/1249 255/1374/1334 254/1375/1335
f 923/1289/1249 254/1375/1335 253/1290/1250
f 251/1292/1252 250/1376/1336 915/1284/1244
f 915/1284/1244 250/1376/1336 249/1377/1337
f 915/1284/1244 249/1377/1337 248/1285/1245
f 246/1288/1248 245/1378/1338 916/1286/1246
f 916/1286/1246 245/1378/1338 244/1379/1339
f 916/1286/1246 244/1379/1339 243/1380/1340
f 243/1380/1340 242/1368/1328 916/1286/1246
f 337/1307/1267 360/1381/1341 919/1305/1265
f 919/1305/1265 360/1381/1341 359/1382/1342
f 919/1305/1265 359/1382/1342 358/1383/1343
f 358/1383/1343 357/1384/1344 919/1305/1265
f 919/1305/1265 357/1384/1344 356/1385/1345
f 919/1305/1265 356/1385/1345 355/1386/1346
f 355/1386/1346 354/1334/1294 919/1305/1265
f 352/1336/1296 351/1387/1347 922/1330/1290
f 922/1330/1290 351/1387/1347 350/1388/1348
f 922/1330/1290 350/1388/1348 349/1331/1291
f 347/1333/1293 346/1389/1349 926/1294/1254
f 926/1294/1254 346/1389/1349 345/1390/1350
f 926/1294/1254 345/1390/1350 344/1391/1351
f 344/1391/1351 343/1295/1255 926/1294/1254
f 917/1392/1352 909/1393/1353 925/1394/1354
f 925/1394/1354 909/1393/1353 908/1395/1355
f 925/1396/1356 908/1397/1357 926/1398/1358
f 926/1398/1358 908/1397/1357 907/1399/1359
f 926/1400/1360 907/1401/1361 922/1402/1362
f 922/1402/1362 907/1401/1361 906/1403/1363
f 915/1404/1364 903/1405/1365 923/1406/1366
f 923/1406/1366 903/1405/1365 902/1407/1367
f 923/1408/1368 902/1409/1369 924/1410/1370
f 924/1410/1370 902/1409/1369 901/1411/1371
f 924/1412/1372 901/1413/1373 920/1414/1374
f 920/1414/1374 901/1413/1373 900/1415/1375
f 894/1416/1376 898/1417/1377 865/1418/1378
f 865/1418/1378 898/1417/1377 897/1419/1379
f 895/1420/1380 880/1421/1381 896/1422/1382
f 896/1422/1382 880/1421/1381 879/1423/1383
f 878/1424/1384 417/1425/1385 879/1426/1386
f 879/1426/1386 417/1425/1385 416/1427/1387
f 879/1426/1386 416/1427/1387 415/1428/1388
f 877/1429/1389 419/1430/1390 878/1424/1384
f 878/1424/1384 419/1430/1390 418/1431/1391
f 878/1424/1384 418/1431/1391 417/1425/1385
f 876/1432/1392 421/1433/1393 877/1429/1389
f 877/1429/1389 421/1433/1393 420/1434/1394
f 877/1429/1389 420/1434/1394 419/1430/1390
f 875/1435/1395 423/1436/1396 876/1432/1392
f 876/1432/1392 423/1436/1396 422/1437/1397
f 876/1432/1392 422/1437/1397 421/1433/1393
f 874/1438/1398 534/1439/1399 875/1435/1395
f 875/1435/1395 534/1439/1399 424/1440/1400
f 875/1435/1395 424/1440/1400 423/1436/1396
f 873/1441/1401 536/1442/1402 874/1438/1398
f 874/1438/1398 536/1442/1402 535/1443/1403
f 874/1438/1398 535/1443/1403 534/1439/1399
f 872/1444/1404 539/1445/1405 873/1441/1401
f 873/1441/1401 539/1445/1405 538/1446/1406
f 873/1441/1401 538/1446/1406 537/1447/1407
f 871/1448/1408 543/1449/1409 872/1444/1404
f 872/1444/1404 543/1449/1409 542/1450/1410
f 872/1444/1404 542/1450/1410 541/1451/1411
f 870/1452/1412 546/1453/1413 871/1448/1408
f 871/1448/1408 546/1453/1413 545/1454/1414
f 871/1448/1408 545/1454/1414 544/1455/1415
f 869/1456/1416 548/1457/1417 870/1452/1412
f 870/1452/1412 548/1457/1417 547/1458/1418
f 870/1452/1412 547/1458/1418 546/1453/1413
f 868/1459/1419 659/1460/1420 869/1456/1416
f 869/1456/1416 659/1460/1420 658/1461/1421
f 869/1456/1416 658/1461/1421 548/1457/1417
f 548/1457/1417 658/1461/1421 549/1462/1422
f 549/1462/1422 658/1461/1421 657/1463/1423
f 549/1462/1422 657/1463/1423 550/1464/1424
f 550/1464/1424 657/1463/1423 656/1465/1425
f 550/1464/1424 656/1465/1425 551/1466/1426
f 551/1466/1426 656/1465/1425 655/1467/1427
f 551/1466/1426 655/1467/1427 552/1468/1428
f 552/1468/1428 655/1467/1427 782/1469/1429
f 552/1468/1428 782/1469/1429 529/1470/1430
f 529/1470/1430 782/1469/1429 781/1471/1431
f 529/1470/1430 781/1471/1431 530/1472/1432
f 530/1472/1432 781/1471/1431 780/1473/1433
f 530/1472/1432 780/1473/1433 427/1474/1434
f 427/1474/1434 780/1473/1433 779/1475/1435
f 427/1474/1434 779/1475/1435 428/1476/1436
f 428/1476/1436 779/1475/1435 778/1477/1437
f 428/1476/1436 778/1477/1437 429/1478/1438
f 429/1478/1438 778/1477/1437 777/1479/1439
f 429/1478/1438 777/1479/1439 430/1480/1440
f 430/1480/1440 777/1479/1439 776/1481/1441
f 430/1480/1440 776/1481/1441 431/1482/1442
f 431/1482/1442 776/1481/1441 775/1483/1443
f 431/1482/1442 775/1483/1443 432/1484/1444
f 432/1484/1444 775/1483/1443 409/1485/1445
f 409/1485/1445 775/1483/1443 774/1486/1446
f 409/1485/1445 774/1486/1446 896/1487/1447
f 896/1487/1447 774/1486/1446 773/1488/1448
f 896/1487/1447 773/1488/1448 772/1489/1449
f 867/1490/1450 661/1491/1451 868/1459/1419
f 868/1459/1419 661/1491/1451 660/1492/1452
f 868/1459/1419 660/1492/1452 659/1460/1420
f 866/1493/1453 663/1494/1454 867/1490/1450
f 867/1490/1450 663/1494/1454 662/1495/1455
f 867/1490/1450 662/1495/1455 661/1491/1451
f 865/1496/1456 665/1497/1457 866/1493/1453
f 866/1493/1453 665/1497/1457 664/1498/1458
f 866/1493/1453 664/1498/1458 663/1494/1454
f 897/1499/1459 670/1500/1460 865/1496/1456
f 865/1496/1456 670/1500/1460 669/1501/1461
f 865/1496/1456 669/1501/1461 668/1502/1462
f 896/1487/1447 769/1503/1463 897/1499/1459
f 897/1499/1459 769/1503/1463 792/1504/1464
f 897/1499/1459 792/1504/1464 791/1505/1465
f 879/1426/1386 412/1506/1466 896/1487/1447
f 896/1487/1447 412/1506/1466 411/1507/1467
f 896/1487/1447 411/1507/1467 410/1508/1468
f 530/1472/1432 427/1474/1434 531/1509/1469
f 531/1509/1469 427/1474/1434 426/1510/1470
f 531/1509/1469 426/1510/1470 532/1511/1471
f 532/1511/1471 426/1510/1470 425/1512/1472
f 532/1511/1471 425/1512/1472 533/1513/1473
f 533/1513/1473 425/1512/1472 424/1440/1400
f 533/1513/1473 424/1440/1400 534/1439/1399
f 415/1428/1388 414/1514/1474 879/1426/1386
f 879/1426/1386 414/1514/1474 413/1515/1475
f 879/1426/1386 413/1515/1475 412/1506/1466
f 410/1508/1468 409/1485/1445 896/1487/1447
f 544/1455/1415 543/1449/1409 871/1448/1408
f 541/1451/1411 540/1516/1476 872/1444/1404
f 872/1444/1404 540/1516/1476 539/1445/1405
f 537/1447/1407 536/1442/1402 873/1441/1401
f 672/1517/1477 897/1499/1459 649/1518/1478
f 649/1518/1478 897/1499/1459 788/1519/1479
f 649/1518/1478 788/1519/1479 787/1520/1480
f 672/1517/1477 671/1521/1481 897/1499/1459
f 897/1499/1459 671/1521/1481 670/1500/1460
f 668/1502/1462 667/1522/1482 865/1496/1456
f 865/1496/1456 667/1522/1482 666/1523/1483
f 865/1496/1456 666/1523/1483 665/1497/1457
f 782/1469/1429 655/1467/1427 783/1524/1484
f 783/1524/1484 655/1467/1427 654/1525/1485
f 783/1524/1484 654/1525/1485 784/1526/1486
f 784/1526/1486 654/1525/1485 653/1527/1487
f 784/1526/1486 653/1527/1487 785/1528/1488
f 785/1528/1488 653/1527/1487 652/1529/1489
f 785/1528/1488 652/1529/1489 786/1530/1490
f 786/1530/1490 652/1529/1489 651/1531/1491
f 786/1530/1490 651/1531/1491 787/1520/1480
f 787/1520/1480 651/1531/1491 650/1532/1492
f 787/1520/1480 650/1532/1492 649/1518/1478
f 791/1505/1465 790/1533/1493 897/1499/1459
f 897/1499/1459 790/1533/1493 789/1534/1494
f 897/1499/1459 789/1534/1494 788/1519/1479
f 772/1489/1449 771/1535/1495 896/1487/1447
f 896/1487/1447 771/1535/1495 770/1536/1496
f 896/1487/1447 770/1536/1496 769/1503/1463
f 956/1537/1497 927/1538/1498 955/1539/1499
f 955/1539/1499 927/1538/1498 928/1540/1500
f 955/1539/1499 928/1540/1500 954/1541/1501
f 954/1541/1501 928/1540/1500 929/1542/1502
f 954/1541/1501 929/1542/1502 953/1543/1503
f 953/1543/1503 929/1542/1502 930/1544/1504
f 953/1543/1503 930/1544/1504 952/1545/1505
f 952/1545/1505 930/1544/1504 931/1546/1506
f 952/1545/1505 931/1546/1506 951/1547/1507
f 951/1547/1507 931/1546/1506 932/1548/1508
f 951/1547/1507 932/1548/1508 950/1549/1509
f 950/1549/1509 932/1548/1508 933/1550/1510
f 950/1549/1509 933/1550/1510 949/1551/1511
f 949/1551/1511 933/1550/1510 934/1552/1512
f 949/1551/1511 934/1552/1512 948/1553/1513
f 948/1553/1513 934/1552/1512 935/1554/1514
f 948/1553/1513 935/1554/1514 947/1555/1515
f 947/1555/1515 935/1554/1514 936/1556/1516
f 947/1555/1515 936/1556/1516 946/1557/1517
f 946/1557/1517 936/1556/1516 937/1558/1518
f 946/1557/1517 937/1558/1518 945/1559/1519
f 945/1559/1519 937/1558/1518 938/1560/1520
f 945/1559/1519 938/1560/1520 944/1561/1521
f 944/1561/1521 938/1560/1520 939/1562/1522
f 944/1561/1521 939/1562/1522 943/1563/1523
f 943/1563/1523 939/1562/1522 940/1564/1524
f 943/1563/1523 940/1564/1524 942/1565/1525
f 942/1565/1525 940/1564/1524 941/1566/1526
f 941/1567/1527 914/1568/1528 942/1569/1529
f 942/1569/1529 914/1568/1528 913/1570/1530
f 911/1571/1531 927/1572/1532 912/1573/1533
f 912/1573/1533 927/1572/1532 956/1574/1534
f 955/1575/1535 681/1576/1536 956/1577/1537
f 956/1577/1537 681/1576/1536 680/1578/1538
f 956/1577/1537 680/1578/1538 679/1579/1539
f 954/1580/1540 683/1581/1541 955/1575/1535
f 955/1575/1535 683/1581/1541 682/1582/1542
f 955/1575/1535 682/1582/1542 681/1576/1536
f 953/1583/1543 685/1584/1544 954/1580/1540
f 954/1580/1540 685/1584/1544 684/1585/1545
f 954/1580/1540 684/1585/1545 683/1581/1541
f 952/1586/1546 687/1587/1547 953/1583/1543
f 953/1583/1543 687/1587/1547 686/1588/1548
f 953/1583/1543 686/1588/1548 685/1584/1544
f 951/1589/1549 558/1590/1550 952/1586/1546
f 952/1586/1546 558/1590/1550 688/1591/1551
f 952/1586/1546 688/1591/1551 687/1587/1547
f 950/1592/1552 560/1593/1553 951/1589/1549
f 951/1589/1549 560/1593/1553 559/1594/1554
f 951/1589/1549 559/1594/1554 558/1590/1550
f 949/1595/1555 563/1596/1556 950/1592/1552
f 950/1592/1552 563/1596/1556 562/1597/1557
f 950/1592/1552 562/1597/1557 561/1598/1558
f 948/1599/1559 567/1600/1560 949/1595/1555
f 949/1595/1555 567/1600/1560 566/1601/1561
f 949/1595/1555 566/1601/1561 565/1602/1562
f 947/1603/1563 570/1604/1564 948/1599/1559
f 948/1599/1559 570/1604/1564 569/1605/1565
f 948/1599/1559 569/1605/1565 568/1606/1566
f 946/1607/1567 572/1608/1568 947/1603/1563
f 947/1603/1563 572/1608/1568 571/1609/1569
f 947/1603/1563 571/1609/1569 570/1604/1564
f 945/1610/1570 443/1611/1571 946/1607/1567
f 946/1607/1567 443/1611/1571 442/1612/1572
f 946/1607/1567 442/1612/1572 572/1608/1568
f 572/1608/1568 442/1612/1572 573/1613/1573
f 573/1613/1573 442/1612/1572 441/1614/1574
f 573/1613/1573 441/1614/1574 574/1615/1575
f 574/1615/1575 441/1614/1574 440/1616/1576
f 574/1615/1575 440/1616/1576 575/1617/1577
f 575/1617/1577 440/1616/1576 439/1618/1578
f 575/1617/1577 439/1618/1578 576/1619/1579
f 576/1619/1579 439/1618/1578 806/1620/1580
f 576/1619/1579 806/1620/1580 553/1621/1581
f 553/1621/1581 806/1620/1580 805/1622/1582
f 553/1621/1581 805/1622/1582 554/1623/1583
f 554/1623/1583 805/1622/1582 804/1624/1584
f 554/1623/1583 804/1624/1584 691/1625/1585
f 691/1625/1585 804/1624/1584 803/1626/1586
f 691/1625/1585 803/1626/1586 692/1627/1587
f 692/1627/1587 803/1626/1586 802/1628/1588
f 692/1627/1587 802/1628/1588 693/1629/1589
f 693/1629/1589 802/1628/1588 801/1630/1590
f 693/1629/1589 801/1630/1590 694/1631/1591
f 694/1631/1591 801/1630/1590 800/1632/1592
f 694/1631/1591 800/1632/1592 695/1633/1593
f 695/1633/1593 800/1632/1592 799/1634/1594
f 695/1633/1593 799/1634/1594 696/1635/1595
f 696/1635/1595 799/1634/1594 673/1636/1596
f 673/1636/1596 799/1634/1594 798/1637/1597
f 673/1636/1596 798/1637/1597 912/1638/1598
f 912/1638/1598 798/1637/1597 797/1639/1599
f 912/1638/1598 797/1639/1599 796/1640/1600
f 944/1641/1601 445/1642/1602 945/1610/1570
f 945/1610/1570 445/1642/1602 444/1643/1603
f 945/1610/1570 444/1643/1603 443/1611/1571
f 943/1644/1604 447/1645/1605 944/1641/1601
f 944/1641/1601 447/1645/1605 446/1646/1606
f 944/1641/1601 446/1646/1606 445/1642/1602
f 942/1647/1607 449/1648/1608 943/1644/1604
f 943/1644/1604 449/1648/1608 448/1649/1609
f 943/1644/1604 448/1649/1609 447/1645/1605
f 913/1650/1610 454/1651/1611 942/1647/1607
f 942/1647/1607 454/1651/1611 453/1652/1612
f 942/1647/1607 453/1652/1612 452/1653/1613
f 912/1638/1598 793/1654/1614 913/1650/1610
f 913/1650/1610 793/1654/1614 816/1655/1615
f 913/1650/1610 816/1655/1615 815/1656/1616
f 956/1577/1537 676/1657/1617 912/1638/1598
f 912/1638/1598 676/1657/1617 675/1658/1618
f 912/1638/1598 675/1658/1618 674/1659/1619
f 456/1660/1620 913/1650/1610 433/1661/1621
f 433/1661/1621 913/1650/1610 812/1662/1622
f 433/1661/1621 812/1662/1622 811/1663/1623
f 456/1660/1620 455/1664/1624 913/1650/1610
f 913/1650/1610 455/1664/1624 454/1651/1611
f 452/1653/1613 451/1665/1625 942/1647/1607
f 942/1647/1607 451/1665/1625 450/1666/1626
f 942/1647/1607 450/1666/1626 449/1648/1608
f 806/1620/1580 439/1618/1578 807/1667/1627
f 807/1667/1627 439/1618/1578 438/1668/1628
f 807/1667/1627 438/1668/1628 808/1669/1629
f 808/1669/1629 438/1668/1628 437/1670/1630
f 808/1669/1629 437/1670/1630 809/1671/1631
f 809/1671/1631 437/1670/1630 436/1672/1632
f 809/1671/1631 436/1672/1632 810/1673/1633
f 810/1673/1633 436/1672/1632 435/1674/1634
f 810/1673/1633 435/1674/1634 811/1663/1623
f 811/1663/1623 435/1674/1634 434/1675/1635
f 811/1663/1623 434/1675/1635 433/1661/1621
f 568/1606/1566 567/1600/1560 948/1599/1559
f 565/1602/1562 564/1676/1636 949/1595/1555
f 949/1595/1555 564/1676/1636 563/1596/1556
f 561/1598/1558 560/1593/1553 950/1592/1552
f 558/1590/1550 557/1677/1637 688/1591/1551
f 688/1591/1551 557/1677/1637 689/1678/1638
f 689/1678/1638 557/1677/1637 556/1679/1639
f 689/1678/1638 556/1679/1639 690/1680/1640
f 690/1680/1640 556/1679/1639 555/1681/1641
f 690/1680/1640 555/1681/1641 691/1625/1585
f 691/1625/1585 555/1681/1641 554/1623/1583
f 679/1579/1539 678/1682/1642 956/1577/1537
f 956/1577/1537 678/1682/1642 677/1683/1643
f 956/1577/1537 677/1683/1643 676/1657/1617
f 674/1659/1619 673/1636/1596 912/1638/1598
f 815/1656/1616 814/1684/1644 913/1650/1610
f 913/1650/1610 814/1684/1644 813/1685/1645
f 913/1650/1610 813/1685/1645 812/1662/1622
f 796/1640/1600 795/1686/1646 912/1638/1598
f 912/1638/1598 795/1686/1646 794/1687/1647
f 912/1638/1598 794/1687/1647 793/1654/1614
f 940/1688/1648 489/1689/1649 941/1690/1650
f 941/1690/1650 489/1689/1649 488/1691/1651
f 941/1690/1650 488/1691/1651 487/1692/1652
f 939/1693/1653 491/1694/1654 940/1688/1648
f 940/1688/1648 491/1694/1654 490/1695/1655
f 940/1688/1648 490/1695/1655 489/1689/1649
f 938/1696/1656 493/1697/1657 939/1693/1653
f 939/1693/1653 493/1697/1657 492/1698/1658
f 939/1693/1653 492/1698/1658 491/1694/1654
f 937/1699/1659 495/1700/1660 938/1696/1656
f 938/1696/1656 495/1700/1660 494/1701/1661
f 938/1696/1656 494/1701/1661 493/1697/1657
f 936/1702/1662 606/1703/1663 937/1699/1659
f 937/1699/1659 606/1703/1663 496/1704/1664
f 937/1699/1659 496/1704/1664 495/1700/1660
f 935/1705/1665 608/1706/1666 936/1702/1662
f 936/1702/1662 608/1706/1666 607/1707/1667
f 936/1702/1662 607/1707/1667 606/1703/1663
f 934/1708/1668 611/1709/1669 935/1705/1665
f 935/1705/1665 611/1709/1669 610/1710/1670
f 935/1705/1665 610/1710/1670 609/1711/1671
f 933/1712/1672 615/1713/1673 934/1708/1668
f 934/1708/1668 615/1713/1673 614/1714/1674
f 934/1708/1668 614/1714/1674 613/1715/1675
f 932/1716/1676 618/1717/1677 933/1712/1672
f 933/1712/1672 618/1717/1677 617/1718/1678
f 933/1712/1672 617/1718/1678 616/1719/1679
f 931/1720/1680 620/1721/1681 932/1716/1676
f 932/1716/1676 620/1721/1681 619/1722/1682
f 932/1716/1676 619/1722/1682 618/1717/1677
f 930/1723/1683 731/1724/1684 931/1720/1680
f 931/1720/1680 731/1724/1684 730/1725/1685
f 931/1720/1680 730/1725/1685 620/1721/1681
f 620/1721/1681 730/1725/1685 621/1726/1686
f 621/1726/1686 730/1725/1685 729/1727/1687
f 621/1726/1686 729/1727/1687 622/1728/1688
f 622/1728/1688 729/1727/1687 728/1729/1689
f 622/1728/1688 728/1729/1689 623/1730/1690
f 623/1730/1690 728/1729/1689 727/1731/1691
f 623/1730/1690 727/1731/1691 624/1732/1692
f 624/1732/1692 727/1731/1691 854/1733/1693
f 624/1732/1692 854/1733/1693 601/1734/1694
f 601/1734/1694 854/1733/1693 853/1735/1695
f 601/1734/1694 853/1735/1695 602/1736/1696
f 602/1736/1696 853/1735/1695 852/1737/1697
f 602/1736/1696 852/1737/1697 499/1738/1698
f 499/1738/1698 852/1737/1697 851/1739/1699
f 499/1738/1698 851/1739/1699 500/1740/1700
f 500/1740/1700 851/1739/1699 850/1741/1701
f 500/1740/1700 850/1741/1701 501/1742/1702
f 501/1742/1702 850/1741/1701 849/1743/1703
f 501/1742/1702 849/1743/1703 502/1744/1704
f 502/1744/1704 849/1743/1703 848/1745/1705
f 502/1744/1704 848/1745/1705 503/1746/1706
f 503/1746/1706 848/1745/1705 847/1747/1707
f 503/1746/1706 847/1747/1707 504/1748/1708
f 504/1748/1708 847/1747/1707 481/1749/1709
f 481/1749/1709 847/1747/1707 846/1750/1710
f 481/1749/1709 846/1750/1710 914/1751/1711
f 914/1751/1711 846/1750/1710 845/1752/1712
f 914/1751/1711 845/1752/1712 844/1753/1713
f 929/1754/1714 733/1755/1715 930/1723/1683
f 930/1723/1683 733/1755/1715 732/1756/1716
f 930/1723/1683 732/1756/1716 731/1724/1684
f 928/1757/1717 735/1758/1718 929/1754/1714
f 929/1754/1714 735/1758/1718 734/1759/1719
f 929/1754/1714 734/1759/1719 733/1755/1715
f 927/1760/1720 737/1761/1721 928/1757/1717
f 928/1757/1717 737/1761/1721 736/1762/1722
f 928/1757/1717 736/1762/1722 735/1758/1718
f 911/1763/1723 742/1764/1724 927/1760/1720
f 927/1760/1720 742/1764/1724 741/1765/1725
f 927/1760/1720 741/1765/1725 740/1766/1726
f 914/1751/1711 841/1767/1727 911/1763/1723
f 911/1763/1723 841/1767/1727 864/1768/1728
f 911/1763/1723 864/1768/1728 863/1769/1729
f 941/1690/1650 484/1770/1730 914/1751/1711
f 914/1751/1711 484/1770/1730 483/1771/1731
f 914/1751/1711 483/1771/1731 482/1772/1732
f 602/1736/1696 499/1738/1698 603/1773/1733
f 603/1773/1733 499/1738/1698 498/1774/1734
f 603/1773/1733 498/1774/1734 604/1775/1735
f 604/1775/1735 498/1774/1734 497/1776/1736
f 604/1775/1735 497/1776/1736 605/1777/1737
f 605/1777/1737 497/1776/1736 496/1704/1664
f 605/1777/1737 496/1704/1664 606/1703/1663
f 487/1692/1652 486/1778/1738 941/1690/1650
f 941/1690/1650 486/1778/1738 485/1779/1739
f 941/1690/1650 485/1779/1739 484/1770/1730
f 482/1772/1732 481/1749/1709 914/1751/1711
f 616/1719/1679 615/1713/1673 933/1712/1672
f 613/1715/1675 612/1780/1740 934/1708/1668
f 934/1708/1668 612/1780/1740 611/1709/1669
f 609/1711/1671 608/1706/1666 935/1705/1665
f 744/1781/1741 911/1763/1723 721/1782/1742
f 721/1782/1742 911/1763/1723 860/1783/1743
f 721/1782/1742 860/1783/1743 859/1784/1744
f 744/1781/1741 743/1785/1745 911/1763/1723
f 911/1763/1723 743/1785/1745 742/1764/1724
f 740/1766/1726 739/1786/1746 927/1760/1720
f 927/1760/1720 739/1786/1746 738/1787/1747
f 927/1760/1720 738/1787/1747 737/1761/1721
f 854/1733/1693 727/1731/1691 855/1788/1748
f 855/1788/1748 727/1731/1691 726/1789/1749
f 855/1788/1748 726/1789/1749 856/1790/1750
f 856/1790/1750 726/1789/1749 725/1791/1751
f 856/1790/1750 725/1791/1751 857/1792/1752
f 857/1792/1752 725/1791/1751 724/1793/1753
f 857/1792/1752 724/1793/1753 858/1794/1754
f 858/1794/1754 724/1793/1753 723/1795/1755
f 858/1794/1754 723/1795/1755 859/1784/1744
f 859/1784/1744 723/1795/1755 722/1796/1756
f 859/1784/1744 722/1796/1756 721/1782/1742
f 863/1769/1729 862/1797/1757 911/1763/1723
f 911/1763/1723 862/1797/1757 861/1798/1758
f 911/1763/1723 861/1798/1758 860/1783/1743
f 844/1753/1713 843/1799/1759 914/1751/1711
f 914/1751/1711 843/1799/1759 842/1800/1760
f 914/1751/1711 842/1800/1760 841/1767/1727
f 312/1801/1761 362/1802/1762 289/1803/1763
f 289/1803/1763 362/1802/1762 361/1804/1764
f 289/1803/1763 361/1804/1764 290/1805/1765
f 290/1805/1765 361/1804/1764 384/1806/1766
f 290/1805/1765 384/1806/1766 383/1807/1767
f 362/1802/1762 312/1801/1761 363/1808/1768
f 363/1808/1768 312/1801/1761 311/1809/1769
f 363/1808/1768 311/1809/1769 364/1810/1770
f 364/1810/1770 311/1809/1769 310/1811/1771
f 364/1810/1770 310/1811/1771 365/1812/1772
f 365/1812/1772 310/1811/1771 309/1813/1773
f 365/1812/1772 309/1813/1773 366/1814/1774
f 366/1814/1774 309/1813/1773 308/1815/1775
f 366/1814/1774 308/1815/1775 367/1816/1776
f 367/1816/1776 308/1815/1775 307/1817/1777
f 367/1816/1776 307/1817/1777 306/1818/1778
f 367/1816/1776 306/1818/1778 368/1819/1779
f 368/1819/1779 306/1818/1778 305/1820/1780
f 368/1819/1779 305/1820/1780 369/1821/1781
f 369/1821/1781 305/1820/1780 304/1822/1782
f 369/1821/1781 304/1822/1782 370/1823/1783
f 370/1823/1783 304/1822/1782 303/1824/1784
f 370/1823/1783 303/1824/1784 371/1825/1785
f 371/1825/1785 303/1824/1784 302/1826/1786
f 371/1825/1785 302/1826/1786 372/1827/1787
f 372/1827/1787 302/1826/1786 301/1828/1788
f 372/1827/1787 301/1828/1788 373/1829/1789
f 373/1829/1789 301/1828/1788 374/1830/1790
f 374/1830/1790 301/1828/1788 300/1831/1791
f 374/1830/1790 300/1831/1791 375/1832/1792
f 375/1832/1792 300/1831/1791 299/1833/1793
f 375/1832/1792 299/1833/1793 376/1834/1794
f 376/1834/1794 299/1833/1793 298/1835/1795
f 376/1834/1794 298/1835/1795 377/1836/1796
f 377/1836/1796 298/1835/1795 297/1837/1797
f 377/1836/1796 297/1837/1797 378/1838/1798
f 378/1838/1798 297/1837/1797 296/1839/1799
f 378/1838/1798 296/1839/1799 379/1840/1800
f 379/1840/1800 296/1839/1799 295/1841/1801
f 379/1840/1800 295/1841/1801 294/1842/1802
f 379/1840/1800 294/1842/1802 380/1843/1803
f 380/1843/1803 294/1842/1802 293/1844/1804
f 380/1843/1803 293/1844/1804 381/1845/1805
f 381/1845/1805 293/1844/1804 292/1846/1806
f 381/1845/1805 292/1846/1806 382/1847/1807
f 382/1847/1807 292/1846/1806 291/1848/1808
f 382/1847/1807 291/1848/1808 383/1807/1767
f 383/1807/1767 291/1848/1808 290/1805/1765
f 216/1849/1809 266/1850/1810 193/1851/1811
f 193/1851/1811 266/1850/1810 265/1852/1812
f 193/1851/1811 265/1852/1812 194/1853/1813
f 194/1853/1813 265/1852/1812 288/1854/1814
f 194/1853/1813 288/1854/1814 287/1855/1815
f 266/1850/1810 216/1849/1809 267/1856/1816
f 267/1856/1816 216/1849/1809 215/1857/1817
f 267/1856/1816 215/1857/1817 268/1858/1818
f 268/1858/1818 215/1857/1817 214/1859/1819
f 268/1858/1818 214/1859/1819 269/1860/1820
f 269/1860/1820 214/1859/1819 213/1861/1821
f 269/1860/1820 213/1861/1821 270/1862/1822
f 270/1862/1822 213/1861/1821 212/1863/1823
f 270/1862/1822 212/1863/1823 271/1864/1824
f 271/1864/1824 212/1863/1823 211/1865/1825
f 271/1864/1824 211/1865/1825 210/1866/1826
f 271/1864/1824 210/1866/1826 272/1867/1827
f 272/1867/1827 210/1866/1826 209/1868/1828
f 272/1867/1827 209/1868/1828 273/1869/1829
f 273/1869/1829 209/1868/1828 208/1870/1830
f 273/1869/1829 208/1870/1830 274/1871/1831
f 274/1871/1831 208/1870/1830 207/1872/1832
f 274/1871/1831 207/1872/1832 275/1873/1833
f 275/1873/1833 207/1872/1832 206/1874/1834
f 275/1873/1833 206/1874/1834 276/1875/1835
f 276/1875/1835 206/1874/1834 205/1876/1836
f 276/1875/1835 205/1876/1836 277/1877/1837
f 277/1877/1837 205/1876/1836 278/1878/1838
f 278/1878/1838 205/1876/1836 204/1879/1839
f 278/1878/1838 204/1879/1839 279/1880/1840
f 279/1880/1840 204/1879/1839 203/1881/1841
f 279/1880/1840 203/1881/1841 280/1882/1842
f 280/1882/1842 203/1881/1841 202/1883/1843
f 280/1882/1842 202/1883/1843 281/1884/1844
f 281/1884/1844 202/1883/1843 201/1885/1845
f 281/1884/1844 201/1885/1845 282/1886/1846
f 282/1886/1846 201/1885/1845 200/1887/1847
f 282/1886/1846 200/1887/1847 283/1888/1848
f 283/1888/1848 200/1887/1847 199/1889/1849
f 283/1888/1848 199/1889/1849 198/1890/1850
f 283/1888/1848 198/1890/1850 284/1891/1851
f 284/1891/1851 198/1890/1850 197/1892/1852
f 284/1891/1851 197/1892/1852 285/1893/1853
f 285/1893/1853 197/1892/1852 196/1894/1854
f 285/1893/1853 196/1894/1854 286/1895/1855
f 286/1895/1855 196/1894/1854 195/1896/1856
f 286/1895/1855 195/1896/1856 287/1855/1815
f 287/1855/1815 195/1896/1856 194/1853/1813
f 120/1897/1857 170/1898/1858 97/1899/1859
f 97/1899/1859 170/1898/1858 169/1900/1860
f 97/1899/1859 169/1900/1860 98/1901/1861
f 98/1901/1861 169/1900/1860 192/1902/1862
f 98/1901/1861 192/1902/1862 191/1903/1863
f 170/1898/1858 120/1897/1857 171/1904/1864
f 171/1904/1864 120/1897/1857 119/1905/1865
f 171/1904/1864 119/1905/1865 172/1906/1866
f 172/1906/1866 119/1905/1865 118/1907/1867
f 172/1906/1866 118/1907/1867 173/1908/1868
f 173/1908/1868 118/1907/1867 117/1909/1869
f 173/1908/1868 117/1909/1869 174/1910/1870
f 174/1910/1870 117/1909/1869 116/1911/1871
f 174/1910/1870 116/1911/1871 175/1912/1872
f 175/1912/1872 116/1911/1871 115/1913/1873
f 175/1912/1872 115/1913/1873 114/1914/1874
f 175/1912/1872 114/1914/1874 176/1915/1875
f 176/1915/1875 114/1914/1874 113/1916/1876
f 176/1915/1875 113/1916/1876 177/1917/1877
f 177/1917/1877 113/1916/1876 112/1918/1878
f 177/1917/1877 112/1918/1878 178/1919/1879
f 178/1919/1879 112/1918/1878 111/1920/1880
f 178/1919/1879 111/1920/1880 179/1921/1881
f 179/1921/1881 111/1920/1880 110/1922/1882
f 179/1921/1881 110/1922/1882 180/1923/1883
f 180/1923/1883 110/1922/1882 109/1924/1884
f 180/1923/1883 109/1924/1884 181/1925/1885
f 181/1925/1885 109/1924/1884 182/1926/1886
f 182/1926/1886 109/1924/1884 108/1927/1887
f 182/1926/1886 108/1927/1887 183/1928/1888
f 183/1928/1888 108/1927/1887 107/1929/1889
f 183/1928/1888 107/1929/1889 184/1930/1890
f 184/1930/1890 107/1929/1889 106/1931/1891
f 184/1930/1890 106/1931/1891 185/1932/1892
f 185/1932/1892 106/1931/1891 105/1933/1893
f 185/1932/1892 105/1933/1893 186/1934/1894
f 186/1934/1894 105/1933/1893 104/1935/1895
f 186/1934/1894 104/1935/1895 187/1936/1896
f 187/1936/1896 104/1935/1895 103/1937/1897
f 187/1936/1896 103/1937/1897 102/1938/1898
f 187/1936/1896 102/1938/1898 188/1939/1899
f 188/1939/1899 102/1938/1898 101/1940/1900
f 188/1939/1899 101/1940/1900 189/1941/1901
f 189/1941/1901 101/1940/1900 100/1942/1902
f 189/1941/1901 100/1942/1902 190/1943/1903
f 190/1943/1903 100/1942/1902 99/1944/1904
f 190/1943/1903 99/1944/1904 191/1903/1863
f 191/1903/1863 99/1944/1904 98/1901/1861
f 24/1945/1905 74/1946/1906 1/1947/1907
f 1/1947/1907 74/1946/1906 73/1948/1908
f 1/1947/1907 73/1948/1908 2/1949/1909
f 2/1949/1909 73/1948/1908 96/1950/1910
f 2/1949/1909 96/1950/1910 95/1951/1911
f 74/1946/1906 24/1945/1905 75/1952/1912
f 75/1952/1912 24/1945/1905 23/1953/1913
f 75/1952/1912 23/1953/1913 76/1954/1914
f 76/1954/1914 23/1953/1913 22/1955/1915
f 76/1954/1914 22/1955/1915 77/1956/1916
f 77/1956/1916 22/1955/1915 21/1957/1917
f 77/1956/1916 21/1957/1917 78/1958/1918
f 78/1958/1918 21/1957/1917 20/1959/1919
f 78/1958/1918 20/1959/1919 79/1960/1920
f 79/1960/1920 20/1959/1919 19/1961/1921
f 79/1960/1920 19/1961/1921 18/1962/1922
f 79/1960/1920 18/1962/1922 80/1963/1923
f 80/1963/1923 18/1962/1922 17/1964/1924
f 80/1963/1923 17/1964/1924 81/1965/1925
f 81/1965/1925 17/1964/1924 16/1966/1926
f 81/1965/1925 16/1966/1926 82/1967/1927
f 82/1967/1927 16/1966/1926 15/1968/1928
f 82/1967/1927 15/1968/1928 83/1969/1929
f 83/1969/1929 15/1968/1928 14/1970/1930
f 83/1969/1929 14/1970/1930 84/1971/1931
f 84/1971/1931 14/1970/1930 13/1972/1932
f 84/1971/1931 13/1972/1932 85/1973/1933
f 85/1973/1933 13/1972/1932 86/1974/1934
f 86/1974/1934 13/1972/1932 12/1975/1935
f 86/1974/1934 12/1975/1935 87/1976/1936
f 87/1976/1936 12/1975/1935 11/1977/1937
f 87/1976/1936 11/1977/1937 88/1978/1938
f 88/1978/1938 11/1977/1937 10/1979/1939
f 88/1978/1938 10/1979/1939 89/1980/1940
f 89/1980/1940 10/1979/1939 9/1981/1941
f 89/1980/1940 9/1981/1941 90/1982/1942
f 90/1982/1942 9/1981/1941 8/1983/1943
f 90/1982/1942 8/1983/1943 91/1984/1944
f 91/1984/1944 8/1983/1943 7/1985/1945
f 91/1984/1944 7/1985/1945 6/1986/1946
f 91/1984/1944 6/1986/1946 92/1987/1947
f 92/1987/1947 6/1986/1946 5/1988/1948
f 92/1987/1947 5/1988/1948 93/1989/1949
f 93/1989/1949 5/1988/1948 4/1990/1950
f 93/1989/1949 4/1990/1950 94/1991/1951
f 94/1991/1951 4/1990/1950 3/1992/1952
f 94/1991/1951 3/1992/1952 95/1951/1911
f 95/1951/1911 3/1992/1952 2/1949/1909
# 956 vertices
# 1992 texture params
# 1952 normals
# 1956 facets

# 1 groups
